クラス名,レースID(新),日付(yyyy.mm.dd),場所,馬名,性別,年齢,騎手,斤量,頭数,着順,芝・ダ,距離,コース区分,馬場状態,走破タイム,着差,1角,2角,3角,4角,上り3F,上り3F順,PCI,好走,PCI3,RPCI,性別限定,競走記号,賞金,付加賞金,血統登録番号,単勝配当,複勝配当,馬連,上3F地点差,脚質,決め手,Ave-3F,馬体重,馬体重増減,単勝オッズ,生産者,産地,種牡馬,母馬,母父馬,出走頭数,枠番,馬番,多頭出し,所属,調教師
1勝,202608090702061111,"2026. 8. 9",中京,パリコレジェンヌ,牝,4,田口貫太, 56 ,18,１,芝,1200,A,良,1078,-0.0,,,9,7,33.2,3,54.2,*,53.10,50.0,,A03,820,,2022104501,6640,1330,16090,0.7,中団,差し,34.60,462,-2,66.4,前谷牧場,新ひだか町,ミスターメロディ,ビオレイメル,ワイルドラッシュ,17,6,11,,(栗),鈴木孝志
1勝,202608090702060505,"2026. 8. 9",中京,カクウチ,牡,3,小崎綾也, 55 ,16,９,ダ,1400,,良,1261,1.5,,,11,12,38.1,7,44.5,,43.00,42.4,,003,0,,2023101405,(17.6),,,1.3,後方,後方,36.00,480,+18,17.6,碧雲牧場,日高町,アドマイヤマーズ,トウカイファイン,フレンチデピュティ,16,3,5,,(栗),小崎憲
1勝,202608090402060514,"2026. 8. 9",新潟,ソリッドベーシス,セ,4,杉原誠人, 58 ,15,13,ダ,1200,,良,1143,2.3,,,11,14,38.2,13,44.5,,45.13,44.6,,A03,0,,2022105697,(262.5),,,1.1,後方,後方,36.10,484,-2,262.5,追分ファーム,安平町,ブリックスアンドモルタル,サイモンミラベル,ダイワメジャー,15,8,14,,(美),大和田成
1勝,202608090101060309,"2026. 8. 9",札幌,エイカイコバチ,牝,3,小沢大仁, 53 ,10,３,芝,2000,A,良,2016,0.2,8,6,6,4,35.3,3,54.8,*,55.93,52.5,,003,210,,2023107144,(13.3),270,,0.7,先行,先行,36.99,452,0,13.3,ノーザンファーム,安平町,エピファネイア,ノーブルスコア,ディープインパクト,10,8,9,,(栗),藤原英昭
未勝利,202608080702051217,"2026. 8. 8",中京,グッデイ,牝,3,秋山稔樹, 55 ,18,７,芝,1400,A,良,1205,0.7,,,11,9,34.8,8,48.5,*,49.33,46.0,牝,023,0,,2023106988,(68.5),,,0.9,中団,中団,34.28,432,-10,68.5,ノーザンファーム,安平町,フィエールマン,グランワルツ,ロードカナロア,18,8,17,,(栗),河嶋宏樹
未勝利,202608080702051216,"2026. 8. 8",中京,ハッピーリオン,牝,3,太宰啓介, 55 ,18,15,芝,1400,A,良,1212,1.4,,,1,1,36.4,18,42.3,,49.33,46.0,牝,023,0,,2023101899,(31.7),,,0.0,逃げ,逃げ,33.60,472,+2,31.7,吉田ファーム,浦河町,リオンリオン,ラファイエ,"Elusive Quality",18,8,16,,(栗),武英智
未勝利,202608080702051006,"2026. 8. 8",中京,フェイトブレイカー,セ,3,秋山稔樹, 57 ,16,７,ダ,1200,,良,1139,1.0,,,3,3,37.9,12,45.0,*,46.77,44.9,,A03,0,,2023101803,(40.9),,,0.5,先行,先行,36.00,468,+4,40.9,富塚ファーム,浦河町,マジェスティックウォリアー,ナツ,アドマイヤオーラ,16,3,6,,(栗),坂口智康
新馬,202608080702050206,"2026. 8. 8",中京,ブレイズカルナバル,牡,2,国分恭介, 55 ,7,３,芝,1400,A,良,1225,0.5,,,1,1,35.0,3,51.8,*,53.83,53.3,,A03,200,,2024107253,(6.4),,,0.0,逃げ,逃げ,35.63,458,,6.4,高橋フアーム,新ひだか町,フィレンツェファイア,サンバパレード,アドマイヤマックス,7,6,6,,(栗),飯田祐史
未勝利,202608080402051207,"2026. 8. 8",新潟,フォーエバーラブ,牡,3,柴田大知, 57 ,16,８,芝,2000,A,良,1599,1.3,6,5,5,6,36.6,7,47.5,,49.87,49.1,,003,0,,2023102941,(42.5),,,0.5,中団,中団,35.70,448,-6,42.5,千代田牧場,新ひだか町,ミスターメロディ,プレシャスメイト,ステイゴールド,16,4,7,,(美),金成貴史
未勝利,202608020702041218,"2026. 8. 2",中京,モンシーク,牡,3,川田将雅, 57 ,18,２,芝,1400,A,良,1195,0.0,,,3,3,34.4,4,48.3,*,50.03,46.8,,A03,230,,2023105000,(3.2),130,890,0.3,先行,先行,33.83,446,-4,3.2,三嶋牧場,浦河町,スクリーンヒーロー,エピックガール,ディープインパクト,18,8,18,,(栗),橋口慎介
未勝利,202608020702041211,"2026. 8. 2",中京,リントゥラウル,牡,3,酒井学, 57 ,18,４,芝,1400,A,良,1197,0.2,,,3,3,34.5,5,48.3,*,50.03,46.8,,A03,87,,2023101735,(39.8),,,0.4,先行,先行,33.90,472,+12,39.8,高昭牧場,浦河町,キズナ,ノースパストラル,キングヘイロー,18,6,11,,(栗),秋山真一
未勝利,202608020702041206,"2026. 8. 2",中京,モカプウイング,牝,3,コレット, 55 ,18,５,芝,1400,A,良,1200,0.5,,,7,7,34.5,5,48.9,*,50.03,46.8,,A03,58,,2023103334,(37.6),,,0.7,中団,中団,34.13,460,-6,37.6,社台ファーム,千歳市,マインドユアビスケッツ,ウイングドウィール,シンボリクリスエス,18,3,6,,(栗),加藤公太
未勝利,202608020702041210,"2026. 8. 2",中京,ルージュエテルナ,牝,3,田口貫太, 55 ,18,６,芝,1400,A,良,1201,0.6,,,1,1,35.3,13,45.2,*,50.03,46.8,,A03,0,,2023103330,(8.9),,,0.0,逃げ,逃げ,33.60,482,+2,8.9,社台ファーム,千歳市,エピファネイア,インデリブル,Tiznow,18,5,10,*,(栗),友道康夫
未勝利,202608020702041208,"2026. 8. 2",中京,ハピネスサンライズ,牝,3,松若風馬, 55 ,18,８,芝,1400,A,良,1205,1.0,,,7,7,35.0,11,47.5,*,50.03,46.8,,A03,0,,2023100910,(12.2),,,0.7,中団,中団,34.13,468,-4,12.2,下河辺牧場,日高町,ダノンスマッシュ,オークヴィル,タニノギムレット,18,4,8,,(栗),東田明士
1勝,202608020702041014,"2026. 8. 2",中京,ロックウイズユー,セ,4,コレット, 58 ,14,４,ダ,1900,,良,2020,1.1,10,9,10,10,39.2,3,47.5,*,47.00,46.6,,A03,120,,2022103143,(74.8),,,1.0,中団,差し,38.22,448,-12,74.8,ビクトリーホースランチ,浦河町,ダノンレジェンド,エステーラブ,マイネルラヴ,14,8,14,,(栗),橋田宜長
1勝,202608020702041005,"2026. 8. 2",中京,オーレアミスト,セ,4,角田大和, 58 ,14,８,ダ,1900,,良,2021,1.2,6,6,5,5,39.9,9,45.1,,47.00,46.6,,A03,0,,2022104841,(37.3),,,0.4,中団,中団,37.94,488,-4,37.3,ノーザンファーム,安平町,ゴールドドリーム,ジンジャーミスト,Bernardini,14,4,5,,(栗),井上智史
未勝利,202608020702040415,"2026. 8. 2",中京,ナムラロダン,牡,3,田山旺佑,56☆,16,２,ダ,1200,,良,1130,0.0,,,2,2,37.2,3,46.2,*,47.03,45.7,,003,230,,2023106223,(3.8),180,1670,0.1,先行,先行,35.80,476,0,3.8,谷川牧場,浦河町,ミッキーアイル,サンクイーン2,"Storm Cat",16,8,15,,(栗),長谷川浩
未勝利,202608020702040410,"2026. 8. 2",中京,チョウスター,牝,3,幸英明, 55 ,16,３,ダ,1200,,良,1131,0.1,,,2,2,37.3,6,46.0,*,47.03,45.7,,003,150,,2023104226,(64.9),1170,,0.1,先行,先行,35.80,458,-2,64.9,対馬正,新冠町,エスポワールシチー,アラモアナワヒネ,グラスワンダー,16,5,10,,(栗),羽月友彦
未勝利,202608020702040408,"2026. 8. 2",中京,ザキノフレンズ,牡,3,団野大成, 57 ,16,６,ダ,1200,,良,1135,0.5,,,9,8,37.2,3,47.6,*,47.03,45.7,,003,0,,2023104433,(10.0),,,0.6,中団,中団,36.30,500,0,10.0,ハクレイファーム,新冠町,モーニン,ザデイ,シンボリクリスエス,16,4,8,,(栗),東田明士
新馬,202608020702040307,"2026. 8. 2",中京,ミライノシャチョウ,牝,2,団野大成, 55 ,10,５,芝,1600,A,良,1348,0.6,,7,7,8,34.2,4,56.3,*,57.03,55.3,,A03,78,,2024108324,(15.8),,,0.6,後方,後方,36.36,502,,15.8,"Fred W. Hertrich III & John D. Fielding",米,"Liam's Map","Bodee Beautiful",Bodemeister,10,7,7,,(栗),森秀行
新馬,202608020702040208,"2026. 8. 2",中京,エコログレイス,牝,2,岩田望来, 55 ,8,６,ダ,1800,,良,2013,4.1,2,3,2,2,43.9,6,38.2,,45.97,47.2,,A03,0,,2024108329,(3.4),,,0.0,先行,先行,38.70,512,,3.4,"Phillips Racing Partnership",米,Flameaway,Momentiempo,"Medaglia d'Oro",8,8,8,,(栗),森秀行
未勝利,202608020702040103,"2026. 8. 2",中京,メイショウプレマ,牝,3,太宰啓介, 55 ,18,６,芝,2000,A,良,2002,0.5,7,7,7,7,35.1,7,53.9,*,54.10,52.9,牝,023,0,,2023101585,(17.2),,,0.6,中団,中団,36.47,476,+4,17.2,ヤナガワ牧場,日高町,リオンディーズ,ヒガシドリーム,ドリームジャーニー,18,2,3,,(栗),石橋守
未勝利,202608020402041213,"2026. 8. 2",新潟,ノーブルクロンヌ,牝,3,荻野極, 55 ,18,１,芝,1400,A,良,1212,-0.1,,,3,3,35.0,7,49.0,*,49.87,48.0,,A03,580,,2023103657,840,190,840,0.2,先行,先行,34.65,446,+4,8.4,上水牧場,むかわ町,フィエールマン,ステファニーラン,スウェプトオーヴァーボード,17,7,13,,(美),高柳瑞樹
未勝利,202608020402041207,"2026. 8. 2",新潟,セレスティアハート,牝,3,野中悠太, 55 ,18,17,芝,1400,A,良,1237,2.5,,,17,17,34.6,1,56.4,*,49.87,48.0,,A03,0,,2023100186,(141.9),,,3.1,後方,後方,36.83,444,,141.9,タガミファーム,新ひだか町,モズアスコット,プリンセスフローラ,キングカメハメハ,17,4,7,,(美),的場均
未勝利,202608020402041101,"2026. 8. 2",新潟,キコリータ,牝,3,石田拓郎,52▲,14,６,芝,2200,A,良,2134,0.9,12,12,10,9,35.2,1,54.6,*,53.37,53.7,,A03,0,,2023103321,(7.8),,,0.9,中団,中団,36.83,426,+14,7.8,社台ファーム,千歳市,レイデオロ,アルマンド,ディープインパクト,14,1,1,,(美),田中勝春
未勝利,202608020402040502,"2026. 8. 2",新潟,ラグアイリータ,牝,3,菊沢一樹, 55 ,18,８,芝,1800,A,良,1482,0.7,,,10,9,33.7,7,60.5,*,60.90,58.6,,003,0,,2023106463,(23.2),,,0.9,中団,中団,37.25,424,+2,23.2,ビッグレッドファーム,新冠町,ウインブライト,バルタ,"Crimson Tide",18,1,2,,(美),岩戸孝樹
未勝利,202608020402040111,"2026. 8. 2",新潟,タイセイルミナス,牝,2,荻野極, 55 ,12,９,芝,1600,A,良,1351,0.8,,,2,2,34.6,11,54.9,*,57.17,55.9,,A03,0,,2024104363,(8.9),,,0.3,先行,先行,36.30,484,+4,8.9,グランド牧場,新ひだか町,ロードカナロア,ムーンザムーン,ローエングリン,12,8,11,,(栗),小栗実
2勝,202608020101041208,"2026. 8. 2",札幌,ベビーズブレス,牝,4,西村淳也, 56 ,14,10,芝,1200,A,良,1100,0.7,,,5,6,35.1,11,49.4,*,52.73,48.6,,A03,0,    0.0,2022106351,(15.5),,,0.5,中団,中団,34.90,430,-12,15.5,隆栄牧場,新冠町,アドマイヤマーズ,レディーガリレオ,Galileo,14,5,8,,(栗),千田輝彦
3勝,202608020101041009,"2026. 8. 2",札幌,アイウィル,牡,5,丹内祐次, 58 ,10,３,ダ,1700,,良,1451,0.5,5,4,3,5,36.7,3,51.7,*,53.07,51.8,,A04,470,    3.4,2021103502,(33.7),290,,0.3,中団,差し,37.31,516,0,33.7,岡田スタツド,新ひだか町,ドレフォン,ジュリーハーツ,ハーツクライ,10,8,9,,(美),高木登
3勝,202608020101041007,"2026. 8. 2",札幌,スマートカイロス,牡,4,古川奈穂, 58 ,10,７,ダ,1700,,良,1464,1.8,1,1,1,1,38.3,9,47.0,,53.07,51.8,,A04,0,    0.0,2022102735,(33.6),,,0.0,逃げ,逃げ,37.15,510,+6,33.6,杵臼牧場,浦河町,シニスターミニスター,スマートバベル,サウスヴィグラス,10,7,7,,(栗),矢作芳人
3勝,202608020101041002,"2026. 8. 2",札幌,キュールエフウジン,牡,7,横山琉人, 58 ,10,８,ダ,1700,,良,1468,2.2,10,10,9,9,37.6,6,50.4,,53.07,51.8,,A04,0,    0.0,2019102983,(271.1),,,1.1,後方,後方,37.75,506,+10,271.1,木下牧場,新ひだか町,ホッコータルマエ,キュールエアリス,ウォーエンブレム,10,2,2,,(栗),中尾秀正
2勝,202608020101040904,"2026. 8. 2",札幌,ベニシア,牝,5,原田和真, 56 ,12,７,ダ,1000,,良,0598,1.5,,,9,8,36.1,6,48.5,,52.23,47.0,,A03,0,,2021100662,(197.3),,,0.8,中団,中団,35.55,454,+4,197.3,上山牧場,浦河町,ヘニーヒューズ,フクシア,ゴールドアリュール,12,4,4,,(美),粕谷昌央
1勝,202608020101040603,"2026. 8. 2",札幌,ロードアマルフィ,牡,3,石川倭, 55 ,11,４,ダ,1700,,良,1455,0.4,2,2,1,1,38.0,9,46.9,*,50.17,47.9,,A04,120,,2023105786,(4.9),,,0.0,逃げ,逃げ,36.82,516,-2,4.9,ケイアイファーム,新ひだか町,ルヴァンスレーヴ,アルセナーレ,クロフネ,10,3,3,,(栗),中村直也
新馬,202608020101040503,"2026. 8. 2",札幌,オンザボー,牡,2,舟山瑠泉,54☆,10,３,芝,1800,A,良,1512,0.4,3,4,6,2,35.6,2,56.2,*,56.30,56.1,,003,200,,2024103472,(4.9),150,,0.3,先行,先行,37.80,482,,4.9,ノースヒルズ,新冠町,コントレイル,ノイーヴァ,"Temple City",10,3,3,,(美),田中博康
1勝,202608020101040406,"2026. 8. 2",札幌,タケルフォーカス,牡,3,古川吉洋, 55 ,13,３,芝,2600,A,良,2404,1.1,5,5,4,3,37.2,3,49.4,*,50.40,51.3,,A04,210,,2023106077,(9.2),240,,0.3,先行,先行,36.96,436,0,9.2,チャンピオンズファーム,新ひだか町,サトノダイヤモンド,オスカーステージ,キングカメハメハ,13,5,6,,(栗),四位洋文
1勝,202608020101040407,"2026. 8. 2",札幌,ペリプルス,牡,6,舟山瑠泉,57☆,13,５,芝,2600,A,良,2407,1.4,9,9,8,5,37.2,3,49.6,*,50.40,51.3,,A04,82,,2020105796,(56.1),,,0.6,中団,中団,37.05,452,+8,56.1,ビッグレッドファーム,新冠町,ゴールドシップ,マイネリベルタス,コンデュイット,13,5,7,,(美),室井潔
1勝,202608020101040412,"2026. 8. 2",札幌,テイクザクラウン,牡,5,川又賢治, 58 ,13,６,芝,2600,A,良,2408,1.5,12,12,8,5,37.3,5,49.3,,50.40,51.3,,A04,0,,2021102379,(22.3),,,0.6,中団,中団,37.05,452,0,22.3,二風谷ファーム,平取町,サトノクラウン,アムールレジェンド,ディープインパクト,13,8,12,,(栗),吉村圭司
1勝,202608020101040411,"2026. 8. 2",札幌,サイモンイロハニー,牝,4,小沢大仁, 56 ,13,８,芝,2600,A,良,2414,2.1,8,8,8,8,37.9,7,47.8,,50.40,51.3,,A04,0,,2022104164,(37.5),,,0.6,中団,中団,37.05,430,+4,37.5,千代田牧場,新ひだか町,ゴールドシップ,ブライテストリング,ダノンシャンティ,13,7,11,,(栗),谷潔
1勝,202608020101040413,"2026. 8. 2",札幌,シャインバオバブ,牡,4,遠藤汰月,55▲,13,９,芝,2600,A,良,2417,2.4,9,9,6,8,38.3,10,46.7,,50.40,51.3,,A04,0,,2022106180,(124.5),,,0.5,中団,中団,37.02,498,-8,124.5,川島牧場,新冠町,シルバーステート,レユシット,ルーラーシップ,13,8,13,,(栗),本田優
1勝,202608020101040403,"2026. 8. 2",札幌,ジーティートシオー,牡,4,荻野琢真, 58 ,13,11,芝,2600,A,良,2424,3.1,13,13,11,10,38.8,11,45.6,,50.40,51.3,,A04,0,,2022104661,(276.1),,,0.7,後方,後方,37.08,470,-6,276.1,ノーザンファーム,安平町,バゴ,ウォークロニクル,ウォーエンブレム,13,3,3,,(栗),西村真幸
未勝利,202608020101040302,"2026. 8. 2",札幌,ワンダーゾルダート,牡,3,松本大輝, 57 ,11,６,ダ,1700,,良,1480,2.2,6,6,8,7,38.7,6,47.7,,49.73,50.6,,A03,0,,2023101714,(40.3),,,0.7,中団,中団,37.80,438,+2,40.3,高昭牧場,浦河町,ゴールドドリーム,クインズモモナ,エイシンフラッシュ,11,2,2,,(栗),羽月友彦
未勝利,202608020101040211,"2026. 8. 2",札幌,ショウナンバーボン,牡,3,西村淳也, 57 ,14,２,芝,1500,A,良,1294,0.1,,4,3,3,35.5,3,51.2,*,52.57,50.6,,A03,230,,2023106620,(5.7),190,1170,0.2,先行,先行,35.93,468,-4,5.7,信岡牧場,浦河町,サートゥルナーリア,レッドアルジーヌ,ハーツクライ,14,7,11,,(美),加藤士津
未勝利,202608020101040210,"2026. 8. 2",札幌,グローリーバローズ,セ,3,鮫島克駿, 57 ,14,３,芝,1500,A,良,1296,0.3,,13,13,10,34.9,1,54.5,*,52.57,50.6,,A03,150,,2023105470,(22.5),500,,1.0,中団,差し,36.47,424,-4,22.5,レイクヴィラファーム,洞爺湖町,サートゥルナーリア,サンドラバローズ,ディープインパクト,14,6,10,,(栗),辻野泰之
未勝利,202608020101040106,"2026. 8. 2",札幌,フレンチブラッサム,牝,3,横山和生, 55 ,14,４,ダ,1700,,良,1469,1.1,11,11,8,6,38.5,2,46.9,*,42.93,41.9,牝,023,87,,2023105062,(4.6),,,2.0,中団,差し,37.31,454,-2,4.6,宮内牧場,浦河町,ホッコータルマエ,ピッパレジーナ,ゴールドアリュール,14,4,6,,(美),柄崎将寿
1勝,202608010702031205,"2026. 8. 1",中京,メイショウビストロ,牡,4,幸英明, 58 ,11,８,芝,1600,A,良,1329,1.4,,10,9,8,34.2,7,53.0,,53.33,53.4,,A03,0,,2022103251,(14.8),,,0.8,中団,中団,35.22,448,+6,14.8,三嶋牧場,浦河町,カリフォルニアクローム,メイショウオワラ,ディープブリランテ,11,5,5,,(栗),岡田稲男
未勝利,202608010702030408,"2026. 8. 1",中京,キミガスキダ,牝,3,藤懸貴志, 55 ,16,２,ダ,1800,,良,1565,0.1,13,13,14,13,38.5,1,51.3,*,49.40,47.0,牝,023,230,,2023100605,(186.9),2580,29610,1.2,後方,追込,39.00,422,-4,186.9,天羽牧場,日高町,ドレフォン,セシリア,アグネスタキオン,16,4,8,*,(栗),牧田和弥
未勝利,202608010702030404,"2026. 8. 1",中京,ベイニーニャ,牝,3,長岡禎仁, 55 ,16,４,ダ,1800,,良,1569,0.5,3,3,5,4,39.8,5,46.9,*,49.40,47.0,牝,023,87,,2023105819,(11.3),,,0.3,先行,先行,38.55,480,-4,11.3,ケイアイファーム,新ひだか町,アドマイヤマーズ,ベイコート,ロードカナロア,16,2,4,,(栗),茶木太樹
未勝利,202608010702030304,"2026. 8. 1",中京,ヴィーラー,牝,3,富田暁, 55 ,16,６,芝,2000,A,良,2005,1.1,2,2,3,3,35.9,10,51.0,,54.57,52.9,,A03,0,,2023103081,(57.6),,,0.3,先行,先行,36.26,416,-4,57.6,服部牧場,新ひだか町,コントレイル,スウィートマナ,"Easing Along",16,2,4,,(栗),矢作芳人
1勝,202608010402031208,"2026. 8. 1",新潟,カシオペア,牡,4,石川裕紀, 58 ,17,３,芝,1200,A,良,1084,0.2,,,17,17,32.9,1,57.9,*,52.03,47.7,,A03,210,,2022106203,(10.1),290,,1.8,後方,追込,35.50,552,+8,10.1,小泉牧場,新冠町,ビッグアーサー,リトルアマポーラ,アグネスタキオン,17,4,8,,(美),上原佑紀
1勝,202608010402031214,"2026. 8. 1",新潟,ヤマニンアレシス,牡,3,大野拓弥, 56 ,17,６,芝,1200,A,良,1086,0.4,,,13,13,33.7,2,53.6,*,52.03,47.7,,A03,0,,2023104357,(5.5),,,1.2,後方,後方,34.90,460,-4,5.5,錦岡牧場,新冠町,イスラボニータ,ヤマニンアストレア,キングカメハメハ,17,7,14,,(美),堀内岳志
未勝利,202608010402031104,"2026. 8. 1",新潟,キリスパークル,牝,3,石橋脩, 55 ,18,８,芝,2000,A,良,2017,1.0,7,7,11,11,35.4,3,54.5,*,53.80,52.9,牝,023,0,,2023100312,(109.6),,,1.1,中団,中団,36.99,442,-2,109.6,本桐牧場,新ひだか町,ディーマジェスティ,カエデ,タイキシャトル,18,2,4,,(美),勢司和浩
未勝利,202608010402031002,"2026. 8. 1",新潟,パワポケグッド,牡,3,上里直汰,54▲,15,６,ダ,1800,,稍,1577,1.3,9,9,9,9,41.3,7,42.5,,43.73,43.0,,A03,0,,2023106198,(127.6),,,0.7,中団,中団,38.20,434,0,127.6,HARUNOファーム,浦河町,インカンテーション,パワポケエリ,ローエングリン,14,2,2,,(美),大和田成
未勝利,202608010402030502,"2026. 8. 1",新潟,レイズレガシー,牡,3,田辺裕信, 57 ,15,３,ダ,1200,,稍,1124,0.4,,,6,6,36.8,1,46.7,*,45.47,44.6,,003,150,,2023102978,(6.6),220,,0.6,中団,差し,35.60,498,-2,6.6,飛野牧場,新ひだか町,ロジャーバローズ,スマートグレイス,ヤマニンセラフィム,15,2,2,,(美),高柳瑞樹
未勝利,202608010402030509,"2026. 8. 1",新潟,ロンバスブレス,牝,3,菊沢一樹, 55 ,15,４,ダ,1200,,稍,1126,0.6,,,3,3,37.3,4,44.6,*,45.47,44.6,,003,87,,2023106053,(13.3),,,0.3,先行,先行,35.30,470,+10,13.3,坂東牧場,平取町,イスラボニータ,プリンセスヨウク,エンパイアメーカー,15,5,9,,(美),石栗龍彦
未勝利,202608010402030413,"2026. 8. 1",新潟,イデアクリスタル,牝,3,石川裕紀, 55 ,15,６,ダ,1800,,稍,1566,1.1,14,13,13,10,39.9,4,46.1,*,46.40,41.9,牝,023,0,,2023102033,(21.7),,,1.9,中団,中団,38.35,466,-6,21.7,グランデファーム,浦河町,ホークビル,トゥルヴァーユ,ダイワメジャー,14,7,13,,(美),手塚貴徳
新馬,202608010402030208,"2026. 8. 1",新潟,マイネルサリーレ,牡,2,石橋脩, 55 ,8,７,芝,1800,A,良,1512,2.0,,,7,7,34.6,6,60.7,,64.80,63.5,,A03,0,,2024103571,(71.6),,,0.8,後方,後方,38.30,432,,71.6,ビッグレッドファーム,新冠町,ゴールドシップ,アセンダント,ダノンバラード,8,8,8,,(美),田島俊明
2勝,202608010101031201,"2026. 8. 1",札幌,キャットテイル,牝,4,横山武史, 56 ,8,１,ダ,1700,,稍,1462,-0.1,1,1,3,2,38.9,3,44.4,*,44.33,43.2,牝,023,1580,   18.2,2022101678,730,210,1090,0.3,逃げ,逃げ,36.71,416,-8,7.3,ダーレー・ジャパン・ファーム,日高町,ディスクリートキャット,ピクシープリンセス,ディープインパクト,8,1,1,,(栗),野中賢二
1勝,202608010101031011,"2026. 8. 1",札幌,アンディムジーク,牝,3,古川吉洋, 53 ,14,５,芝,1500,A,稍,1294,0.4,,10,8,8,34.3,2,57.1,*,55.77,54.8,牝,023,82,,2023103797,(94.5),,,0.7,中団,中団,36.73,458,+2,94.5,社台コーポレーション白老ファーム,白老町,アドマイヤマーズ,ターフェルムジーク,ノヴェリスト,14,7,11,,(栗),渡辺薫彦
1勝,202608010101031009,"2026. 8. 1",札幌,フェニーチェドーロ,牝,4,荻野琢真, 56 ,14,11,芝,1500,A,稍,1307,1.7,,11,11,10,35.3,9,54.6,,55.77,54.8,牝,023,0,,2022101408,(257.0),,,1.0,中団,中団,36.93,468,-4,257.0,下河辺牧場,日高町,ナダル,ゴッドフェニックス,ブライアンズタイム,14,6,9,,(栗),宮本博
1勝,202608010101030809,"2026. 8. 1",札幌,ブレイジングスター,牡,4,和田陽希,55▲,11,７,ダ,1700,,稍,1468,2.3,6,6,7,6,38.0,6,48.8,,50.27,49.5,,003,0,,2022103644,(26.0),,,1.3,中団,中団,37.53,488,+8,26.0,岡野牧場,新ひだか町,モーニン,ヴァーチュスター,"Symboli Kris S",11,7,9,,(栗),高橋康之
未勝利,202608010101030705,"2026. 8. 1",札幌,サウンドファミリエ,牝,3,横山武史, 55 ,12,３,芝,1800,A,稍,1490,0.3,10,10,11,4,34.8,1,56.6,*,53.90,51.4,,003,150,,2023104254,(13.2),390,,1.4,ﾏｸﾘ,ﾏｸﾘ,37.10,414,0,13.2,飛渡牧場,新冠町,シルバーステート,サウンドマジック,トビーズコーナー,12,5,5,,(美),和田正一
1勝,202608010101030409,"2026. 8. 1",札幌,エイトスターズ,牝,6,吉田隼人, 56 ,11,８,芝,1800,A,稍,1499,1.9,10,10,11,11,36.1,8,52.2,,52.70,52.5,,003,0,,2020103772,(61.9),,,1.2,後方,後方,36.90,498,+8,61.9,レイクヴィラファーム,洞爺湖町,ジャスタウェイ,インザスポットライト,"Exceed And Excel",11,7,9,,(栗),坂口智康
未勝利,202608010101030309,"2026. 8. 1",札幌,アンタレス,牡,3,和田陽希,54▲,11,４,ダ,1700,,稍,1477,0.8,11,11,11,8,37.4,1,52.5,*,48.73,48.5,,003,87,,2023100017,(279.5),,,1.5,中団,差し,38.35,508,-6,279.5,猪野毛牧場,新ひだか町,キズナ,マサノバルサー,エンパイアメーカー,11,7,9,,(栗),藤野健太
未勝利,202608010101030105,"2026. 8. 1",札幌,フェアリーキャット,牝,3,古川奈穂,53◇,12,２,ダ,1000,,稍,0595,0.5,,,9,7,35.2,2,53.6,*,52.77,49.3,,003,230,,2023104847,(11.8),420,2550,0.8,中団,差し,36.45,428,-4,11.8,川越ファーム,浦河町,ディスクリートキャット,ファイアリーラヴ,パイロ,12,5,5,,(美),鈴木慎太
未勝利,202608010101030103,"2026. 8. 1",札幌,ナブッコ,牡,3,横山武史, 57 ,12,３,ダ,1000,,稍,0596,0.6,,,10,9,35.0,1,55.4,*,52.77,49.3,,003,150,,2023104377,(7.0),200,,1.1,後方,追込,36.90,486,+2,7.0,ノースヒルズ,新冠町,モーリス,ヴェルディアーナ,"Perfect Soul",12,3,3,,(栗),橋田宜長
未勝利,202608010101030101,"2026. 8. 1",札幌,サンライズロイ,牡,3,舟山瑠泉,56☆,12,５,ダ,1000,,稍,1000,1.0,,,7,8,35.9,4,50.7,*,52.77,49.3,,003,58,,2023106556,(5.4),,,0.6,中団,中団,36.15,470,+6,5.4,ヤナガワ牧場,日高町,フォーウィールドライブ,サンデーローズ,ブライアンズタイム,12,1,1,,(栗),牧浦充徳
未勝利,202607260702021206,"2026. 7.26",中京,アンリミテッド,牡,3,原優介, 57 ,15,７,芝,1200,A,良,1086,0.8,,,5,4,34.4,8,49.4,*,51.30,50.0,,003,0,,2023104417,(25.0),,,0.3,先行,先行,34.20,494,+2,25.0,ノースヒルズ,新冠町,キズナ,ラルムドランジュ,Dansili,15,4,6,,(栗),高野友和
1勝,202607260702021104,"2026. 7.26",中京,ペプチドブッドレア,牝,3,団野大成, 53 ,16,４,芝,1600,A,良,1334,0.4,,2,3,4,34.1,8,54.3,*,55.30,54.1,牝,023,120,,2023105720,(9.8),,,0.3,先行,先行,35.58,460,-4,9.8,木村牧場,日高町,イスラボニータ,ペプチドセマム,エンパイアメーカー,16,2,4,,(栗),吉村圭司
1勝,202607260702021115,"2026. 7.26",中京,マルモア,牝,5,角田大和, 56 ,16,８,芝,1600,A,良,1336,0.6,,7,6,4,34.2,10,54.2,*,55.30,54.1,牝,023,0,,2021105245,(195.9),,,0.4,先行,先行,35.64,418,+6,195.9,社台ファーム,千歳市,エピファネイア,マーブルカテドラル,ダイワメジャー,16,8,15,,(栗),松永幹夫
1勝,202607260702021107,"2026. 7.26",中京,ラガークイン,牝,5,菱田裕二, 56 ,16,15,芝,1600,A,良,1346,1.6,,10,11,13,34.6,14,54.0,,55.30,54.1,牝,023,0,,2021105416,(97.7),,,1.0,後方,後方,36.00,420,-16,97.7,ノーザンファーム,安平町,リアルインパクト,ウォークロニクル,ウォーエンブレム,16,4,7,,(栗),大久保龍
1勝,202607260702021006,"2026. 7.26",中京,ザングウィル,牡,6,原優介, 58 ,16,２,ダ,1400,,良,1245,0.0,,,2,2,37.9,3,42.2,*,43.17,41.8,,A03,330,,2020110051,(15.0),260,1530,0.1,先行,先行,34.95,516,0,15.0,"J. Lenihan",愛,"Dandy Man",Zaaqya,Nayef,16,3,6,,(栗),佐藤悠太
1勝,202607260702021011,"2026. 7.26",中京,アーガイルショア,牝,3,横山武史, 53 ,16,４,ダ,1400,,良,1249,0.4,,,14,14,37.4,2,45.3,*,43.17,41.8,,A03,120,,2023103718,(9.9),,,1.0,後方,追込,35.63,506,-6,9.9,追分ファーム,安平町,ナダル,ベルプラージュ,キングカメハメハ,16,6,11,,(栗),安田翔伍
1勝,202607260702021016,"2026. 7.26",中京,キーンセンス,牡,3,幸英明, 55 ,16,５,ダ,1400,,良,1255,1.0,,,11,11,38.1,4,43.3,*,43.17,41.8,,A03,82,,2023110036,(6.3),,,0.9,後方,後方,35.55,516,+6,6.3,"Stonehaven Steadings",米,Munnings,Canny,"Big Brown",16,8,16,,(栗),松永幹夫
未勝利,202607260702020505,"2026. 7.26",中京,クライナリーゼ,牡,3,永島まな,55◇,16,10,ダ,1400,,良,1272,2.5,,,15,14,38.5,3,44.9,*,41.97,41.3,,A03,0,,2023104192,(343.5),,,2.2,後方,後方,36.53,378,+3,343.5,田端牧場,新冠町,カレンブラックヒル,ウェルアウェイ,Monsun,16,3,5,,(栗),高橋康之
未勝利,202607260702020414,"2026. 7.26",中京,マーチンゲール,牡,3,団野大成, 57 ,15,２,ダ,1800,,良,1543,0.4,2,2,3,1,40.2,4,42.2,*,42.83,42.4,,A03,230,,2023102580,(4.2),160,760,0.2,先行,先行,37.05,482,-2,4.2,グランド牧場,新ひだか町,シニスターミニスター,ジェセニア,サウスヴィグラス,15,8,14,,(栗),斉藤崇史
未勝利,202607260702020301,"2026. 7.26",中京,ソニックブーム,牝,3,吉村誠之, 55 ,10,６,芝,2200,A,良,2128,1.3,2,2,3,3,35.3,7,53.6,,56.87,56.3,,A03,0,,2023102008,(28.1),,,0.3,先行,先行,36.56,462,+2,28.1,鎌田正嗣,浦河町,リアルスティール,ルソンデュレーヴ,キングカメハメハ,10,1,1,,(栗),柴田卓
未勝利,202607260702020107,"2026. 7.26",中京,スピーディスピン,牝,2,田山旺佑,54☆,9,４,芝,1400,A,良,1211,0.4,,,6,5,34.4,3,51.8,*,53.73,50.4,,A03,89,,2024107310,(29.8),,,0.5,中団,差し,35.03,454,0,29.8,パカパカファーム,新冠町,アジアエクスプレス,インアスピン,モーリス,9,7,7,,(栗),加藤公太
未勝利,202607260402021201,"2026. 7.26",新潟,コールリッジ,牡,3,松若風馬, 57 ,15,４,芝,2000,A,不,2047,0.8,3,2,4,4,36.1,4,55.2,*,56.23,56.3,,A03,87,,2023106338,(9.1),,,0.3,先行,先行,37.97,444,-2,9.1,酒井牧場,浦河町,アルバート,モーニングフェイス,スペシャルウィーク,15,1,1,,(美),林徹
未勝利,202607260402021206,"2026. 7.26",新潟,フォーエバーラブ,牡,3,田口貫太, 57 ,15,５,芝,2000,A,不,2051,1.2,7,7,6,7,36.2,6,55.2,*,56.23,56.3,,A03,58,,2023102941,(27.7),,,0.6,中団,中団,38.10,454,0,27.7,千代田牧場,新ひだか町,ミスターメロディ,プレシャスメイト,ステイゴールド,15,4,6,,(美),金成貴史
未勝利,202607260402021214,"2026. 7.26",新潟,エラガバリウム,セ,3,石神深道,55△,15,６,芝,2000,A,不,2053,1.4,7,7,10,9,36.2,6,55.5,,56.23,56.3,,A03,0,,2023107335,(7.5),,,0.8,中団,中団,38.19,438,-6,7.5,ノーザンファーム,安平町,レイデオロ,レッドオリヴィア,ジャングルポケット,15,8,14,,(美),千葉直人
未勝利,202607260402021003,"2026. 7.26",新潟,ブルーリファール,牡,3,石橋脩, 57 ,14,５,ダ,1800,,不,1544,1.7,4,3,3,3,39.4,8,45.2,*,47.80,47.9,,003,58,,2023106180,(13.0),,,0.4,先行,先行,37.50,484,-6,13.0,トモファーム,新冠町,ブラックタイド,ビジネスライク,カジノドライヴ,14,3,3,,(美),小野次郎
未勝利,202607260402020315,"2026. 7.26",新潟,ハンナパール,牝,3,吉田豊, 55 ,15,２,ダ,1200,,重,1120,0.8,,,9,9,37.2,3,43.5,*,41.30,40.9,,A03,230,,2023100692,(8.3),230,3700,0.9,中団,差し,34.80,440,+4,8.3,エトルタファーム,日高町,ミッキーグローリー,ラベルリュンヌ,トーホウエンペラー,15,8,15,,(美),小野次郎
新馬,202607260402020209,"2026. 7.26",新潟,ドミナートル,牡,2,岩田望来, 55 ,9,４,芝,1600,A,良,1376,0.2,,,6,6,33.0,2,67.5,*,66.47,64.4,,A03,120,,2024102244,(4.9),,,0.7,中団,差し,38.76,476,,4.9,三嶋牧場,浦河町,グレーターロンドン,シンメイスバル,アドマイヤムーン,9,8,9,,(美),矢野英一
未勝利,202607260402020104,"2026. 7.26",新潟,ブラックミューズ,牝,2,岩田望来, 55 ,11,３,芝,1400,A,良,1223,0.3,,,6,6,34.9,4,51.9,*,50.50,48.2,牝,023,150,,2024106131,(2.5),110,,0.9,中団,差し,35.55,480,-6,2.5,ノーザンファーム,安平町,ミスターメロディ,アドマイヤアロー,ワークフォース,11,4,4,,(栗),松永幹夫
未勝利,202607260402020103,"2026. 7.26",新潟,マルガリート,牝,2,杉原誠人, 55 ,11,８,芝,1400,A,良,1228,0.8,,,9,8,34.8,2,53.4,*,50.50,48.2,牝,023,0,,2024105550,(336.3),,,1.5,中団,中団,36.00,458,+2,336.3,本桐村田牧場,新ひだか町,ルーラーシップ,ポリアンサ,ハービンジャー,11,3,3,,(美),佐藤吉勝
未勝利,202607260101020602,"2026. 7.26",札幌,ミッキーテネシー,牝,3,丹内祐次, 55 ,12,１,芝,2000,A,良,2009,-0.1,5,4,4,4,35.0,2,55.2,*,55.33,53.9,,003,580,,2023102238,280,120,1390,0.3,先行,先行,36.81,442,-2,2.8,三嶋牧場,浦河町,サートゥルナーリア,ミッキーチャーム,ディープインパクト,12,2,2,,(栗),中内田充
未勝利,202607260101020610,"2026. 7.26",札幌,スノーエルヴァ,牝,3,古川奈穂,53◇,12,８,芝,2000,A,良,2024,1.5,10,10,10,12,36.0,7,52.9,,55.33,53.9,,003,0,,2023106145,(99.4),,,0.8,後方,後方,37.03,458,+10,99.4,ディアレストクラブ,浦河町,フィエールマン,カスタディーヴァ,"High Chaparral",12,7,10,,(美),中舘英二
新馬,202607260101020506,"2026. 7.26",札幌,レゾンフォルテ,牡,2,横山和生, 55 ,10,３,芝,1800,A,良,1488,0.6,8,8,8,5,34.3,1,58.6,*,57.40,56.8,,A03,200,,2024105188,(6.3),130,,0.8,中団,差し,37.25,462,,6.3,沖田博志,新ひだか町,エフフォーリア,ソリッドリーズン,ジャングルポケット,10,6,6,,(栗),昆貢
新馬,202607260101020507,"2026. 7.26",札幌,マイネルラビリンス,牡,2,和田陽希,52▲,10,６,芝,1800,A,良,1497,1.5,10,10,9,10,34.9,5,57.2,,57.40,56.8,,A03,0,,2024105029,(137.9),,,1.1,後方,後方,37.40,466,,137.9,真歌田中牧場,新ひだか町,ダノンバラード,マイネソルシエール,ロージズインメイ,10,7,7,,(美),金成貴史
新馬,202607260101020505,"2026. 7.26",札幌,ローザベッラ,牝,2,丹内祐次, 55 ,10,９,芝,1800,A,良,1502,2.0,7,7,4,5,36.2,9,52.2,,57.40,56.8,,A03,0,,2024101670,(26.9),,,0.3,中団,中団,37.00,470,,26.9,川越ファーム,浦河町,エフフォーリア,カラレイア,エンパイアメーカー,10,5,5,,(栗),西園翔太
未勝利,202607260101020408,"2026. 7.26",札幌,クルビデンス,牡,3,佐々木大, 57 ,11,２,ダ,1700,,良,1465,0.1,3,3,2,1,37.5,2,50.4,*,50.93,50.2,,003,230,,2023104001,(37.2),890,13280,0.1,先行,先行,37.64,470,+6,37.2,大林ファーム,新冠町,アメリカンペイトリオット,シャインレジーナ,アグネスタキオン,11,7,8,,(美),菊川正達
未勝利,202607260101020406,"2026. 7.26",札幌,ショウナンタヅナ,牡,3,池添謙一, 57 ,11,５,ダ,1700,,良,1471,0.7,7,7,4,5,37.9,6,49.6,*,50.93,50.2,,003,58,,2023100531,(9.0),,,0.3,中団,中団,37.75,470,+8,9.0,二風谷ファーム,平取町,ドレフォン,ウインフロレゾン,フジキセキ,11,6,6,,(美),武市康男
1勝,202607250702011004,"2026. 7.25",中京,インシオン,牡,3,西塚洸二, 55 ,13,５,ダ,1800,,良,1555,0.9,6,6,5,5,39.3,4,46.9,*,47.57,46.2,,003,82,,2023107203,(11.9),,,0.8,中団,中団,38.10,540,+12,11.9,ノーザンファーム,安平町,ドレフォン,プラウドスペル,"Proud Citizen",12,4,4,,(栗),藤原英昭
1勝,202607250702010904,"2026. 7.25",中京,ナムラティアラ,牝,3,西塚洸二, 53 ,16,４,ダ,1400,,良,1251,0.8,,,7,7,37.9,5,43.4,*,44.47,42.3,牝,023,120,,2023106228,(141.2),,,0.7,中団,差し,35.40,462,-12,141.2,森政巳,新ひだか町,ジョーカプチーノ,ナムラテンゲル,トゥザグローリー,16,2,4,*,(栗),牧田和弥
1勝,202607250702010808,"2026. 7.25",中京,ロードフィレール,牡,3,坂井瑠星, 55 ,8,１,芝,2000,A,良,1583,-0.6,1,1,1,1,33.2,2,59.9,*,60.53,59.9,,A03,1140,   20.3,2023105818,210,110,380,0.0,逃げ,逃げ,36.47,522,-2,2.1,ケイアイファーム,新ひだか町,キズナ,プレミアムギフト,オルフェーヴル,8,8,8,,(栗),吉岡辰弥
1勝,202607250702010806,"2026. 7.25",中京,アトレッタ,牡,3,幸英明, 55 ,8,５,芝,2000,A,良,1594,1.1,5,5,5,5,33.6,4,59.4,,60.53,59.9,,A03,114,    0.0,2023104008,(22.3),,,0.7,中団,中団,36.77,436,+18,22.3,オリエント牧場,新冠町,キズナ,シャッセロール,クロフネ,8,6,6,,(栗),斉藤崇史
新馬,202607250702010208,"2026. 7.25",中京,ソリドゥス,牡,2,秋山稔樹, 55 ,13,６,芝,1400,A,良,1232,0.7,,,9,10,33.9,1,59.1,*,56.80,55.4,,003,0,,2024104583,(138.9),,,1.1,後方,後方,36.98,462,,138.9,高橋フアーム,新ひだか町,アジアエクスプレス,グッドアズゴールド,ダイワメジャー,13,6,8,*,(栗),安達昭夫
新馬,202607250702010202,"2026. 7.25",中京,タガノレクシア,牡,2,幸英明, 55 ,13,８,芝,1400,A,良,1234,0.9,,,1,1,35.2,12,52.7,*,56.80,55.4,,003,0,,2024103380,(6.9),,,0.0,逃げ,逃げ,36.15,488,,6.9,新冠タガノファーム,新冠町,マテラスカイ,タガノグリュック,タガノロックオン,13,2,2,,(栗),鈴木孝志
未勝利,202607250702010104,"2026. 7.25",中京,シャインロード,牡,2,松若風馬, 55 ,9,５,ダ,1200,,良,1152,1.6,,,8,8,38.1,3,47.4,*,43.90,44.2,,A03,59,,2024107339,(140.1),,,1.4,後方,後方,37.10,474,-4,140.1,パカパカファーム,新冠町,タワーオブロンドン,ハマギク,Lawman,9,4,4,,(栗),井上智史
未勝利,202607250402011108,"2026. 7.25",新潟,ソレム,牝,3,石神深道,53△,18,２,芝,1000,A,良,0556,0.3,,,,13,32.3,1,58.2,*,56.53,50.6,,003,230,,2023107213,(96.4),1940,51750,1.1,後方,追込,34.95,420,+2,96.4,ノーザンファーム,安平町,Sottsass,プレインチャント,Gregorian,18,4,8,,(美),稲垣幸雄
未勝利,202607250402011102,"2026. 7.25",新潟,ルディドゥゲンジ,牝,3,嶋田純次, 55 ,18,３,芝,1000,A,良,0560,0.7,,,,15,32.5,2,58.5,*,56.53,50.6,,003,150,,2023103934,(89.4),1320,,1.3,後方,追込,35.25,424,+2,89.4,安達牧場,新冠町,ファインニードル,ウルバーノ,"Heart's Cry",18,1,2,*,(美),蛯名利弘
未勝利,202607250402011110,"2026. 7.25",新潟,ノーブルラホーヤ,牝,3,石田拓郎,52▲,18,９,芝,1000,A,良,0565,1.2,,,,3,34.2,14,47.8,,56.53,50.6,,003,0,,2023103195,(7.6),,,0.1,先行,先行,33.45,392,+2,7.6,藤原牧場,新ひだか町,ダノンキングリー,ラホーヤビーチ,タイキシャトル,18,5,10,*,(美),深山雅史
未勝利,202607250402011005,"2026. 7.25",新潟,ナツミカンチャン,牝,3,菊沢一樹, 55 ,15,13,ダ,1800,,稍,2013,4.3,5,5,6,11,44.8,11,35.4,,44.73,41.6,牝,023,0,,2023101733,(12.5),,,0.8,後方,後方,38.25,456,-8,12.5,高昭牧場,浦河町,シニスターミニスター,ニューメモリー,スクリーンヒーロー,15,3,5,,(美),千葉直人
ｵｰﾌﾟﾝ,202607250402010910,"2026. 7.25",新潟,アメリカンピース,セ,8,小坂忠士, 60 ,10,３,芝,2850,A,良,3033,1.5,4,3,4,4,12.9,,,,,,,A00,360,,2018110131,(47.5),620,,,先行,先行,,458,-2,47.5,"Don Alberto Corporation",米,Tapit,"La Cloche",Ghostzapper,10,8,10,,(栗),東田明士
ｵｰﾌﾟﾝ,202607250402010909,"2026. 7.25",新潟,ローンウルフ,牡,5,大江原圭, 60 ,10,４,芝,2850,A,良,3039,2.1,4,3,5,5,12.9,,,,,,,A00,210,,2021104112,(49.1),,,,中団,差し,,480,-4,49.1,千代田牧場,新ひだか町,リアルインパクト,シェリレーヌ,Mineshaft,10,8,9,,(美),武市康男
ｵｰﾌﾟﾝ,202607250402010906,"2026. 7.25",新潟,パープルアドミラル,牡,6,金子光希, 62 ,10,７,芝,2850,A,良,3066,4.8,10,9,8,8,13.1,,,,,,,A00,0,,2020104328,(23.2),,,,後方,後方,,454,+2,23.2,聖心台牧場,新ひだか町,シビルウォー,ママノヨリミチ,マンハッタンカフェ,10,6,6,,(美),堀内岳志
1勝,202607250402010811,"2026. 7.25",新潟,インナーパッション,牡,3,斎藤新, 55 ,13,４,ダ,1800,,稍,1544,0.9,5,5,6,6,39.3,2,45.5,*,43.90,44.0,,A03,170,    0.0,2023103714,(3.0),,,1.0,中団,差し,37.55,522,+2,3.0,追分ファーム,安平町,キズナ,ブラインドラック,"Pollard's Vision",13,7,11,,(美),斎藤誠
1勝,202607250402010506,"2026. 7.25",新潟,カリーン,牝,4,大野拓弥, 56 ,11,５,芝,1800,A,良,1455,0.5,,,5,5,34.0,6,55.1,*,56.23,54.4,,A04,82,,2022105532,(44.2),,,0.5,中団,中団,35.75,472,0,44.2,社台ファーム,千歳市,デクラレーションオブウォー,ムニラー,"Kitten's Joy",11,6,6,,(美),蛯名正義
新馬,202607250402010303,"2026. 7.25",新潟,スターマイン,牝,2,菊沢一樹, 55 ,8,６,芝,1600,A,良,1371,0.4,,,3,3,33.1,7,66.0,*,67.33,65.8,牝,023,0,,2024104692,(27.5),,,0.3,先行,先行,38.40,444,,27.5,千代田牧場,新ひだか町,ダノンスマッシュ,スマイルスター,ゼンノロブロイ,8,3,3,,(美),大竹正博
未勝利,202607250402010102,"2026. 7.25",新潟,フルーツバスケット,牡,2,吉田豊, 55 ,10,２,芝,1800,A,良,1480,0.1,,,4,4,32.9,2,64.1,*,63.40,62.5,,A03,240,,2024104561,(2.8),120,450,0.4,先行,先行,37.55,458,+2,2.8,タイヘイ牧場,新ひだか町,モーリス,オーソレミオ,ディープインパクト,10,2,2,,(栗),前川恭子
2勝,202607250101011205,"2026. 7.25",札幌,セボンサデッセ,牡,4,武豊, 58 ,11,１,ダ,1700,,良,1454,-0.0,2,2,2,2,36.1,3,54.7,*,55.80,54.7,,A04,1580,   25.2,2022104903,360,120,1290,0.0,先行,先行,37.80,492,-12,3.6,ノーザンファーム,安平町,ルヴァンスレーヴ,チャームクォーク,クロフネ,11,5,5,,(栗),橋口慎介
3勝,202607250101011110,"2026. 7.25",札幌,アスクケンタッキー,牡,3,武豊, 55 ,12,12,芝,1200,A,良,1093,1.2,,,8,8,34.2,8,52.6,,51.23,48.5,,A04,0,    0.0,2023110100,(7.7),,,1.3,中団,中団,35.10,474,+6,7.7,"Bedouin Bloodstock LLC",米,"Good Magic",Entirely,"Point of Entry",12,7,10,,(栗),藤原英昭
1勝,202607250101010908,"2026. 7.25",札幌,ディヒターリーベ,牝,4,石川倭, 56 ,10,２,芝,1800,A,良,1491,0.6,8,8,10,9,34.2,1,59.5,*,57.67,57.7,牝,023,330,,2022105153,(88.1),1590,63340,0.8,後方,追込,37.45,474,+12,88.1,ノーザンファーム,安平町,サートゥルナーリア,レイズアベール,ハーツクライ,10,7,8,,(美),高橋文雅
1勝,202607250101010902,"2026. 7.25",札幌,ニシノエピカリ,牝,4,河原田菜,52★,10,４,芝,1800,A,良,1494,0.9,3,3,3,3,35.0,6,56.3,*,57.67,57.7,牝,023,120,,2022100724,(25.5),,,0.3,先行,先行,37.20,410,+4,25.5,田上徹,新ひだか町,フィエールマン,シーソルティキッス,キングカメハメハ,10,2,2,,(美),秋本大介
1勝,202607250101010909,"2026. 7.25",札幌,キタノサリスカ,牝,3,和田陽希,50▲,10,６,芝,1800,A,良,1494,0.9,6,5,7,6,34.7,3,57.6,*,57.67,57.7,牝,023,0,,2023105977,(123.7),,,0.6,中団,中団,37.35,426,-4,123.7,高山牧場,日高町,タイセイレジェンド,ブラウンキャビア,Kodiac,10,8,9,,(栗),羽月友彦
1勝,202607250101010907,"2026. 7.25",札幌,ジャストビート,牝,3,鮫島克駿, 53 ,10,７,芝,1800,A,良,1495,1.0,6,5,7,6,34.9,4,56.9,*,57.67,57.7,牝,023,0,,2023101090,(25.9),,,0.5,中団,中団,37.30,426,+8,25.9,タバタファーム,日高町,デクラレーションオブウォー,ステルス,ディープインパクト,10,7,7,,(栗),安達昭夫
1勝,202607250101010806,"2026. 7.25",札幌,ザハント,セ,4,小沢大仁, 58 ,12,２,ダ,1700,,良,1457,1.8,2,2,2,3,39.3,7,42.2,*,46.80,44.2,,003,330,,2022102929,(43.3),720,5310,0.6,先行,先行,36.22,488,0,43.3,谷口牧場,浦河町,マジェスティックウォリアー,フミノアマゾン,フジキセキ,12,5,6,,(栗),田中克典
1勝,202607250101010801,"2026. 7.25",札幌,ビービーバザーク,牡,4,和田陽希,55▲,12,４,ダ,1700,,良,1460,2.1,12,12,11,11,37.4,2,50.0,*,46.80,44.2,,003,120,,2022102397,(22.8),,,2.8,後方,追込,37.42,492,-12,22.8,坂東牧場,平取町,シニスターミニスター,カリビアンロマンス,コマンズ,12,1,1,,(栗),武幸四郎
1勝,202607250101010809,"2026. 7.25",札幌,ハイライトニング,セ,3,池添謙一, 55 ,12,８,ダ,1700,,良,1468,2.9,3,3,4,4,40.0,10,41.1,,46.80,44.2,,003,0,,2023105381,(51.9),,,1.0,先行,先行,36.44,466,-10,51.9,千代田牧場,新ひだか町,リアルスティール,マニクール,ヘニーヒューズ,12,7,9,,(美),嘉藤貴行
1勝,202607250101010810,"2026. 7.25",札幌,ファンタイムギフト,セ,4,丹内祐次, 58 ,12,10,ダ,1700,,良,1472,3.3,4,4,3,4,40.6,12,39.5,,46.80,44.2,,003,0,,2022102378,(17.9),,,0.8,先行,先行,36.33,504,+14,17.9,二風谷ファーム,平取町,ドレフォン,トウカイシェーン,ダイワメジャー,12,7,10,,(美),相沢郁
1勝,202607250101010713,"2026. 7.25",札幌,グランテレーズ,牝,5,小沢大仁, 56 ,15,１,芝,1200,A,良,1091,-0.0,,,2,2,34.6,8,49.7,*,50.27,49.1,,003,820,,2021102401,6120,970,10910,0.1,先行,先行,34.50,460,+2,61.2,坂東牧場,平取町,シュヴァルグラン,アドマイヤテレサ,エリシオ,15,7,13,,(栗),渡辺薫彦
未勝利,202607250101010404,"2026. 7.25",札幌,エアヴァイブス,牝,3,武豊, 55 ,14,３,芝,1500,A,良,1282,0.3,,11,12,10,34.3,1,54.8,*,51.63,49.8,牝,023,150,,2023106910,(4.5),140,,1.2,中団,差し,35.93,426,-2,4.5,ノーザンファーム,安平町,コントレイル,エアジーン,ハービンジャー,14,3,4,,(栗),福永祐一
未勝利,202607250101010401,"2026. 7.25",札幌,レイナデルアイレ,牝,3,石川倭, 55 ,14,４,芝,1500,A,良,1283,0.4,,3,4,3,35.1,3,51.0,*,51.63,49.8,牝,023,87,,2023103559,(32.9),,,0.5,先行,先行,35.47,434,-2,32.9,社台ファーム,千歳市,レイデオロ,マチカネハヤテ,サクラバクシンオー,14,1,1,,(美),矢嶋大樹
未勝利,202607250101010301,"2026. 7.25",札幌,ゴーントゥファー,セ,3,長浜鴻緒,56☆,10,８,ダ,1700,,良,1487,2.1,9,10,10,10,37.9,3,51.9,*,49.90,48.5,,003,0,,2023106531,(64.3),,,2.2,後方,後方,38.62,470,+2,64.3,ホース・マネジメント・ボス,新冠町,ドレフォン,グローリアスサルム,キズナ,10,1,1,,(美),小島茂之
未勝利,202607250101010309,"2026. 7.25",札幌,ワンダーゾルダート,牡,3,松本大輝, 57 ,10,９,ダ,1700,,良,1490,2.4,2,3,5,7,39.7,9,45.2,,49.90,48.5,,003,0,,2023101714,(13.0),,,0.7,後方,後方,37.80,436,0,13.0,高昭牧場,浦河町,ゴールドドリーム,クインズモモナ,エイシンフラッシュ,10,8,9,,(栗),羽月友彦
未勝利,202607250101010305,"2026. 7.25",札幌,メイショウシンガン,牡,3,横山琉人, 57 ,10,10,ダ,1700,,良,1492,2.6,2,1,3,5,40.3,10,43.3,,49.90,48.5,,003,0,,2023104988,(8.9),,,0.3,逃げ,逃げ,37.58,462,0,8.9,まるとみ冨岡牧場,浦河町,ニューイヤーズデイ,コンゴウレイワ,アイルハヴアナザー,10,5,5,,(栗),高橋義忠
3勝,202607191002081007,"2026. 7.19",小倉,プロミシングスター,牡,5,秋山稔樹, 54 ,16,３,ダ,1700,,良,1452,0.3,7,7,7,6,37.9,3,46.9,*,45.83,44.8,,A03,470,    4.9,2021103073,(24.4),660,,0.7,中団,差し,36.71,452,0,24.4,富田牧場,浦河町,マジェスティックウォリアー,ファインチョイス,アドマイヤムーン,16,4,7,,(栗),高橋義忠
3勝,202607191002081008,"2026. 7.19",小倉,モズカトレア,牝,4,田山旺佑, 52 ,16,10,ダ,1700,,良,1466,1.7,2,2,2,2,39.9,16,41.2,,45.83,44.8,,A03,0,    0.0,2022102123,(9.6),,,0.1,先行,先行,36.38,486,+6,9.6,目黒牧場,日高町,モズアスコット,ビューティーモズ,ネオユニヴァース,16,4,8,,(栗),井上智史
未勝利,202607191002080605,"2026. 7.19",小倉,アイアン,牡,3,Ｍ．デム, 57 ,14,７,ダ,1700,,良,1495,1.8,14,14,11,12,40.1,5,44.4,*,45.07,44.2,,A03,0,,2023103096,(9.7),,,1.2,後方,後方,37.85,430,-4,9.7,服部牧場,新ひだか町,レイデオロ,マニヤラ,Manduro,14,4,5,,(栗),辻野泰之
未勝利,202607191002080408,"2026. 7.19",小倉,ダンツウルス,牡,3,田口貫太, 57 ,14,１,芝,2000,A,良,2009,-0.0,3,3,4,2,35.5,1,53.1,*,52.43,52.7,,003,580,,2023102901,350,110,810,0.1,先行,先行,36.60,462,0,3.5,千代田牧場,新ひだか町,リアルスティール,コゴメユキ,"Liam's Map",14,5,8,,(栗),谷潔
未勝利,202607191002080405,"2026. 7.19",小倉,ヴィーラー,牝,3,富田暁, 55 ,14,６,芝,2000,A,良,2020,1.1,6,5,9,9,36.1,5,52.0,*,52.43,52.7,,003,0,,2023103081,(70.6),,,0.6,中団,中団,36.81,420,-6,70.6,服部牧場,新ひだか町,コントレイル,スウィートマナ,"Easing Along",14,4,5,*,(栗),矢作芳人
未勝利,202607191002080314,"2026. 7.19",小倉,エレーデサンライズ,牝,3,幸英明, 55 ,16,２,ダ,1700,,良,1476,0.9,7,7,4,4,40.0,3,42.2,*,43.07,42.8,牝,023,230,,2023100912,(6.9),180,3410,0.4,先行,先行,36.87,454,-2,6.9,下河辺牧場,日高町,エピファネイア,カラズマッチポイント,Curlin,16,7,14,,(栗),平田修
未勝利,202607191002080310,"2026. 7.19",小倉,クレスコフェーヴ,牝,3,藤懸貴志, 55 ,16,８,ダ,1700,,良,1490,2.3,16,16,14,13,40.0,3,44.1,*,43.07,42.8,牝,023,0,,2023103829,(132.1),,,1.8,後方,後方,37.64,388,-18,132.1,青藍牧場,登別市,オルフェーヴル,ティイ,エイシンフラッシュ,16,5,10,,(栗),羽月友彦
未勝利,202607191002080204,"2026. 7.19",小倉,ショウナンライラ,牡,3,富田暁, 57 ,18,４,芝,1200,A,良,1085,0.5,,,5,5,34.7,6,47.4,*,46.00,46.0,,003,87,,2023100277,(57.9),,,0.5,中団,差し,33.80,466,+2,57.9,ヒサイファーム,新ひだか町,サートゥルナーリア,ブルーイリュージョン,Dubawi,18,2,4,,(栗),松下武士
未勝利,202607191002080201,"2026. 7.19",小倉,トウカイジーク,牡,3,今村聖奈,55◇,18,13,芝,1200,A,良,1093,1.3,,,11,11,35.1,11,47.4,,46.00,46.0,,003,0,,2023100555,(13.4),,,0.9,中団,中団,34.20,428,-6,13.4,びらとり牧場,平取町,マクフィ,トウカイセンス,ハーツクライ,18,1,1,,(栗),野中賢二
未勝利,202607191002080210,"2026. 7.19",小倉,クリノゴージャス,牝,3,太宰啓介, 55 ,18,18,芝,1200,A,良,1103,2.3,,,18,18,35.5,14,48.0,,46.00,46.0,,003,0,,2023102488,(413.8),,,1.5,後方,後方,34.80,420,,413.8,岡田牧場,新ひだか町,ディーマジェスティ,ヤマカツマヤリス,クロフネ,18,5,10,,(栗),荒川義之
未勝利,202607190302080710,"2026. 7.19",福島,パワポケグッド,牡,3,上里直汰,54▲,15,６,ダ,1700,,良,1486,2.2,13,11,10,9,39.0,5,47.3,*,48.23,48.6,,A03,0,,2023106198,(303.3),,,1.1,中団,中団,37.96,434,+6,303.3,HARUNOファーム,浦河町,インカンテーション,パワポケエリ,ローエングリン,15,6,10,*,(美),大和田成
新馬,202607190302080503,"2026. 7.19",福島,ムーチョピカンテ,牡,2,嶋田純次, 55 ,13,10,芝,2000,B,良,2065,1.9,4,4,4,5,36.3,10,56.5,,60.40,60.6,,A03,0,,2024102839,(198.6),,,0.4,中団,中団,38.66,430,,198.6,ミルファーム,浦河町,ダノンバラード,タプローム,ケイムホーム,13,3,3,,(美),奥平雅士
未勝利,202607190302080304,"2026. 7.19",福島,ランウェイミューズ,牝,3,坂井瑠星, 55 ,16,４,芝,1800,B,良,1485,0.7,3,3,4,3,36.0,8,50.7,*,51.50,51.4,,003,87,,2023107304,(10.8),,,0.3,先行,先行,36.25,388,-2,10.8,ノーザンファーム,安平町,シルバーステート,ランウェイデビュー,ストロングリターン,16,2,4,,(美),竹内正洋
未勝利,202607190302080314,"2026. 7.19",福島,シャルムグリーン,牡,3,津村明秀, 57 ,16,５,芝,1800,B,良,1486,0.8,5,5,7,6,35.8,6,51.7,*,51.50,51.4,,003,58,,2023101459,(4.6),,,0.6,中団,中団,36.40,474,-12,4.6,本間牧場,日高町,スワーヴリチャード,ファータグリーン,タニノギムレット,16,7,14,,(美),相沢郁
未勝利,202607190302080213,"2026. 7.19",福島,アマンヘセル,牝,3,田辺裕信, 55 ,16,３,芝,2000,B,良,1598,0.4,13,13,11,7,35.2,2,53.0,*,52.67,50.1,牝,023,150,,2023102389,(22.0),710,,1.0,中団,差し,36.26,464,-6,22.0,岡田スタツド,新ひだか町,キズナ,ティズトレメンダス,"Tiz Wonderful",16,7,13,,(美),蛯名正義
未勝利,202607190302080207,"2026. 7.19",福島,キリスパークル,牝,3,石橋脩, 55 ,16,５,芝,2000,B,良,2004,1.0,8,8,9,7,36.1,5,50.1,*,52.67,50.1,牝,023,58,,2023100312,(115.0),,,0.7,中団,中団,36.13,444,+12,115.0,本桐牧場,新ひだか町,ディーマジェスティ,カエデ,タイキシャトル,16,4,7,,(美),勢司和浩
1勝,202607190201120701,"2026. 7.19",函館,フェニーチェドーロ,牝,4,荻野琢真, 56 ,14,９,ダ,1700,,不,1449,1.8,8,8,12,13,37.7,7,47.2,,49.10,47.9,牝,023,0,,2022101408,(103.9),,,1.0,後方,後方,36.65,472,0,103.9,下河辺牧場,日高町,ナダル,ゴッドフェニックス,ブライアンズタイム,14,1,1,,(栗),宮本博
新馬,202607190201120505,"2026. 7.19",函館,ルージュロマーナ,牝,2,横山和生, 55 ,14,３,芝,1800,B,重,1515,0.4,6,5,5,3,37.6,5,48.3,*,49.77,47.7,,A03,200,,2024102132,(32.2),830,,0.4,先行,先行,36.95,460,,32.2,信岡牧場,浦河町,ウィルテイクチャージ,マレーナ,ダイワメジャー,14,4,5,,(美),手塚貴徳
新馬,202607190201120511,"2026. 7.19",函館,ラヴァンドローリエ,牝,2,古川吉洋, 55 ,14,４,芝,1800,B,重,1517,0.6,14,14,14,10,36.8,2,51.8,*,49.77,47.7,,A03,120,,2024103131,(156.5),,,1.4,中団,差し,37.45,466,,156.5,シンユウフアーム,新冠町,ダノンスマッシュ,プティットクルール,マンハッタンカフェ,14,7,11,,(栗),宮徹
新馬,202607190201120507,"2026. 7.19",函館,カリスマン,牡,2,吉田隼人, 55 ,14,11,芝,1800,B,重,1524,1.3,8,9,8,8,38.1,8,47.5,,49.77,47.7,,A03,0,,2024106804,(75.8),,,0.8,中団,中団,37.15,426,,75.8,上水牧場,むかわ町,フィエールマン,カーヴィシャス,シンボリクリスエス,14,5,7,,(美),武井亮
未勝利,202607190201120201,"2026. 7.19",函館,デルマハルナ,牝,3,和田陽希,52▲,10,３,ダ,1000,,不,0595,0.8,,,6,6,36.0,3,47.9,*,47.47,45.9,,003,150,,2023101370,(44.9),870,,0.6,中団,差し,35.25,462,-4,44.9,ファニーヒルファーム,日高町,ディーマジェスティ,フェリシアルチア,サウスヴィグラス,10,1,1,,(美),天間昭一
未勝利,202607190201120210,"2026. 7.19",函館,トルークマクト,牝,3,鷲頭虎太,53△,10,６,ダ,1000,,不,0598,1.1,,,6,6,36.3,7,47.1,,47.47,45.9,,003,0,,2023101088,(6.1),,,0.6,中団,中団,35.25,448,-4,6.1,タバタファーム,日高町,ドレフォン,エトピリカ,キングカメハメハ,10,8,10,,(栗),福永祐一
1勝,202607181002071213,"2026. 7.18",小倉,ヨカオウ,牡,3,田山旺佑,54☆,14,４,ダ,1700,,稍,1453,0.8,8,6,5,6,38.5,4,44.6,*,44.93,44.7,,A03,120,,2023102707,(16.3),,,0.5,中団,差し,36.44,468,+2,16.3,サンデーヒルズ,新ひだか町,キズナ,ヨカヨカ,スクワートルスクワート,14,8,13,,(栗),谷潔
1勝,202607181002071206,"2026. 7.18",小倉,ジューンセクレタ,牡,3,西村淳也, 55 ,14,５,ダ,1700,,稍,1453,0.8,8,6,5,3,38.4,3,45.0,*,44.93,44.7,,A03,82,,2023110029,(6.8),,,0.6,先行,先行,36.49,516,+4,6.8,"Town & Country Farms LLC",米,"Maclean's Music","Bazinga Baby","Afleet Alex",14,4,6,,(栗),武英智
1勝,202607181002071211,"2026. 7.18",小倉,ケンフィールド,牡,3,幸英明, 55 ,14,９,ダ,1700,,稍,1460,1.5,4,4,3,5,39.4,11,42.2,,44.93,44.7,,A03,0,,2023101694,(58.1),,,0.3,中団,中団,36.33,482,-6,58.1,ケンブリッジバレー,浦河町,タリスマニック,ケンブリッジハーツ,キングヘイロー,14,7,11,,(栗),大根田裕
3勝,202607181002071109,"2026. 7.18",小倉,ヒーローインチーフ,セ,5,西塚洸二, 58 ,12,７,芝,1200,A,良,1088,1.2,,,11,11,35.0,4,46.6,*,43.27,42.0,,A04,0,    0.0,2021106661,(13.5),,,1.4,後方,後方,33.80,448,0,13.5,ハクツ牧場,新冠町,ディスクリートキャット,カクテルラウンジ,タニノギムレット,12,7,9,,(栗),吉田直弘
未勝利,202607181002070611,"2026. 7.18",小倉,ジューンマーチ,牡,3,永島まな,55◇,13,10,ダ,1700,,稍,1496,4.1,12,12,11,10,39.6,6,46.4,,49.43,49.7,,003,0,,2023101848,(13.7),,,1.8,後方,後方,38.18,446,+2,13.7,ヒダカフアーム,浦河町,ミッキーアイル,ヒイナヅキ,トビーズコーナー,13,7,11,,(栗),松下武士
新馬,202607181002070506,"2026. 7.18",小倉,マルモタワー,牡,2,富田暁, 55 ,7,７,芝,1200,A,良,1127,3.4,,,3,7,38.5,7,38.8,,45.97,45.8,,A03,0,,2024102979,(91.0),,,0.3,後方,後方,34.20,446,,91.0,柏木一則,新冠町,タワーオブロンドン,アローシルバー,スペシャルウィーク,7,6,6,,(栗),中尾秀正
未勝利,202607181002070314,"2026. 7.18",小倉,メイワキラリ,牡,3,鮫島良太, 57 ,14,３,ダ,1000,,稍,0588,0.5,,,3,2,36.3,9,43.0,*,45.57,43.6,,A03,150,,2023103746,(5.0),170,,0.1,先行,先行,33.75,472,+4,5.0,笹川大晃牧場,森町,ミスターメロディ,リュウメイ,コロナドズクエスト,14,8,14,*,(栗),河嶋宏樹
未勝利,202607181002070102,"2026. 7.18",小倉,セイウンパシュート,セ,6,五十嵐雄, 60 ,12,１,芝,2860,A,稍,3141,-0.5,1,1,1,1,13.6,,,,,,,A00,840,,2020100233,420,170,1630,,逃げ,逃げ,,452,-6,4.2,田上徹,新ひだか町,ハーツクライ,シーソルティキッス,キングカメハメハ,12,2,2,,(美),上原博之
1勝,202607180302070910,"2026. 7.18",福島,オブラプリーマ,牝,3,荻野極, 53 ,12,５,芝,2600,B,良,2422,0.6,7,8,8,7,36.3,3,54.0,*,53.87,53.6,,A04,114,    0.0,2023100237,(4.7),,,0.6,中団,中団,37.77,424,+14,4.7,土居牧場,新ひだか町,ヴァンゴッホ,マナローラ,ハーツクライ,12,7,10,,(美),上原佑紀
1勝,202607180302070903,"2026. 7.18",福島,ビーンスターク,セ,5,江田照男, 58 ,12,10,芝,2600,B,良,2430,1.4,5,5,8,7,37.1,7,51.8,,53.87,53.6,,A04,0,    0.0,2021103578,(173.6),,,0.6,中団,中団,37.77,472,-10,173.6,岡田牧場,新ひだか町,ロジャーバローズ,アートオブビーン,アグネスデジタル,12,3,3,,(美),粕谷昌央
1勝,202607180302070812,"2026. 7.18",福島,コックオーヴァン,牝,3,松岡正海, 53 ,16,１,芝,1200,B,良,1093,-0.1,,,2,2,34.9,4,48.6,*,49.37,48.0,,A03,820,,2023106405,650,230,3430,0.1,先行,先行,34.40,456,+6,6.5,金石牧場,浦河町,ウインブライト,コスモミール,ヘクタープロテクター,15,6,12,,(美),伊藤伸一
1勝,202607180302070807,"2026. 7.18",福島,ココボロ,牝,5,嶋田純次, 56 ,16,３,芝,1200,B,良,1096,0.3,,,7,7,34.7,3,50.6,*,49.37,48.0,,A03,210,,2021106419,(330.4),4660,,0.6,中団,差し,34.90,510,-2,330.4,対馬正,新冠町,ビッグアーサー,シルクヴァルキリー,マーベラスサンデー,15,4,7,,(美),松山将樹
未勝利,202607180302070701,"2026. 7.18",福島,セキテイリノ,牡,3,江田照男, 57 ,16,４,芝,2000,B,良,2008,0.4,8,7,2,2,36.9,8,47.4,*,49.10,48.1,,A03,87,,2023103447,(8.4),,,0.1,先行,先行,35.96,470,-2,8.4,社台ファーム,千歳市,サトノダイヤモンド,ステイアライヴ,Iffraaj,16,1,1,,(美),田中剛
未勝利,202607180302070603,"2026. 7.18",福島,サンタピア,牡,3,木幡巧也, 57 ,15,３,ダ,1700,,良,1471,0.1,4,3,5,4,38.3,4,48.0,*,48.13,47.0,,003,150,,2023102804,(173.4),2550,,0.3,先行,先行,37.53,470,-2,173.4,タイヘイ牧場,新ひだか町,ルヴァンスレーヴ,ドリームバラード,タニノギムレット,15,2,3,,(美),松山将樹
未勝利,202607180302070412,"2026. 7.18",福島,リーデレクオーレ,牝,3,柴田大知, 55 ,16,１,芝,1200,B,良,1092,-0.1,,,2,2,35.0,7,47.7,*,48.87,46.6,,A03,580,,2023104425,390,170,1770,0.2,先行,先行,34.20,420,+2,3.9,ハクツ牧場,新冠町,アルアイン,ゴルトメーネ,バゴ,16,6,12,,(美),秋本大介
未勝利,202607180302070411,"2026. 7.18",福島,ラウンドヒル,牝,3,三浦皇成, 55 ,16,４,芝,1200,B,良,1097,0.5,,,3,4,35.3,12,47.5,*,48.87,46.6,,A03,87,,2023105751,(7.4),,,0.4,先行,先行,34.40,458,+2,7.4,静内フアーム,新ひだか町,ベストウォーリア,レイテストバード,サマーバード,16,6,11,,(美),田島俊明
未勝利,202607180302070306,"2026. 7.18",福島,ニンジャトットリ,牡,3,木幡育也, 57 ,16,２,ダ,1150,,良,1096,0.1,,,1,1,37.1,7,45.6,*,46.80,45.8,,003,230,,2023106658,(3.2),120,690,0.0,逃げ,逃げ,35.45,448,-2,3.2,へいはた牧場,新ひだか町,ミッキーアイル,ディアデム,シンボリクリスエス,16,3,6,,(美),松永康利
2勝,202607180201111003,"2026. 7.18",函館,ムチャスグラシアス,牝,5,吉田隼人, 56 ,10,８,芝,1200,B,良,1096,1.3,,,8,9,34.7,4,50.6,,49.23,49.1,,A03,0,    0.0,2021104217,(64.8),,,0.9,後方,後方,34.90,440,-2,64.8,友田牧場,新ひだか町,カリフォルニアクローム,ロスグラシアレス,シンボリクリスエス,10,3,3,,(美),菊川正達
1勝,202607180201110906,"2026. 7.18",函館,ビービーバザーク,牡,4,和田陽希, 58 ,13,11,芝,1800,B,良,1491,1.5,3,3,4,7,37.1,12,47.0,,51.43,49.4,,004,0,    0.0,2022102397,(66.3),,,0.4,中団,中団,36.00,504,+22,66.3,坂東牧場,平取町,シニスターミニスター,カリビアンロマンス,コマンズ,13,5,6,,(栗),武幸四郎
1勝,202607180201110803,"2026. 7.18",函館,バルドル,牡,3,横山和生, 55 ,12,３,芝,2600,B,良,2414,0.7,3,3,2,2,36.6,6,52.3,*,52.13,48.9,,A04,210,,2023104920,(25.6),1510,,1.5,先行,先行,37.44,442,-4,25.6,辻牧場,浦河町,リオンリオン,アドマイヤルミナス,エピファネイア,12,3,3,,(美),池上昌和
1勝,202607180201110805,"2026. 7.18",函館,アーレムアレス,牡,3,武豊, 55 ,12,４,芝,2600,B,良,2417,1.0,6,5,5,5,36.2,2,54.0,*,52.13,48.9,,A04,120,,2023105223,(1.4),,,2.2,中団,差し,37.65,498,+14,1.4,社台コーポレーション白老ファーム,白老町,ハービンジャー,スターズインヘヴン,ワークフォース,12,5,5,,(栗),橋口慎介
1勝,202607180201110804,"2026. 7.18",函館,テイクザクラウン,牡,5,川又賢治, 58 ,12,６,芝,2600,B,良,2423,1.6,7,7,5,6,36.8,8,52.3,,52.13,48.9,,A04,0,,2021102379,(17.1),,,2.2,中団,中団,37.65,452,+2,17.1,二風谷ファーム,平取町,サトノクラウン,アムールレジェンド,ディープインパクト,12,4,4,,(栗),吉村圭司
1勝,202607180201110809,"2026. 7.18",函館,ペリプルス,牡,6,舟山瑠泉,57☆,12,８,芝,2600,B,良,2423,1.6,12,12,9,9,36.4,4,53.8,*,52.13,48.9,,A04,0,,2020105796,(88.0),,,2.6,後方,後方,37.77,444,+6,88.0,ビッグレッドファーム,新冠町,ゴールドシップ,マイネリベルタス,コンデュイット,12,7,9,,(美),室井潔
1勝,202607180201110802,"2026. 7.18",函館,シャインバオバブ,牡,4,古川吉洋, 58 ,12,９,芝,2600,B,良,2425,1.8,7,7,9,9,36.6,6,53.2,,52.13,48.9,,A04,0,,2022106180,(71.8),,,2.6,後方,後方,37.77,506,-4,71.8,川島牧場,新冠町,シルバーステート,レユシット,ルーラーシップ,12,2,2,,(栗),本田優
1勝,202607180201110808,"2026. 7.18",函館,ジーティートシオー,牡,4,荻野琢真, 58 ,12,11,芝,2600,B,良,2436,2.9,9,10,12,12,37.5,10,50.9,,52.13,48.9,,A04,0,,2022104661,(222.5),,,2.8,後方,後方,37.83,476,+4,222.5,ノーザンファーム,安平町,バゴ,ウォークロニクル,ウォーエンブレム,12,6,8,,(栗),西村真幸
1勝,202607180201110811,"2026. 7.18",函館,エリナ,牝,4,大久保友,53▲,12,12,芝,2600,B,良,2448,4.1,2,2,2,4,40.0,12,43.6,,52.13,48.9,,A04,0,,2022101492,(433.4),,,1.5,先行,先行,37.44,416,-6,433.4,白井牧場,日高町,カリフォルニアクローム,ヒーラ,ディープインパクト,12,8,11,,(美),戸田博文
1勝,202607180201110710,"2026. 7.18",函館,タイセツナヒ,牡,3,佐々木大, 55 ,14,７,ダ,1700,,良,1470,1.7,7,8,8,8,38.9,8,45.5,,46.10,45.0,,A03,0,,2023102352,(31.4),,,1.2,中団,中団,37.15,470,+6,31.4,岡田スタツド,新ひだか町,ホッコータルマエ,アイアムキャツアイ,アイルハヴアナザー,14,6,10,,(美),杉浦宏昭
未勝利,202607180201110610,"2026. 7.18",函館,グローリーバローズ,セ,3,鮫島克駿, 57 ,12,５,芝,1800,B,良,1490,1.1,5,5,6,6,36.4,6,49.7,,49.63,47.8,,003,58,,2023105470,(41.9),,,1.2,中団,中団,36.30,428,-2,41.9,レイクヴィラファーム,洞爺湖町,サートゥルナーリア,サンドラバローズ,ディープインパクト,12,7,10,,(栗),辻野泰之
未勝利,202607180201110501,"2026. 7.18",函館,サンオブザサン,牡,3,斎藤新, 57 ,14,８,ダ,1700,,良,1478,1.5,14,14,10,11,38.4,6,48.6,,50.00,50.1,,003,0,,2023101979,(13.4),,,0.6,後方,後方,37.85,510,0,13.4,岡部雅樹,浦河町,タニノフランケル,ソレイユフルール,マツリダゴッホ,14,1,1,,(栗),高橋一哉
未勝利,202607180201110404,"2026. 7.18",函館,シバノパージャン,牡,3,遠藤汰月,54▲,16,８,芝,1200,B,良,1103,1.7,,,8,9,35.6,11,47.5,,48.53,48.8,,003,0,,2023107409,(551.3),,,0.6,中団,中団,34.70,440,-4,551.3,アイオイファーム,浦河町,シスキン,ルナリア,ネオユニヴァース,16,2,4,,(栗),牧田和弥
未勝利,202607180201110304,"2026. 7.18",函館,ウインガネーシャ,牡,3,丹内祐次, 57 ,12,２,ダ,2400,,良,2353,0.3,5,5,5,5,40.6,2,44.2,*,44.43,43.3,,A03,230,,2023105870,(4.4),140,880,0.5,中団,差し,38.23,468,+6,4.4,コスモヴューファーム,新冠町,ゴールドドリーム,ウインメディウム,ヘニーヒューズ,12,4,4,*,(美),高木登
未勝利,202607180201110311,"2026. 7.18",函館,ポップアップ,セ,3,佐々木大, 57 ,12,３,ダ,2400,,良,2357,0.7,5,6,5,5,41.0,4,43.3,*,44.43,43.3,,A03,150,,2023105444,(3.1),130,,0.5,中団,差し,38.23,474,-6,3.1,白井牧場,日高町,ロジャーバローズ,ネガイ,ルーラーシップ,12,8,11,,(栗),寺島良
未勝利,202607180201110302,"2026. 7.18",函館,ザンテソーロ,牡,3,横山武史, 57 ,12,４,ダ,2400,,良,2358,0.8,1,1,1,1,41.6,6,41.5,*,44.43,43.3,,A03,87,,2023106733,(6.1),,,0.0,逃げ,逃げ,38.07,466,+10,6.1,リョーケンファーム,日高町,オルフェーヴル,アオイテソーロ,ルーラーシップ,12,2,2,,(美),畠山吉宏
未勝利,202607180201110303,"2026. 7.18",函館,マーゴットデウス,セ,3,小沢大仁, 57 ,12,６,ダ,2400,,良,2362,1.2,3,3,2,2,41.7,7,41.5,,44.43,43.3,,A03,0,,2023103289,(16.4),,,0.3,先行,先行,38.17,494,+4,16.4,矢野牧場,新ひだか町,ドレフォン,スターリーウインド,ゼンノロブロイ,12,3,3,,(栗),今野貞一
未勝利,202607180201110309,"2026. 7.18",函館,フェンリル,牡,3,岩田康誠, 57 ,12,７,ダ,2400,,良,2365,1.5,2,2,2,2,42.0,8,40.9,,44.43,43.3,,A03,0,,2023106726,(54.8),,,0.3,先行,先行,38.17,500,0,54.8,日高大洋牧場,日高町,ドレフォン,ユーブゴットイット,"Sea The Stars",12,7,9,*,(美),高木登
未勝利,202607180201110301,"2026. 7.18",函館,ジャストグレース,牡,3,古川吉洋, 57 ,12,８,ダ,2400,,良,2373,2.3,7,7,2,5,42.7,12,39.5,,44.43,43.3,,A03,0,,2023102517,(19.7),,,0.4,中団,中団,38.20,490,-2,19.7,カタオカフアーム,新ひだか町,ホッコータルマエ,インファクト,ダイワメジャー,12,1,1,,(栗),大根田裕
未勝利,202607180201110306,"2026. 7.18",函館,リベンジャー,牡,3,斎藤新, 57 ,12,12,ダ,2400,,良,2388,3.8,10,10,11,11,42.6,11,40.9,,44.43,43.3,,A03,0,,2023104286,(30.2),,,2.0,後方,後方,38.73,490,-4,30.2,中本牧場,新冠町,シニスターミニスター,ソングオブザハート,マジェスティックウォリアー,12,5,6,,(栗),柴田卓
未勝利,202607180201110106,"2026. 7.18",函館,イッペイ,牡,2,浜中俊, 55 ,8,２,芝,1800,B,良,1499,0.1,3,3,2,2,35.3,2,55.7,*,54.80,54.2,,A03,240,,2024104442,(3.2),100,130,0.4,先行,先行,37.30,482,0,3.2,サンデーヒルズ,新ひだか町,エフフォーリア,ゴールデンドックエー,"Unusual Heat",8,6,6,,(栗),松永幹夫
1勝,202607121002061210,"2026. 7.12",小倉,ギザキズラヴ,牝,4,田口貫太, 56 ,17,12,芝,1200,A,良,1086,1.4,,,14,11,35.0,7,46.0,,45.70,43.1,,003,0,,2022106715,(180.7),,,1.2,中団,中団,33.60,452,-8,180.7,パカパカファーム,新冠町,キズナ,アップワードスパイラル,Teofilo,17,5,10,,(栗),加藤公太
2勝,202607121002061003,"2026. 7.12",小倉,プリズマジコ,牡,5,秋山稔樹, 55 ,11,５,芝,2000,A,良,2007,0.8,7,6,8,10,36.5,4,48.9,*,48.43,47.9,,A03,158,    0.0,2021106077,(4.8),,,0.8,後方,後方,36.09,446,-8,4.8,大狩部牧場,新冠町,キズナ,グラントリノ,グランデラ,11,3,3,,(栗),高橋義忠
未勝利,202607121002060210,"2026. 7.12",小倉,ナブッコ,牡,3,柴田裕一,55△,14,３,ダ,1000,,良,0594,0.1,,,10,9,36.0,1,47.5,*,46.00,42.4,,003,150,,2023104377,(27.9),530,,0.8,中団,差し,35.10,484,-8,27.9,ノースヒルズ,新冠町,モーリス,ヴェルディアーナ,"Perfect Soul",14,6,10,,(栗),橋田宜長
未勝利,202607121002060202,"2026. 7.12",小倉,ペコリズム,牝,3,幸英明, 55 ,14,６,ダ,1000,,良,1001,0.8,,,11,9,36.6,5,46.3,*,46.00,42.4,,003,0,,2023106339,(37.0),,,0.9,中団,中団,35.25,500,-18,37.0,白井牧場,日高町,タワーオブロンドン,アイリッシュペコ,"Sea The Stars",14,2,2,,(栗),森田直行
未勝利,202607121002060105,"2026. 7.12",小倉,ビケイムフリー,牝,3,田口貫太, 55 ,17,17,芝,1200,A,良,1097,1.6,,,17,16,35.1,3,48.6,*,44.60,43.5,牝,023,0,,2023104381,(199.5),,,1.7,後方,後方,34.60,408,+6,199.5,ノースヒルズ,新冠町,サートゥルナーリア,エレーデ,ディープインパクト,17,3,5,*,(栗),吉村圭司
2勝,202607120302061215,"2026. 7.12",福島,クリノオリーブ,牝,5,三浦皇成, 56 ,16,１,ダ,1150,,稍,1079,-0.5,,,3,1,35.7,4,48.4,*,48.83,47.2,,A03,1580,   36.4,2021102259,840,310,2400,0.2,先行,先行,35.13,460,-10,8.4,横井哲,日高町,ニューイヤーズデイ,クリノラホール,ダイワメジャー,16,8,15,,(栗),谷潔
3勝,202607120302061005,"2026. 7.12",福島,ゲキザル,牡,7,小林脩斗, 58 ,11,４,ダ,1700,,稍,1441,1.0,7,6,6,5,37.0,3,48.9,*,48.90,48.7,,A04,280,    0.0,2019102102,(56.4),,,0.7,中団,差し,36.60,474,+4,56.4,広富牧場,日高町,ザファクター,トゥモローズライト,アフリート,11,5,5,,(美),青木孝文
1勝,202607120302060808,"2026. 7.12",福島,ミスターマーボー,牡,3,菊沢一樹, 55 ,12,４,芝,1200,B,稍,1097,0.4,,,6,6,34.3,4,53.2,*,51.77,50.9,,003,120,,2023100831,(4.9),,,0.6,中団,差し,35.40,442,-6,4.9,グッドラック・ファーム,日高町,シュヴァルグラン,ハタノサンドリヨン,ヨハネスブルグ,12,6,8,,(美),青木孝文
未勝利,202607120302060710,"2026. 7.12",福島,ノーブルクロンヌ,牝,3,西村淳也, 55 ,16,３,芝,1200,B,稍,1103,0.1,,,7,6,35.8,6,46.4,*,46.30,43.4,,003,150,,2023103657,(5.4),230,,0.6,中団,差し,34.50,442,-2,5.4,上水牧場,むかわ町,フィエールマン,ステファニーラン,スウェプトオーヴァーボード,16,5,10,,(美),高柳瑞樹
未勝利,202607120302060707,"2026. 7.12",福島,リナシタ,牝,3,石神深道,52▲,16,７,芝,1200,B,稍,1106,0.4,,,4,5,36.4,10,44.0,*,46.30,43.4,,003,0,,2023100290,(35.8),,,0.3,中団,中団,34.20,436,0,35.8,広田牧場,新ひだか町,ダノンスマッシュ,エポキシ,ディープインパクト,16,4,7,,(美),清水英克
未勝利,202607120302060605,"2026. 7.12",福島,ニンジャトットリ,牡,3,木幡育也, 57 ,16,４,ダ,1150,,稍,1096,0.3,,,5,5,37.6,7,42.8,*,43.73,40.9,,A03,87,,2023106658,(15.0),,,0.5,中団,差し,34.91,450,-8,15.0,へいはた牧場,新ひだか町,ミッキーアイル,ディアデム,シンボリクリスエス,16,3,5,,(美),松永康利
未勝利,202607120302060611,"2026. 7.12",福島,ツクバヴァンガード,牡,3,佐藤翔馬,54▲,16,６,ダ,1150,,稍,1097,0.4,,,2,2,38.0,10,41.0,*,43.73,40.9,,A03,0,,2023101037,(2.4),,,0.2,先行,先行,34.58,482,-2,2.4,シンボリ牧場,日高町,リーチザクラウン,キャプテンガール,キャプテンスティーヴ,16,6,11,,(美),奥平雅士
未勝利,202607120302060614,"2026. 7.12",福島,ユニオンジャック,牡,3,木幡初也, 57 ,16,12,ダ,1150,,稍,1109,1.6,,,15,15,37.2,3,48.8,*,43.73,40.9,,A03,0,,2023109078,(43.8),,,2.2,後方,後方,36.76,512,,43.8,下河辺トレーニングセンター,日高町,サトノアラジン,キープレイヤー,メイショウボーラー,16,7,14,,(美),竹内正洋
新馬,202607120302060503,"2026. 7.12",福島,タクミオジュウ,牡,2,池添謙一, 55 ,16,14,芝,1800,B,稍,1546,4.7,15,14,15,16,38.3,14,49.6,,55.87,57.0,,003,0,,2024100130,(24.7),,,1.4,後方,後方,38.15,440,,24.7,ヴェルサイユファーム,日高町,オジュウチョウサン,シアワセデス,ファルブラヴ,16,2,3,,(美),小島茂之
未勝利,202607120302060202,"2026. 7.12",福島,ヒロイックヴァース,牡,3,石田拓郎,54▲,15,１,ダ,1700,,稍,1461,-0.1,3,3,3,2,38.7,1,45.0,*,44.30,43.5,,A03,580,,2023102418,540,180,610,0.4,先行,先行,36.76,476,-4,5.4,岡田スタツド,新ひだか町,ベンバトル,ポップシンガー,スマートファルコン,15,2,2,,(美),浅利英明
新馬,202607120201100504,"2026. 7.12",函館,デアグランツ,牡,2,浜中俊, 55 ,10,１,芝,1800,B,重,1504,-0.1,9,10,8,6,35.0,1,57.7,*,56.90,52.5,,003,780,,2024106399,720,210,1880,1.2,中団,差し,37.70,478,,7.2,ノーザンファーム,安平町,サトノダイヤモンド,スターズアンドクラウズ,Makfi,10,4,4,,(美),鹿戸雄一
新馬,202607120201100505,"2026. 7.12",函館,イッペイ,牡,2,武豊, 55 ,10,２,芝,1800,B,重,1505,0.1,6,6,7,7,35.2,2,57.0,*,56.90,52.5,,003,310,,2024104442,(3.2),180,1880,1.1,後方,追込,37.65,482,,3.2,サンデーヒルズ,新ひだか町,エフフォーリア,ゴールデンドックエー,"Unusual Heat",10,5,5,,(栗),松永幹夫
未勝利,202607120201100404,"2026. 7.12",函館,タケルフォーカス,牡,3,古川吉洋, 57 ,16,１,芝,2600,B,重,2442,-0.0,6,7,11,10,36.1,2,56.5,*,55.83,53.5,,A03,580,,2023106077,490,220,2730,0.8,中団,差し,38.43,436,0,4.9,チャンピオンズファーム,新ひだか町,サトノダイヤモンド,オスカーステージ,キングカメハメハ,16,2,4,,(栗),四位洋文
未勝利,202607120201100306,"2026. 7.12",函館,ゴーントゥファー,セ,3,長浜鴻緒,56☆,14,13,ダ,1700,,不,1474,3.1,9,10,14,14,38.7,10,46.8,,46.37,46.4,,003,0,,2023106531,(132.7),,,2.1,後方,後方,37.47,468,-8,132.7,ホース・マネジメント・ボス,新冠町,ドレフォン,グローリアスサルム,キズナ,14,4,6,,(美),小島茂之
未勝利,202607120201100211,"2026. 7.12",函館,サウンドファミリエ,牝,3,河原田菜,51★,13,２,芝,2000,B,重,2030,0.6,7,6,4,2,38.3,3,44.8,*,46.20,44.8,牝,023,230,,2023104254,(24.4),420,3950,0.4,先行,先行,36.30,414,+6,24.4,飛渡牧場,新冠町,シルバーステート,サウンドマジック,トビーズコーナー,13,7,11,,(美),和田正一
未勝利,202607120201100209,"2026. 7.12",函館,エアヴァイブス,牝,3,武豊, 55 ,13,５,芝,2000,B,重,2033,0.9,5,4,2,1,38.8,6,43.3,*,46.20,44.8,牝,023,58,,2023106910,(2.9),,,0.2,先行,先行,36.21,428,-4,2.9,ノーザンファーム,安平町,コントレイル,エアジーン,ハービンジャー,13,6,9,,(栗),福永祐一
未勝利,202607120201100112,"2026. 7.12",函館,サンライズロイ,牡,3,舟山瑠泉,56☆,12,３,ダ,1000,,不,0587,0.2,,,4,4,35.6,6,47.3,*,47.47,45.1,,A03,150,,2023106556,(9.3),170,,0.4,先行,先行,34.65,464,-4,9.3,ヤナガワ牧場,日高町,フォーウィールドライブ,サンデーローズ,ブライアンズタイム,12,8,12,,(栗),牧浦充徳
1勝,202607111002051207,"2026. 7.11",小倉,レインオンミー,牡,4,田山旺佑,56△,16,５,芝,1200,A,良,1086,0.5,,,9,8,34.9,4,46.6,*,46.27,42.4,,003,82,,2022104117,(34.3),,,1.0,中団,中団,33.70,478,0,34.3,千代田牧場,新ひだか町,リアルスティール,アルマリンピア,タイキシャトル,16,4,7,,(栗),福永祐一
3勝,202607111002051101,"2026. 7.11",小倉,スノーサイレンス,牝,4,吉村誠之, 56 ,11,２,ダ,1000,,良,0585,0.2,,,10,7,35.6,1,46.5,*,44.73,42.2,,A04,750,    7.0,2022101675,(16.6),370,2850,0.7,中団,差し,34.35,466,+2,16.6,ダーレー・ジャパン・ファーム,日高町,サンダースノー,ハッシュ,コマンズ,11,1,1,,(栗),小栗実
3勝,202607111002051107,"2026. 7.11",小倉,ヴェロクオーレ,牝,5,酒井学, 56 ,11,３,ダ,1000,,良,0586,0.3,,,9,8,35.9,3,44.8,*,44.73,42.2,,A04,470,    3.5,2021101397,(8.8),250,,0.5,中団,差し,34.05,482,+4,8.8,下河辺牧場,日高町,ドゥラメンテ,サトノジョリー,Bernardini,11,6,7,,(栗),石坂公一
2勝,202607111002051018,"2026. 7.11",小倉,ハルオーブ,牡,6,酒井学, 58 ,18,11,芝,1200,A,良,1083,0.7,,,14,13,35.0,7,45.1,*,44.90,41.0,,A04,0,    0.0,2020104732,(62.6),,,1.1,後方,後方,33.30,472,+2,62.6,藤沢牧場,新ひだか町,ディーマジェスティ,ハルダヨリ,ファルブラヴ,18,8,18,,(美),武井亮
2勝,202607111002051013,"2026. 7.11",小倉,ブルボンクイーン,牝,5,角田大和, 56 ,18,13,芝,1200,A,良,1086,1.0,,,6,6,35.8,13,41.6,*,44.90,41.0,,A04,0,    0.0,2021100297,(42.1),,,0.6,中団,中団,32.80,486,-4,42.1,土居牧場,新ひだか町,キズナ,セレブラール,ボストンハーバー,18,7,13,,(栗),角田晃一
2勝,202607111002051010,"2026. 7.11",小倉,ファイツオン,牡,5,高杉吏麒, 58 ,18,17,芝,1200,A,良,1089,1.3,,,2,2,36.7,17,37.7,,44.90,41.0,,A04,0,    0.0,2021100476,(43.5),,,0.0,先行,先行,32.20,506,-12,43.5,村上牧場,新ひだか町,アルアイン,ソラコマチ,サクラバクシンオー,18,5,10,,(栗),藤岡健一
1勝,202607111002050908,"2026. 7.11",小倉,ミッドタウンナイト,牝,4,秋山稔樹, 56 ,11,５,芝,2600,A,良,2411,1.4,1,1,3,4,37.0,6,50.6,,54.90,53.8,,A04,114,    0.0,2022105529,(49.1),,,0.2,逃げ,逃げ,37.23,486,-10,49.1,社台ファーム,千歳市,ブラックタイド,ミッドナイトフラッシュ,"Anabaa Blue",11,7,8,,(栗),河嶋宏樹
1勝,202607111002050701,"2026. 7.11",小倉,ハレアカラフラ,牝,6,松若風馬, 56 ,12,３,芝,1800,A,良,1471,0.6,7,7,7,6,36.1,3,48.3,*,48.87,47.5,,003,210,,2020103292,(58.2),770,,0.6,中団,差し,35.50,464,-4,58.2,ノーザンファーム,安平町,ラブリーデイ,オーキッドレイ,ディープインパクト,12,1,1,,(栗),吉田直弘
未勝利,202607111002050605,"2026. 7.11",小倉,リントゥラウル,牡,3,酒井学, 57 ,18,11,芝,1200,A,良,1094,1.1,,,9,11,35.6,12,44.9,,48.83,45.1,,A03,0,,2023101735,(14.6),,,0.5,中団,中団,33.80,460,-8,14.6,高昭牧場,浦河町,キズナ,ノースパストラル,キングヘイロー,18,3,5,,(栗),秋山真一
未勝利,202607111002050414,"2026. 7.11",小倉,アンリミテッド,牡,3,西村淳也, 57 ,16,８,ダ,1700,,良,1487,1.8,7,7,5,5,40.6,11,41.5,,43.83,43.8,,A03,0,,2023104417,(7.7),,,0.5,中団,中団,37.15,492,-8,7.7,ノースヒルズ,新冠町,キズナ,ラルムドランジュ,Dansili,16,7,14,,(栗),高野友和
未勝利,202607111002050411,"2026. 7.11",小倉,ウォーターコトノハ,牝,3,菱田裕二, 55 ,16,13,ダ,1700,,良,1509,4.0,12,12,13,14,41.6,13,40.9,,43.83,43.8,,A03,0,,2023101666,(310.1),,,1.7,後方,後方,37.80,412,0,310.1,王蔵牧場,浦河町,ゴールドアクター,ウォーターハミング,ハーツクライ,16,6,11,,(栗),岡田稲男
未勝利,202607111002050315,"2026. 7.11",小倉,ソニックブーム,牝,3,松若風馬, 55 ,18,10,芝,2000,A,良,2021,1.1,15,14,9,10,35.6,8,54.1,,54.77,54.0,牝,023,0,,2023102008,(12.3),,,0.8,中団,中団,37.07,460,+12,12.3,鎌田正嗣,浦河町,リアルスティール,ルソンデュレーヴ,キングカメハメハ,18,7,15,,(栗),柴田卓
未勝利,202607111002050109,"2026. 7.11",小倉,マルモリマイベスト,牡,2,泉谷楓真, 55 ,12,８,芝,1200,A,良,1095,0.9,,,9,9,35.8,5,44.1,*,41.57,41.1,,A03,0,,2024108132,(50.9),,,1.0,後方,後方,33.70,422,+4,50.9,リバティホースファーム,新ひだか町,ゴールドアクター,エイシンオリヒメ,ロードカナロア,12,7,9,,(栗),緒方努
未勝利,202607111002050105,"2026. 7.11",小倉,クリコキアナ,牝,2,国分恭介, 55 ,12,９,芝,1200,A,良,1097,1.1,,,4,5,36.6,9,40.4,,41.57,41.1,,A03,0,,2024100009,(23.1),,,0.4,中団,中団,33.10,448,-6,23.1,アイズスタッド,日高町,サリオス,リノキアナ,エピファネイア,12,5,5,,(栗),谷潔
2勝,202607110302050901,"2026. 7.11",福島,キングズトゥルー,牡,4,丸田恭介, 58 ,15,６,芝,2600,B,良,2379,0.5,3,3,5,4,36.1,7,51.2,*,52.43,51.5,,A04,0,    0.0,2022103510,(5.8),,,0.3,先行,先行,36.54,462,+2,5.8,岡田スタツド,新ひだか町,ウインブライト,クイーンズトゥルー,キングカメハメハ,15,1,1,,(美),大竹正博
ｵｰﾌﾟﾝ,202607110302050106,"2026. 7.11",福島,シャンデルナゴル,牡,6,中村将之, 60 ,11,１,芝,3380,B,良,3442,-0.7,1,1,1,1,13.3,,,,,,,A00,1430,,2020103193,740,190,760,,逃げ,逃げ,,504,-12,7.4,ノーザンファーム,安平町,サトノダイヤモンド,アガルタ,キングカメハメハ,11,6,6,,(栗),石坂公一
3勝,202607110201091104,"2026. 7.11",函館,ノーブルスカイ,牡,5,吉田隼人, 58 ,13,11,芝,1800,B,稍,1492,0.9,11,10,12,10,34.9,6,56.4,*,55.00,54.3,,A04,0,    0.0,2021102256,(77.8),,,1.1,後方,後方,37.15,492,+8,77.8,エトルタファーム,日高町,ネオユニヴァース,ホウショウワールド,"Sky Classic",13,4,4,,(栗),高柳大輔
2勝,202607110201091007,"2026. 7.11",函館,アスクケンタッキー,牡,3,武豊, 55 ,14,１,芝,1200,B,稍,1088,-0.1,,,1,1,34.9,6,47.1,*,48.37,47.1,,A04,1580,   30.8,2023110100,320,190,580,0.0,逃げ,逃げ,33.90,468,-4,3.2,"Bedouin Bloodstock LLC",米,"Good Magic",Entirely,"Point of Entry",14,5,7,,(栗),藤原英昭
2勝,202607110201091014,"2026. 7.11",函館,ムチャスグラシアス,牝,5,佐々木大, 56 ,14,６,芝,1200,B,稍,1093,0.5,,,3,3,35.0,8,48.0,*,48.37,47.1,,A04,0,    0.0,2021104217,(138.1),,,0.4,先行,先行,34.30,442,-4,138.1,友田牧場,新ひだか町,カリフォルニアクローム,ロスグラシアレス,シンボリクリスエス,14,8,14,,(美),菊川正達
2勝,202607110201091010,"2026. 7.11",函館,エルサトアナ,牝,4,遠藤汰月, 56 ,14,12,芝,1200,B,稍,1104,1.6,,,3,3,36.1,14,45.0,,48.37,47.1,,A04,0,    0.0,2022100933,(50.9),,,0.4,先行,先行,34.30,438,+12,50.9,三石川上牧場,新ひだか町,カリフォルニアクローム,クイーンハーツ,キングカメハメハ,14,6,10,,(栗),本田優
1勝,202607110201090909,"2026. 7.11",函館,エトワールブーケ,牝,3,横山和生, 53 ,10,３,芝,2000,B,稍,2011,1.1,4,5,7,5,35.3,4,54.2,*,55.00,55.4,,A04,290,    3.6,2023105993,(13.7),410,,0.5,中団,差し,36.77,438,-2,13.7,明治牧場,新ひだか町,キセキ,ゴットサーガ,ダンスインザダーク,10,8,9,,(栗),昆貢
1勝,202607110201090713,"2026. 7.11",函館,ルージュスティーズ,牝,4,吉田隼人, 56 ,14,６,芝,1800,B,稍,1489,0.7,14,14,14,14,34.3,1,58.7,*,56.93,55.5,牝,023,0,,2022103063,(66.3),,,1.2,後方,後方,37.30,496,+12,66.3,富田牧場,浦河町,ハービンジャー,レッドコルディス,ハーツクライ,14,8,13,,(美),松尾卓哉
未勝利,202607110201090607,"2026. 7.11",函館,モロノカガヤキ,牡,3,丹内祐次, 57 ,11,６,ダ,1700,,重,1460,1.7,8,8,7,5,39.3,7,42.6,,44.80,44.8,,003,0,,2023106060,(4.0),,,0.5,中団,中団,36.38,480,+4,4.0,チェスナットファーム,浦河町,ゴールドドリーム,グレイスキッパー,カレンブラックヒル,10,6,7,,(美),林徹
未勝利,202607110201090204,"2026. 7.11",函館,フレンチブラッサム,牝,3,横山和生, 55 ,14,３,ダ,1700,,重,1436,0.7,10,9,8,7,37.5,3,46.1,*,44.13,40.9,牝,023,150,,2023105062,(9.7),310,,1.8,中団,差し,36.05,456,+10,9.7,宮内牧場,浦河町,ホッコータルマエ,ピッパレジーナ,ゴールドアリュール,14,3,4,,(美),柄崎将寿
未勝利,202607110201090205,"2026. 7.11",函館,コイバナ,牝,3,岩田康誠, 55 ,14,８,ダ,1700,,重,1444,1.5,14,14,12,11,37.0,1,49.4,*,44.13,40.9,牝,023,0,,2023102700,(49.2),,,3.1,後方,後方,36.76,454,-2,49.2,サンデーヒルズ,新ひだか町,モズアスコット,タイムピース,ルーラーシップ,14,4,5,,(栗),渡辺薫彦
未勝利,202607110201090201,"2026. 7.11",函館,シルフ,牝,3,和田陽希,52▲,14,11,ダ,1700,,重,1447,1.8,8,7,9,9,38.5,10,43.8,,44.13,40.9,牝,023,0,,2023107214,(39.4),,,1.9,中団,中団,36.11,450,0,39.4,ノーザンファーム,安平町,ルヴァンスレーヴ,プロミストリープ,ヘニーヒューズ,14,1,1,,(栗),藤野健太
1勝,202607051002041201,"2026. 7. 5",小倉,ケンフィールド,牡,3,幸英明, 55 ,16,５,ダ,1700,,不,1439,1.5,5,5,3,4,38.5,9,42.7,*,45.90,45.2,,003,82,,2023101694,(10.3),,,0.3,先行,先行,35.67,488,+12,10.3,ケンブリッジバレー,浦河町,タリスマニック,ケンブリッジハーツ,キングヘイロー,16,1,1,,(栗),大根田裕
1勝,202607051002040908,"2026. 7. 5",小倉,ハレアカラフラ,牝,6,松若風馬, 56 ,8,４,芝,1800,A,重,1498,1.1,3,3,5,4,37.3,4,47.2,,48.70,48.9,,A03,170,    0.0,2020103292,(30.2),,,0.3,先行,先行,36.25,468,+16,30.2,ノーザンファーム,安平町,ラブリーデイ,オーキッドレイ,ディープインパクト,8,8,8,,(栗),吉田直弘
1勝,202607051002040810,"2026. 7. 5",小倉,ヨカオウ,牡,3,田山旺佑,53△,10,４,芝,2000,A,重,2024,1.4,2,2,2,2,37.1,5,48.5,,50.73,49.2,,003,120,,2023102707,(3.8),,,0.8,先行,先行,36.56,466,-2,3.8,サンデーヒルズ,新ひだか町,キズナ,ヨカヨカ,スクワートルスクワート,10,8,10,,(栗),谷潔
未勝利,202607051002040707,"2026. 7. 5",小倉,トウカイジーク,牡,3,今村聖奈,55◇,16,３,芝,1200,A,重,1102,0.5,,,7,7,35.9,3,45.5,*,44.63,40.4,,003,150,,2023100555,(6.2),230,,1.2,中団,差し,34.30,434,-8,6.2,びらとり牧場,平取町,マクフィ,トウカイセンス,ハーツクライ,16,4,7,,(栗),野中賢二
未勝利,202607051002040716,"2026. 7. 5",小倉,ベルフィーノ,牝,3,永島まな,53◇,16,７,芝,1200,A,重,1105,0.8,,,4,4,36.6,9,42.6,*,44.63,40.4,,003,0,,2023101013,(39.0),,,0.8,先行,先行,33.90,444,0,39.0,白瀬盛雄,日高町,カレンブラックヒル,ハナズルナピエナ,アドマイヤムーン,16,8,16,,(栗),宮本博
未勝利,202607051002040714,"2026. 7. 5",小倉,パトローナス,セ,3,川田将雅, 57 ,16,16,芝,1200,A,重,1135,3.8,,,5,5,39.4,16,36.5,,44.63,40.4,,003,0,,2023106931,(2.2),,,1.0,中団,中団,34.10,470,+2,2.2,ノーザンファーム,安平町,フィエールマン,エルビッシュ,キングカメハメハ,16,7,14,,(栗),高橋亮
新馬,202607051002040507,"2026. 7. 5",小倉,オーラムミーティア,牡,2,Ｍ．デム, 55 ,12,６,芝,1800,A,重,1530,1.0,11,10,10,10,36.5,4,54.8,*,54.37,53.8,,A03,0,,2024107030,(41.5),,,0.9,後方,後方,38.25,404,,41.5,社台コーポレーション白老ファーム,白老町,レイデオロ,デルニエオール,ステイゴールド,12,6,7,,(栗),吉村圭司
新馬,202607051002040506,"2026. 7. 5",小倉,タイセイルミナス,牝,2,吉村誠之, 55 ,12,12,芝,1800,A,重,1550,3.0,4,5,5,7,38.9,12,47.8,,54.37,53.8,,A03,0,,2024104363,(7.5),,,0.5,中団,中団,38.05,480,,7.5,グランド牧場,新ひだか町,ロードカナロア,ムーンザムーン,ローエングリン,12,5,6,,(栗),小栗実
未勝利,202607051002040405,"2026. 7. 5",小倉,メイワキラリ,牡,3,鮫島良太, 57 ,14,２,ダ,1000,,不,0581,0.2,,,3,2,35.5,3,45.5,*,46.17,44.6,,A03,230,,2023103746,(13.1),300,4710,0.2,先行,先行,33.90,468,+2,13.1,笹川大晃牧場,森町,ミスターメロディ,リュウメイ,コロナドズクエスト,14,4,5,,(栗),河嶋宏樹
未勝利,202607051002040410,"2026. 7. 5",小倉,タマモビスケット,牝,3,柴田裕一,53△,14,10,ダ,1000,,不,0597,1.8,,,5,6,36.8,10,43.3,,46.17,44.6,,A03,0,,2023102448,(25.7),,,0.5,中団,中団,34.35,476,+6,25.7,岡田猛,新ひだか町,マインドユアビスケッツ,タマモサーティーン,ジョーカプチーノ,14,6,10,,(栗),中竹和也
未勝利,202607051002040318,"2026. 7. 5",小倉,ノヴァレジーナ,牝,3,永島まな,53◇,18,９,芝,2000,A,重,2032,1.3,12,12,9,8,37.8,7,46.8,,49.53,47.2,牝,023,0,,2023105587,(72.9),,,0.8,中団,中団,36.60,452,0,72.9,岡野牧場,新ひだか町,アメリカンペイトリオット,ヴァーチュスター,"Symboli Kris S",18,8,18,,(栗),中尾秀正
1勝,202607050302040802,"2026. 7. 5",福島,カリーン,牝,4,丸山元気, 56 ,12,８,芝,1800,A,良,1500,0.9,5,6,7,8,34.9,8,57.6,*,59.33,55.4,,A03,0,,2022105532,(7.7),,,1.1,中団,中団,37.55,472,+14,7.7,社台ファーム,千歳市,デクラレーションオブウォー,ムニラー,"Kitten's Joy",12,2,2,,(美),蛯名正義
未勝利,202607050302040407,"2026. 7. 5",福島,フェイスリフト,牡,3,原優介, 57 ,16,６,ダ,1150,,良,1089,1.2,,,6,6,37.2,4,43.0,*,41.83,41.6,,003,0,,2023106605,(3.6),,,0.8,中団,中団,34.58,452,-4,3.6,ミルファーム,浦河町,フォーウィールドライブ,ポンポン,ブラックタイド,16,4,7,,(美),嘉藤貴行
未勝利,202607050302040402,"2026. 7. 5",福島,ジーティーソレイユ,牝,3,石神深道,52▲,16,８,ダ,1150,,良,1091,1.4,,,4,4,37.7,8,40.9,,41.83,41.6,,003,0,,2023103728,(51.2),,,0.5,先行,先行,34.25,432,0,51.2,追分ファーム,安平町,キタサンブラック,リメンバーユー,"Invincible Spirit",16,1,2,,(美),千葉直人
未勝利,202607050302040216,"2026. 7. 5",福島,メインテーマ,牝,3,菊沢一樹, 55 ,16,消,芝,1200,A,良,----,----,,,,,,0,,,46.37,43.8,,A03,0,,2023103571,,,,,,,,,,,社台ファーム,千歳市,サートゥルナーリア,メインターゲット,ダイワメジャー,15,8,16,,(美),小手川準
未勝利,202607050302040104,"2026. 7. 5",福島,オーシャンミューズ,牝,3,石神深道,52▲,15,８,ダ,1700,,良,1493,2.0,10,10,8,7,40.0,7,44.5,,43.00,42.1,牝,023,0,,2023103510,(173.6),,,1.9,中団,中団,37.80,444,0,173.6,社台ファーム,千歳市,ニューイヤーズデイ,ビーチパラソル,ダイワメジャー,15,3,4,,(美),堀内岳志
2勝,202607050201081004,"2026. 7. 5",函館,ゴールデンパゴーダ,牝,3,佐々木大, 52 ,11,11,芝,2600,A,良,2422,2.1,3,3,5,5,36.9,11,51.9,,56.83,56.8,,A03,0,    0.0,2023101116,(12.3),,,0.3,中団,中団,37.59,402,+2,12.3,ダーレー・ジャパン・ファーム,日高町,バゴ,カリビアンゴールド,ステイゴールド,11,4,4,,(美),上原佑紀
2勝,202607050201080902,"2026. 7. 5",函館,ハリウッドメモリー,牝,4,横山和生, 56 ,16,４,芝,1200,A,良,1087,0.2,,,10,10,34.2,4,50.9,*,49.53,47.4,牝,023,240,    0.0,2022100632,(5.1),,,0.7,中団,差し,34.50,466,-2,5.1,ケイアイファーム,新ひだか町,ロードカナロア,スピニングワイルドキャット,"Hard Spun",16,1,2,,(栗),長谷川浩
2勝,202607050201080911,"2026. 7. 5",函館,ベビーズブレス,牝,4,武豊, 56 ,16,６,芝,1200,A,良,1088,0.3,,,4,3,34.7,11,48.3,*,49.53,47.4,牝,023,0,    0.0,2022106351,(11.9),,,0.3,先行,先行,34.10,442,+8,11.9,隆栄牧場,新冠町,アドマイヤマーズ,レディーガリレオ,Galileo,16,6,11,,(栗),千田輝彦
2勝,202607050201080914,"2026. 7. 5",函館,セイプリーズ,牝,4,古川吉洋, 56 ,16,８,芝,1200,A,良,1089,0.4,,,14,14,34.1,2,52.1,*,49.53,47.4,牝,023,0,    0.0,2022105583,(50.4),,,1.0,後方,後方,34.80,420,-8,50.4,社台ファーム,千歳市,ダイワメジャー,レディトゥプリーズ,"More Than Ready",16,7,14,,(栗),宮徹
2勝,202607050201080909,"2026. 7. 5",函館,ミニョンマルーン,牝,4,長浜鴻緒, 56 ,16,12,芝,1200,A,良,1091,0.6,,,8,7,34.7,11,49.1,*,49.53,47.4,牝,023,0,    0.0,2022103151,(29.0),,,0.6,中団,中団,34.40,488,-4,29.0,ビクトリーホースランチ,浦河町,ミスターメロディ,タイキマロン,ファスリエフ,16,5,9,,(美),伊藤圭三
1勝,202607050201080801,"2026. 7. 5",函館,ファンタイムギフト,セ,4,丹内祐次, 58 ,8,３,ダ,1700,,良,1460,0.8,3,3,5,5,37.7,3,48.8,*,48.70,48.5,,A03,210,,2022102378,(8.5),170,,0.6,中団,差し,37.25,490,-4,8.5,二風谷ファーム,平取町,ドレフォン,トウカイシェーン,ダイワメジャー,8,1,1,,(美),相沢郁
未勝利,202607050201080309,"2026. 7. 5",函館,ジャストグレース,牡,3,古川吉洋, 57 ,14,５,ダ,1700,,良,1481,1.2,14,14,14,13,38.5,1,48.6,*,44.47,42.7,,A03,58,,2023102517,(17.1),,,2.3,後方,後方,37.96,492,-2,17.1,カタオカフアーム,新ひだか町,ホッコータルマエ,インファクト,ダイワメジャー,14,6,9,,(栗),大根田裕
未勝利,202607050201080208,"2026. 7. 5",函館,デルマハルナ,牝,3,大久保友,52▲,12,９,ダ,1000,,良,1010,1.4,,,6,6,37.5,9,44.0,,44.73,44.9,,003,0,,2023101370,(146.6),,,0.4,中団,中団,35.25,466,+6,146.6,ファニーヒルファーム,日高町,ディーマジェスティ,フェリシアルチア,サウスヴィグラス,12,6,8,,(美),天間昭一
3勝,202607041002031108,"2026. 7. 4",小倉,ドットクルー,牡,6,Ｍ．デム, 58 ,14,５,芝,1800,A,稍,1474,0.8,13,13,12,12,35.3,1,52.1,*,49.50,48.5,,A04,187,    0.0,2020101486,(93.2),,,1.4,後方,後方,36.05,470,-8,93.2,佐々木牧場,日高町,ディーマジェスティ,スターオブロゼッタ,ロードカナロア,14,5,8,,(栗),笹田和秀
3勝,202607041002031105,"2026. 7. 4",小倉,アラタマフェーヴル,牡,5,松若風馬, 58 ,14,７,芝,1800,A,稍,1476,1.0,6,4,3,2,36.7,10,46.6,*,49.50,48.5,,A04,0,    0.0,2021102115,(14.6),,,0.2,先行,先行,35.45,492,-2,14.6,槇本牧場,日高町,オルフェーヴル,アラタマクリスエス,シンボリクリスエス,14,4,5,,(栗),浜田多実
1勝,202607041002030908,"2026. 7. 4",小倉,ギザキズラヴ,牝,4,田口貫太, 56 ,12,７,芝,1200,A,稍,1098,0.6,,,5,6,36.0,7,43.9,*,45.47,42.8,,A04,0,    0.0,2022106715,(58.4),,,0.5,中団,中団,33.80,460,+2,58.4,パカパカファーム,新冠町,キズナ,アップワードスパイラル,Teofilo,12,6,8,,(栗),加藤公太
未勝利,202607041002030710,"2026. 7. 4",小倉,ベンティガオルサ,牡,3,団野大成, 57 ,16,１,芝,1800,A,重,1480,-0.1,5,4,4,3,36.1,4,49.6,*,50.87,47.9,,003,580,,2023101582,450,210,1660,0.4,先行,先行,35.95,508,-10,4.5,ヤナガワ牧場,日高町,シルバーステート,テーオーメーテル,ゴールドアリュール,16,5,10,,(栗),清水久詞
未勝利,202607041002030606,"2026. 7. 4",小倉,マーチンゲール,牡,3,団野大成, 57 ,16,５,ダ,1700,,不,1443,2.8,5,5,5,6,38.6,9,42.8,*,45.20,46.7,,A03,58,,2023102580,(5.1),,,0.8,中団,中団,35.84,484,+16,5.1,グランド牧場,新ひだか町,シニスターミニスター,ジェセニア,サウスヴィグラス,16,3,6,,(栗),斉藤崇史
新馬,202607041002030511,"2026. 7. 4",小倉,マルモリマイベスト,牡,2,泉谷楓真, 55 ,13,５,芝,1200,A,重,1106,0.8,,,6,4,36.1,6,45.6,*,46.83,45.5,,003,78,,2024108132,(137.1),,,0.4,先行,先行,34.50,418,,137.1,リバティホースファーム,新ひだか町,ゴールドアクター,エイシンオリヒメ,ロードカナロア,13,7,11,,(栗),緒方努
未勝利,202607041002030403,"2026. 7. 4",小倉,アキノビューティー,牝,3,鮫島良太, 55 ,16,７,ダ,1700,,不,1460,1.4,10,10,10,10,38.2,5,46.8,*,47.30,46.8,牝,023,0,,2023100233,(5.8),,,0.9,中団,中団,36.98,420,-8,5.8,土居牧場,新ひだか町,ゴールドドリーム,ジョーゲルダ,オペラハウス,16,2,3,,(栗),河嶋宏樹
未勝利,202607041002030407,"2026. 7. 4",小倉,ショルタメンテ,牝,3,田山旺佑,53△,16,９,ダ,1700,,不,1461,1.5,10,10,11,12,37.9,2,48.2,*,47.30,46.8,牝,023,0,,2023103819,(63.1),,,1.3,後方,後方,37.20,414,+8,63.1,社台コーポレーション白老ファーム,白老町,ニューイヤーズデイ,リトミカメンテ,オルフェーヴル,16,4,7,,(栗),田中克典
未勝利,202607041002030312,"2026. 7. 4",小倉,ブライトココナッツ,牝,3,菱田裕二, 55 ,16,８,芝,2600,A,重,2448,3.7,15,15,2,5,41.6,9,38.8,,49.23,47.2,,A03,0,,2023102724,(74.5),,,0.1,中団,中団,36.96,420,-4,74.5,静内フアーム,新ひだか町,オルフェーヴル,エアパスカル,ウォーエンブレム,16,6,12,,(栗),橋口慎介
未勝利,202607041002030206,"2026. 7. 4",小倉,アイルトン,牡,3,酒井学, 57 ,18,７,芝,1200,A,重,1101,0.8,,,6,6,36.3,12,43.1,*,45.87,40.9,,003,0,,2023102920,(3.0),,,0.8,中団,中団,33.80,508,+2,3.0,千代田牧場,新ひだか町,ダノンスマッシュ,ダノングラシアス,マンハッタンカフェ,18,3,6,,(栗),橋田宜長
未勝利,202607041002030202,"2026. 7. 4",小倉,ロングジーニアス,牝,3,長岡禎仁, 55 ,18,10,芝,1200,A,重,1101,0.8,,,8,9,36.0,8,44.7,*,45.87,40.9,,003,0,,2023103159,(31.2),,,1.1,中団,中団,34.10,394,-2,31.2,フジワラフアーム,新ひだか町,ベンバトル,ジニアスミノル,ディープインパクト,18,1,2,,(栗),高橋亮
未勝利,202607041002030201,"2026. 7. 4",小倉,リフルフォース,牝,3,団野大成, 55 ,18,15,芝,1200,A,重,1107,1.4,,,13,13,36.2,10,45.3,,45.87,40.9,,003,0,,2023105788,(15.0),,,1.5,後方,後方,34.50,464,-2,15.0,ケイアイファーム,新ひだか町,ロードカナロア,イトワズマジック,"War Front",18,1,1,,(栗),上村洋行
3勝,202607040302031108,"2026. 7. 4",福島,イリフィ,牝,4,坂井瑠星, 56 ,10,２,ダ,1150,,稍,1075,0.4,,,2,2,35.7,4,47.2,*,48.17,47.7,,A04,750,    6.0,2022110077,(6.3),160,380,0.1,先行,先行,34.69,430,0,6.3,"Stonethorn Stud Farm Ltd.",愛,"Too Darn Hot",Trethias,"Invincible Spirit",10,7,8,,(栗),高野友和
3勝,202607040302031102,"2026. 7. 4",福島,ゲキザル,牡,7,原優介, 58 ,10,８,ダ,1150,,稍,1086,1.5,,,10,10,36.0,5,48.8,,48.17,47.7,,A04,0,    0.0,2019102102,(27.8),,,0.9,後方,後方,35.56,470,-12,27.8,広富牧場,日高町,ザファクター,トゥモローズライト,アフリート,10,2,2,,(美),青木孝文
未勝利,202607040302030711,"2026. 7. 4",福島,アドマイヤフク,牝,3,小崎綾也, 55 ,16,９,芝,2000,A,良,2006,0.6,12,12,8,6,36.3,6,49.5,*,50.70,46.9,牝,023,0,,2023101048,(97.6),,,1.1,中団,中団,36.13,430,+2,97.6,スマイルファーム,日高町,アドマイヤマーズ,アドマイヤナイト,アドマイヤムーン,16,6,11,,(美),加藤征弘
未勝利,202607040302030416,"2026. 7. 4",福島,リーデレクオーレ,牝,3,柴田大知, 55 ,16,２,芝,1200,A,稍,1085,0.2,,,2,3,34.5,4,48.6,*,48.07,48.0,牝,023,230,,2023104425,(7.8),170,660,0.2,先行,先行,34.00,418,0,7.8,ハクツ牧場,新冠町,アルアイン,ゴルトメーネ,バゴ,16,8,16,,(美),秋本大介
未勝利,202607040302030412,"2026. 7. 4",福島,ラウンドヒル,牝,3,三浦皇成, 55 ,16,３,芝,1200,A,稍,1086,0.3,,,1,1,34.8,5,47.1,*,48.07,48.0,牝,023,150,,2023105751,(19.7),310,,0.0,逃げ,逃げ,33.80,456,0,19.7,静内フアーム,新ひだか町,ベストウォーリア,レイテストバード,サマーバード,16,6,12,*,(美),田島俊明
未勝利,202607040302030314,"2026. 7. 4",福島,ショウナンタヅナ,牡,3,津村明秀, 57 ,15,６,ダ,1700,,重,1481,0.9,8,9,7,7,37.8,6,51.4,*,51.90,51.0,,A03,0,,2023100531,(15.3),,,0.7,中団,中団,38.35,462,-6,15.3,二風谷ファーム,平取町,ドレフォン,ウインフロレゾン,フジキセキ,15,8,14,,(美),武市康男
未勝利,202607040302030301,"2026. 7. 4",福島,パワポケグッド,牡,3,杉原誠人, 57 ,15,８,ダ,1700,,重,1488,1.6,14,12,12,9,38.1,8,51.2,,51.90,51.0,,A03,0,,2023106198,(137.9),,,1.1,中団,中団,38.56,428,-4,137.9,HARUNOファーム,浦河町,インカンテーション,パワポケエリ,ローエングリン,15,1,1,,(美),大和田成
未勝利,202607040302030304,"2026. 7. 4",福島,ワイルドカイザー,牡,3,嶋田純次, 57 ,15,12,ダ,1700,,重,1493,2.1,11,15,14,14,38.0,7,52.3,,51.90,51.0,,A03,0,,2023102550,(179.6),,,1.7,後方,後方,38.89,426,+6,179.6,キヨタケ牧場,新ひだか町,レイデオロ,ワイルドタッチ,ハーツクライ,15,3,4,,(美),矢嶋大樹
未勝利,202607040302030101,"2026. 7. 4",福島,コスモハナミズキ,牝,2,木幡巧也, 55 ,8,１,芝,1800,A,稍,1481,-0.1,1,1,1,1,35.6,1,51.8,*,51.93,51.8,,A03,590,,2024103590,1780,130,590,0.0,逃げ,逃げ,36.25,420,0,17.8,ビッグレッドファーム,新冠町,ウインブライト,ココ,ロージズインメイ,8,1,1,,(美),菊川正達
1勝,202607040201071201,"2026. 7. 4",函館,ブレイジングスター,牡,4,和田陽希,55▲,7,４,ダ,1700,,良,1467,1.2,5,5,5,5,37.4,4,51.1,,52.17,52.7,,003,120,,2022103644,(23.0),,,0.4,後方,追込,37.80,480,-2,23.0,岡野牧場,新ひだか町,モーニン,ヴァーチュスター,"Symboli Kris S",7,1,1,,(栗),高橋康之
2勝,202607040201071001,"2026. 7. 4",函館,セボンサデッセ,牡,4,武豊, 58 ,14,２,ダ,1700,,良,1456,0.1,8,7,6,4,38.1,3,46.6,*,46.10,44.5,,A03,630,    8.4,2022104903,(7.5),220,840,0.6,先行,先行,36.82,504,+18,7.5,ノーザンファーム,安平町,ルヴァンスレーヴ,チャームクォーク,クロフネ,14,1,1,,(栗),橋口慎介
1勝,202607040201070802,"2026. 7. 4",函館,サイモンイロハニー,牝,4,小沢大仁, 56 ,7,３,芝,2600,A,良,2402,2.6,6,6,7,5,37.4,3,48.5,*,49.83,52.4,,004,210,,2022104164,(94.9),,,0.9,後方,追込,36.84,426,-2,94.9,千代田牧場,新ひだか町,ゴールドシップ,ブライテストリング,ダノンシャンティ,7,2,2,,(栗),谷潔
1勝,202607040201070807,"2026. 7. 4",函館,ペリプルス,牡,6,横山琉人, 58 ,7,５,芝,2600,A,良,2408,3.2,7,7,5,5,38.2,5,46.3,,49.83,52.4,,004,82,,2020105796,(8.4),,,0.7,後方,後方,36.78,438,+2,8.4,ビッグレッドファーム,新冠町,ゴールドシップ,マイネリベルタス,コンデュイット,7,7,7,,(美),佐藤吉勝
1勝,202607040201070710,"2026. 7. 4",函館,ストレイトアスク,牝,5,小林美駒,53▲,10,１,芝,1200,A,良,1083,-0.1,,,2,2,34.6,5,47.4,*,47.70,46.8,牝,023,820,,2021102312,1260,190,1160,0.1,先行,先行,33.70,438,+2,12.6,"ASK STUD",平取町,ロードカナロア,ストレイトガール,フジキセキ,10,8,10,,(栗),藤原英昭
未勝利,202607040201070614,"2026. 7. 4",函館,トルークマクト,牝,3,鷲頭虎太,53△,14,６,ダ,1700,,良,1476,1.5,2,2,2,3,39.1,8,45.6,,49.70,49.0,,003,0,,2023101088,(29.7),,,0.1,先行,先行,37.36,452,+6,29.7,タバタファーム,日高町,ドレフォン,エトピリカ,キングカメハメハ,13,8,14,,(栗),福永祐一
未勝利,202607040201070606,"2026. 7. 4",函館,フェンリル,牡,3,石川倭, 57 ,14,７,ダ,1700,,良,1477,1.6,10,9,6,7,38.6,7,47.6,,49.70,49.0,,003,0,,2023106726,(63.7),,,0.7,中団,中団,37.69,500,0,63.7,日高大洋牧場,日高町,ドレフォン,ユーブゴットイット,"Sea The Stars",13,4,6,,(美),高木登
未勝利,202607040201070207,"2026. 7. 4",函館,スワトウ,牝,3,和田陽希,52▲,16,11,芝,1800,A,良,1489,0.7,12,12,10,9,34.9,7,56.0,*,54.93,53.7,,A03,0,,2023103333,(66.4),,,1.0,中団,中団,37.00,446,+4,66.4,社台ファーム,千歳市,アルアイン,インランジェリー,"Empire Maker",16,4,7,,(栗),牧田和弥
未勝利,202607040201070109,"2026. 7. 4",函館,アイシテルヨナオミ,牝,2,吉田隼人, 55 ,9,９,芝,1200,A,良,1121,3.3,,,9,9,36.3,9,48.6,,49.23,48.8,牝,023,0,,2024107158,(107.9),,,1.6,後方,後方,35.80,416,-4,107.9,レイクヴィラファーム,洞爺湖町,マインドユアビスケッツ,ナオミラフィネ,ハーツクライ,9,8,9,,(栗),畑端省吾
新馬,202606281002020506,"2026. 6.28",小倉,スマートポーション,牝,2,吉村誠之, 55 ,10,５,芝,1200,A,良,1113,1.8,,,6,7,36.3,4,46.4,,48.00,46.3,,A03,78,,2024101076,(97.0),,,0.9,後方,後方,35.00,468,,97.0,本間牧場,日高町,カリフォルニアクローム,スマートレモラ,ゴールドアリュール,10,6,6,,(栗),加藤公太
新馬,202606281002020504,"2026. 6.28",小倉,シャインロード,牡,2,松若風馬, 55 ,10,８,芝,1200,A,良,1124,2.9,,,10,8,37.2,8,44.6,,48.00,46.3,,A03,0,,2024107339,(30.4),,,1.1,後方,後方,35.20,478,,30.4,パカパカファーム,新冠町,タワーオブロンドン,ハマギク,Lawman,10,4,4,,(栗),井上智史
未勝利,202606281002020414,"2026. 6.28",小倉,ジューンマーチ,牡,3,永島まな,55◇,16,４,ダ,1700,,稍,1477,0.9,8,8,4,5,38.4,5,48.4,*,49.53,48.8,,003,87,,2023101848,(18.2),,,0.5,中団,差し,37.80,444,+4,18.2,ヒダカフアーム,浦河町,ミッキーアイル,ヒイナヅキ,トビーズコーナー,16,7,14,,(栗),松下武士
未勝利,202606281002020403,"2026. 6.28",小倉,キミガスキダ,牝,3,藤懸貴志, 55 ,16,６,ダ,1700,,稍,1484,1.6,12,11,11,10,38.5,6,49.0,,49.53,48.8,,003,0,,2023100605,(206.6),,,1.1,中団,中団,38.13,426,0,206.6,天羽牧場,日高町,ドレフォン,セシリア,アグネスタキオン,16,2,3,,(栗),牧田和弥
未勝利,202606281002020301,"2026. 6.28",小倉,ショウナンライラ,牡,3,富田暁, 57 ,18,６,芝,1200,A,良,1097,0.5,,,11,9,35.0,5,49.1,*,48.00,46.0,,A03,0,,2023100277,(203.8),,,0.8,中団,中団,34.70,464,-2,203.8,ヒサイファーム,新ひだか町,サートゥルナーリア,ブルーイリュージョン,Dubawi,18,1,1,,(栗),松下武士
未勝利,202606281002020116,"2026. 6.28",小倉,リーガルスプレンダ,牝,3,加藤祥太, 55 ,18,８,芝,1200,A,良,1099,0.9,,,8,5,35.9,10,44.7,*,45.37,42.7,牝,023,0,,2023103685,(80.0),,,0.8,中団,中団,34.00,464,-6,80.0,追分ファーム,安平町,サトノアラジン,クイーンカトリーン,Acclamation,18,8,16,,(栗),庄野靖志
未勝利,202606281002020112,"2026. 6.28",小倉,ヴィーラー,牝,3,菱田裕二, 55 ,18,11,芝,1200,A,良,1103,1.3,,,13,14,36.0,11,45.3,,45.37,42.7,牝,023,0,,2023103081,(63.4),,,1.1,後方,後方,34.30,426,+4,63.4,服部牧場,新ひだか町,コントレイル,スウィートマナ,"Easing Along",18,6,12,,(栗),矢作芳人
未勝利,202606281002020109,"2026. 6.28",小倉,アンガーザガール,牝,3,西村淳也, 55 ,18,12,芝,1200,A,良,1105,1.5,,,5,5,36.8,15,41.6,,45.37,42.7,牝,023,0,,2023106856,(1.9),,,0.5,中団,中団,33.70,464,+4,1.9,ノーザンファーム,安平町,リオンディーズ,アンソロジー,サクラバクシンオー,18,5,9,,(栗),東田明士
3勝,202606280302021008,"2026. 6.28",福島,アイウィル,牡,5,田口貫太, 58 ,11,４,ダ,1700,,良,1452,1.0,11,10,9,8,37.4,2,48.9,*,47.70,48.2,,A04,280,    0.0,2021103502,(44.8),,,0.8,中団,差し,36.98,516,-2,44.8,岡田スタツド,新ひだか町,ドレフォン,ジュリーハーツ,ハーツクライ,11,7,8,,(美),高木登
未勝利,202606280302020705,"2026. 6.28",福島,ノーブルラホーヤ,牝,3,石田拓郎,52▲,16,３,芝,1200,A,良,1089,0.5,,,1,1,35.5,10,44.1,*,45.37,45.4,,003,150,,2023103195,(31.9),310,,0.0,逃げ,逃げ,33.40,390,-6,31.9,藤原牧場,新ひだか町,ダノンキングリー,ラホーヤビーチ,タイキシャトル,15,3,5,,(美),深山雅史
未勝利,202606280302020704,"2026. 6.28",福島,ニットウエース,牡,3,武藤雅, 57 ,16,６,芝,1200,A,良,1092,0.8,,,9,7,34.7,5,49.4,*,45.37,45.4,,003,0,,2023104977,(77.9),,,1.1,中団,中団,34.50,440,+2,77.9,日東牧場,浦河町,モズアスコット,ニットウムギ,ケイムホーム,15,2,4,,(美),稲垣幸雄
未勝利,202606280302020706,"2026. 6.28",福島,スーホ,牡,3,荻野極, 57 ,16,10,芝,1200,A,良,1094,1.0,,,4,4,35.6,11,44.9,*,45.37,45.4,,003,0,,2023107249,(13.0),,,0.4,先行,先行,33.80,484,-10,13.0,ノーザンファーム,安平町,モーリス,マーブルケーキ,キングカメハメハ,15,3,6,,(美),上原佑紀
未勝利,202606280302020711,"2026. 6.28",福島,ホットジュピター,牝,3,丸田恭介, 55 ,16,11,芝,1200,A,良,1098,1.4,,,13,12,34.6,4,51.7,*,45.37,45.4,,003,0,,2023101396,(353.8),,,1.8,後方,後方,35.20,420,+14,353.8,"Blooming Farm",日高町,スワーヴリチャード,サクソンブライド,"Macho Uno",15,6,11,,(美),千葉直人
新馬,202606280302020513,"2026. 6.28",福島,ウインワーグナー,牡,2,菊沢一樹, 55 ,14,１,芝,1800,A,良,1488,-0.0,3,3,3,3,35.8,3,52.0,*,52.23,50.3,,003,780,,2024103053,800,240,5820,0.4,先行,先行,36.50,458,,8.0,コスモヴューファーム,新冠町,フィエールマン,ウインアルカンナ,アイルハヴアナザー,14,8,13,,(美),武市康男
新馬,202606280302020502,"2026. 6.28",福島,マルガリート,牝,2,江田照男, 55 ,14,11,芝,1800,A,良,1504,1.6,10,10,9,8,36.5,10,51.2,,52.23,50.3,,003,0,,2024105550,(131.4),,,1.3,中団,中団,36.95,456,,131.4,本桐村田牧場,新ひだか町,ルーラーシップ,ポリアンサ,ハービンジャー,14,2,2,,(美),佐藤吉勝
未勝利,202606280302020211,"2026. 6.28",福島,ゴーントゥファー,セ,3,荻野極, 57 ,15,外,ダ,1700,,良,----,----,,,,,,0,,,51.07,50.9,,003,0,,2023106531,,,,,,,,470,-6,,ホース・マネジメント・ボス,新冠町,ドレフォン,グローリアスサルム,キズナ,14,6,11,,(美),小島茂之
2勝,202606280201061201,"2026. 6.28",函館,ガットネロ,牝,6,小沢大仁, 56 ,14,12,芝,1200,A,良,1096,0.5,,,4,4,35.1,12,48.3,*,50.77,48.0,,A03,0,    0.0,2020105073,(34.3),,,0.3,先行,先行,34.50,492,-4,34.3,大狩部牧場,新冠町,アメリカンペイトリオット,ブラックシュガー,ブラックタイド,14,1,1,,(栗),東田明士
2勝,202606280201061202,"2026. 6.28",函館,エルサトアナ,牝,4,池添謙一, 56 ,14,13,芝,1200,A,良,1098,0.7,,,2,5,35.4,14,47.2,*,50.77,48.0,,A03,0,    0.0,2022100933,(6.8),,,0.2,中団,中団,34.40,426,0,6.8,三石川上牧場,新ひだか町,カリフォルニアクローム,クイーンハーツ,キングカメハメハ,14,2,2,,(栗),本田優
1勝,202606280201060802,"2026. 6.28",函館,ストレイトアスク,牝,5,小林美駒,53▲,13,４,芝,1200,A,良,1088,0.5,,,4,4,34.6,7,48.8,*,48.53,48.0,,003,120,,2021102312,(26.1),,,0.4,先行,先行,34.20,436,0,26.1,"ASK STUD",平取町,ロードカナロア,ストレイトガール,フジキセキ,13,2,2,,(栗),藤原英昭
1勝,202606280201060704,"2026. 6.28",函館,キャットテイル,牝,4,河原田菜,52★,10,１,ダ,1700,,稍,1449,-0.0,2,2,4,2,37.2,2,49.3,*,49.10,47.6,牝,023,820,,2022101678,670,210,1760,0.4,先行,先行,36.93,424,+2,6.7,ダーレー・ジャパン・ファーム,日高町,ディスクリートキャット,ピクシープリンセス,ディープインパクト,10,4,4,,(栗),野中賢二
1勝,202606280201060703,"2026. 6.28",函館,キタノサリスカ,牝,3,和田陽希,50▲,10,６,ダ,1700,,稍,1459,1.0,5,4,2,2,38.4,8,45.9,*,49.10,47.6,牝,023,0,,2023105977,(43.7),,,0.2,先行,先行,36.82,430,+4,43.7,高山牧場,日高町,タイセイレジェンド,ブラウンキャビア,Kodiac,10,3,3,,(栗),羽月友彦
未勝利,202606280201060208,"2026. 6.28",函館,サンオブザサン,牡,3,斎藤新, 57 ,14,２,ダ,1700,,稍,1463,0.3,13,13,2,2,38.1,5,47.6,*,48.23,48.4,,003,230,,2023101979,(32.3),500,7660,0.0,ﾏｸﾘ,ﾏｸﾘ,37.20,510,-4,32.3,岡部雅樹,浦河町,タニノフランケル,ソレイユフルール,マツリダゴッホ,14,5,8,,(栗),高橋一哉
1勝,202606271002011204,"2026. 6.27",小倉,レインオンミー,牡,4,田山旺佑,56△,8,４,芝,1200,A,稍,1090,0.8,,,5,4,34.3,3,51.2,*,50.20,50.0,,A03,120,,2022104117,(27.0),,,0.6,先行,先行,34.70,478,-4,27.0,千代田牧場,新ひだか町,リアルスティール,アルマリンピア,タイキシャトル,8,4,4,,(栗),福永祐一
3勝,202606271002011108,"2026. 6.27",小倉,プロミシングスター,牡,5,団野大成, 58 ,15,10,ダ,1700,,重,1446,1.7,9,9,9,9,38.0,10,45.6,,48.57,48.0,,A04,0,    0.0,2021103073,(24.6),,,0.5,中団,中団,36.33,452,0,24.6,富田牧場,浦河町,マジェスティックウォリアー,ファインチョイス,アドマイヤムーン,15,5,8,,(栗),高橋義忠
2勝,202606271002011003,"2026. 6.27",小倉,メイショウミリオレ,牝,5,菱田裕二, 56 ,13,９,芝,1200,A,稍,1091,0.7,,,11,10,34.1,2,52.6,*,50.10,48.8,,A03,0,    0.0,2021103278,(22.7),,,1.0,後方,後方,35.00,486,0,22.7,三嶋牧場,浦河町,ルーラーシップ,メイショウメイゲツ,ディープインパクト,13,3,3,,(栗),藤岡健一
未勝利,202606271002010416,"2026. 6.27",小倉,ルージュエテルナ,牝,3,西塚洸二, 55 ,16,13,ダ,1700,,不,1471,2.6,5,3,3,7,40.7,14,39.0,,45.93,43.5,,003,0,,2023103330,(6.5),,,0.4,中団,中団,36.22,480,-8,6.5,社台ファーム,千歳市,エピファネイア,インデリブル,Tiznow,16,8,16,,(栗),友道康夫
未勝利,202606271002010414,"2026. 6.27",小倉,アップターンデイ,牡,3,高杉吏麒, 57 ,16,15,ダ,1700,,不,1494,4.9,6,6,6,9,42.7,15,35.2,,45.93,43.5,,003,0,,2023106772,(7.6),,,0.7,中団,中団,36.38,488,-4,7.6,パカパカファーム,新冠町,ニューイヤーズデイ,アップワードスパイラル,Teofilo,16,7,14,,(栗),藤岡健一
未勝利,202606271002010314,"2026. 6.27",小倉,ミッキーテネシー,牝,3,高杉吏麒, 55 ,16,５,芝,1800,A,重,1477,0.5,15,16,15,11,34.4,1,56.5,*,53.17,51.8,牝,023,58,,2023102238,(5.8),,,1.4,後方,後方,36.65,444,,5.8,三嶋牧場,浦河町,サートゥルナーリア,ミッキーチャーム,ディープインパクト,16,7,14,,(栗),中内田充
未勝利,202606271002010209,"2026. 6.27",小倉,メイワキラリ,牡,3,鮫島良太, 57 ,14,３,ダ,1000,,不,0584,0.5,,,2,2,35.5,9,46.8,*,47.53,47.4,,A03,150,,2023103746,(99.3),1570,,0.1,先行,先行,34.35,466,-2,99.3,笹川大晃牧場,森町,ミスターメロディ,リュウメイ,コロナドズクエスト,14,6,9,,(栗),河嶋宏樹
未勝利,202606271002010105,"2026. 6.27",小倉,クリコキアナ,牝,2,国分恭介, 55 ,6,３,芝,1200,A,重,1097,0.7,,,4,3,34.5,2,52.0,*,52.20,52.9,,A03,150,,2024100009,(11.3),,,0.2,先行,先行,35.20,454,-4,11.3,アイズスタッド,日高町,サリオス,リノキアナ,エピファネイア,6,5,5,,(栗),谷潔
1勝,202606270302011216,"2026. 6.27",福島,コックオーヴァン,牝,3,松岡正海, 53 ,16,４,芝,1200,A,良,1082,0.3,,,5,5,34.6,7,47.1,*,48.03,44.6,,A04,120,,2023106405,(58.6),,,0.6,中団,差し,33.60,450,-2,58.6,金石牧場,浦河町,ウインブライト,コスモミール,ヘクタープロテクター,16,8,16,,(美),伊藤伸一
1勝,202606270302011211,"2026. 6.27",福島,エバーラスト,牡,3,石神深道,52▲,16,８,芝,1200,A,良,1086,0.7,,,7,7,34.8,8,47.1,*,48.03,44.6,,A04,0,,2023104764,(6.9),,,0.8,中団,中団,33.80,500,+12,6.9,芳住鉄兵,新冠町,ミスターメロディ,インダルジミー,Shamardal,16,6,11,,(美),和田正一
1勝,202606270302011208,"2026. 6.27",福島,ココボロ,牝,5,嶋田純次, 56 ,16,11,芝,1200,A,良,1088,0.9,,,13,14,34.5,4,49.4,*,48.03,44.6,,A04,0,,2021106419,(165.8),,,1.3,後方,後方,34.30,512,-14,165.8,対馬正,新冠町,ビッグアーサー,シルクヴァルキリー,マーベラスサンデー,16,4,8,,(美),松山将樹
3勝,202606270302011108,"2026. 6.27",福島,フィオレストラーダ,牝,4,荻野極, 56 ,9,２,芝,2000,A,良,1575,0.8,3,3,3,2,35.5,5,49.0,*,51.27,48.8,,A04,750,    5.4,2022100626,(5.6),150,500,0.6,先行,先行,35.14,458,-10,5.6,ケイアイファーム,新ひだか町,エピファネイア,キャトルフィーユ,ディープインパクト,9,8,8,,(栗),杉山晴紀
2勝,202606270302010909,"2026. 6.27",福島,アメリカンチケット,セ,5,小崎綾也, 58 ,16,１,ダ,1150,,稍,1060,-0.2,,,1,1,35.5,6,43.7,*,44.87,43.7,,A03,1580,   36.4,2021110122,6160,1050,3730,0.0,逃げ,逃げ,33.27,490,+4,61.6,"Triemore Stud",米,Justify,"A Z Warrior",Bernardini,16,5,9,,(栗),藤原英昭
未勝利,202606270302010807,"2026. 6.27",福島,コールリッジ,牡,3,荻野極, 57 ,16,７,芝,2000,A,良,1599,0.3,1,1,1,1,36.9,11,46.4,*,48.90,47.2,,A03,0,,2023106338,(19.3),,,0.0,逃げ,逃げ,35.57,446,+2,19.3,酒井牧場,浦河町,アルバート,モーニングフェイス,スペシャルウィーク,16,4,7,,(美),林徹
未勝利,202606270302010711,"2026. 6.27",福島,レイナデルアイレ,牝,3,嶋田純次, 55 ,16,５,芝,1800,A,良,1488,0.9,3,3,3,4,35.7,11,52.4,*,54.83,53.3,牝,023,58,,2023103559,(129.9),,,0.4,先行,先行,36.55,436,+2,129.9,社台ファーム,千歳市,レイデオロ,マチカネハヤテ,サクラバクシンオー,16,6,11,,(美),矢嶋大樹
未勝利,202606270302010707,"2026. 6.27",福島,ラグアイリータ,牝,3,津村明秀, 55 ,16,６,芝,1800,A,良,1488,0.9,8,7,7,6,35.3,5,54.1,*,54.83,53.3,牝,023,0,,2023106463,(9.9),,,0.8,中団,中団,36.75,422,-10,9.9,ビッグレッドファーム,新冠町,ウインブライト,バルタ,"Crimson Tide",16,4,7,,(美),岩戸孝樹
未勝利,202606270302010702,"2026. 6.27",福島,モーブプリエール,牝,3,原優介, 55 ,16,７,芝,1800,A,良,1489,1.0,2,2,2,2,36.0,14,51.2,*,54.83,53.3,牝,023,0,,2023107282,(47.1),,,0.2,先行,先行,36.45,430,-2,47.1,ノーザンファーム,安平町,サートゥルナーリア,モーベット,オルフェーヴル,16,1,2,*,(美),鈴木慎太
ｵｰﾌﾟﾝ,202606270302010408,"2026. 6.27",福島,ヴェールランス,牡,7,五十嵐雄, 60 ,10,２,芝,2750,A,稍,2571,0.5,8,9,5,3,12.9,,,,,,,A00,570,,2019104767,(10.3),190,4240,,ﾏｸﾘ,ﾏｸﾘ,,450,-4,10.3,社台ファーム,千歳市,キタサンブラック,ジュエラー,ヴィクトワールピサ,10,7,8,,(美),田村康仁
ｵｰﾌﾟﾝ,202606270302010410,"2026. 6.27",福島,ローンウルフ,牡,5,大江原圭, 60 ,10,４,芝,2750,A,稍,2582,1.6,6,6,9,8,13.0,,,,,,,A00,210,,2021104112,(88.5),,,,後方,追込,,484,0,88.5,千代田牧場,新ひだか町,リアルインパクト,シェリレーヌ,Mineshaft,10,8,10,,(美),武市康男
ｵｰﾌﾟﾝ,202606270302010409,"2026. 6.27",福島,アメリカンピース,セ,8,小坂忠士, 60 ,10,５,芝,2750,A,稍,2583,1.7,4,4,8,6,13.0,,,,,,,A00,143,,2018110131,(58.2),,,,中団,中団,,460,-2,58.2,"Don Alberto Corporation",米,Tapit,"La Cloche",Ghostzapper,10,8,9,,(栗),東田明士
1勝,202606270302010305,"2026. 6.27",福島,ナリノシャーウッド,牡,3,菊沢一樹, 55 ,15,３,ダ,1700,,稍,1459,0.4,4,4,6,2,38.6,5,45.1,*,45.77,44.9,,A03,210,,2023105963,(12.2),380,,0.3,先行,先行,36.71,470,0,12.2,社台コーポレーション白老ファーム,白老町,マインドユアビスケッツ,ナリノメジャー,ダイワメジャー,15,3,5,,(美),田村康仁
1勝,202606270302010304,"2026. 6.27",福島,タイセツナヒ,牡,3,原優介, 55 ,15,５,ダ,1700,,稍,1461,0.6,15,15,15,12,38.1,1,47.4,*,45.77,44.9,,A03,82,,2023102352,(55.5),,,1.0,後方,後方,37.09,464,-8,55.5,岡田スタツド,新ひだか町,ホッコータルマエ,アイアムキャツアイ,アイルハヴアナザー,15,3,4,,(美),杉浦宏昭
1勝,202606270302010309,"2026. 6.27",福島,プロスペクトパーク,牡,4,坂井瑠星, 58 ,15,13,ダ,1700,,稍,1476,2.1,2,2,2,2,40.5,13,40.4,,45.77,44.9,,A03,0,,2022105548,(5.1),,,0.1,先行,先行,36.60,506,-8,5.1,社台ファーム,千歳市,キズナ,ラブリーベルナデット,Wilburn,15,5,9,,(美),高柳瑞樹
未勝利,202606270302010211,"2026. 6.27",福島,ナツミカンチャン,牝,3,石川裕紀, 55 ,15,９,ダ,1700,,稍,1485,2.1,5,6,5,6,40.2,9,42.7,,45.93,45.0,,003,0,,2023101733,(25.2),,,0.7,中団,中団,37.25,464,,25.2,高昭牧場,浦河町,シニスターミニスター,ニューメモリー,スクリーンヒーロー,15,6,11,,(美),千葉直人
新馬,202606270201050505,"2026. 6.27",函館,アゴルディーノ,牡,2,横山和生, 55 ,8,１,芝,1200,A,稍,1098,-0.1,,,5,4,34.8,2,50.6,*,49.83,47.2,,003,780,,2024105444,370,110,410,0.6,先行,先行,35.00,428,,3.7,中田英樹,新ひだか町,エフフォーリア,モルトフェリーチェ,ディープインパクト,8,5,5,,(美),田村康仁
未勝利,202606270201050411,"2026. 6.27",函館,エアヴァイブス,牝,3,武豊, 55 ,16,７,芝,1800,A,稍,1483,0.3,5,6,4,4,35.5,7,52.5,*,54.97,51.7,,003,0,,2023106910,(4.3),,,0.4,先行,先行,36.40,432,+6,4.3,ノーザンファーム,安平町,コントレイル,エアジーン,ハービンジャー,16,6,11,,(栗),福永祐一
未勝利,202606270201050203,"2026. 6.27",函館,シルフ,牝,3,和田陽希,52▲,12,４,ダ,1000,,不,0589,1.1,,,8,8,35.0,2,52.4,*,48.77,47.7,牝,023,87,,2023107214,(93.8),,,1.1,中団,差し,35.85,450,+8,93.8,ノーザンファーム,安平町,ルヴァンスレーヴ,プロミストリープ,ヘニーヒューズ,12,3,3,,(栗),藤野健太
3勝,202606210903061012,"2026. 6.21",阪神,キュールエフウジン,牡,7,角田大和, 58 ,16,15,ダ,1800,,重,1550,4.3,15,15,15,16,39.7,14,44.8,,48.23,48.4,,A04,0,    0.0,2019102983,(174.7),,,1.9,後方,後方,37.65,496,-4,174.7,木下牧場,新ひだか町,ホッコータルマエ,キュールエアリス,ウォーエンブレム,16,6,12,,(栗),中尾秀正
1勝,202606210903060802,"2026. 6.21",阪神,サリーチェ,牝,4,亀田温心, 56 ,8,７,芝,2000,B,稍,2032,1.3,3,3,3,3,35.4,7,56.3,,59.07,59.0,牝,023,0,,2022104794,(41.9),,,0.3,先行,先行,37.63,496,+6,41.9,ノーザンファーム,安平町,ドゥラメンテ,サロミナ,Lomitas,8,2,2,,(栗),池添学
1勝,202606210903060712,"2026. 6.21",阪神,エイシンマールス,牡,4,松山弘平, 58 ,16,２,ダ,1400,,重,1241,0.4,,,7,7,37.6,3,42.8,*,42.37,41.1,,A03,330,,2022102624,(9.9),240,3480,0.6,中団,差し,34.88,460,-4,9.9,栄進牧場,浦河町,エイシンヒカリ,エーシンアマゾーン,ファルブラヴ,16,6,12,,(栗),今野貞一
1勝,202606210903060715,"2026. 6.21",阪神,エブリデイ,牡,3,高杉吏麒, 55 ,16,７,ダ,1400,,重,1248,1.1,,,15,15,36.7,2,48.3,*,42.37,41.1,,A03,0,,2023102902,(9.0),,,2.2,後方,後方,36.08,506,-2,9.0,千代田牧場,新ひだか町,フォーウィールドライブ,コハルビヨリ,マンハッタンカフェ,16,8,15,,(栗),北出成人
未勝利,202606210903060606,"2026. 6.21",阪神,リントゥラウル,牡,3,酒井学, 57 ,18,５,芝,1400,B,稍,1214,0.6,,,4,4,35.6,10,46.5,*,48.07,46.2,,A03,58,,2023101735,(61.6),,,0.4,先行,先行,34.35,468,+10,61.6,高昭牧場,浦河町,キズナ,ノースパストラル,キングヘイロー,18,3,6,,(栗),秋山真一
未勝利,202606210903060217,"2026. 6.21",阪神,スマートティアナ,牝,3,岩田望来, 55 ,18,１,芝,1600,B,稍,1341,-0.3,,,11,10,34.7,2,52.7,*,52.00,49.5,牝,023,580,,2023102225,570,270,4170,0.7,中団,差し,35.64,406,-2,5.7,三嶋牧場,浦河町,シルバーステート,スマートオーシャン,"Mr. Greeley",18,8,17,,(栗),石橋守
未勝利,202606210903060203,"2026. 6.21",阪神,パノラマステージ,牝,3,国分優作, 55 ,18,12,芝,1600,B,稍,1357,1.6,,,11,10,36.3,12,48.2,,52.00,49.5,牝,023,0,,2023107072,(172.6),,,0.7,中団,中団,35.64,464,+6,172.6,ノーザンファーム,安平町,レイデオロ,スターリーステージ,ディープインパクト,18,2,3,,(栗),牧浦充徳
未勝利,202606210903060106,"2026. 6.21",阪神,ペコリズム,牝,3,幸英明, 55 ,16,５,ダ,1400,,不,1265,2.1,,,7,8,39.4,6,39.7,*,42.00,39.0,,003,58,,2023106339,(123.6),,,1.3,中団,中団,35.33,518,+12,123.6,白井牧場,日高町,タワーオブロンドン,アイリッシュペコ,"Sea The Stars",16,3,6,,(栗),森田直行
未勝利,202606210903060103,"2026. 6.21",阪神,ゴールドアーチ,牡,3,岩田望来, 57 ,16,６,ダ,1400,,不,1267,2.3,,,2,2,40.8,12,34.4,,42.00,39.0,,003,0,,2023102051,(3.3),,,0.1,先行,先行,34.43,520,-6,3.3,笹島政信,浦河町,ミッキーアイル,ゴールドクイーン,シニスターミニスター,16,2,3,*,(栗),坂口智康
未勝利,202606210903060107,"2026. 6.21",阪神,アイアン,牡,3,Ｍ．デム, 57 ,16,８,ダ,1400,,不,1268,2.4,,,12,12,37.6,1,48.1,*,42.00,39.0,,003,0,,2023103096,(47.2),,,3.4,後方,後方,36.90,434,,47.2,服部牧場,新ひだか町,レイデオロ,マニヤラ,Manduro,16,4,7,,(栗),辻野泰之
1勝,202606210503061204,"2026. 6.21",東京,タリスマン,牡,5,伊藤工真, 58 ,16,７,ダ,1400,,重,1243,1.5,,,7,7,35.8,6,51.6,,51.00,50.9,,A03,0,,2021104618,(126.1),,,1.0,中団,中団,36.38,472,-2,126.1,リトルブルーファーム,清水町,タリスマニック,クロエチャン,スパイキュール,16,2,4,,(美),金成貴史
1勝,202606210503060811,"2026. 6.21",東京,フェーダーローター,牝,3,石神深道,50▲,16,９,芝,1600,D,稍,1348,1.0,,,2,2,35.7,15,49.3,*,53.37,51.7,,A03,0,,2023106484,(123.0),,,0.1,先行,先行,35.46,440,-2,123.0,ビッグレッドファーム,新冠町,ベンバトル,リープフラウミルヒ,ステイゴールド,16,6,11,,(美),天間昭一
1勝,202606210503060804,"2026. 6.21",東京,スターチスブーケ,牝,5,菊沢一樹, 56 ,16,13,芝,1600,D,稍,1352,1.4,,,10,9,35.5,12,50.9,,53.37,51.7,,A03,0,,2021110075,(256.1),,,0.7,中団,中団,35.82,514,-10,256.1,"Gerty Bloodstock",米,"Practical Joke","Sovereign Halo",Haynesfield,16,2,4,,(美),田中勝春
未勝利,202606210503060616,"2026. 6.21",東京,シャルムグリーン,牡,3,津村明秀, 57 ,16,６,芝,1600,D,稍,1362,1.1,,,4,4,36.1,10,49.9,,52.40,51.6,,A03,0,,2023101459,(3.4),,,0.3,先行,先行,36.06,486,-2,3.4,本間牧場,日高町,スワーヴリチャード,ファータグリーン,タニノギムレット,16,8,16,,(美),相沢郁
新馬,202606210503060508,"2026. 6.21",東京,アヴィアトーレ,牡,2,ゴンサル, 55 ,13,１,芝,1800,D,稍,1505,-0.2,,1,1,1,34.1,5,62.0,*,62.57,62.0,,003,780,,2024105890,1790,530,6810,0.0,逃げ,逃げ,38.20,496,,17.9,社台ファーム,千歳市,シスキン,ジェラテリアバール,マンハッタンカフェ,13,6,8,,(美),田島俊明
新馬,202606210503060502,"2026. 6.21",東京,フルーツバスケット,牡,2,吉田豊, 55 ,13,５,芝,1800,D,稍,1510,0.5,,10,11,11,33.8,1,64.2,*,62.57,62.0,,003,78,,2024104561,(42.8),,,0.8,後方,後方,38.60,456,,42.8,タイヘイ牧場,新ひだか町,モーリス,オーソレミオ,ディープインパクト,13,2,2,,(栗),前川恭子
新馬,202606210503060401,"2026. 6.21",東京,シュートザワークス,牡,2,津村明秀, 55 ,10,３,芝,1400,D,稍,1261,0.7,,,5,4,33.8,4,66.1,*,66.23,65.6,,003,200,,2024107076,(4.1),120,,0.5,先行,先行,39.23,486,,4.1,社台コーポレーション白老ファーム,白老町,インディチャンプ,ワーキングプライド,ハービンジャー,10,1,1,,(美),千葉直人
未勝利,202606210503060313,"2026. 6.21",東京,ウインガネーシャ,牡,3,木幡巧也, 57 ,16,２,ダ,2100,,不,2112,0.0,8,10,9,8,36.4,2,54.2,*,54.27,51.8,,003,230,,2023105870,(10.7),300,28410,0.6,中団,差し,37.92,462,0,10.7,コスモヴューファーム,新冠町,ゴールドドリーム,ウインメディウム,ヘニーヒューズ,16,7,13,*,(美),高木登
未勝利,202606210503060303,"2026. 6.21",東京,ザンテソーロ,牡,3,荻野極, 57 ,16,５,ダ,2100,,不,2115,0.3,8,7,9,8,36.6,3,53.7,*,54.27,51.8,,003,58,,2023106733,(6.2),,,0.7,中団,中団,37.96,456,0,6.2,リョーケンファーム,日高町,オルフェーヴル,アオイテソーロ,ルーラーシップ,16,2,3,*,(美),畠山吉宏
未勝利,202606210503060308,"2026. 6.21",東京,マイネルシュラハト,牡,3,柴田大知, 57 ,16,６,ダ,2100,,不,2118,0.6,2,2,2,2,37.5,6,50.6,*,54.27,51.8,,003,0,,2023106436,(27.0),,,0.1,先行,先行,37.72,484,+6,27.0,ビッグレッドファーム,新冠町,ベンバトル,クードヴァン,ディープインパクト,16,4,8,*,(美),畠山吉宏
未勝利,202606210503060102,"2026. 6.21",東京,セイウンパシュート,セ,6,五十嵐雄, 60 ,14,５,ダ,3000,,稍,3278,1.6,11,11,8,7,13.9,,,,,,,A00,84,,2020100233,(14.1),,,,中団,中団,,458,-4,14.1,田上徹,新ひだか町,ハーツクライ,シーソルティキッス,キングカメハメハ,14,2,2,,(美),上原博之
1勝,202606210201041204,"2026. 6.21",函館,ポタリング,セ,4,遠藤汰月,55▲,10,９,芝,1800,A,良,1479,0.9,4,4,3,3,36.1,9,49.4,*,53.37,49.9,,003,0,,2022101191,(34.2),,,0.5,先行,先行,35.90,438,-8,34.2,オリオンファーム,日高町,ノーブルミッション,ウインルキア,ディープインパクト,10,4,4,,(美),武藤善則
1勝,202606210201040905,"2026. 6.21",函館,メリザンド,牝,4,杉原誠人, 56 ,12,４,芝,2000,A,良,2001,0.4,1,1,1,1,36.3,6,48.9,*,51.93,50.0,牝,024,170,    0.0,2022105182,(12.6),,,0.0,逃げ,逃げ,35.91,470,+4,12.6,ノーザンファーム,安平町,サトノダイヤモンド,ロザリンド,シンボリクリスエス,12,5,5,,(美),小手川準
1勝,202606210201040912,"2026. 6.21",函館,エイカイコバチ,牝,3,佐々木大, 53 ,12,７,芝,2000,A,良,2008,1.1,8,8,8,9,36.3,6,49.8,,51.93,50.0,牝,024,0,    0.0,2023107144,(18.8),,,0.7,後方,後方,36.21,452,-2,18.8,ノーザンファーム,安平町,エピファネイア,ノーブルスコア,ディープインパクト,12,8,12,,(栗),藤原英昭
1勝,202606210201040901,"2026. 6.21",函館,ドマーネ,牝,4,国分恭介, 56 ,12,９,芝,2000,A,良,2009,1.2,11,11,11,11,36.1,5,50.7,,51.93,50.0,牝,024,0,    0.0,2022103271,(35.1),,,1.0,後方,後方,36.34,436,0,35.1,三嶋牧場,浦河町,ゴールドシップ,ランドネ,Blame,12,1,1,,(栗),辻野泰之
1勝,202606210201040811,"2026. 6.21",函館,フェニーチェドーロ,牝,4,荻野琢真, 56 ,12,９,ダ,1700,,良,1479,1.4,3,3,3,3,38.3,10,49.1,,52.20,52.0,,A03,0,,2022101408,(22.9),,,0.2,先行,先行,37.96,472,+16,22.9,下河辺牧場,日高町,ナダル,ゴッドフェニックス,ブライアンズタイム,12,8,11,,(栗),宮本博
1勝,202606210201040701,"2026. 6.21",函館,グランテレーズ,牝,5,小沢大仁, 56 ,11,９,芝,1200,A,良,1093,1.0,,,4,4,35.2,9,46.9,*,50.03,47.4,牝,023,0,,2021102401,(13.1),,,0.4,先行,先行,34.10,458,-8,13.1,坂東牧場,平取町,シュヴァルグラン,アドマイヤテレサ,エリシオ,11,1,1,,(栗),渡辺薫彦
未勝利,202606210201040604,"2026. 6.21",函館,モロノカガヤキ,牡,3,丹内祐次, 57 ,13,４,ダ,1700,,良,1482,1.3,3,3,3,4,40.5,4,41.2,*,45.57,43.1,,A03,87,,2023106060,(3.1),,,0.3,先行,先行,36.93,476,-4,3.1,チェスナットファーム,浦河町,ゴールドドリーム,グレイスキッパー,カレンブラックヒル,13,4,4,,(美),林徹
未勝利,202606210201040407,"2026. 6.21",函館,トルークマクト,牝,3,松本大輝, 55 ,16,13,芝,1800,A,良,1496,1.3,10,9,10,9,36.4,15,50.5,,50.40,49.6,,A03,0,,2023101088,(54.8),,,1.1,中団,中団,36.60,446,+6,54.8,タバタファーム,日高町,ドレフォン,エトピリカ,キングカメハメハ,16,4,7,,(栗),福永祐一
未勝利,202606210201040202,"2026. 6.21",函館,ポップアップ,セ,3,佐々木大, 57 ,11,２,ダ,2400,,良,2369,0.2,3,3,6,5,40.1,1,47.1,*,46.37,45.3,,003,230,,2023105444,(4.4),160,1160,0.7,中団,差し,38.93,480,+8,4.4,白井牧場,日高町,ロジャーバローズ,ネガイ,ルーラーシップ,11,2,2,,(栗),寺島良
未勝利,202606210201040209,"2026. 6.21",函館,ジャストグレース,牡,3,古川吉洋, 57 ,11,３,ダ,2400,,良,2372,0.5,10,10,6,3,40.4,3,46.4,*,46.37,45.3,,003,150,,2023102517,(25.1),470,,0.7,ﾏｸﾘ,ﾏｸﾘ,38.93,494,+4,25.1,カタオカフアーム,新ひだか町,ホッコータルマエ,インファクト,ダイワメジャー,11,7,9,,(栗),大根田裕
未勝利,202606210201040206,"2026. 6.21",函館,マーゴットデウス,セ,3,小沢大仁, 57 ,11,４,ダ,2400,,良,2372,0.5,7,8,8,5,40.3,2,46.7,*,46.37,45.3,,003,87,,2023103289,(56.7),,,0.8,中団,差し,38.97,490,-2,56.7,矢野牧場,新ひだか町,ドレフォン,スターリーウインド,ゼンノロブロイ,11,6,6,,(栗),今野貞一
未勝利,202606210201040208,"2026. 6.21",函館,ロードステラート,牡,3,横山武史, 57 ,11,５,ダ,2400,,良,2380,1.3,2,2,1,2,41.9,6,42.4,,46.37,45.3,,003,58,,2023105838,(3.0),,,0.0,逃げ,逃げ,38.70,496,-2,3.0,ケイアイファーム,新ひだか町,キタサンブラック,ブリュネット,ダイワメジャー,11,7,8,,(栗),武英智
未勝利,202606210201040203,"2026. 6.21",函館,ウインモンクール,牡,3,丹内祐次, 57 ,11,９,ダ,2400,,良,2412,4.5,1,1,3,8,44.5,9,37.4,,46.37,45.3,,003,0,,2023105889,(6.3),,,0.6,逃げ,逃げ,38.90,476,+4,6.3,コスモヴューファーム,新冠町,ルヴァンスレーヴ,ベリーフ,スペシャルウィーク,11,3,3,,(栗),新谷功一
未勝利,202606210201040104,"2026. 6.21",函館,スワトウ,牝,3,小沢大仁, 55 ,16,７,芝,1200,A,良,1090,0.7,,,14,13,34.8,1,48.3,*,43.33,42.9,牝,023,0,,2023103333,(30.7),,,1.3,後方,後方,34.20,442,+4,30.7,社台ファーム,千歳市,アルアイン,インランジェリー,"Empire Maker",16,2,4,,(栗),牧田和弥
未勝利,202606210201040101,"2026. 6.21",函館,ソルトアイリス,牝,3,舟山瑠泉,53△,16,13,芝,1200,A,良,1098,1.5,,,14,15,35.5,8,46.6,,43.33,42.9,牝,023,0,,2023104169,(2.4),,,1.4,後方,後方,34.30,466,-2,2.4,隆栄牧場,新冠町,アドマイヤマーズ,ファインアイリス,ルーラーシップ,16,1,1,,(栗),四位洋文
3勝,202606200903051016,"2026. 6.20",阪神,キーパフォーマー,牝,5,吉村誠之, 53 ,18,11,芝,2200,B,重,2149,0.7,6,7,10,9,35.6,8,54.6,*,54.43,53.9,,A03,0,    0.0,2021104948,(15.3),,,0.7,中団,中団,37.24,466,-2,15.3,社台ファーム,千歳市,キタサンブラック,アンコールピース,ネオユニヴァース,18,8,16,,(栗),辻野泰之
3勝,202606200903051007,"2026. 6.20",阪神,ドットクルー,牡,6,高杉吏麒, 55 ,18,12,芝,2200,B,重,2151,0.9,16,17,16,16,35.3,3,56.0,*,54.43,53.9,,A03,0,    0.0,2020101486,(80.5),,,1.2,後方,後方,37.43,478,+6,80.5,佐々木牧場,日高町,ディーマジェスティ,スターオブロゼッタ,ロードカナロア,18,4,7,,(栗),笹田和秀
1勝,202606200903050715,"2026. 6.20",阪神,テイクザクラウン,牡,5,川又賢治, 58 ,16,５,芝,2400,B,稍,2262,0.4,10,10,9,9,35.2,3,55.1,*,54.63,53.6,,A04,82,,2021102379,(39.2),,,0.7,中団,中団,37.00,450,+6,39.2,二風谷ファーム,平取町,サトノクラウン,アムールレジェンド,ディープインパクト,16,8,15,,(栗),吉村圭司
1勝,202606200903050706,"2026. 6.20",阪神,オーレアミスト,セ,4,Ｍ．デム, 58 ,16,15,芝,2400,B,稍,2311,5.3,16,16,16,15,39.7,15,43.5,,54.63,53.6,,A04,0,,2022104841,(68.5),,,1.1,後方,後方,37.13,492,0,68.5,ノーザンファーム,安平町,ゴールドドリーム,ジンジャーミスト,Bernardini,16,3,6,,(栗),井上智史
未勝利,202606200903050603,"2026. 6.20",阪神,ダンツウルス,牡,3,田口貫太, 57 ,18,４,芝,1800,B,稍,1478,0.5,,,10,11,34.2,1,57.6,*,56.27,56.0,,003,87,,2023102901,(6.8),,,0.7,中団,差し,36.80,462,-2,6.8,千代田牧場,新ひだか町,リアルスティール,コゴメユキ,"Liam's Map",17,2,3,,(栗),谷潔
未勝利,202606200903050617,"2026. 6.20",阪神,タケルフォーカス,牡,3,岩田望来, 57 ,18,５,芝,1800,B,稍,1480,0.7,,,6,4,34.8,6,55.2,*,56.27,56.0,,003,58,,2023106077,(13.6),,,0.3,先行,先行,36.60,436,-2,13.6,チャンピオンズファーム,新ひだか町,サトノダイヤモンド,オスカーステージ,キングカメハメハ,17,8,17,,(栗),四位洋文
未勝利,202606200903050615,"2026. 6.20",阪神,グローリーバローズ,セ,3,西村淳也, 57 ,18,10,芝,1800,B,稍,1487,1.4,,,1,1,35.8,12,51.8,,56.27,56.0,,003,0,,2023105470,(41.7),,,0.0,逃げ,逃げ,36.45,430,-14,41.7,レイクヴィラファーム,洞爺湖町,サートゥルナーリア,サンドラバローズ,ディープインパクト,17,7,15,,(栗),辻野泰之
新馬,202606200903050508,"2026. 6.20",阪神,ブラックミューズ,牝,2,岩田望来, 55 ,9,２,芝,1400,B,稍,1226,0.2,,,6,6,35.8,3,48.0,*,46.80,43.9,,003,310,,2024106131,(2.9),150,2580,1.0,中団,差し,35.10,486,,2.9,ノーザンファーム,安平町,ミスターメロディ,アドマイヤアロー,ワークフォース,9,8,8,,(栗),松永幹夫
未勝利,202606200903050311,"2026. 6.20",阪神,アキノビューティー,牝,3,鮫島良太, 55 ,16,４,ダ,1800,,稍,1550,0.2,14,14,8,7,39.7,1,44.8,*,42.47,40.7,牝,023,87,,2023100233,(7.5),,,1.3,中団,差し,37.65,428,+6,7.5,土居牧場,新ひだか町,ゴールドドリーム,ジョーゲルダ,オペラハウス,16,6,11,,(栗),河嶋宏樹
未勝利,202606200903050310,"2026. 6.20",阪神,エレーデサンライズ,牝,3,永島まな,53◇,16,５,ダ,1800,,稍,1553,0.5,14,14,11,9,39.7,1,45.2,*,42.47,40.7,牝,023,58,,2023100912,(15.1),,,1.6,中団,中団,37.80,456,-2,15.1,下河辺牧場,日高町,エピファネイア,カラズマッチポイント,Curlin,16,5,10,,(栗),平田修
未勝利,202606200903050303,"2026. 6.20",阪神,アティラン,牝,3,小崎綾也, 55 ,16,７,ダ,1800,,稍,1557,0.9,4,4,6,8,40.5,6,42.8,*,42.47,40.7,牝,023,0,,2023105641,(536.5),,,1.2,中団,中団,37.60,464,+6,536.5,笠松牧場,浦河町,ヴァンゴッホ,ジーニアル,キングカメハメハ,16,2,3,,(栗),寺島良
未勝利,202606200903050302,"2026. 6.20",阪神,フローマジック,牝,3,岩田望来, 55 ,16,８,ダ,1800,,稍,1560,1.2,16,16,14,11,40.1,4,44.6,*,42.47,40.7,牝,023,0,,2023105252,(7.0),,,1.9,後方,後方,37.95,466,+6,7.0,社台ファーム,千歳市,リアルスティール,メジャーマジック,ダイワメジャー,16,1,2,,(栗),辻野泰之
未勝利,202606200903050304,"2026. 6.20",阪神,ファーヴニル,牝,3,森田誠也,52▲,16,11,ダ,1800,,稍,1568,2.0,9,9,14,14,40.6,7,43.8,,42.47,40.7,牝,023,0,,2023101691,(530.6),,,2.2,後方,後方,38.10,434,+2,530.6,ケンブリッジバレー,浦河町,ディスクリートキャット,ケンブリッジアロー,ブラックタイド,16,2,4,,(栗),千田輝彦
未勝利,202606200903050201,"2026. 6.20",阪神,サンライズロイ,牡,3,岩田望来, 57 ,16,４,ダ,1200,,稍,1133,0.6,,,4,4,37.3,8,46.5,*,47.93,46.5,,003,87,,2023106556,(16.2),,,0.3,先行,先行,36.00,468,0,16.2,ヤナガワ牧場,日高町,フォーウィールドライブ,サンデーローズ,ブライアンズタイム,16,1,1,,(栗),牧浦充徳
ｵｰﾌﾟﾝ,202606200903050106,"2026. 6.20",阪神,シャンデルナゴル,牡,6,中村将之, 60 ,9,６,ダ,3110,,稍,3342,2.7,8,7,8,6,13.8,,,,,,,A00,0,,2020103193,(8.7),,,,中団,中団,,516,+16,8.7,ノーザンファーム,安平町,サトノダイヤモンド,アガルタ,キングカメハメハ,9,6,6,,(栗),石坂公一
2勝,202606200503050906,"2026. 6.20",東京,ランツフート,牡,4,三浦皇成, 55 ,10,４,芝,2400,D,稍,2276,0.7,2,2,2,2,35.3,3,56.0,*,57.67,57.0,,A03,240,    0.0,2022105577,(17.0),,,0.3,先行,先行,37.43,466,+4,17.0,社台ファーム,千歳市,ブリックスアンドモルタル,レッドミラベル,ステイゴールド,10,6,6,,(栗),大久保龍
2勝,202606200503050904,"2026. 6.20",東京,バンフィエルド,牡,7,柴田大知, 54 ,10,８,芝,2400,D,稍,2290,2.1,7,8,8,9,35.9,9,55.0,,57.67,57.0,,A03,0,    0.0,2019104531,(163.7),,,1.1,後方,後方,37.70,440,+4,163.7,社台コーポレーション白老ファーム,白老町,オルフェーヴル,エヴィータアルゼンティーナ,"Candy Ride",10,4,4,,(美),粕谷昌央
未勝利,202606200503050715,"2026. 6.20",東京,ロンバスブレス,牝,3,菊沢一樹, 55 ,16,５,ダ,1400,,不,1247,1.0,,,7,10,36.7,5,48.1,*,46.27,45.1,牝,023,58,,2023106053,(7.0),,,1.2,中団,中団,36.00,460,-6,7.0,坂東牧場,平取町,イスラボニータ,プリンセスヨウク,エンパイアメーカー,16,8,15,,(美),石栗龍彦
未勝利,202606200503050713,"2026. 6.20",東京,バターショコラ,牝,3,荻野極, 55 ,16,13,ダ,1400,,不,1264,2.7,,,4,7,38.6,12,42.9,,46.27,45.1,牝,023,0,,2023105240,(13.5),,,1.0,中団,中団,35.85,458,0,13.5,社台ファーム,千歳市,マインドユアビスケッツ,ショコラトリー,ノヴェリスト,16,7,13,,(美),戸田博文
新馬,202606200503050509,"2026. 6.20",東京,コナパームス,牡,2,ルメール, 55 ,10,３,芝,1600,D,稍,1375,0.7,,,3,3,34.5,2,59.6,*,60.37,60.8,,A03,200,,2024106309,(1.8),110,,0.2,先行,先行,37.80,492,,1.8,ノーザンファーム,安平町,アドマイヤマーズ,コナブリュワーズ,キングカメハメハ,10,8,9,,(美),森一誠
未勝利,202606200503050303,"2026. 6.20",東京,セキテイリノ,牡,3,ゴンサル, 57 ,16,７,芝,1800,D,稍,1476,0.8,,4,2,2,36.1,14,49.0,*,53.43,50.4,,A03,0,,2023103447,(3.9),,,0.2,先行,先行,35.75,472,0,3.9,社台ファーム,千歳市,サトノダイヤモンド,ステイアライヴ,Iffraaj,16,2,3,,(美),田中剛
未勝利,202606200503050306,"2026. 6.20",東京,カドドゥディエ,牝,3,菊沢一樹, 55 ,16,９,芝,1800,D,稍,1478,1.0,,10,10,10,35.1,4,53.6,*,53.43,50.4,,A03,0,,2023100812,(23.9),,,1.4,中団,中団,36.35,430,+8,23.9,クラウン日高牧場,日高町,クラウンレガーロ,マリノルシアーナ,エピファネイア,16,3,6,,(美),西田雄一
未勝利,202606200503050214,"2026. 6.20",東京,レイズレガシー,牡,3,松山弘平, 57 ,16,３,ダ,1400,,不,1244,0.3,,,7,7,35.9,2,51.3,*,50.80,49.7,,003,150,,2023102978,(3.5),130,,0.5,中団,差し,36.38,500,-6,3.5,飛野牧場,新ひだか町,ロジャーバローズ,スマートグレイス,ヤマニンセラフィム,16,7,14,,(美),高柳瑞樹
未勝利,202606200503050202,"2026. 6.20",東京,ヴェントベローチェ,牡,3,北村宏司, 57 ,16,４,ダ,1400,,不,1249,0.8,,,4,4,36.6,6,49.0,*,50.80,49.7,,003,87,,2023103133,(45.8),,,0.3,先行,先行,36.23,466,+2,45.8,藤沢牧場,新ひだか町,ダノンプレミアム,ケイココサージュ,ヘニーヒューズ,16,1,2,,(美),勢司和浩
未勝利,202606200503050210,"2026. 6.20",東京,ショウナンタヅナ,牡,3,津村明秀, 57 ,16,５,ダ,1400,,不,1250,0.9,,,4,4,36.7,7,48.7,*,50.80,49.7,,003,58,,2023100531,(12.8),,,0.3,先行,先行,36.23,468,+2,12.8,二風谷ファーム,平取町,ドレフォン,ウインフロレゾン,フジキセキ,16,5,10,,(美),武市康男
1勝,202606200201031202,"2026. 6.20",函館,ブレイジングスター,牡,4,和田陽希,55▲,11,５,ダ,1700,,良,1458,1.1,7,5,7,9,38.2,6,46.5,,46.93,46.9,,003,82,,2022103644,(81.5),,,0.6,後方,後方,36.87,482,-2,81.5,岡野牧場,新ひだか町,モーニン,ヴァーチュスター,"Symboli Kris S",11,2,2,,(栗),高橋康之
2勝,202606200201031109,"2026. 6.20",函館,スムースベルベット,牝,6,長浜鴻緒, 56 ,16,８,芝,1200,A,良,1087,0.7,,,10,11,34.3,5,50.3,*,47.70,47.1,,A04,0,    0.0,2020106987,(33.8),,,0.9,後方,後方,34.40,506,+2,33.8,ミルファーム,浦河町,ディスクリートキャット,ローブドヴルール,サウスヴィグラス,16,5,9,,(美),手塚貴徳
2勝,202606200201031112,"2026. 6.20",函館,モンサンゴールデン,牡,3,柴田裕一, 55 ,16,12,芝,1200,A,良,1089,0.9,,,5,6,35.0,14,46.9,*,47.70,47.1,,A04,0,    0.0,2023104044,(5.4),,,0.4,中団,中団,33.90,478,+12,5.4,川島牧場,新冠町,シルバーステート,ウインアンジェラス,Bertolini,16,6,12,,(栗),中竹和也
1勝,202606200201031004,"2026. 6.20",函館,ゴールデンパゴーダ,牝,3,佐々木大, 52 ,8,１,芝,2600,A,良,2437,-0.1,1,1,1,1,34.7,4,61.5,*,62.13,61.5,,A04,1140,   17.5,2023101116,340,160,900,0.0,逃げ,逃げ,38.70,400,+10,3.4,ダーレー・ジャパン・ファーム,日高町,バゴ,カリビアンゴールド,ステイゴールド,8,4,4,,(美),上原佑紀
1勝,202606200201031005,"2026. 6.20",函館,ペリプルス,牡,6,横山琉人, 58 ,8,３,芝,2600,A,良,2439,0.2,8,8,6,5,34.4,1,62.9,*,62.13,61.5,,A04,290,    2.5,2020105796,(25.1),320,,0.5,中団,差し,38.85,436,-6,25.1,ビッグレッドファーム,新冠町,ゴールドシップ,マイネリベルタス,コンデュイット,8,5,5,,(美),佐藤吉勝
1勝,202606200201031001,"2026. 6.20",函館,シャインバオバブ,牡,4,古川吉洋, 58 ,8,５,芝,2600,A,良,2441,0.4,6,5,6,7,34.6,2,62.3,*,62.13,61.5,,A04,114,    0.0,2022106180,(15.1),,,0.5,後方,後方,38.85,510,-10,15.1,川島牧場,新冠町,シルバーステート,レユシット,ルーラーシップ,8,1,1,,(栗),本田優
1勝,202606200201031007,"2026. 6.20",函館,サイモンイロハニー,牝,4,小沢大仁, 56 ,8,７,芝,2600,A,良,2444,0.7,4,3,4,4,35.1,6,60.5,*,62.13,61.5,,A04,0,    0.0,2022104164,(124.5),,,0.3,先行,先行,38.79,428,+14,124.5,千代田牧場,新ひだか町,ゴールドシップ,ブライテストリング,ダノンシャンティ,8,7,7,,(栗),谷潔
未勝利,202606200201030706,"2026. 6.20",函館,サウンドファミリエ,牝,3,小林美駒,52▲,16,７,芝,1800,A,良,1479,0.7,16,15,7,2,36.2,8,49.0,*,50.03,48.9,牝,023,0,,2023104254,(82.3),,,0.5,ﾏｸﾘ,ﾏｸﾘ,35.85,408,0,82.3,飛渡牧場,新冠町,シルバーステート,サウンドマジック,トビーズコーナー,16,3,6,,(美),和田正一
未勝利,202606200201030414,"2026. 6.20",函館,リベンジャー,牡,3,国分恭介, 57 ,14,13,ダ,1700,,良,1488,2.1,14,14,14,13,38.5,3,49.6,*,47.03,45.1,,003,0,,2023104286,(31.8),,,2.5,後方,後方,38.35,494,,31.8,中本牧場,新冠町,シニスターミニスター,ソングオブザハート,マジェスティックウォリアー,14,8,14,,(栗),柴田卓
未勝利,202606200201030404,"2026. 6.20",函館,シバノパージャン,牡,3,小沢大仁, 57 ,14,14,ダ,1700,,良,1500,3.3,9,9,13,13,40.3,14,44.3,,47.03,45.1,,003,0,,2023107409,(162.7),,,1.9,後方,後方,38.02,444,+6,162.7,アイオイファーム,浦河町,シスキン,ルナリア,ネオユニヴァース,14,3,4,,(栗),牧田和弥
3勝,202606140903041211,"2026. 6.14",阪神,イリフィ,牝,4,西村淳也, 54 ,16,４,ダ,1200,,重,1109,0.1,,,8,8,35.7,4,48.6,*,47.10,43.4,,A03,280,    0.0,2022110077,(40.9),,,1.0,中団,差し,35.20,430,+8,40.9,"Stonethorn Stud Farm Ltd.",愛,"Too Darn Hot",Trethias,"Invincible Spirit",15,6,11,,(栗),高野友和
3勝,202606140903041216,"2026. 6.14",阪神,ヴェロクオーレ,牝,5,酒井学, 54 ,16,８,ダ,1200,,重,1114,0.6,,,2,2,37.1,12,42.5,*,47.10,43.4,,A03,0,    0.0,2021101397,(10.2),,,0.1,先行,先行,34.30,478,+2,10.2,下河辺牧場,日高町,ドゥラメンテ,サトノジョリー,Bernardini,15,8,16,,(栗),石坂公一
3勝,202606140903041202,"2026. 6.14",阪神,プロミシングスター,牡,5,藤懸貴志, 55 ,16,13,ダ,1200,,重,1124,1.6,,,8,9,37.1,12,45.1,,47.10,43.4,,A03,0,    0.0,2021103073,(21.2),,,1.1,中団,中団,35.30,452,-2,21.2,富田牧場,浦河町,マジェスティックウォリアー,ファインチョイス,アドマイヤムーン,15,1,2,,(栗),高橋義忠
2勝,202606140903040901,"2026. 6.14",阪神,インフローレ,牝,4,岩田望来, 56 ,14,２,芝,1200,B,良,1082,0.1,,,9,8,33.7,4,52.4,*,53.70,49.1,,A03,630,    8.6,2022102729,(31.0),630,16310,0.6,中団,差し,34.50,444,+2,31.0,杵臼牧場,浦河町,リオンディーズ,キュイキュイ,ハービンジャー,13,1,1,,(栗),寺島良
2勝,202606140903040911,"2026. 6.14",阪神,メイショウミリオレ,牝,5,高杉吏麒, 56 ,14,６,芝,1200,B,良,1085,0.4,,,12,12,33.6,2,53.9,*,53.70,49.1,,A03,0,    0.0,2021103278,(9.6),,,1.0,後方,後方,34.90,486,-4,9.6,三嶋牧場,浦河町,ルーラーシップ,メイショウメイゲツ,ディープインパクト,13,7,11,,(栗),藤岡健一
2勝,202606140903040903,"2026. 6.14",阪神,ヒーローインチーフ,セ,5,西塚洸二, 58 ,14,消,芝,1200,B,良,----,----,,,,,,0,,,53.70,49.1,,A03,0,    0.0,2021106661,,,,,,,,,,,ハクツ牧場,新冠町,ディスクリートキャット,カクテルラウンジ,タニノギムレット,13,3,3,,(栗),吉田直弘
未勝利,202606140903040406,"2026. 6.14",阪神,チェルヴァーラ,牡,3,西村淳也, 57 ,17,１,芝,2200,B,良,2117,-0.3,9,10,9,6,34.1,1,57.3,*,55.77,54.8,,003,580,,2023107106,220,140,730,0.6,中団,差し,36.60,506,0,2.2,ノーザンファーム,安平町,エピファネイア,チェッキーノ,キングカメハメハ,17,3,6,,(栗),松下武士
未勝利,202606140903040308,"2026. 6.14",阪神,サマーナジュム,牡,3,松若風馬, 57 ,16,６,ダ,1800,,良,1555,0.7,2,2,2,2,39.3,9,46.9,*,50.63,48.3,,003,0,,2023104379,(139.3),,,0.1,先行,先行,38.10,486,-8,139.3,ノースヒルズ,新冠町,キズナ,ヴォルドニュイ,"Sky Mesa",16,4,8,,(栗),角田晃一
未勝利,202606140903040304,"2026. 6.14",阪神,ワンダーゾルダート,牡,3,幸英明, 57 ,16,10,ダ,1800,,良,1562,1.4,4,3,4,4,39.9,11,45.6,,50.63,48.3,,003,0,,2023101714,(34.3),,,0.2,先行,先行,38.15,436,+6,34.3,高昭牧場,浦河町,ゴールドドリーム,クインズモモナ,エイシンフラッシュ,16,2,4,,(栗),羽月友彦
未勝利,202606140903040203,"2026. 6.14",阪神,チョウスター,牝,3,幸英明, 55 ,16,６,ダ,1400,,良,1267,1.3,,,2,2,38.6,7,43.5,,46.70,46.3,,A03,0,,2023104226,(77.5),,,0.1,先行,先行,36.08,460,0,77.5,対馬正,新冠町,エスポワールシチー,アラモアナワヒネ,グラスワンダー,16,2,3,,(栗),羽月友彦
未勝利,202606140903040209,"2026. 6.14",阪神,ブロンザイト,牡,3,国分優作, 57 ,16,７,ダ,1400,,良,1271,1.7,,,11,10,38.0,5,46.9,*,46.70,46.3,,A03,0,,2023106979,(106.6),,,1.1,中団,中団,36.83,502,+12,106.6,ノーザンファーム,安平町,クリソベリル,クルークハイト,クロフネ,16,5,9,,(栗),福永祐一
未勝利,202606140903040205,"2026. 6.14",阪神,ブルークレスト,牡,3,城戸義政, 57 ,16,13,ダ,1400,,良,1296,4.2,,,11,12,40.6,14,40.5,,46.70,46.3,,A03,0,,2023101888,(181.7),,,1.0,後方,後方,36.75,470,,181.7,村中牧場,浦河町,レッドファルクス,エンプレスラブ,マイネルラヴ,16,3,5,,(栗),宮地貴稔
未勝利,202606140903040210,"2026. 6.14",阪神,ハピネスサンライズ,牝,3,西村淳也, 55 ,16,16,ダ,1400,,良,1339,8.5,,,4,5,45.5,16,29.8,,46.70,46.3,,A03,0,,2023100910,(10.8),,,0.4,中団,中団,36.30,472,+6,10.8,下河辺牧場,日高町,ダノンスマッシュ,オークヴィル,タニノギムレット,16,5,10,,(栗),東田明士
1勝,202606140503040816,"2026. 6.14",東京,ウフドゥウフ,牡,4,原優介, 58 ,16,２,ダ,1600,,稍,1370,0.2,,,3,2,35.4,2,54.4,*,54.67,54.1,,004,330,,2022105257,(6.4),150,560,0.2,先行,先行,36.96,506,+6,6.4,社台ファーム,千歳市,エピファネイア,エッグドロップ,"Alphabet Soup",16,8,16,,(美),上原博之
1勝,202606140503040704,"2026. 6.14",東京,ショウグンマサムネ,牡,3,荻野極, 55 ,8,７,芝,2000,C,良,2021,1.1,,3,5,5,34.2,7,60.2,,61.67,61.5,,004,0,,2023103897,(6.8),,,0.5,中団,中団,37.67,476,-2,6.8,レイクヴィラファーム,洞爺湖町,スワーヴリチャード,ナオミノユメ,ジャングルポケット,8,4,4,,(栗),佐藤悠太
1勝,202606140503040610,"2026. 6.14",東京,ジェイエルモーダル,牡,3,丸山元気, 55 ,16,２,ダ,2100,,稍,2113,0.2,10,13,11,10,38.1,2,47.8,*,47.57,45.2,,A03,330,,2023106313,(2.0),120,640,0.9,中団,差し,37.28,450,-2,2.0,ナカノファーム,日高町,デクラレーションオブウォー,ジェイエルノブレス,ヨハネスブルグ,15,5,10,,(美),松尾卓哉
1勝,202606140503040602,"2026. 6.14",東京,プルメリアクヒオ,牡,5,石神深道,55▲,16,12,ダ,2100,,稍,2134,2.3,2,3,3,4,40.8,13,40.8,,47.57,45.2,,A03,0,,2021103208,(57.7),,,0.3,先行,先行,37.04,464,+6,57.7,まるとみ冨岡牧場,浦河町,ホッコータルマエ,プルメリアミコ,ケイムホーム,15,1,2,,(美),深山雅史
未勝利,202606140503040315,"2026. 6.14",東京,リーデレクオーレ,牝,3,柴田大知, 55 ,18,２,芝,1400,C,良,1218,0.2,,,1,1,34.2,11,54.4,*,56.27,55.0,,A03,230,,2023104425,(144.0),1980,33380,0.0,逃げ,逃げ,35.70,418,+2,144.0,ハクツ牧場,新冠町,アルアイン,ゴルトメーネ,バゴ,17,7,15,,(美),秋本大介
未勝利,202606140503040309,"2026. 6.14",東京,ヤマニンアレシス,牡,3,大野拓弥, 57 ,18,７,芝,1400,C,良,1221,0.5,,,6,7,34.0,8,56.1,*,56.27,55.0,,A03,0,,2023104357,(3.1),,,0.5,中団,中団,36.08,464,+4,3.1,錦岡牧場,新冠町,イスラボニータ,ヤマニンアストレア,キングカメハメハ,17,5,9,,(美),堀内岳志
未勝利,202606140503040206,"2026. 6.14",東京,ザンテソーロ,牡,3,菊沢一樹, 57 ,16,２,ダ,2100,,稍,2133,0.8,13,11,10,10,38.0,2,50.3,*,50.40,48.7,,A03,230,,2023106733,(32.5),400,1260,1.0,中団,差し,38.12,456,+6,32.5,リョーケンファーム,日高町,オルフェーヴル,アオイテソーロ,ルーラーシップ,16,3,6,,(美),畠山吉宏
未勝利,202606140503040204,"2026. 6.14",東京,ウインガネーシャ,牡,3,木幡巧也, 57 ,16,３,ダ,2100,,稍,2133,0.8,9,9,8,9,38.2,3,49.6,*,50.40,48.7,,A03,150,,2023105870,(22.3),310,,0.8,中団,差し,38.04,462,-2,22.3,コスモヴューファーム,新冠町,ゴールドドリーム,ウインメディウム,ヘニーヒューズ,16,2,4,,(美),高木登
未勝利,202606140503040209,"2026. 6.14",東京,ニシノロッドマン,牡,3,野中悠太, 57 ,16,５,ダ,2100,,稍,2139,1.4,6,6,7,7,38.9,4,47.7,*,50.40,48.7,,A03,58,,2023104706,(119.0),,,0.7,中団,中団,38.00,500,+6,119.0,メイタイファーム,新冠町,リーチザクラウン,ニシノミウ,スマートファルコン,16,5,9,,(美),矢嶋大樹
未勝利,202606140503040216,"2026. 6.14",東京,ガビーズメロディ,牡,3,ゴンサル, 57 ,16,７,ダ,2100,,稍,2147,2.2,13,14,13,14,39.0,6,48.2,,50.40,48.7,,A03,0,,2023106214,(97.5),,,1.4,後方,後方,38.28,488,+12,97.5,松浦牧場,新冠町,ミスターメロディ,アイナ,ステイゴールド,16,8,16,,(美),伊坂重信
未勝利,202606140503040115,"2026. 6.14",東京,ツクバヴァンガード,牡,3,佐藤翔馬,54▲,15,２,ダ,1300,,稍,1185,0.0,,,1,1,36.2,4,50.2,*,50.73,50.2,,003,230,,2023101037,(1.8),110,1210,0.0,逃げ,逃げ,36.26,484,+4,1.8,シンボリ牧場,日高町,リーチザクラウン,キャプテンガール,キャプテンスティーヴ,15,8,15,,(美),奥平雅士
未勝利,202606140503040102,"2026. 6.14",東京,イナンナ,牝,3,上里直汰,52▲,15,10,ダ,1300,,稍,1206,2.1,,,13,13,36.5,8,53.6,,50.73,50.2,,003,0,,2023102211,(167.9),,,1.8,後方,後方,37.80,464,,167.9,まるとみ冨岡牧場,浦河町,マジェスティックウォリアー,アンミ,アッミラーレ,15,2,2,,(美),奥村武
2勝,202606140201021108,"2026. 6.14",函館,ガットネロ,牝,6,小沢大仁, 56 ,16,４,芝,1200,A,良,1083,0.1,,,5,4,34.6,8,47.4,*,48.63,45.4,,A04,240,    0.0,2020105073,(67.2),,,0.4,先行,先行,33.70,496,0,67.2,大狩部牧場,新冠町,アメリカンペイトリオット,ブラックシュガー,ブラックタイド,16,4,8,,(栗),東田明士
2勝,202606140201021115,"2026. 6.14",函館,ベビーズブレス,牝,4,舟山瑠泉, 56 ,16,５,芝,1200,A,良,1084,0.2,,,3,2,34.9,12,46.0,*,48.63,45.4,,A04,158,    0.0,2022106351,(17.7),,,0.2,先行,先行,33.50,434,+16,17.7,隆栄牧場,新冠町,アドマイヤマーズ,レディーガリレオ,Galileo,16,8,15,,(栗),千田輝彦
2勝,202606140201021109,"2026. 6.14",函館,ミニョンマルーン,牝,4,長浜鴻緒, 56 ,16,６,芝,1200,A,良,1084,0.2,,,1,1,35.1,15,44.9,*,48.63,45.4,,A04,0,    0.0,2022103151,(12.0),,,0.0,逃げ,逃げ,33.30,492,+14,12.0,ビクトリーホースランチ,浦河町,ミスターメロディ,タイキマロン,ファスリエフ,16,5,9,,(美),伊藤圭三
2勝,202606140201021101,"2026. 6.14",函館,ハリウッドメモリー,牝,4,横山和生, 56 ,16,10,芝,1200,A,良,1086,0.4,,,6,7,34.8,11,47.1,*,48.63,45.4,,A04,0,    0.0,2022100632,(4.2),,,0.5,中団,中団,33.80,468,+10,4.2,ケイアイファーム,新ひだか町,ロードカナロア,スピニングワイルドキャット,"Hard Spun",16,1,1,,(栗),長谷川浩
2勝,202606140201021103,"2026. 6.14",函館,ムチャスグラシアス,牝,5,国分恭介, 56 ,16,16,芝,1200,A,良,1090,0.8,,,10,11,34.9,12,47.7,*,48.63,45.4,,A04,0,    0.0,2021104217,(85.4),,,0.8,後方,後方,34.10,446,+8,85.4,友田牧場,新ひだか町,カリフォルニアクローム,ロスグラシアレス,シンボリクリスエス,16,2,3,,(美),菊川正達
1勝,202606140201020907,"2026. 6.14",函館,ポタリング,セ,4,遠藤汰月, 58 ,10,６,芝,1800,A,良,1486,0.8,4,3,3,5,35.3,6,53.8,*,56.23,54.9,,004,0,    0.0,2022101191,(19.3),,,0.3,中団,中団,36.65,446,+4,19.3,オリオンファーム,日高町,ノーブルミッション,ウインルキア,ディープインパクト,10,7,7,,(美),武藤善則
未勝利,202606140201020603,"2026. 6.14",函館,エイカイコバチ,牝,3,小沢大仁, 55 ,16,１,芝,2000,A,良,1596,-0.0,8,8,6,5,35.3,2,52.3,*,51.70,49.5,,003,580,,2023107144,6820,760,2730,0.7,中団,差し,36.13,454,+2,68.2,ノーザンファーム,安平町,エピファネイア,ノーブルスコア,ディープインパクト,15,2,3,,(栗),藤原英昭
新馬,202606140201020502,"2026. 6.14",函館,アイシテルヨナオミ,牝,2,今村聖奈,53◇,8,７,芝,1000,A,良,0590,1.3,,,4,3,34.7,7,55.0,,57.00,56.8,,A03,0,,2024107158,(4.5),,,0.3,先行,先行,36.45,420,,4.5,レイクヴィラファーム,洞爺湖町,マインドユアビスケッツ,ナオミラフィネ,ハーツクライ,8,2,2,,(栗),畑端省吾
未勝利,202606140201020101,"2026. 6.14",函館,シバノパージャン,牡,3,小沢大仁, 57 ,16,11,芝,1200,A,良,1097,1.2,,,4,4,35.5,14,46.3,,47.90,47.4,,003,0,,2023107409,(212.1),,,0.4,先行,先行,34.20,438,-4,212.1,アイオイファーム,浦河町,シスキン,ルナリア,ネオユニヴァース,16,1,1,,(栗),牧田和弥
1勝,202606130903031214,"2026. 6.13",阪神,ハルオーブ,牡,6,岩田望来, 58 ,14,１,芝,1200,B,良,1083,-0.1,,,9,8,33.5,3,53.9,*,54.63,48.5,,A03,820,,2020104732,6970,1240,90500,0.9,中団,差し,34.80,470,-10,69.7,藤沢牧場,新ひだか町,ディーマジェスティ,ハルダヨリ,ファルブラヴ,14,8,14,,(美),武井亮
1勝,202606130903030803,"2026. 6.13",阪神,テレプシコーラ,牝,4,国分優作, 56 ,15,13,芝,1600,B,良,1343,0.9,,,13,15,33.5,5,58.9,*,57.60,56.3,牝,023,0,,2022100457,(122.8),,,1.1,後方,後方,36.48,426,0,122.8,吉田ファーム,浦河町,ルーラーシップ,キスオンザグリーン,オルフェーヴル,15,2,3,,(栗),坂口智康
新馬,202606130903030612,"2026. 6.13",阪神,アイゼンフォルク,牡,2,高杉吏麒, 55 ,13,２,ダ,1400,,良,1271,0.2,,,4,2,38.3,1,45.6,*,44.13,43.8,,A03,310,,2024100725,(14.6),360,5170,0.5,先行,先行,36.60,470,,14.6,チャンピオンズファーム,新ひだか町,ブリックスアンドモルタル,エリモハルカ,ナリタトップロード,13,8,12,,(栗),池添学
新馬,202606130903030606,"2026. 6.13",阪神,ルガルデ,牡,2,武豊, 55 ,13,９,ダ,1400,,良,1299,3.0,,,11,11,39.3,6,46.6,,44.13,43.8,,A03,0,,2024108222,(9.9),,,2.3,後方,後方,37.95,492,,9.9,"PTK LLC",米,Munnings,Vaudevillian,"Distorted Humor",13,5,6,,(栗),中竹和也
新馬,202606130903030613,"2026. 6.13",阪神,ラブシンフォニー,牝,2,幸英明, 55 ,13,10,ダ,1400,,良,1300,3.1,,,8,8,40.5,10,41.7,,44.13,43.8,,A03,0,,2024107177,(16.0),,,1.2,中団,中団,37.13,458,,16.0,渡辺隆,むかわ町,インカンテーション,ウエスタンバーキン,ダンカーク,13,8,13,,(栗),藤野健太
未勝利,202606130903030205,"2026. 6.13",阪神,レジェルテ,牡,3,西村淳也, 57 ,16,９,ダ,2000,,良,2090,1.5,4,4,4,4,40.0,11,45.4,,48.77,47.6,,A03,0,,2023107303,(40.0),,,0.4,先行,先行,38.14,466,+4,40.0,ノーザンファーム,安平町,シュヴァルグラン,ラリズ,Bernstein,16,3,5,,(栗),柴田卓
3勝,202606130503031001,"2026. 6.13",東京,レーウィン,セ,5,吉田豊, 58 ,16,10,ダ,1600,,稍,1361,1.5,,,14,14,35.4,4,52.9,*,52.27,49.0,,A04,0,    0.0,2021100734,(102.6),,,1.8,後方,後方,36.42,510,+12,102.6,高昭牧場,浦河町,ヘニーヒューズ,フジインザスカイ,ディープスカイ,16,1,1,,(美),平岩大典
3勝,202606130503031015,"2026. 6.13",東京,トルショー,牡,4,戸崎圭太, 58 ,16,14,ダ,1600,,稍,1368,2.2,,,3,4,37.3,14,45.7,,52.27,49.0,,A04,0,    0.0,2022103766,(28.1),,,0.6,先行,先行,35.70,456,-8,28.1,グランド牧場,新ひだか町,シニスターミニスター,ハヤブサエミネンス,"Medaglia d'Oro",16,8,15,,(美),伊藤圭三
1勝,202606130503030818,"2026. 6.13",東京,ミスターマーボー,牡,3,菊沢一樹, 55 ,18,３,芝,1400,C,良,1213,0.6,,,3,4,34.6,12,51.2,*,52.47,50.9,,A03,210,,2023100831,(30.2),630,,0.4,先行,先行,35.03,448,-2,30.2,グッドラック・ファーム,日高町,シュヴァルグラン,ハタノサンドリヨン,ヨハネスブルグ,18,8,18,,(美),青木孝文
1勝,202606130503030817,"2026. 6.13",東京,カシオペア,牡,4,石川裕紀, 58 ,18,６,芝,1400,C,良,1214,0.7,,,14,15,33.7,1,56.2,*,52.47,50.9,,A03,0,,2022106203,(37.8),,,1.4,後方,後方,35.78,544,-6,37.8,小泉牧場,新冠町,ビッグアーサー,リトルアマポーラ,アグネスタキオン,18,8,17,,(美),上原佑紀
1勝,202606130503030816,"2026. 6.13",東京,シュペルリング,牡,3,津村明秀, 55 ,18,７,芝,1400,C,良,1215,0.8,,,15,14,33.9,3,55.3,*,52.47,50.9,,A03,0,,2023104450,(7.8),,,1.3,後方,後方,35.70,440,0,7.8,ハシモトフアーム,新冠町,シスキン,ラプソディーア,ディープブリランテ,18,8,16,,(美),嘉藤貴行
1勝,202606130503030814,"2026. 6.13",東京,シャオママル,牡,3,ゴンサル, 55 ,18,８,芝,1400,C,良,1215,0.8,,,8,8,34.5,11,52.2,*,52.47,50.9,,A03,0,,2023100776,(8.1),,,0.7,中団,中団,35.25,442,+2,8.1,木部ファーム,日高町,アルアイン,ジレーネ,キングカメハメハ,18,7,14,,(美),加藤士津
新馬,202606130503030501,"2026. 6.13",東京,コスモハナミズキ,牝,2,木幡巧也, 55 ,7,３,芝,1600,C,良,1391,0.6,,,6,6,33.8,3,65.9,*,66.07,65.4,牝,023,200,,2024103590,(60.2),,,0.5,後方,追込,39.18,420,,60.2,ビッグレッドファーム,新冠町,ウインブライト,ココ,ロージズインメイ,7,1,1,,(美),菊川正達
ＪＧ３,202606130503030406,"2026. 6.13",東京,ブラックボイス,牡,7,坂口智康, 60 ,10,３,芝,3110,C,稍,3230,0.7,2,2,1,1,13.1,,,,,,,A00,750,    5.1,2019105276,(53.7),500,,,逃げ,逃げ,,520,+4,53.7,ノーザンファーム,安平町,ブラックタイド,ソングライティング,"Giant's Causeway",10,6,6,,(美),浅利英明
ＪＧ３,202606130503030404,"2026. 6.13",東京,ローディアマント,セ,6,伴啓太, 60 ,10,５,芝,3110,C,稍,3246,2.3,4,5,8,8,13.2,,,,,,,A00,300,    0.0,2020101429,(19.8),,,,後方,後方,,490,+2,19.8,クラウン日高牧場,日高町,サトノダイヤモンド,ブロッサムレーン,"New Approach",10,4,4,,(美),尾関知人
ＪＧ３,202606130503030401,"2026. 6.13",東京,ピーターサイト,セ,6,上野翔, 60 ,10,10,芝,3110,C,稍,3289,6.6,1,1,2,6,13.4,,,,,,,A00,0,    0.0,2020105611,(8.5),,,,逃げ,逃げ,,476,-6,8.5,ノースヒルズ,新冠町,ワンアンドオンリー,ヴィクトリアアイ,ブライアンズタイム,10,1,1,,(美),村田一誠
未勝利,202606130503030201,"2026. 6.13",東京,キコリータ,牝,3,横山典弘, 55 ,18,７,芝,2400,C,稍,2268,0.6,12,11,11,11,34.6,4,58.1,*,58.10,56.3,,A03,0,,2023103321,(29.4),,,0.9,中団,中団,37.40,412,0,29.4,社台ファーム,千歳市,レイデオロ,アルマンド,ディープインパクト,18,1,1,,(美),田中勝春
1勝,202606130201010909,"2026. 6.13",函館,シャインバオバブ,牡,4,古川吉洋, 58 ,11,９,芝,2000,A,稍,2005,0.7,11,11,10,10,35.6,5,52.2,*,51.67,51.4,,A03,0,    0.0,2022106180,(24.6),,,0.7,後方,後方,36.39,520,+8,24.6,川島牧場,新冠町,シルバーステート,レユシット,ルーラーシップ,11,7,9,,(栗),本田優
1勝,202606130201010703,"2026. 6.13",函館,グランテレーズ,牝,5,小沢大仁, 56 ,8,４,芝,1200,A,稍,1083,0.4,,,2,2,34.3,7,49.1,*,52.33,49.7,,003,120,,2021102401,(8.0),,,0.1,先行,先行,34.00,466,+10,8.0,坂東牧場,平取町,シュヴァルグラン,アドマイヤテレサ,エリシオ,8,3,3,,(栗),渡辺薫彦
未勝利,202606130201010606,"2026. 6.13",函館,サンオブザサン,牡,3,斎藤新, 57 ,12,６,ダ,1700,,稍,1467,3.2,8,8,7,5,39.2,7,43.9,,47.87,48.4,,003,0,,2023101979,(32.3),,,0.9,中団,中団,36.82,514,+12,32.3,岡部雅樹,浦河町,タニノフランケル,ソレイユフルール,マツリダゴッホ,12,5,6,,(栗),高橋一哉
未勝利,202606130201010311,"2026. 6.13",函館,クルビデンス,牡,3,大久保友,54▲,12,６,ダ,1000,,稍,0592,1.4,,,10,7,35.4,5,50.8,,47.90,47.7,,003,0,,2023104001,(195.5),,,1.0,中団,中団,35.70,464,+6,195.5,大林ファーム,新冠町,アメリカンペイトリオット,シャインレジーナ,アグネスタキオン,12,8,11,,(美),菊川正達
未勝利,202606130201010104,"2026. 6.13",函館,スタンダールロマン,牝,3,松岡正海, 55 ,16,12,芝,1200,A,稍,1106,2.1,,,7,7,36.0,14,46.1,,50.80,48.0,,A03,0,,2023105725,(62.5),,,0.7,中団,中団,34.60,426,-4,62.5,木村牧場,日高町,キタサンブラック,レッドムーヴ,"Rock of Gibraltar",15,2,4,,(美),堀内岳志
未勝利,202606130201010101,"2026. 6.13",函館,ヒャクレツケン,牡,3,河原田菜,53★,16,13,芝,1200,A,稍,1107,2.2,,,9,9,35.8,11,47.5,,50.80,48.0,,A03,0,,2023106687,(179.3),,,1.0,中団,中団,34.90,456,-12,179.3,大狩部牧場,新冠町,タリスマニック,ペスカネラ,ブラックタイド,15,1,1,,(美),青木孝文
未勝利,202606130201010112,"2026. 6.13",函館,デルマハルナ,牝,3,鷲頭虎太,53△,16,15,芝,1200,A,稍,1115,3.0,,,13,15,35.9,13,49.2,,50.80,48.0,,A03,0,,2023101370,(310.4),,,1.7,後方,後方,35.60,460,,310.4,ファニーヒルファーム,日高町,ディーマジェスティ,フェリシアルチア,サウスヴィグラス,15,6,12,,(美),天間昭一
1勝,202606070903021207,"2026. 6. 7",阪神,オーレアミスト,セ,4,Ｍ．デム, 58 ,12,10,ダ,1800,,稍,1539,2.6,12,12,9,7,37.5,9,51.9,,54.57,55.4,,A03,0,,2022104841,(24.5),,,0.9,中団,中団,38.20,492,-10,24.5,ノーザンファーム,安平町,ゴールドドリーム,ジンジャーミスト,Bernardini,12,6,7,,(栗),井上智史
1勝,202606070903021204,"2026. 6. 7",阪神,アーサーバローズ,牡,3,渡辺竜也, 55 ,12,11,ダ,1800,,稍,1559,4.6,7,7,9,11,39.4,11,47.1,,54.57,55.4,,A03,0,,2023105468,(65.8),,,1.0,後方,後方,38.25,490,0,65.8,静内フジカワ牧場,新ひだか町,キセキ,シーカーマ,"Exchange Rate",12,4,4,,(栗),寺島良
新馬,202606070903020511,"2026. 6. 7",阪神,スピーディスピン,牝,2,田山旺佑,53△,11,５,芝,1400,B,稍,1227,0.8,,,7,6,35.1,5,51.7,*,52.80,49.5,,A03,78,,2024107310,(35.3),,,0.9,中団,中団,35.70,454,,35.3,パカパカファーム,新冠町,アジアエクスプレス,インアスピン,モーリス,11,8,11,,(栗),加藤公太
新馬,202606070903020501,"2026. 6. 7",阪神,クリコキアナ,牝,2,国分恭介, 55 ,11,10,芝,1400,B,稍,1234,1.5,,,1,1,36.7,11,45.4,,52.80,49.5,,A03,0,,2024100009,(53.7),,,0.0,逃げ,逃げ,35.03,458,,53.7,アイズスタッド,日高町,サリオス,リノキアナ,エピファネイア,11,1,1,,(栗),谷潔
未勝利,202606070903020401,"2026. 6. 7",阪神,アンリミテッド,牡,3,西村淳也, 57 ,16,６,ダ,1400,,良,1261,1.2,,,4,4,37.9,8,45.4,,48.70,47.6,,003,0,,2023104417,(8.8),,,0.2,先行,先行,36.15,500,0,8.8,ノースヒルズ,新冠町,キズナ,ラルムドランジュ,Dansili,16,1,1,,(栗),高野友和
未勝利,202606070903020308,"2026. 6. 7",阪神,シエルブリエ,牡,3,渡辺竜也, 57 ,16,７,ダ,1800,,良,1560,1.8,7,9,11,11,38.4,3,51.0,*,49.27,49.9,,003,0,,2023102187,(230.6),,,1.5,後方,後方,38.80,520,+8,230.6,北光牧場,浦河町,アルアイン,アンジェルブ,Tiznow,16,4,8,*,(栗),浜田多実
未勝利,202606070903020313,"2026. 6. 7",阪神,マーゴットデウス,セ,3,小沢大仁, 57 ,16,10,ダ,1800,,良,1569,2.7,10,12,8,8,39.7,11,47.2,,49.27,49.9,,003,0,,2023103289,(72.9),,,1.1,中団,中団,38.60,492,-2,72.9,矢野牧場,新ひだか町,ドレフォン,スターリーウインド,ゼンノロブロイ,16,7,13,,(栗),今野貞一
未勝利,202606070903020209,"2026. 6. 7",阪神,メイショウプレマ,牝,3,森田誠也,52▲,15,７,芝,1800,B,良,1478,0.8,,,2,2,34.9,13,54.4,*,57.27,56.9,牝,023,0,,2023101585,(5.2),,,0.0,先行,先行,36.45,472,+2,5.2,ヤナガワ牧場,日高町,リオンディーズ,ヒガシドリーム,ドリームジャーニー,15,5,9,,(栗),石橋守
2勝,202606070503020902,"2026. 6. 7",東京,ズイウンゴサイ,牡,5,津村明秀, 58 ,8,５,芝,2000,C,良,1591,1.2,,7,7,7,34.7,3,54.2,*,53.97,54.0,,A04,158,    0.0,2021100597,(59.6),,,0.9,後方,後方,36.17,468,+4,59.6,エムエム、ヤマダファーム,浦河町,シュヴァルグラン,ブルーインザスカイ,チチカステナンゴ,8,2,2,,(美),武市康男
1勝,202606070503020802,"2026. 6. 7",東京,デスサイズ,牡,3,菊沢一樹, 55 ,17,７,芝,1600,C,良,1331,0.3,,,1,1,35.3,15,48.2,*,52.83,49.1,,A04,0,,2023101085,(14.9),,,0.0,逃げ,逃げ,34.68,462,-2,14.9,竹島幸治,日高町,シスキン,トーホウハニー,ステイゴールド,17,1,2,,(美),小手川準
1勝,202606070503020712,"2026. 6. 7",東京,モティスフォント,牡,4,杉原誠人, 58 ,16,７,ダ,1400,,良,1261,1.2,,,14,14,36.9,3,50.0,*,46.17,44.3,,003,0,,2022104953,(10.9),,,1.9,後方,後方,36.90,494,-2,10.9,ノーザンファーム,安平町,モーリス,バンゴール,キングカメハメハ,15,6,12,,(美),田村康仁
未勝利,202606070503020604,"2026. 6. 7",東京,フェイスリフト,牡,3,ディー, 57 ,16,３,ダ,1300,,良,1191,0.8,,,6,5,36.8,4,48.5,*,48.17,48.2,,A03,150,,2023106605,(1.9),110,,0.5,中団,差し,36.26,456,-4,1.9,ミルファーム,浦河町,フォーウィールドライブ,ポンポン,ブラックタイド,16,2,4,,(美),嘉藤貴行
未勝利,202606070503020614,"2026. 6. 7",東京,カフェプラウド,牡,3,石神深道,54▲,16,11,ダ,1300,,良,1210,2.7,,,10,11,37.6,9,48.9,,48.17,48.2,,A03,0,,2023102246,(33.0),,,1.6,後方,後方,37.20,484,+4,33.0,三嶋牧場,浦河町,ドレフォン,ラゴンダカフェ,カフェラピード,16,7,14,,(美),柄崎将寿
未勝利,202606070503020602,"2026. 6. 7",東京,ダイユウサルターレ,牡,3,吉田豊, 57 ,16,14,ダ,1300,,良,1218,3.5,,,14,13,38.2,12,47.8,,48.17,48.2,,A03,0,,2023102809,(90.0),,,1.8,後方,後方,37.37,526,+12,90.0,タイヘイ牧場,新ひだか町,サートゥルナーリア,ラストワルツ,ゼンノロブロイ,16,1,2,,(美),松永康利
未勝利,202606070503020316,"2026. 6. 7",東京,エターナルホープ,牡,3,原優介, 57 ,16,４,ダ,1600,,良,1397,0.5,,,6,7,37.7,5,48.7,*,49.10,47.5,,003,87,,2023102555,(5.6),,,0.6,中団,差し,37.20,494,-8,5.6,桑嶋峰雄,新ひだか町,エピカリス,サチノマリアージュ,サウスヴィグラス,16,8,16,,(美),鈴木慎太
未勝利,202606070503020208,"2026. 6. 7",東京,インナーパッション,牡,3,横山琉人, 57 ,16,１,ダ,2100,,良,2127,-0.1,13,13,12,8,37.0,1,53.5,*,51.27,50.1,,003,580,,2023103714,750,290,1650,0.9,中団,差し,38.28,520,+8,7.5,追分ファーム,安平町,キズナ,ブラインドラック,"Pollard's Vision",16,4,8,,(美),斎藤誠
未勝利,202606070503020215,"2026. 6. 7",東京,ブラックパロット,牡,3,佐々木大, 57 ,16,12,ダ,2100,,良,2165,3.8,7,7,7,8,40.8,12,43.8,,51.27,50.1,,003,0,,2023107307,(21.8),,,0.9,中団,中団,38.28,526,+2,21.8,ノーザンファーム,安平町,アドマイヤマーズ,リアアントニア,"Rockport Harbor",16,8,15,,(美),手塚貴徳
未勝利,202606070503020112,"2026. 6. 7",東京,ロンバスブレス,牝,3,菊沢一樹, 55 ,16,４,ダ,1400,,良,1266,0.8,,,6,7,38.0,4,45.9,*,46.43,46.1,牝,023,87,,2023106053,(4.9),,,0.4,中団,差し,36.45,466,-4,4.9,坂東牧場,平取町,イスラボニータ,プリンセスヨウク,エンパイアメーカー,16,6,12,,(美),石栗龍彦
未勝利,202606070503020101,"2026. 6. 7",東京,カゼノオモイデ,牝,3,野中悠太, 55 ,16,16,ダ,1400,,良,1424,16.6,,,14,16,52.7,16,20.7,,46.43,46.1,牝,023,0,,2023100890,(220.4),,,1.5,後方,後方,37.28,428,0,220.4,鹿戸和幸,日高町,イスラボニータ,オモイデヲノセテ,アドマイヤムーン,16,1,1,,(美),佐藤吉勝
3勝,202606060903011106,"2026. 6. 6",阪神,バッデレイト,牡,5,岩田望来, 58 ,11,３,芝,2000,B,良,1590,0.3,5,5,6,6,33.7,2,58.5,*,57.03,56.3,,A04,470,    3.3,2021102728,(3.9),150,,0.7,中団,差し,36.56,474,+4,3.9,杵臼牧場,浦河町,サトノダイヤモンド,ビーウインド,スピニングワールド,11,6,6,,(栗),上村洋行
1勝,202606060903010905,"2026. 6. 6",阪神,エイシンティザー,牡,3,武豊, 55 ,9,３,芝,1800,B,良,1457,0.2,,,4,3,33.9,2,55.9,*,55.80,55.1,,A04,290,    3.2,2023105516,(10.7),140,,0.3,先行,先行,35.90,500,-2,10.7,木田牧場,新ひだか町,モズアスコット,エイシンソルティー,Tapit,9,5,5,*,(栗),吉村圭司
1勝,202606060903010806,"2026. 6. 6",阪神,ヨカオウ,牡,3,田山旺佑,52△,9,５,芝,2200,B,良,2137,0.7,3,4,3,3,33.8,5,60.8,*,62.23,60.9,,003,82,,2023102707,(4.6),,,0.5,先行,先行,37.46,468,0,4.6,サンデーヒルズ,新ひだか町,キズナ,ヨカヨカ,スクワートルスクワート,9,6,6,,(栗),谷潔
1勝,202606060903010801,"2026. 6. 6",阪神,ミッドタウンナイト,牝,4,秋山稔樹, 56 ,9,７,芝,2200,B,良,2139,0.9,3,3,3,3,34.0,6,60.2,*,62.23,60.9,,003,0,,2022105529,(187.0),,,0.5,先行,先行,37.46,496,+2,187.0,社台ファーム,千歳市,ブラックタイド,ミッドナイトフラッシュ,"Anabaa Blue",9,1,1,,(栗),河嶋宏樹
未勝利,202606060903010702,"2026. 6. 6",阪神,モンシーク,牡,3,松山弘平, 57 ,18,６,芝,1600,B,良,1331,0.3,,,1,1,34.8,10,50.5,*,53.80,51.4,,003,0,,2023105000,(1.5),,,0.0,逃げ,逃げ,34.98,450,-2,1.5,三嶋牧場,浦河町,スクリーンヒーロー,エピックガール,ディープインパクト,18,1,2,,(栗),橋口慎介
未勝利,202606060903010701,"2026. 6. 6",阪神,グッデイ,牝,3,秋山稔樹, 55 ,18,11,芝,1600,B,良,1340,1.2,,,3,4,35.3,15,49.8,,53.80,51.4,,003,0,,2023106988,(31.2),,,0.4,先行,先行,35.22,442,+4,31.2,ノーザンファーム,安平町,フィエールマン,グランワルツ,ロードカナロア,18,1,1,,(栗),河嶋宏樹
未勝利,202606060903010412,"2026. 6. 6",阪神,アンガーザガール,牝,3,西村淳也, 55 ,16,２,芝,1200,B,良,1085,0.0,,,7,7,34.0,1,51.5,*,50.80,49.1,,A03,230,,2023106856,(4.1),150,550,0.4,中団,差し,34.50,460,+8,4.1,ノーザンファーム,安平町,リオンディーズ,アンソロジー,サクラバクシンオー,16,6,12,,(栗),東田明士
未勝利,202606060903010411,"2026. 6. 6",阪神,リアンマカ,牡,3,松若風馬, 57 ,16,８,芝,1200,B,良,1092,0.7,,,12,12,34.2,4,52.3,*,50.80,49.1,,A03,0,,2023105253,(352.4),,,0.9,後方,後方,35.00,440,+1,352.4,社台ファーム,千歳市,マインドユアビスケッツ,モノポリーアイズ,"Le Havre",16,6,11,,(栗),高橋一哉
未勝利,202606060903010407,"2026. 6. 6",阪神,タマモパルファン,牝,3,角田大和, 55 ,16,11,芝,1200,B,良,1096,1.1,,,14,15,34.4,6,52.3,,50.80,49.1,,A03,0,,2023104230,(182.8),,,1.1,後方,後方,35.20,468,,182.8,対馬正,新冠町,サンダースノー,タマモイヤリング,ブラックタイド,16,4,7,,(栗),角田晃一
未勝利,202606060903010416,"2026. 6. 6",阪神,フェイトブレイカー,セ,3,国分優作, 57 ,16,14,芝,1200,B,良,1098,1.3,,,12,12,34.8,11,50.6,,50.80,49.1,,A03,0,,2023101803,(236.2),,,0.9,後方,後方,35.00,464,,236.2,富塚ファーム,浦河町,マジェスティックウォリアー,ナツ,アドマイヤオーラ,16,8,16,,(栗),坂口智康
未勝利,202606060903010210,"2026. 6. 6",阪神,ナムラロダン,牡,3,西村淳也, 57 ,16,５,ダ,1200,,良,1128,0.6,,,3,3,37.6,7,43.6,*,45.10,43.6,,A03,58,,2023106223,(3.1),,,0.3,先行,先行,35.20,476,+4,3.1,谷川牧場,浦河町,ミッキーアイル,サンクイーン2,"Storm Cat",16,5,10,,(栗),長谷川浩
未勝利,202606060903010201,"2026. 6. 6",阪神,デルニエジョイ,牡,3,田口貫太, 57 ,16,７,ダ,1200,,良,1129,0.7,,,4,4,37.6,7,43.9,*,45.10,43.6,,A03,0,,2023101973,(19.7),,,0.4,先行,先行,35.30,468,-2,19.7,浦河日成牧場,浦河町,シスキン,グランジョイ,ダンスインザダーク,16,1,1,,(栗),鈴木孝志
未勝利,202606060903010108,"2026. 6. 6",阪神,ルージュエテルナ,牝,3,西塚洸二, 55 ,16,５,ダ,1400,,良,1256,1.1,,,7,6,37.6,3,45.7,*,45.63,44.0,牝,023,58,,2023103330,(13.4),,,1.0,中団,中団,36.00,488,-2,13.4,社台ファーム,千歳市,エピファネイア,インデリブル,Tiznow,16,4,8,,(栗),友道康夫
未勝利,202606060903010101,"2026. 6. 6",阪神,コイバナ,牝,3,田山旺佑,53△,16,６,ダ,1400,,良,1264,1.9,,,13,12,37.7,4,46.9,*,45.63,44.0,牝,023,0,,2023102700,(14.0),,,1.7,後方,後方,36.53,456,0,14.0,サンデーヒルズ,新ひだか町,モズアスコット,タイムピース,ルーラーシップ,16,1,1,*,(栗),渡辺薫彦
未勝利,202606060903010115,"2026. 6. 6",阪神,マルベック,牝,3,国分優作, 55 ,16,８,ダ,1400,,良,1269,2.4,,,10,10,38.5,6,44.3,,45.63,44.0,牝,023,0,,2023105155,(6.9),,,1.4,中団,中団,36.30,494,+16,6.9,大北牧場,浦河町,ホッコータルマエ,ダイワバーガンディ,ブライアンズタイム,16,8,15,*,(栗),坂口智康
1勝,202606060503011205,"2026. 6. 6",東京,ファンタイムギフト,セ,4,丹内祐次, 58 ,16,５,ダ,1600,,良,1386,1.5,,,7,7,37.2,6,49.0,*,48.07,49.2,,A03,82,,2022102378,(14.0),,,0.9,中団,中団,36.84,494,+2,14.0,二風谷ファーム,平取町,ドレフォン,トウカイシェーン,ダイワメジャー,16,3,5,,(美),相沢郁
1勝,202606060503011215,"2026. 6. 6",東京,オンサイト,牡,4,大久保友,55▲,16,10,ダ,1600,,良,1394,2.3,,,7,7,38.0,10,46.9,,48.07,49.2,,A03,0,,2022100423,(272.7),,,0.9,中団,中団,36.84,456,-8,272.7,"Homey Farm",浦河町,アドミラブル,ブルーロゼット,キングズベスト,16,8,15,,(美),岩戸孝樹
未勝利,202606060503010704,"2026. 6. 6",東京,マイネルシュラハト,牡,3,柴田大知, 57 ,16,10,芝,2000,C,良,2004,0.8,,6,6,6,34.7,9,55.8,*,57.70,55.7,,A03,0,,2023106436,(207.9),,,0.6,中団,中団,36.73,478,-6,207.9,ビッグレッドファーム,新冠町,ベンバトル,クードヴァン,ディープインパクト,16,2,4,,(美),畠山吉宏
未勝利,202606060503010716,"2026. 6. 6",東京,ブルーリファール,牡,3,石橋脩, 57 ,16,11,芝,2000,C,良,2015,1.9,,8,9,9,35.6,13,53.4,,57.70,55.7,,A03,0,,2023106180,(145.7),,,0.8,中団,中団,36.81,490,+4,145.7,トモファーム,新冠町,ブラックタイド,ビジネスライク,カジノドライヴ,16,8,16,,(美),小野次郎
未勝利,202606060503010601,"2026. 6. 6",東京,フェンリル,牡,3,佐々木大, 57 ,16,11,ダ,1600,,良,1398,1.7,,,16,15,37.6,6,49.3,,47.60,46.1,,A03,0,,2023106726,(29.2),,,1.8,後方,後方,37.32,500,0,29.2,日高大洋牧場,日高町,ドレフォン,ユーブゴットイット,"Sea The Stars",16,1,1,,(美),高木登
未勝利,202606060503010309,"2026. 6. 6",東京,レイズレガシー,牡,3,佐々木大, 57 ,16,２,ダ,1400,,稍,1267,0.8,,,9,9,36.8,3,51.7,*,50.37,49.6,,003,230,,2023102978,(3.9),130,550,0.9,中団,差し,37.43,506,+2,3.9,飛野牧場,新ひだか町,ロジャーバローズ,スマートグレイス,ヤマニンセラフィム,16,5,9,,(美),高柳瑞樹
未勝利,202606060503010301,"2026. 6. 6",東京,ヴェントベローチェ,牡,3,北村宏司, 57 ,16,４,ダ,1400,,稍,1269,1.0,,,14,14,36.5,1,53.6,*,50.37,49.6,,003,87,,2023103133,(72.5),,,1.4,後方,追込,37.80,464,-6,72.5,藤沢牧場,新ひだか町,ダノンプレミアム,ケイココサージュ,ヘニーヒューズ,16,1,1,,(美),勢司和浩
未勝利,202606060503010204,"2026. 6. 6",東京,ダイユウヴェンティ,牝,3,菊沢一樹, 55 ,16,15,ダ,1600,,稍,1425,3.8,,,6,6,41.0,16,40.0,,47.77,46.7,牝,023,0,,2023105102,(106.7),,,0.6,中団,中団,36.90,430,0,106.7,上山牧場,浦河町,サートゥルナーリア,クールアンフルール,サクラバクシンオー,16,2,4,,(美),松永康利
2勝,202605310803120801,"2026. 5.31",京都,フィオレストラーダ,牝,4,松若風馬, 56 ,8,１,芝,2000,D,良,1594,-0.2,2,2,2,2,34.9,3,53.8,*,54.20,53.3,牝,023,1190,,2022100626,570,230,1360,0.1,先行,先行,36.21,468,+12,5.7,ケイアイファーム,新ひだか町,エピファネイア,キャトルフィーユ,ディープインパクト,8,1,1,,(栗),杉山晴紀
未勝利,202605310803120503,"2026. 5.31",京都,エアヴァイブス,牝,3,高杉吏麒, 55 ,18,７,芝,1600,D,良,1339,0.4,,,6,6,34.8,8,51.9,*,55.13,49.8,,A03,0,,2023106910,(2.5),,,0.7,中団,中団,35.46,426,-4,2.5,ノーザンファーム,安平町,コントレイル,エアジーン,ハービンジャー,18,2,3,,(栗),福永祐一
未勝利,202605310803120517,"2026. 5.31",京都,アイルトン,牡,3,酒井学, 57 ,18,８,芝,1600,D,良,1339,0.4,,,3,2,35.0,10,51.0,*,55.13,49.8,,A03,0,,2023102920,(10.1),,,0.5,先行,先行,35.34,506,-2,10.1,千代田牧場,新ひだか町,ダノンスマッシュ,ダノングラシアス,マンハッタンカフェ,18,8,17,,(栗),橋田宜長
未勝利,202605310803120204,"2026. 5.31",京都,メイワキラリ,牡,3,鮫島良太, 57 ,16,５,ダ,1200,,良,1135,1.3,,,4,5,36.9,13,49.2,*,50.77,50.6,,003,59,,2023103746,(105.5),,,0.4,中団,中団,36.60,468,-2,105.5,笹川大晃牧場,森町,ミスターメロディ,リュウメイ,コロナドズクエスト,16,2,4,,(栗),河嶋宏樹
未勝利,202605310803120206,"2026. 5.31",京都,ミスジェイド,牝,3,長岡禎仁, 55 ,16,８,ダ,1200,,良,1136,1.4,,,12,11,36.1,3,53.9,*,50.77,50.6,,003,0,,2023104199,(109.1),,,1.3,後方,後方,37.50,452,0,109.1,大栄牧場,新冠町,Blame,アッシャー,"Harlan's Holiday",16,3,6,,(栗),杉山佳明
3勝,202605310502121006,"2026. 5.31",東京,ドットクルー,牡,6,戸崎圭太, 55 ,18,10,芝,1800,C,良,1455,0.6,,12,12,11,33.1,4,59.4,*,58.10,56.1,,A03,0,    0.0,2020101486,(63.2),,,1.1,中団,中団,36.20,472,-4,63.2,佐々木牧場,日高町,ディーマジェスティ,スターオブロゼッタ,ロードカナロア,17,3,6,,(栗),笹田和秀
2勝,202605310502120809,"2026. 5.31",東京,ビップチェイス,牡,5,杉原誠人, 58 ,14,６,芝,2400,C,良,2245,0.4,14,13,2,2,34.6,12,55.9,*,59.40,55.9,,A03,0,    0.0,2021105763,(249.9),,,0.3,ﾏｸﾘ,ﾏｸﾘ,36.63,462,+8,249.9,ノーザンファーム,安平町,アルアイン,ベッラレイア,ナリタトップロード,14,6,9,,(美),田島俊明
2勝,202605310502120812,"2026. 5.31",東京,オールマイデイズ,牡,6,荻野極, 58 ,14,９,芝,2400,C,良,2248,0.7,9,8,8,9,33.6,2,60.3,*,59.40,55.9,,A03,0,    0.0,2020103718,(48.1),,,1.6,中団,中団,37.07,498,0,48.1,ノーザンファーム,安平町,リアルスティール,ロザリンド,シンボリクリスエス,14,7,12,,(美),矢嶋大樹
2勝,202605310502120810,"2026. 5.31",東京,プリズマジコ,牡,5,横山琉人, 58 ,14,10,芝,2400,C,良,2251,1.0,10,10,10,9,33.8,8,59.8,*,59.40,55.9,,A03,0,    0.0,2021106077,(98.9),,,1.7,中団,中団,37.10,454,+4,98.9,大狩部牧場,新冠町,キズナ,グラントリノ,グランデラ,14,6,10,,(栗),高橋義忠
2勝,202605310502120803,"2026. 5.31",東京,バンフィエルド,牡,7,柴田大知, 58 ,14,13,芝,2400,C,良,2257,1.6,10,13,12,12,34.2,11,58.7,,59.40,55.9,,A03,0,    0.0,2019104531,(323.4),,,1.9,後方,後方,37.17,436,+2,323.4,社台コーポレーション白老ファーム,白老町,オルフェーヴル,エヴィータアルゼンティーナ,"Candy Ride",14,3,3,,(美),粕谷昌央
1勝,202605310502120601,"2026. 5.31",東京,スターチスブーケ,牝,5,菊沢一樹, 56 ,11,５,芝,1800,C,良,1465,1.4,,4,3,3,35.0,9,52.1,,56.07,54.1,,A03,82,,2021110075,(142.7),,,0.5,先行,先行,35.75,524,+14,142.7,"Gerty Bloodstock",米,"Practical Joke","Sovereign Halo",Haynesfield,11,1,1,,(美),田中勝春
未勝利,202605310502120411,"2026. 5.31",東京,フォーエバーラブ,牡,3,柴田大知, 57 ,18,13,芝,1600,C,良,1353,1.5,,,13,16,34.4,6,56.2,,54.93,53.1,,A03,0,,2023102941,(33.6),,,1.6,後方,後方,36.54,454,+4,33.6,千代田牧場,新ひだか町,ミスターメロディ,プレシャスメイト,ステイゴールド,18,6,11,,(美),金成貴史
未勝利,202605310502120209,"2026. 5.31",東京,ショウナンタヅナ,牡,3,津村明秀, 57 ,16,３,ダ,1400,,良,1266,0.6,,,16,14,36.7,1,52.0,*,48.03,44.7,,A03,150,,2023100531,(123.5),1840,,1.9,後方,追込,37.43,466,-10,123.5,二風谷ファーム,平取町,ドレフォン,ウインフロレゾン,フジキセキ,16,5,9,,(美),武市康男
Ｇ３,202605300803111101,"2026. 5.30",京都,トップアタック,牡,3,小沢大仁, 57 ,16,５,芝,1200,D,良,1079,0.3,,,2,2,34.1,10,49.1,*,53.93,49.4,,N04,410,    0.0,2023104528,(86.0),,,0.1,先行,先行,33.80,468,+4,86.0,細川農場,新冠町,サトノダイヤモンド,レッドアマルフィ,ロードカナロア,16,1,1,,(栗),小椋研介
Ｇ３,202605300803111110,"2026. 5.30",京都,シラヌイ,牝,3,吉村誠之, 55 ,16,９,芝,1200,D,良,1082,0.6,,,10,8,33.8,9,51.8,*,53.93,49.4,,N04,0,    0.0,2023105668,(44.1),,,0.7,中団,中団,34.40,448,+4,44.1,木田牧場,新ひだか町,フィレンツェファイア,ミスティック,キンシャサノキセキ,16,5,10,,(栗),高橋亮
Ｇ３,202605300803111104,"2026. 5.30",京都,フォーゲル,牡,3,坂井瑠星, 57 ,16,11,芝,1200,D,良,1083,0.7,,,6,6,34.1,10,50.3,*,53.93,49.4,,N04,0,    0.0,2023105273,(7.7),,,0.5,中団,中団,34.20,528,+4,7.7,ノーザンファーム,安平町,アルアイン,エリカポンシャン,ロードカナロア,16,2,4,,(栗),斉藤崇史
3勝,202605300803111010,"2026. 5.30",京都,マンオブザマッチ,牡,4,荻野極, 56 ,16,８,ダ,1800,,良,1527,1.3,8,8,6,6,36.2,10,55.7,,57.03,56.9,,A03,0,    0.0,2022101677,(21.6),,,0.6,中団,中団,38.25,490,0,21.6,ダーレー・ジャパン・ファーム,日高町,ファインニードル,パテントジョイ,Pivotal,16,5,10,,(栗),高橋義忠
OP(L),202605300803110903,"2026. 5.30",京都,ケンフィールド,牡,3,高杉吏麒, 57 ,9,９,ダ,1800,,良,1525,2.4,3,3,6,5,38.3,8,46.9,,51.57,49.6,,N04,0,    0.0,2023101694,(132.0),,,0.9,中団,中団,37.10,476,+2,132.0,ケンブリッジバレー,浦河町,タリスマニック,ケンブリッジハーツ,キングヘイロー,9,3,3,*,(栗),大根田裕
2勝,202605300803110809,"2026. 5.30",京都,インフローレ,牝,4,今村聖奈,54◇,12,11,芝,1400,D,良,1215,0.8,,,11,12,33.2,2,59.1,*,55.30,52.5,,A04,0,,2022102729,(75.2),,,1.7,後方,後方,36.23,442,+4,75.2,杵臼牧場,浦河町,リオンディーズ,キュイキュイ,ハービンジャー,12,7,9,,(栗),寺島良
1勝,202605300803110706,"2026. 5.30",京都,メイショウビストロ,牡,4,田山旺佑,56△,15,３,芝,1600,D,良,1334,0.1,,,10,12,33.8,2,55.8,*,53.60,51.8,,A03,210,,2022103251,(22.5),410,,0.9,後方,追込,35.76,442,-2,22.5,三嶋牧場,浦河町,カリフォルニアクローム,メイショウオワラ,ディープブリランテ,15,4,6,,(栗),岡田稲男
1勝,202605300803110710,"2026. 5.30",京都,テレプシコーラ,牝,4,国分優作, 56 ,15,６,芝,1600,D,良,1337,0.4,,,15,13,33.5,1,57.8,*,53.60,51.8,,A03,0,,2022100457,(34.1),,,1.5,後方,後方,36.12,426,0,34.1,吉田ファーム,浦河町,ルーラーシップ,キスオンザグリーン,オルフェーヴル,15,6,10,,(栗),坂口智康
未勝利,202605300803110513,"2026. 5.30",京都,ダンツウルス,牡,3,田口貫太, 57 ,18,３,芝,1800,D,良,1465,0.8,,,9,7,34.7,3,53.5,*,55.00,52.3,,003,150,,2023102901,(6.0),120,,0.8,中団,差し,35.90,464,+4,6.0,千代田牧場,新ひだか町,リアルスティール,コゴメユキ,"Liam's Map",18,7,13,,(栗),谷潔
未勝利,202605300803110506,"2026. 5.30",京都,ハッピーリオン,牝,3,太宰啓介, 55 ,18,８,芝,1800,D,良,1472,1.5,,,1,1,36.2,12,48.1,,55.00,52.3,,003,0,,2023101899,(97.6),,,0.0,逃げ,逃げ,35.50,470,+6,97.6,吉田ファーム,浦河町,リオンリオン,ラファイエ,"Elusive Quality",18,3,6,,(栗),武英智
未勝利,202605300803110511,"2026. 5.30",京都,ノヴァレジーナ,牝,3,国分恭介, 55 ,18,９,芝,1800,D,良,1473,1.6,,,13,13,35.0,4,53.3,*,55.00,52.3,,003,0,,2023105587,(86.9),,,1.3,後方,後方,36.15,452,0,86.9,岡野牧場,新ひだか町,アメリカンペイトリオット,ヴァーチュスター,"Symboli Kris S",18,6,11,,(栗),中尾秀正
未勝利,202605300803110516,"2026. 5.30",京都,アンタレス,牡,3,和田陽希,54▲,18,18,芝,1800,D,良,1510,5.3,,,15,15,37.7,16,47.2,,55.00,52.3,,003,0,,2023100017,(213.5),,,2.3,後方,後方,36.65,514,+10,213.5,猪野毛牧場,新ひだか町,キズナ,マサノバルサー,エンパイアメーカー,18,8,16,,(栗),藤野健太
未勝利,202605300803110210,"2026. 5.30",京都,ジューンマーチ,牡,3,国分優作, 57 ,16,４,ダ,1800,,良,1545,1.0,5,5,4,6,38.1,5,50.3,*,52.07,51.3,,A03,89,,2023101848,(47.9),,,0.4,中団,差し,38.20,440,-6,47.9,ヒダカフアーム,浦河町,ミッキーアイル,ヒイナヅキ,トビーズコーナー,16,5,10,,(栗),松下武士
未勝利,202605300803110112,"2026. 5.30",京都,ゴールドアーチ,牡,3,丹内祐次, 57 ,16,４,ダ,1400,,良,1258,0.8,,,10,9,36.7,1,50.3,*,47.27,46.4,,A03,89,,2023102051,(13.4),,,1.3,中団,差し,36.83,526,,13.4,笹島政信,浦河町,ミッキーアイル,ゴールドクイーン,シニスターミニスター,16,6,12,,(栗),坂口智康
1勝,202605300502110814,"2026. 5.30",東京,ミスティマウンテン,牡,4,ルメール, 58 ,16,３,ダ,1600,,良,1383,0.6,,,4,4,38.0,6,45.2,*,47.63,45.1,,003,210,,2022101684,(3.1),140,,0.4,先行,先行,36.18,454,-2,3.1,ダーレー・ジャパン・ファーム,日高町,サンダースノー,ブルーミスト,スクリーンヒーロー,16,7,14,,(美),池上昌和
1勝,202605300502110711,"2026. 5.30",東京,グリオンヴール,牡,3,ルメール, 57 ,13,３,芝,1400,C,良,1203,0.3,,,6,6,34.3,4,50.6,*,51.33,46.9,,A04,210,,2023106883,(5.0),150,,0.9,中団,差し,34.50,478,-4,5.0,ノーザンファーム,安平町,エピファネイア,イーデンキー,"No Nay Never",13,7,11,,(美),宮田敬介
1勝,202605300502110706,"2026. 5.30",東京,スタートレイン,牝,3,木幡巧也, 55 ,13,６,芝,1400,C,良,1206,0.6,,,8,8,34.4,5,50.7,*,51.33,46.9,,A04,0,,2023103146,(74.6),,,1.1,中団,中団,34.65,460,+2,74.6,藤沢牧場,新ひだか町,キタサンブラック,レポゼッション,"War Front",13,5,6,,(美),黒岩陽一
1勝,202605300502110602,"2026. 5.30",東京,ターフクリスタル,牡,3,江田照男, 57 ,12,９,ダ,1600,,良,1398,2.6,,,10,9,39.4,9,42.0,,46.67,45.1,,004,0,,2023104958,(40.1),,,0.8,後方,後方,36.24,458,0,40.1,中島牧場,浦河町,インカンテーション,シラヤマヒメ,サクラローレル,12,2,2,,(美),矢野英一
未勝利,202605300502110514,"2026. 5.30",東京,エラガバリウム,セ,3,横山武史, 57 ,16,９,芝,2000,C,良,2015,0.6,,14,14,13,33.5,1,62.6,*,59.07,57.3,,A03,0,,2023107335,(32.7),,,1.6,後方,後方,37.71,444,,32.7,ノーザンファーム,安平町,レイデオロ,レッドオリヴィア,ジャングルポケット,16,7,14,*,(美),千葉直人
未勝利,202605300502110318,"2026. 5.30",東京,ヤマニンアレシス,牡,3,横山武史, 57 ,18,２,芝,1400,C,良,1210,0.0,,,12,14,33.2,1,58.0,*,53.80,51.1,,003,240,,2023104357,(4.2),140,360,1.3,後方,追込,35.85,460,+2,4.2,錦岡牧場,新冠町,イスラボニータ,ヤマニンアストレア,キングカメハメハ,18,8,18,,(美),堀内岳志
未勝利,202605300502110307,"2026. 5.30",東京,ショウナンバーボン,牡,3,ゴンサル, 57 ,18,６,芝,1400,C,良,1215,0.5,,,6,7,34.3,7,53.2,*,53.80,51.1,,003,0,,2023106620,(7.8),,,0.7,中団,中団,35.40,472,+2,7.8,信岡牧場,浦河町,サートゥルナーリア,レッドアルジーヌ,ハーツクライ,18,4,7,,(美),加藤士津
未勝利,202605300502110302,"2026. 5.30",東京,エレクトロン,牡,3,嶋田純次, 57 ,18,９,芝,1400,C,良,1218,0.8,,,8,10,34.4,8,53.3,*,53.80,51.1,,003,0,,2023106608,(454.7),,,0.9,中団,中団,35.55,444,+4,454.7,ミルファーム,浦河町,ビーチパトロール,ヨイミヤ,マツリダゴッホ,18,1,2,,(美),佐藤吉勝
未勝利,202605300502110101,"2026. 5.30",東京,フェアリーキャット,牝,3,石神深道,52▲,16,６,ダ,1400,,良,1274,0.5,,,1,1,37.7,8,48.9,*,52.00,50.2,,003,0,,2023104847,(132.0),,,0.0,逃げ,逃げ,37.28,432,+6,132.0,川越ファーム,浦河町,ディスクリートキャット,ファイアリーラヴ,パイロ,16,1,1,,(美),鈴木慎太
1勝,202605240803101213,"2026. 5.24",京都,ララバッカナール,牝,5,川田将雅, 56 ,16,10,ダ,1400,,良,1252,0.8,,,2,1,38.5,13,41.0,*,44.83,42.5,,003,0,,2021107097,(1.7),,,0.1,先行,先行,35.03,460,-4,1.7,森永聡,新冠町,ヘニーヒューズ,ゴッドダンシング,ダンスインザダーク,16,7,13,,(栗),佐藤悠太
3勝,202605240803101013,"2026. 5.24",京都,エンヤラヴフェイス,牡,5,北村友一, 58 ,14,４,ダ,1200,,良,1110,0.5,,,14,13,34.9,1,53.4,*,45.60,43.7,,A04,280,    0.0,2021101737,(20.1),,,2.0,後方,追込,36.10,512,-6,20.1,チャンピオンズファーム,新ひだか町,エイシンヒカリ,タイキアプローズ,"Devil's Bag",14,8,13,,(栗),森田直行
3勝,202605240803101011,"2026. 5.24",京都,ハクサンアイリス,牡,4,川田将雅, 58 ,14,６,ダ,1200,,良,1110,0.5,,,7,8,36.3,6,45.6,*,45.60,43.7,,A04,0,    0.0,2022100328,(5.9),,,0.6,中団,中団,34.70,484,-6,5.9,中村雅明,浦河町,ハクサンムーン,キャメロンロード,デュランダル,14,7,11,,(栗),高橋一哉
3勝,202605240803101004,"2026. 5.24",京都,スノーサイレンス,牝,4,田山旺佑, 56 ,14,10,ダ,1200,,良,1120,1.5,,,4,4,37.5,11,42.0,,45.60,43.7,,A04,0,    0.0,2022101675,(50.2),,,0.4,先行,先行,34.50,464,+6,50.2,ダーレー・ジャパン・ファーム,日高町,サンダースノー,ハッシュ,コマンズ,14,3,4,,(栗),小栗実
2勝,202605240803100909,"2026. 5.24",京都,アラタマフェーヴル,牡,5,松若風馬, 58 ,11,１,芝,1800,D,良,1463,-0.1,,,2,2,33.5,2,58.7,*,59.10,58.2,,A04,1580,   25.9,2021102115,1100,220,3820,0.1,先行,先行,36.40,494,+4,11.0,槇本牧場,日高町,オルフェーヴル,アラタマクリスエス,シンボリクリスエス,10,7,9,,(栗),浜田多実
1勝,202605240803100714,"2026. 5.24",京都,エイトスターズ,牝,6,Ｍ．デム, 56 ,18,８,芝,1400,D,良,1212,0.9,,,10,9,34.3,9,52.6,*,54.73,51.6,,A03,0,,2020103772,(90.9),,,0.7,中団,中団,35.18,490,0,90.9,レイクヴィラファーム,洞爺湖町,ジャスタウェイ,インザスポットライト,"Exceed And Excel",18,7,14,,(栗),坂口智康
1勝,202605240803100703,"2026. 5.24",京都,ハルオーブ,牡,6,酒井学, 58 ,18,10,芝,1400,D,良,1214,1.1,,,16,17,33.6,4,56.7,*,54.73,51.6,,A03,0,,2020104732,(45.6),,,1.6,後方,後方,35.85,480,+2,45.6,藤沢牧場,新ひだか町,ディーマジェスティ,ハルダヨリ,ファルブラヴ,18,2,3,,(美),武井亮
1勝,202605240803100611,"2026. 5.24",京都,メイショウサッソウ,牡,3,加藤祥太, 57 ,16,８,ダ,1900,,良,2004,1.6,3,3,3,8,39.7,8,43.8,,46.47,45.5,,003,0,,2023101953,(56.5),,,0.6,中団,中団,37.25,420,0,56.5,赤田牧場,浦河町,ダノンキングリー,メイショウヨソユキ,シニスターミニスター,15,6,11,,(栗),庄野靖志
1勝,202605240803100509,"2026. 5.24",京都,モンサンゴールデン,牡,3,鮫島克駿, 57 ,9,１,芝,1200,D,良,1079,-0.2,,,5,6,33.4,1,53.3,*,51.50,50.3,,A04,820,,2023104044,1100,250,2210,0.5,中団,差し,34.50,466,-4,11.0,川島牧場,新冠町,シルバーステート,ウインアンジェラス,Bertolini,9,8,9,,(栗),中竹和也
未勝利,202605240803100211,"2026. 5.24",京都,ウインモンクール,牡,3,松若風馬, 57 ,13,５,ダ,1900,,良,2036,0.7,4,4,3,3,39.2,7,49.4,*,51.00,50.4,,003,59,,2023105889,(15.1),,,0.2,先行,先行,38.95,472,-4,15.1,コスモヴューファーム,新冠町,ルヴァンスレーヴ,ベリーフ,スペシャルウィーク,13,7,11,*,(栗),新谷功一
未勝利,202605240803100201,"2026. 5.24",京都,ワンダーゾルダート,牡,3,幸英明, 57 ,13,６,ダ,1900,,良,2037,0.8,1,1,1,2,39.5,9,48.4,*,51.00,50.4,,003,0,,2023101714,(7.9),,,0.0,逃げ,逃げ,38.86,430,0,7.9,高昭牧場,浦河町,ゴールドドリーム,クインズモモナ,エイシンフラッシュ,13,1,1,,(栗),羽月友彦
未勝利,202605240502100415,"2026. 5.24",東京,ソレム,牝,3,高杉吏麒, 55 ,18,17,芝,1600,B,良,1349,1.9,,,16,18,35.0,10,52.7,,52.37,48.5,牝,023,0,,2023107213,(119.2),,,2.1,後方,後方,35.94,418,,119.2,ノーザンファーム,安平町,Sottsass,プレインチャント,Gregorian,18,7,15,,(美),稲垣幸雄
未勝利,202605240502100302,"2026. 5.24",東京,ツクバヴァンガード,牡,3,横山武史, 57 ,16,２,ダ,1300,,稍,1196,0.6,,,4,3,38.5,7,41.5,*,45.73,41.1,,A03,240,,2023101037,(3.6),140,440,0.4,先行,先行,35.23,480,+2,3.6,シンボリ牧場,日高町,リーチザクラウン,キャプテンガール,キャプテンスティーヴ,16,1,2,,(美),奥平雅士
未勝利,202605240502100110,"2026. 5.24",東京,ハンナパール,牝,3,吉田豊, 55 ,16,６,ダ,1400,,稍,1258,0.4,,,13,12,36.9,2,49.4,*,44.20,41.4,牝,023,0,,2023100692,(6.6),,,2.0,後方,後方,36.68,436,-4,6.6,エトルタファーム,日高町,ミッキーグローリー,ラベルリュンヌ,トーホウエンペラー,16,5,10,,(美),小野次郎
1勝,202605240401081207,"2026. 5.24",新潟,プルメリアクヒオ,牡,5,菊沢一樹, 58 ,15,５,ダ,1800,,稍,1543,0.5,1,1,1,1,37.9,6,50.8,*,52.57,52.1,,003,82,,2021103208,(42.5),,,0.0,逃げ,逃げ,38.20,458,-8,42.5,まるとみ冨岡牧場,浦河町,ホッコータルマエ,プルメリアミコ,ケイムホーム,15,4,7,*,(美),深山雅史
1勝,202605240401080911,"2026. 5.24",新潟,シャインバオバブ,牡,4,丸山元気, 58 ,14,４,芝,1800,B,稍,1486,0.8,,,13,12,34.0,2,59.7,*,58.33,56.7,,A03,170,    0.0,2022106180,(17.2),,,1.2,後方,追込,37.30,512,+2,17.2,川島牧場,新冠町,シルバーステート,レユシット,ルーラーシップ,14,7,11,,(栗),本田優
1勝,202605240401080913,"2026. 5.24",新潟,メイショウビストロ,牡,4,荻野極, 58 ,14,９,芝,1800,B,稍,1491,1.3,,,3,5,35.1,12,55.4,,58.33,56.7,,A03,0,    0.0,2022103251,(4.9),,,0.6,中団,中団,37.00,444,0,4.9,三嶋牧場,浦河町,カリフォルニアクローム,メイショウオワラ,ディープブリランテ,14,8,13,,(栗),岡田稲男
1勝,202605240401080806,"2026. 5.24",新潟,セイプリーズ,牝,4,上里直汰,53▲,16,１,芝,1200,B,稍,1101,-0.1,,,5,4,34.5,4,53.2,*,52.00,50.9,,A03,820,,2022105583,530,180,2380,0.4,先行,先行,35.60,428,0,5.3,社台ファーム,千歳市,ダイワメジャー,レディトゥプリーズ,"More Than Ready",16,3,6,,(栗),宮徹
1勝,202605240401080703,"2026. 5.24",新潟,キャットテイル,牝,4,西塚洸二, 56 ,15,６,ダ,1200,,稍,1119,0.5,,,2,2,37.4,11,42.2,*,44.07,43.0,,002,0,,2022101678,(13.2),,,0.1,先行,先行,34.50,422,+2,13.2,ダーレー・ジャパン・ファーム,日高町,ディスクリートキャット,ピクシープリンセス,ディープインパクト,15,2,3,,(栗),野中賢二
1勝,202605240401080713,"2026. 5.24",新潟,オンサイト,牡,4,大久保友,55▲,15,15,ダ,1200,,稍,1134,2.0,,,9,9,38.2,15,42.1,,44.07,43.0,,002,0,,2022100423,(83.5),,,0.8,中団,中団,35.20,464,-4,83.5,"Homey Farm",浦河町,アドミラブル,ブルーロゼット,キングズベスト,15,7,13,,(美),岩戸孝樹
未勝利,202605240401080601,"2026. 5.24",新潟,ニシノロッドマン,牡,3,野中悠太, 57 ,12,６,ダ,1800,,稍,1565,2.5,7,9,9,9,39.9,7,46.0,,46.27,46.2,,A03,0,,2023104706,(85.4),,,1.6,後方,後方,38.30,494,-12,85.4,メイタイファーム,新冠町,リーチザクラウン,ニシノミウ,スマートファルコン,12,1,1,,(美),矢嶋大樹
未勝利,202605240401080514,"2026. 5.24",新潟,キコリータ,牝,3,石田拓郎,52▲,16,５,芝,2000,B,稍,2041,0.3,11,11,11,9,36.0,2,54.9,*,54.33,53.7,,003,59,,2023103321,(12.4),,,0.5,中団,中団,37.76,412,0,12.4,社台ファーム,千歳市,レイデオロ,アルマンド,ディープインパクト,16,7,14,,(美),田中勝春
未勝利,202605240401080504,"2026. 5.24",新潟,ナムラオリガミ,牝,3,小崎綾也, 55 ,16,11,芝,2000,B,稍,2049,1.1,2,3,8,8,36.9,12,52.2,,54.33,53.7,,003,0,,2023106236,(8.7),,,0.4,中団,中団,37.71,430,-6,8.7,滝本健二,日高町,アルアイン,ナムラチヨガミ,ヨハネスブルグ,16,2,4,,(栗),高橋一哉
未勝利,202605240401080305,"2026. 5.24",新潟,ザンテソーロ,牡,3,菊沢一樹, 57 ,10,４,ダ,1800,,稍,1555,1.2,6,5,5,5,40.8,3,41.5,*,41.63,39.1,,003,89,,2023106733,(29.9),,,1.5,中団,差し,37.35,450,-4,29.9,リョーケンファーム,日高町,オルフェーヴル,アオイテソーロ,ルーラーシップ,10,5,5,,(美),畠山吉宏
未勝利,202605240401080203,"2026. 5.24",新潟,アーガイルショア,牝,3,斎藤新, 55 ,15,１,ダ,1200,,稍,1125,-0.0,,,7,6,37.7,2,42.3,*,40.63,39.8,牝,023,590,,2023103718,390,130,460,0.5,中団,差し,34.80,512,0,3.9,追分ファーム,安平町,ナダル,ベルプラージュ,キングカメハメハ,14,2,3,,(栗),安田翔伍
未勝利,202605240401080208,"2026. 5.24",新潟,ミヤカグラ,牝,3,石田拓郎,52▲,15,10,ダ,1200,,稍,1139,1.4,,,12,11,38.0,4,44.5,*,40.63,39.8,牝,023,0,,2023105567,(298.0),,,1.6,後方,後方,35.90,418,+2,298.0,ディアレストクラブ,浦河町,イスラボニータ,フィンランディア,Singspiel,14,5,8,,(美),田村康仁
未勝利,202605240401080111,"2026. 5.24",新潟,リュウセイコウテイ,牡,3,丹内祐次, 57 ,16,６,芝,1200,B,稍,1113,0.7,,,4,4,36.2,8,47.0,*,48.27,46.1,,A03,0,,2023106437,(13.9),,,0.5,先行,先行,35.10,448,-2,13.9,ビッグレッドファーム,新冠町,ウインブライト,ケイティラブ,スキャン,16,6,11,,(美),奥平雅士
3勝,202605230803091016,"2026. 5.23",京都,キーパフォーマー,牝,5,浜中俊, 56 ,16,５,芝,2000,D,良,1597,0.3,12,12,11,10,34.2,4,57.1,*,58.47,54.2,牝,A24,187,    0.0,2021104948,(23.9),,,0.9,中団,中団,36.64,468,0,23.9,社台ファーム,千歳市,キタサンブラック,アンコールピース,ネオユニヴァース,16,8,16,,(栗),辻野泰之
1勝,202605230803090907,"2026. 5.23",京都,エイシンティザー,牡,3,武豊, 57 ,11,３,芝,1600,D,良,1330,0.1,,,4,3,34.2,3,53.2,*,53.13,51.6,,A04,290,    3.8,2023105516,(4.3),170,,0.4,先行,先行,35.28,502,+4,4.3,木田牧場,新ひだか町,モズアスコット,エイシンソルティー,Tapit,11,6,7,,(栗),吉村圭司
1勝,202605230803090714,"2026. 5.23",京都,ロックウイズユー,セ,4,高杉吏麒, 58 ,16,６,ダ,1800,,稍,1542,1.5,11,10,10,8,37.4,6,52.7,,52.20,51.9,,A03,0,,2022103143,(47.0),,,1.2,中団,中団,38.40,460,+8,47.0,ビクトリーホースランチ,浦河町,ダノンレジェンド,エステーラブ,マイネルラヴ,16,7,14,,(栗),橋田宜長
1勝,202605230803090610,"2026. 5.23",京都,キーンセンス,牡,3,北村友一, 57 ,16,10,ダ,1400,,稍,1248,0.8,,,15,15,37.4,2,45.1,*,43.27,40.8,,A03,0,,2023110036,(17.0),,,1.4,後方,後方,35.55,510,0,17.0,"Stonehaven Steadings",米,Munnings,Canny,"Big Brown",16,5,10,,(栗),松永幹夫
1勝,202605230803090602,"2026. 5.23",京都,シュテフィ,牝,3,鮫島克駿, 55 ,16,12,ダ,1400,,稍,1253,1.3,,,4,4,38.7,13,40.3,,43.27,40.8,,A03,0,,2023105301,(171.4),,,0.6,先行,先行,34.95,458,+6,171.4,ノーザンファーム,安平町,ルヴァンスレーヴ,スプレンダークラン,ルーラーシップ,16,1,2,,(栗),牧田和弥
未勝利,202605230803090510,"2026. 5.23",京都,パンチャマハブータ,牝,3,池添謙一, 55 ,14,１,芝,2200,D,良,2143,-0.0,11,10,9,7,35.3,1,55.2,*,55.00,53.2,,003,590,,2023101404,2320,410,2860,0.5,中団,差し,37.13,406,-2,23.2,碧雲牧場,日高町,アドマイヤマーズ,ツキノサバク,"Oasis Dream",14,6,10,,(栗),吉田直弘
未勝利,202605230803090511,"2026. 5.23",京都,フローマジック,牝,3,武豊, 55 ,14,12,芝,2200,D,良,2161,1.8,6,6,3,4,37.4,13,49.0,,55.00,53.2,,003,0,,2023105252,(5.8),,,0.2,先行,先行,37.01,460,+4,5.8,社台ファーム,千歳市,リアルスティール,メジャーマジック,ダイワメジャー,14,7,11,,(栗),辻野泰之
未勝利,202605230803090401,"2026. 5.23",京都,エトワールブーケ,牝,3,横山和生, 55 ,17,１,芝,1800,D,良,1462,-0.1,,,5,2,35.8,3,48.3,*,47.77,47.1,牝,023,590,,2023105993,1100,300,4090,0.3,先行,先行,35.20,440,+6,11.0,明治牧場,新ひだか町,キセキ,ゴットサーガ,ダンスインザダーク,17,1,1,,(栗),昆貢
未勝利,202605230803090413,"2026. 5.23",京都,エイカイコバチ,牝,3,吉村誠之, 55 ,17,３,芝,1800,D,良,1467,0.5,,,6,5,36.2,7,47.4,*,47.77,47.1,牝,023,150,,2023107144,(32.7),800,,0.4,中団,差し,35.25,452,+6,32.7,ノーザンファーム,安平町,エピファネイア,ノーブルスコア,ディープインパクト,17,7,13,*,(栗),藤原英昭
未勝利,202605230803090303,"2026. 5.23",京都,リフルフォース,牝,3,北村友一, 55 ,16,16,芝,1200,D,良,1098,1.4,,,7,7,35.4,15,47.2,,50.83,48.3,,003,0,,2023105788,(12.9),,,0.5,中団,中団,34.40,466,-2,12.9,ケイアイファーム,新ひだか町,ロードカナロア,イトワズマジック,"War Front",16,2,3,,(栗),上村洋行
未勝利,202605230803090211,"2026. 5.23",京都,ロードステラート,牡,3,西村淳也, 57 ,14,５,ダ,1800,,稍,1558,1.6,3,3,2,2,40.5,10,43.0,*,47.67,46.4,,003,59,,2023105838,(5.6),,,0.1,先行,先行,37.65,498,+4,5.6,ケイアイファーム,新ひだか町,キタサンブラック,ブリュネット,ダイワメジャー,14,7,11,,(栗),武英智
未勝利,202605230803090110,"2026. 5.23",京都,デルニエジョイ,牡,3,田口貫太, 57 ,16,５,ダ,1200,,稍,1126,0.8,,,5,5,36.9,9,46.7,*,46.03,45.6,,A03,59,,2023101973,(10.5),,,0.6,中団,中団,35.70,470,-4,10.5,浦河日成牧場,浦河町,シスキン,グランジョイ,ダンスインザダーク,16,5,10,,(栗),鈴木孝志
未勝利,202605230803090108,"2026. 5.23",京都,タマモビスケット,牝,3,戸崎圭太, 55 ,16,７,ダ,1200,,稍,1128,1.0,,,3,4,37.3,11,45.2,*,46.03,45.6,,A03,0,,2023102448,(33.4),,,0.4,先行,先行,35.50,470,+2,33.4,岡田猛,新ひだか町,マインドユアビスケッツ,タマモサーティーン,ジョーカプチーノ,16,4,8,,(栗),中竹和也
未勝利,202605230803090104,"2026. 5.23",京都,ザキノフレンズ,牡,3,団野大成, 57 ,16,13,ダ,1200,,稍,1148,3.0,,,13,13,38.0,13,46.8,,46.03,45.6,,A03,0,,2023104433,(6.6),,,1.7,後方,後方,36.80,500,-2,6.6,ハクレイファーム,新冠町,モーニン,ザデイ,シンボリクリスエス,16,2,4,,(栗),東田明士
2勝,202605230502091002,"2026. 5.23",東京,モズトキキ,牝,5,秋山稔樹, 56 ,16,９,芝,1400,B,良,1218,0.5,,,1,1,33.9,14,56.0,*,60.13,57.6,,003,0,    0.0,2021102914,(155.4),,,0.0,逃げ,逃げ,35.93,538,0,155.4,谷川牧場,浦河町,グランプリボス,モズジャカランダ,Congrats,16,1,2,,(栗),平田修
1勝,202605230502090816,"2026. 5.23",東京,ウフドゥウフ,牡,4,田辺裕信, 58 ,16,２,ダ,1400,,稍,1248,0.1,,,8,6,35.1,1,56.2,*,54.63,52.9,,003,330,,2022105257,(4.3),190,2590,0.7,中団,差し,37.28,500,+8,4.3,社台ファーム,千歳市,エピファネイア,エッグドロップ,"Alphabet Soup",16,8,16,,(美),上原博之
1勝,202605230502090716,"2026. 5.23",東京,フェルシナ,牝,4,佐々木大, 56 ,18,13,芝,1600,B,良,1338,1.5,,,10,10,34.5,11,53.1,,51.03,49.1,,A03,0,,2022105831,(36.8),,,1.8,中団,中団,35.58,452,0,36.8,社台コーポレーション白老ファーム,白老町,ルーラーシップ,ヒルダ,ダイワメジャー,18,8,16,,(栗),西園翔太
1勝,202605230502090704,"2026. 5.23",東京,デルマケセラセラ,牝,4,松岡正海, 56 ,18,17,芝,1600,B,良,1343,2.0,,,8,8,35.2,16,50.7,,51.03,49.1,,A03,0,,2022105477,(119.5),,,1.6,中団,中団,35.46,446,+14,119.5,社台ファーム,千歳市,リオンディーズ,フロレットアレー,ディープインパクト,18,2,4,,(美),小野次郎
1勝,202605230502090609,"2026. 5.23",東京,インディヴァイン,牡,3,レーン, 57 ,14,７,ダ,1600,,重,1380,1.6,,,5,5,36.4,7,51.5,,53.97,53.9,,A03,0,,2023107090,(11.1),,,0.5,中団,中団,36.96,538,+12,11.1,ノーザンファーム,安平町,インディチャンプ,ソーディヴァイン,キンシャサノキセキ,14,6,9,,(美),林徹
未勝利,202605230502090508,"2026. 5.23",東京,ブルーリファール,牡,3,石橋脩, 57 ,17,５,芝,2000,B,良,2011,0.5,,8,6,4,34.2,8,58.9,*,60.90,57.8,,003,59,,2023106180,(72.0),,,0.6,先行,先行,37.24,486,-4,72.0,トモファーム,新冠町,ブラックタイド,ビジネスライク,カジノドライヴ,17,4,8,,(美),小野次郎
未勝利,202605230502090405,"2026. 5.23",東京,モストロ,牡,3,佐藤翔馬,54▲,18,17,芝,1600,B,良,1352,1.5,,,18,18,34.1,5,57.5,*,53.13,50.6,,003,0,,2023100893,(206.8),,,2.4,後方,後方,36.66,532,,206.8,鹿戸和幸,日高町,インディチャンプ,プレアデスマリーン,スペシャルウィーク,18,3,5,,(美),勢司和浩
未勝利,202605230502090303,"2026. 5.23",東京,ブラックパロット,牡,3,佐々木大, 57 ,13,３,ダ,2100,,重,2137,1.2,4,4,3,6,38.2,5,50.0,*,51.77,51.7,,A03,150,,2023107307,(42.2),340,,0.4,中団,差し,38.20,524,+8,42.2,ノーザンファーム,安平町,アドマイヤマーズ,リアアントニア,"Rockport Harbor",13,3,3,,(美),手塚貴徳
未勝利,202605230502090307,"2026. 5.23",東京,ウインガネーシャ,牡,3,長浜鴻緒,56☆,13,４,ダ,2100,,重,2138,1.3,9,9,12,9,37.9,3,51.2,*,51.77,51.7,,A03,89,,2023105870,(64.3),,,0.8,後方,追込,38.36,464,-4,64.3,コスモヴューファーム,新冠町,ゴールドドリーム,ウインメディウム,ヘニーヒューズ,13,5,7,,(美),高木登
未勝利,202605230502090206,"2026. 5.23",東京,バターショコラ,牝,3,荻野極, 55 ,16,４,ダ,1400,,重,1261,1.5,,,15,13,37.3,4,48.1,*,47.10,46.5,,003,89,,2023105240,(23.9),,,1.2,後方,追込,36.60,458,+4,23.9,社台ファーム,千歳市,マインドユアビスケッツ,ショコラトリー,ノヴェリスト,16,3,6,,(美),戸田博文
未勝利,202605230502090204,"2026. 5.23",東京,レオスキーム,牡,3,松岡正海, 57 ,16,６,ダ,1400,,重,1265,1.9,,,12,11,37.8,6,46.6,,47.10,46.5,,003,0,,2023104893,(307.0),,,1.1,後方,後方,36.53,464,0,307.0,惣田英幸,浦河町,ベストウォーリア,キャラメルフレンチ,タイキシャトル,16,2,4,,(美),萱野浩二
未勝利,202605230502090110,"2026. 5.23",東京,フレンチブラッサム,牝,3,木幡巧也, 55 ,15,４,ダ,1600,,重,1388,0.5,,,7,8,37.5,6,48.1,*,47.83,45.6,牝,023,89,,2023105062,(11.1),,,0.9,中団,差し,36.78,446,+8,11.1,宮内牧場,浦河町,ホッコータルマエ,ピッパレジーナ,ゴールドアリュール,15,6,10,,(美),柄崎将寿
未勝利,202605230502090101,"2026. 5.23",東京,エイシンキーンラン,牝,3,松岡正海, 55 ,15,11,ダ,1600,,重,1397,1.4,,,1,1,39.3,12,42.2,,47.83,45.6,牝,023,0,,2023105530,(23.1),,,0.0,逃げ,逃げ,36.24,476,+6,23.1,織田正敏,新ひだか町,エイシンヒカリ,エイシンロード,ジャスタウェイ,15,1,1,,(美),田中剛
2勝,202605230401071109,"2026. 5.23",新潟,ヒーローインチーフ,セ,5,富田暁, 58 ,16,４,芝,1200,B,稍,1095,0.3,,,14,13,33.8,2,55.6,*,49.43,47.2,,A04,240,    0.0,2021106661,(8.4),,,1.6,後方,追込,35.70,448,+2,8.4,ハクツ牧場,新冠町,ディスクリートキャット,カクテルラウンジ,タニノギムレット,16,5,9,,(栗),吉田直弘
2勝,202605230401071106,"2026. 5.23",新潟,ブルボンクイーン,牝,5,松本大輝, 56 ,16,11,芝,1200,B,稍,1099,0.7,,,1,1,35.8,15,45.3,*,49.43,47.2,,A04,0,    0.0,2021100297,(25.9),,,0.0,逃げ,逃げ,34.10,490,0,25.9,土居牧場,新ひだか町,キズナ,セレブラール,ボストンハーバー,16,3,6,,(栗),角田晃一
2勝,202605230401071108,"2026. 5.23",新潟,メイショウミリオレ,牝,5,永島まな, 56 ,16,12,芝,1200,B,稍,1101,0.9,,,15,15,34.0,3,56.2,*,49.43,47.2,,A04,0,    0.0,2021103278,(17.3),,,2.0,後方,後方,36.10,490,-2,17.3,三嶋牧場,浦河町,ルーラーシップ,メイショウメイゲツ,ディープインパクト,16,4,8,,(栗),藤岡健一
1勝,202605230401071013,"2026. 5.23",新潟,ローンウルフ,牡,5,遠藤汰月, 58 ,15,13,芝,2000,B,稍,2025,2.0,,,2,2,36.6,13,50.6,,58.10,53.9,,003,0,    0.0,2021104112,(236.0),,,0.6,先行,先行,36.81,484,-6,236.0,千代田牧場,新ひだか町,リアルインパクト,シェリレーヌ,Mineshaft,15,7,13,,(美),武市康男
1勝,202605230401070809,"2026. 5.23",新潟,ニシノエピカリ,牝,4,野中悠太, 56 ,15,15,ダ,1800,,稍,1573,4.1,7,8,14,15,41.0,15,43.0,,46.83,47.0,牝,023,0,,2022100724,(90.4),,,1.6,後方,後方,38.15,406,+2,90.4,田上徹,新ひだか町,フィエールマン,シーソルティキッス,キングカメハメハ,15,5,9,,(美),秋本大介
未勝利,202605230401070711,"2026. 5.23",新潟,チェルヴァーラ,牡,3,小沢大仁, 57 ,16,２,芝,2400,B,稍,2277,0.0,9,9,5,4,35.2,2,56.5,*,57.03,55.0,,A03,240,,2023107106,(3.8),180,1290,0.4,先行,先行,37.50,506,+12,3.8,ノーザンファーム,安平町,エピファネイア,チェッキーノ,キングカメハメハ,16,6,11,,(栗),松下武士
未勝利,202605230401070503,"2026. 5.23",新潟,ミスターマーボー,牡,3,ゴンサル, 57 ,16,１,芝,1400,B,稍,1233,-0.0,,,3,3,35.6,3,50.5,*,50.33,49.5,,003,415,,2023100831,190,150,1510,0.2,先行,先行,35.78,450,-2,3.4,グッドラック・ファーム,日高町,シュヴァルグラン,ハタノサンドリヨン,ヨハネスブルグ,16,2,3,,(美),青木孝文
未勝利,202605230401070507,"2026. 5.23",新潟,パトローナス,セ,3,亀田温心, 57 ,16,６,芝,1400,B,稍,1235,0.2,,,3,7,35.7,5,50.4,*,50.33,49.5,,003,0,,2023106931,(4.6),,,0.3,中団,中団,35.85,468,-24,4.6,ノーザンファーム,安平町,フィエールマン,エルビッシュ,キングカメハメハ,16,4,7,,(栗),高橋亮
未勝利,202605230401070506,"2026. 5.23",新潟,ニシノシャルム,牝,3,遠藤汰月,52▲,16,11,芝,1400,B,稍,1243,1.0,,,10,11,36.3,11,49.2,*,50.33,49.5,,003,0,,2023105138,(137.9),,,0.5,後方,後方,36.00,424,-4,137.9,鮫川啓一,浦河町,キタサンブラック,チャームクォーク,クロフネ,16,3,6,,(美),栗田徹
ｵｰﾌﾟﾝ,202605230401070412,"2026. 5.23",新潟,パープルアドミラル,牡,6,金子光希, 61 ,13,４,芝,3290,B,稍,3379,2.4,8,7,6,5,13.2,,,,,,,A00,210,,2020104328,(28.5),,,,中団,差し,,452,+2,28.5,聖心台牧場,新ひだか町,シビルウォー,ママノヨリミチ,マンハッタンカフェ,13,8,12,,(美),堀内岳志
未勝利,202605230401070306,"2026. 5.23",新潟,サンライズロイ,牡,3,丹内祐次, 57 ,15,５,ダ,1200,,稍,1134,1.2,,,7,7,37.9,5,43.7,*,42.47,42.0,,003,59,,2023106556,(6.3),,,0.9,中団,中団,35.50,468,-6,6.3,ヤナガワ牧場,日高町,フォーウィールドライブ,サンデーローズ,ブライアンズタイム,15,4,6,,(栗),牧浦充徳
未勝利,202605230401070205,"2026. 5.23",新潟,エレーデサンライズ,牝,3,永島まな,53◇,15,３,ダ,1800,,稍,1567,0.7,14,14,13,12,38.7,1,50.8,*,48.97,46.5,牝,023,150,,2023100912,(3.6),150,,1.6,後方,追込,39.00,458,+2,3.6,下河辺牧場,日高町,エピファネイア,カラズマッチポイント,Curlin,15,3,5,,(栗),平田修
未勝利,202605230401070207,"2026. 5.23",新潟,オーシャンミューズ,牝,3,石神深道,52▲,15,10,ダ,1800,,稍,1587,2.7,15,15,14,14,40.5,7,46.5,,48.97,46.5,牝,023,0,,2023103510,(327.5),,,1.8,後方,後方,39.10,444,-4,327.5,社台ファーム,千歳市,ニューイヤーズデイ,ビーチパラソル,ダイワメジャー,15,4,7,,(美),堀内岳志
2勝,202605170803081209,"2026. 5.17",京都,インフローレ,牝,4,Ｍ．デム, 56 ,13,９,芝,1400,D,良,1205,0.6,,,7,7,34.2,9,51.5,*,50.80,49.7,,A03,0,,2022102729,(70.4),,,0.7,中団,中団,34.73,438,+2,70.4,杵臼牧場,浦河町,リオンディーズ,キュイキュイ,ハービンジャー,13,6,9,,(栗),寺島良
2勝,202605170803080905,"2026. 5.17",京都,ファーングロット,牡,4,高杉吏麒, 58 ,10,２,芝,2400,D,良,2225,0.3,4,4,4,3,34.5,4,54.3,*,54.40,52.5,,A04,630,    6.4,2022105280,(1.5),100,490,0.7,先行,先行,36.00,498,0,1.5,社台ファーム,千歳市,キズナ,カウアイレーン,キングカメハメハ,10,5,5,,(栗),上村洋行
2勝,202605170803080910,"2026. 5.17",京都,ビップチェイス,牡,5,藤懸貴志, 58 ,10,７,芝,2400,D,良,2241,1.9,1,1,1,1,36.8,9,47.2,,54.40,52.5,,A04,0,    0.0,2021105763,(36.5),,,0.0,逃げ,逃げ,35.77,454,-8,36.5,ノーザンファーム,安平町,アルアイン,ベッラレイア,ナリタトップロード,10,8,10,,(美),田島俊明
1勝,202605170803080712,"2026. 5.17",京都,サミダレナイツ,牡,4,酒井学, 58 ,12,１,芝,2000,D,良,1589,-0.3,6,6,6,4,34.7,5,54.0,*,54.33,51.9,,A03,820,,2022101605,420,180,1540,0.5,先行,先行,36.09,492,-2,4.2,竹島幸治,日高町,トーホウジャッカル,トーホウビスカヤ,ストリートセンス,12,8,12,,(栗),谷潔
1勝,202605170803080614,"2026. 5.17",京都,ロードアマルフィ,牡,3,団野大成, 57 ,16,５,ダ,1800,,良,1529,1.1,3,3,4,7,38.0,8,48.6,*,51.50,50.3,,A04,82,,2023105786,(5.1),,,0.3,中団,中団,37.45,518,-2,5.1,ケイアイファーム,新ひだか町,ルヴァンスレーヴ,アルセナーレ,クロフネ,16,7,14,,(栗),中村直也
1勝,202605170803080615,"2026. 5.17",京都,ケンフィールド,牡,3,田口貫太, 57 ,16,９,ダ,1800,,良,1535,1.7,2,2,2,1,38.8,12,46.3,,51.50,50.3,,A04,0,,2023101694,(40.1),,,0.1,先行,先行,37.35,474,+2,40.1,ケンブリッジバレー,浦河町,タリスマニック,ケンブリッジハーツ,キングヘイロー,16,8,15,,(栗),大根田裕
未勝利,202605170803080404,"2026. 5.17",京都,ペプチドブッドレア,牝,3,団野大成, 55 ,17,１,芝,1600,D,良,1334,-0.0,,,4,4,34.7,5,51.5,*,52.10,50.1,牝,023,590,,2023105720,550,190,1640,0.3,先行,先行,35.22,464,-6,5.5,木村牧場,日高町,イスラボニータ,ペプチドセマム,エンパイアメーカー,17,2,4,,(栗),吉村圭司
未勝利,202605170803080411,"2026. 5.17",京都,エアヴァイブス,牝,3,高杉吏麒, 55 ,17,２,芝,1600,D,良,1334,0.0,,,6,7,34.6,4,52.0,*,52.10,50.1,牝,023,240,,2023106910,(6.4),210,1640,0.4,中団,差し,35.28,430,+4,6.4,ノーザンファーム,安平町,コントレイル,エアジーン,ハービンジャー,17,6,11,,(栗),福永祐一
未勝利,202605170803080406,"2026. 5.17",京都,グッデイ,牝,3,秋山稔樹, 55 ,17,５,芝,1600,D,良,1337,0.3,,,2,2,35.2,10,49.7,*,52.10,50.1,牝,023,59,,2023106988,(68.8),,,0.1,先行,先行,35.10,438,+4,68.8,ノーザンファーム,安平町,フィエールマン,グランワルツ,ロードカナロア,17,3,6,,(栗),河嶋宏樹
未勝利,202605170803080310,"2026. 5.17",京都,ジャストグレース,牡,3,国分優作, 57 ,12,５,ダ,1900,,良,2025,1.3,9,9,9,9,38.3,2,51.5,*,49.23,46.9,,A03,59,,2023102517,(139.1),,,2.1,後方,後方,38.86,490,-4,139.1,カタオカフアーム,新ひだか町,ホッコータルマエ,インファクト,ダイワメジャー,12,7,10,*,(栗),大根田裕
未勝利,202605170803080306,"2026. 5.17",京都,サマーナジュム,牡,3,佐々木大, 57 ,12,７,ダ,1900,,良,2038,2.6,2,3,4,6,40.4,7,45.3,,49.23,46.9,,A03,0,,2023104379,(51.8),,,1.3,中団,中団,38.49,494,-4,51.8,ノースヒルズ,新冠町,キズナ,ヴォルドニュイ,"Sky Mesa",12,5,6,,(栗),角田晃一
未勝利,202605170803080106,"2026. 5.17",京都,クレスコフェーヴ,牝,3,中井裕二, 55 ,14,５,ダ,1800,,良,1559,0.9,5,5,8,7,39.0,8,48.6,*,51.27,49.0,牝,023,59,,2023103829,(255.5),,,0.5,中団,中団,38.45,406,0,255.5,青藍牧場,登別市,オルフェーヴル,ティイ,エイシンフラッシュ,14,4,6,*,(栗),羽月友彦
3勝,202605170502081205,"2026. 5.17",東京,フウセツ,牡,4,大野拓弥, 58 ,16,９,ダ,1400,,良,1253,1.0,,,2,2,36.6,14,49.8,*,54.67,51.6,,A04,0,    0.0,2022101626,(17.3),,,0.2,先行,先行,36.53,496,0,17.3,ダーレー・ジャパン・ファーム,日高町,サンダースノー,アプト,アドマイヤムーン,16,3,5,*,(美),鈴木慎太
3勝,202605170502081209,"2026. 5.17",東京,ワークソング,牡,5,ディー, 58 ,16,10,ダ,1400,,良,1254,1.1,,,10,11,35.9,8,53.4,,54.67,51.6,,A04,0,    0.0,2021102462,(57.8),,,1.0,後方,後方,37.13,482,+6,57.8,雅牧場,平取町,モーニン,ハッピーラン,フレンチデピュティ,16,5,9,,(栗),牧浦充徳
2勝,202605170502081007,"2026. 5.17",東京,トルショー,牡,4,岩田望来, 54 ,15,１,ダ,1600,,良,1371,-0.3,,,5,5,36.0,4,51.8,*,51.13,47.5,,003,1580,   34.3,2022103766,1550,580,7160,1.0,中団,差し,36.66,464,+4,15.5,グランド牧場,新ひだか町,シニスターミニスター,ハヤブサエミネンス,"Medaglia d'Oro",15,4,7,,(美),伊藤圭三
1勝,202605170502080802,"2026. 5.17",東京,ヴァーナリー,牝,4,岩田望来, 56 ,15,15,芝,1800,B,良,1492,1.7,,15,15,15,33.6,10,62.5,,61.53,60.4,,003,0,,2022104977,(8.1),,,1.6,後方,後方,37.80,436,-4,8.1,ノーザンファーム,安平町,キタサンブラック,ピュアブリーゼ,Monsun,15,2,2,,(美),浅利英明
未勝利,202605170502080311,"2026. 5.17",東京,ガビーズメロディ,牡,3,ゴンサル, 57 ,12,５,ダ,2100,,良,2169,1.9,7,8,9,8,38.2,4,53.4,*,54.33,53.2,,003,59,,2023106214,(29.4),,,1.4,中団,中団,39.48,476,+10,29.4,松浦牧場,新冠町,ミスターメロディ,アイナ,ステイゴールド,12,8,11,,(美),伊坂重信
未勝利,202605170502080214,"2026. 5.17",東京,デスサイズ,牡,3,田辺裕信, 57 ,16,１,ダ,1400,,良,1262,-0.0,,,1,1,37.4,4,47.9,*,48.77,47.9,,003,590,,2023101085,160,110,330,0.0,逃げ,逃げ,36.60,464,+2,1.6,竹島幸治,日高町,シスキン,トーホウハニー,ステイゴールド,16,7,14,,(美),小手川準
未勝利,202605170502080210,"2026. 5.17",東京,ロードクローザー,牡,3,横山和生, 57 ,16,６,ダ,1400,,良,1279,1.7,,,11,8,37.7,8,49.9,,48.77,47.9,,003,0,,2023105060,(5.3),,,1.4,中団,中団,37.65,518,-8,5.3,宮内牧場,浦河町,ナダル,バケットリスト,シンボリクリスエス,16,5,10,,(美),田村康仁
未勝利,202605170502080104,"2026. 5.17",東京,イデアクリスタル,牝,3,ゴンサル, 55 ,16,３,ダ,1600,,良,1400,1.3,,,9,11,37.7,2,49.2,*,45.77,45.0,牝,023,150,,2023102033,(6.8),210,,1.8,後方,追込,37.38,472,-4,6.8,グランデファーム,浦河町,ホークビル,トゥルヴァーユ,ダイワメジャー,16,2,4,,(美),手塚貴徳
3勝,202605170401061108,"2026. 5.17",新潟,バッデレイト,牡,5,富田暁, 58 ,16,７,芝,1800,B,良,1495,0.4,,,9,9,33.0,5,65.9,*,66.77,64.8,,A04,0,    0.0,2021102728,(12.7),,,0.5,中団,中団,38.25,470,-2,12.7,杵臼牧場,浦河町,サトノダイヤモンド,ビーウインド,スピニングワールド,16,4,8,,(栗),上村洋行
2勝,202605170401061016,"2026. 5.17",新潟,ズイウンゴサイ,牡,5,小崎綾也, 58 ,16,５,芝,2000,B,良,2013,0.6,,,11,12,33.2,1,63.7,*,61.67,58.8,,A03,158,    0.0,2021100597,(18.4),,,1.5,後方,後方,37.76,464,+2,18.4,エムエム、ヤマダファーム,浦河町,シュヴァルグラン,ブルーインザスカイ,チチカステナンゴ,16,8,16,,(美),武市康男
2勝,202605170401061006,"2026. 5.17",新潟,バンフィエルド,牡,7,野中悠太, 58 ,16,９,芝,2000,B,良,2014,0.7,,,3,2,34.5,13,58.0,*,61.67,58.8,,A03,0,    0.0,2019104531,(202.2),,,0.3,先行,先行,37.24,434,+6,202.2,社台コーポレーション白老ファーム,白老町,オルフェーヴル,エヴィータアルゼンティーナ,"Candy Ride",16,3,6,,(美),粕谷昌央
2勝,202605170401061015,"2026. 5.17",新潟,パッションリッチ,牡,4,斎藤新, 58 ,16,12,芝,2000,B,良,2017,1.0,,,8,9,33.9,9,61.0,*,61.67,58.8,,A03,0,    0.0,2022105390,(4.7),,,1.2,中団,中団,37.63,496,-2,4.7,社台ファーム,千歳市,ドゥラメンテ,セータコローナ,"Distorted Humor",16,8,15,,(美),久保田貴
1勝,202605170401060713,"2026. 5.17",新潟,ソリッドベーシス,セ,4,菊沢一樹, 58 ,13,13,芝,2000,B,良,2042,2.8,,,3,3,36.5,13,53.0,,61.77,59.3,,A03,0,,2022105697,(86.9),,,0.5,先行,先行,37.59,486,+6,86.9,追分ファーム,安平町,ブリックスアンドモルタル,サイモンミラベル,ダイワメジャー,13,8,13,,(美),大和田成
未勝利,202605170401060612,"2026. 5.17",新潟,ピンクカメリア,牝,3,川又賢治, 55 ,13,５,ダ,1800,,良,1561,0.5,9,7,6,5,39.8,6,45.9,*,46.90,44.5,牝,023,59,,2023101229,(52.3),,,0.7,中団,中団,38.15,406,+4,52.3,ナカノファーム,日高町,リアルスティール,クリームヒルト,ノヴェリスト,13,8,12,,(栗),笹田和秀
未勝利,202605170401060408,"2026. 5.17",新潟,ヴェールランス,牡,7,五十嵐雄, 60 ,14,１,芝,2890,B,良,3109,-0.2,2,1,1,1,13.2,,,,,,,000,840,,2019104767,390,180,590,,逃げ,逃げ,,454,+4,3.9,社台ファーム,千歳市,キタサンブラック,ジュエラー,ヴィクトワールピサ,14,5,8,,(美),田村康仁
未勝利,202605170401060304,"2026. 5.17",新潟,ロンバスブレス,牝,3,菊沢一樹, 55 ,15,５,ダ,1200,,良,1135,0.8,,,4,6,38.3,8,41.9,*,42.43,40.8,牝,023,59,,2023106053,(53.6),,,0.6,中団,中団,35.20,470,,53.6,坂東牧場,平取町,イスラボニータ,プリンセスヨウク,エンパイアメーカー,15,3,4,,(美),石栗龍彦
未勝利,202605170401060208,"2026. 5.17",新潟,マーゴットデウス,セ,3,小沢大仁, 57 ,9,５,ダ,1800,,良,1566,1.7,7,7,8,8,38.4,5,51.8,,52.33,52.8,,003,59,,2023103289,(39.4),,,0.9,後方,後方,39.10,494,0,39.4,矢野牧場,新ひだか町,ドレフォン,スターリーウインド,ゼンノロブロイ,9,8,8,,(栗),今野貞一
2勝,202605160803071210,"2026. 5.16",京都,ライトニングゼウス,牡,5,川田将雅, 58 ,15,１,ダ,1200,,良,1119,-0.1,,,4,6,35.8,7,50.8,*,50.63,48.6,,A03,1190,,2021104058,230,130,830,0.4,中団,差し,36.10,508,-2,2.3,谷岡スタット,新ひだか町,ダンカーク,サクラナスカ,サクラバクシンオー,15,6,10,,(美),伊藤圭三
1勝,202605160803070905,"2026. 5.16",京都,ヨカオウ,牡,3,田山旺佑, 57 ,10,４,芝,2000,D,良,1580,0.1,6,6,7,5,34.4,3,54.2,*,54.67,53.2,,A04,170,    0.0,2023102707,(22.9),,,0.3,中団,差し,35.83,468,+8,22.9,サンデーヒルズ,新ひだか町,キズナ,ヨカヨカ,スクワートルスクワート,10,5,5,,(栗),谷潔
未勝利,202605160803070514,"2026. 5.16",京都,メイショウプレマ,牝,3,森田誠也,52▲,14,２,芝,1800,D,良,1457,0.5,,,1,1,35.2,11,50.1,*,51.93,51.6,,A03,240,,2023101585,(29.6),240,2810,0.0,逃げ,逃げ,35.25,470,-4,29.6,ヤナガワ牧場,日高町,リオンディーズ,ヒガシドリーム,ドリームジャーニー,14,8,14,,(栗),石橋守
未勝利,202605160803070317,"2026. 5.16",京都,ルナカカオ,牝,3,松若風馬, 55 ,18,12,芝,1400,D,良,1220,1.1,,,5,5,35.1,14,50.2,,52.70,51.4,,A03,0,,2023107432,(52.7),,,0.4,中団,中団,35.18,426,-2,52.7,モリナガファーム,日高町,モズアスコット,リボーン,ドゥラメンテ,18,8,17,*,(栗),前川恭子
1勝,202605160502070811,"2026. 5.16",東京,ファンタイムギフト,セ,4,田辺裕信, 58 ,16,７,ダ,1600,,良,1384,0.5,,,9,7,36.8,6,50.4,*,50.53,46.2,,A03,0,,2022102378,(13.5),,,1.3,中団,中団,36.96,492,-20,13.5,二風谷ファーム,平取町,ドレフォン,トウカイシェーン,ダイワメジャー,16,6,11,,(美),相沢郁
1勝,202605160502070812,"2026. 5.16",東京,ビービーバザーク,牡,4,戸崎圭太, 58 ,16,８,ダ,1600,,良,1385,0.6,,,4,4,37.2,10,48.9,*,50.53,46.2,,A03,0,,2022102397,(7.0),,,1.0,先行,先行,36.78,482,-2,7.0,坂東牧場,平取町,シニスターミニスター,カリビアンロマンス,コマンズ,16,6,12,,(栗),武幸四郎
未勝利,202605160502070505,"2026. 5.16",東京,ノーブルクロンヌ,牝,3,黛弘人, 55 ,18,６,芝,1400,B,良,1213,1.0,,,5,4,34.9,12,49.7,*,52.63,50.6,,A03,0,,2023103657,(58.5),,,0.4,先行,先行,34.80,444,-2,58.5,上水牧場,むかわ町,フィエールマン,ステファニーラン,スウェプトオーヴァーボード,18,3,5,,(美),高柳瑞樹
未勝利,202605160502070402,"2026. 5.16",東京,コスモペンタス,牝,3,柴田大知, 55 ,13,８,芝,2000,B,良,2006,0.3,,10,9,10,33.5,2,61.4,*,59.73,58.3,牝,023,0,,2023106482,(186.7),,,0.9,後方,後方,37.33,410,-4,186.7,ビッグレッドファーム,新冠町,ベンバトル,モエレカトリーナ,ゴールドヘイロー,13,2,2,,(美),西田雄一
未勝利,202605160502070405,"2026. 5.16",東京,ダイユウヴェンティ,牝,3,田辺裕信, 55 ,13,12,芝,2000,B,良,2012,0.9,,7,6,8,34.4,12,58.1,*,59.73,58.3,牝,023,0,,2023105102,(40.5),,,0.6,中団,中団,37.20,430,+8,40.5,上山牧場,浦河町,サートゥルナーリア,クールアンフルール,サクラバクシンオー,13,4,5,,(美),松永康利
未勝利,202605160502070316,"2026. 5.16",東京,レイズレガシー,牡,3,佐々木大, 57 ,16,３,ダ,1300,,良,1197,0.3,,,8,8,36.0,2,54.0,*,51.73,43.4,,003,150,,2023102978,(10.4),270,,2.3,中団,差し,37.46,504,-2,10.4,飛野牧場,新ひだか町,ロジャーバローズ,スマートグレイス,ヤマニンセラフィム,16,8,16,,(美),高柳瑞樹
未勝利,202605160502070213,"2026. 5.16",東京,ターフクリスタル,牡,3,江田照男, 57 ,16,１,ダ,1600,,良,1394,-0.3,,,5,4,36.6,1,53.0,*,52.20,51.2,,A03,590,,2023104958,14990,1650,22210,0.4,先行,先行,37.68,458,-4,149.9,中島牧場,浦河町,インカンテーション,シラヤマヒメ,サクラローレル,16,7,13,,(美),矢野英一
未勝利,202605160502070214,"2026. 5.16",東京,エターナルホープ,牡,3,原優介, 57 ,16,３,ダ,1600,,良,1398,0.4,,,9,8,36.7,2,53.2,*,52.20,51.2,,A03,150,,2023102555,(2.5),120,,0.7,中団,差し,37.86,502,-2,2.5,桑嶋峰雄,新ひだか町,エピカリス,サチノマリアージュ,サウスヴィグラス,16,7,14,,(美),鈴木慎太
未勝利,202605160502070216,"2026. 5.16",東京,サンタピア,牡,3,柴田大知, 57 ,16,９,ダ,1600,,良,1409,1.5,,,3,4,38.1,11,48.9,,52.20,51.2,,A03,0,,2023102804,(113.2),,,0.4,先行,先行,37.68,472,+12,113.2,タイヘイ牧場,新ひだか町,ルヴァンスレーヴ,ドリームバラード,タニノギムレット,16,8,16,,(美),松山将樹
1勝,202605160401051208,"2026. 5.16",新潟,カシオペア,牡,4,石川裕紀, 58 ,16,８,芝,1400,B,良,1229,1.0,,,14,14,34.1,3,57.3,*,55.33,54.6,,003,0,,2022106203,(22.6),,,1.1,後方,後方,36.60,550,+28,22.6,小泉牧場,新冠町,ビッグアーサー,リトルアマポーラ,アグネスタキオン,16,4,8,,(美),上原佑紀
1勝,202605160401050916,"2026. 5.16",新潟,ミッドタウンナイト,牝,4,ゴンサル, 56 ,16,11,芝,1800,B,良,1481,1.2,,,3,4,35.6,13,51.8,,56.40,52.7,牝,023,0,    0.0,2022105529,(19.6),,,0.6,先行,先行,36.25,494,+10,19.6,社台ファーム,千歳市,ブラックタイド,ミッドナイトフラッシュ,"Anabaa Blue",16,8,16,,(栗),河嶋宏樹
未勝利,202605160401050616,"2026. 5.16",新潟,リュウセイコウテイ,牡,3,丹内祐次, 57 ,16,２,芝,1000,B,良,0556,0.7,,,,4,33.1,5,52.0,*,51.23,51.8,,003,240,,2023106437,(8.4),300,31830,0.3,先行,先行,33.75,450,0,8.4,ビッグレッドファーム,新冠町,ウインブライト,ケイティラブ,スキャン,16,8,16,*,(美),奥平雅士
未勝利,202605160401050613,"2026. 5.16",新潟,コンフィアンサ,牝,3,小林美駒,52▲,16,６,芝,1000,B,良,0560,1.1,,,,7,33.2,6,53.0,,51.23,51.8,,003,0,,2023102342,(2.0),,,0.6,中団,中団,34.20,432,-2,2.0,上野正恵,新ひだか町,ミスターメロディ,ロマネクイーン,マイネルラヴ,16,7,13,*,(美),菊川正達
未勝利,202605160401050608,"2026. 5.16",新潟,メーレスブリーゼ,牝,3,武藤雅, 55 ,16,８,芝,1000,B,良,0561,1.2,,,,12,32.8,2,56.6,*,51.23,51.8,,003,0,,2023106429,(159.5),,,1.1,後方,後方,34.95,420,0,159.5,ビッグレッドファーム,新冠町,ゴールドシップ,ヴォイスオブジョイ,Magician,16,4,8,,(美),水野貴広
未勝利,202605160401050603,"2026. 5.16",新潟,ユアベストダンサー,牝,3,上里直汰,52▲,16,14,芝,1000,B,良,0572,2.3,,,,13,33.8,13,53.8,,51.23,51.8,,003,0,,2023103663,(241.3),,,1.2,後方,後方,35.10,468,,241.3,上水牧場,むかわ町,マインドユアビスケッツ,ブラックダンサー,ブラックタイド,16,2,3,,(美),松尾卓哉
未勝利,202605160401050314,"2026. 5.16",新潟,ミラキュラスアース,牝,3,西村淳也, 55 ,16,１,芝,1600,B,良,1348,-0.0,,,8,8,34.1,2,56.8,*,56.07,53.0,,A03,590,,2023107074,420,160,860,0.8,中団,差し,36.42,484,0,4.2,ノーザンファーム,安平町,ミスターメロディ,スピークソフトリー,アルカセット,16,7,14,,(栗),奥村豊
未勝利,202605160401050303,"2026. 5.16",新潟,ショウナンバーボン,牡,3,ゴンサル, 57 ,16,５,芝,1600,B,良,1351,0.3,,,3,3,35.0,10,53.0,*,56.07,53.0,,A03,59,,2023106620,(14.1),,,0.2,先行,先行,36.06,470,+8,14.1,信岡牧場,浦河町,サートゥルナーリア,レッドアルジーヌ,ハーツクライ,16,2,3,,(美),加藤士津
未勝利,202605160401050301,"2026. 5.16",新潟,ランウェイミューズ,牝,3,浜中俊, 55 ,16,９,芝,1600,B,良,1355,0.7,,,9,8,34.8,8,54.7,*,56.07,53.0,,A03,0,,2023107304,(15.7),,,0.8,中団,中団,36.42,390,-4,15.7,ノーザンファーム,安平町,シルバーステート,ランウェイデビュー,ストロングリターン,16,1,1,,(美),竹内正洋
未勝利,202605160401050212,"2026. 5.16",新潟,ナムラロダン,牡,3,西村淳也, 57 ,15,２,ダ,1200,,良,1132,0.2,,,1,1,38.6,6,39.6,*,41.53,40.1,,A03,240,,2023106223,(3.0),110,260,0.0,逃げ,逃げ,34.60,472,-6,3.0,谷川牧場,浦河町,ミッキーアイル,サンクイーン2,"Storm Cat",15,7,12,,(栗),長谷川浩
未勝利,202605160401050208,"2026. 5.16",新潟,フェアリーキャット,牝,3,古川奈穂,53◇,15,７,ダ,1200,,良,1142,1.2,,,2,2,39.6,14,37.4,,41.53,40.1,,A03,0,,2023104847,(62.7),,,0.0,先行,先行,34.60,426,-6,62.7,川越ファーム,浦河町,ディスクリートキャット,ファイアリーラヴ,パイロ,15,5,8,,(美),鈴木慎太
未勝利,202605160401050207,"2026. 5.16",新潟,カフェプラウド,牡,3,石神深道,54▲,15,９,ダ,1200,,良,1146,1.6,,,15,15,37.2,1,50.5,*,41.53,40.1,,A03,0,,2023102246,(162.4),,,2.8,後方,後方,37.40,480,,162.4,三嶋牧場,浦河町,ドレフォン,ラゴンダカフェ,カフェラピード,15,4,7,,(美),柄崎将寿
OP(L),202605100803061006,"2026. 5.10",京都,フォーゲル,牡,3,池添謙一, 57 ,11,２,芝,1400,C,良,1198,0.1,,,3,3,33.1,1,55.8,*,55.40,55.0,,N04,840,    7.0,2023105273,(7.3),140,570,0.2,先行,先行,35.03,524,+4,7.3,ノーザンファーム,安平町,アルアイン,エリカポンシャン,ロードカナロア,11,6,6,,(栗),斉藤崇史
未勝利,202605100803060509,"2026. 5.10",京都,アトレッタ,牡,3,池添謙一, 57 ,13,１,芝,2000,C,良,1592,-0.5,7,8,8,8,34.9,1,53.5,*,51.27,51.5,,003,590,,2023104008,600,180,520,0.5,中団,差し,36.13,418,-2,6.0,オリエント牧場,新冠町,キズナ,シャッセロール,クロフネ,13,6,9,,(栗),斉藤崇史
未勝利,202605100803060415,"2026. 5.10",京都,アイルトン,牡,3,酒井学, 57 ,17,５,芝,1600,C,良,1334,0.3,,,3,3,34.5,6,52.4,*,53.27,51.9,,A03,59,,2023102920,(19.5),,,0.3,先行,先行,35.34,508,+2,19.5,千代田牧場,新ひだか町,ダノンスマッシュ,ダノングラシアス,マンハッタンカフェ,16,8,15,,(栗),橋田宜長
未勝利,202605100803060406,"2026. 5.10",京都,ペアピーターソン,牡,3,岩田康誠, 57 ,17,16,芝,1600,C,良,1364,3.3,,,16,16,36.1,16,50.2,,53.27,51.9,,A03,0,,2023106404,(6.9),,,1.7,後方,後方,36.18,496,+10,6.9,三嶋牧場,平取町,アスクピーターパン,ミラクルアスク,ディープインパクト,16,3,6,,(栗),梅田智之
未勝利,202605100803060214,"2026. 5.10",京都,ザキノフレンズ,牡,3,田山旺佑,55△,16,５,ダ,1200,,良,1130,0.7,,,10,10,37.1,1,46.8,*,43.77,43.8,,A03,59,,2023104433,(4.5),,,0.9,中団,中団,35.90,502,+4,4.5,ハクレイファーム,新冠町,モーニン,ザデイ,シンボリクリスエス,16,7,14,,(栗),東田明士
3勝,202605100502061211,"2026. 5.10",東京,ノーブルスカイ,牡,5,西村淳也, 54 ,15,15,ダ,1600,,良,1385,2.2,,,15,15,36.5,8,51.9,,49.27,47.9,,A03,0,    0.0,2021102256,(27.0),,,2.3,後方,後方,37.20,484,-2,27.0,エトルタファーム,日高町,ネオユニヴァース,ホウショウワールド,"Sky Classic",15,6,11,,(栗),高柳大輔
2勝,202605100502060904,"2026. 5.10",東京,ロードブレイズ,牡,5,横山和生, 58 ,9,１,ダ,2100,,良,2115,-0.1,4,4,5,4,36.6,3,53.7,*,53.70,50.6,,A03,1580,   19.6,2021100162,1390,190,2640,0.8,先行,先行,37.96,504,-2,13.9,ケイアイファーム,新ひだか町,ロードカナロア,ブリュネット,ダイワメジャー,9,4,4,,(美),稲垣幸雄
1勝,202605100502060601,"2026. 5.10",東京,ハルオーブ,牡,6,高杉吏麒, 58 ,11,６,芝,1400,A,良,1211,0.4,,,5,5,34.2,6,52.9,*,54.17,52.5,,A03,0,,2020104732,(22.5),,,0.3,中団,中団,35.18,478,-2,22.5,藤沢牧場,新ひだか町,ディーマジェスティ,ハルダヨリ,ファルブラヴ,10,1,1,,(美),武井亮
未勝利,202605100502060411,"2026. 5.10",東京,フォーエバーラブ,牡,3,柴田大知, 57 ,14,６,芝,2000,A,良,2040,0.5,,7,5,4,34.3,8,62.1,*,64.17,62.4,,003,0,,2023102941,(42.5),,,0.3,先行,先行,38.44,450,0,42.5,千代田牧場,新ひだか町,ミスターメロディ,プレシャスメイト,ステイゴールド,14,7,11,,(美),金成貴史
未勝利,202605100502060201,"2026. 5.10",東京,ヴェントベローチェ,牡,3,北村宏司, 57 ,16,８,ダ,1400,,良,1273,1.0,,,10,11,37.5,4,49.6,*,48.80,45.8,,A03,0,,2023103133,(33.3),,,1.4,後方,後方,37.35,470,-2,33.3,藤沢牧場,新ひだか町,ダノンプレミアム,ケイココサージュ,ヘニーヒューズ,16,1,1,,(美),勢司和浩
1勝,202605100401041211,"2026. 5.10",新潟,パリコレジェンヌ,牝,4,丸田恭介, 56 ,13,11,芝,1200,B,良,1104,0.7,,,11,10,34.3,5,55.2,*,52.20,51.4,,003,0,,2022104501,(39.5),,,1.0,後方,後方,36.10,464,-6,39.5,前谷牧場,新ひだか町,ミスターメロディ,ビオレイメル,ワイルドラッシュ,13,7,11,,(栗),鈴木孝志
2勝,202605100401041011,"2026. 5.10",新潟,マンオブザマッチ,牡,4,舟山瑠泉, 56 ,14,１,ダ,1800,,良,1521,-0.4,4,4,3,3,38.0,2,47.5,*,46.20,46.0,,003,1580,   35.0,2022101677,650,220,2350,0.4,先行,先行,37.05,490,+2,6.5,ダーレー・ジャパン・ファーム,日高町,ファインニードル,パテントジョイ,Pivotal,14,7,11,,(栗),高橋義忠
1勝,202605100401040912,"2026. 5.10",新潟,キングズトゥルー,牡,4,丸田恭介, 58 ,14,１,芝,2400,B,良,2265,-0.6,10,8,2,2,35.0,1,56.2,*,54.97,55.8,,003,1140,   34.3,2022103510,730,210,3250,0.1,先行,先行,37.17,460,-2,7.3,岡田スタツド,新ひだか町,ウインブライト,クイーンズトゥルー,キングカメハメハ,14,7,12,*,(美),大竹正博
未勝利,202605100401040607,"2026. 5.10",新潟,コンフィアンサ,牝,3,小林美駒,52▲,16,２,芝,1000,B,良,0558,0.0,,,,4,33.3,2,51.4,*,51.53,49.1,,A03,240,,2023102342,(4.2),160,2140,0.3,先行,先行,33.75,434,+2,4.2,上野正恵,新ひだか町,ミスターメロディ,ロマネクイーン,マイネルラヴ,16,4,7,,(美),菊川正達
未勝利,202605100401040606,"2026. 5.10",新潟,ルディドゥゲンジ,牝,3,遠藤汰月,52▲,16,７,芝,1000,B,良,0565,0.7,,,,10,33.6,4,52.2,*,51.53,49.1,,A03,0,,2023103934,(434.0),,,0.7,中団,中団,34.35,422,+8,434.0,安達牧場,新冠町,ファインニードル,ウルバーノ,"Heart's Cry",16,3,6,,(美),蛯名利弘
未勝利,202605100401040615,"2026. 5.10",新潟,リナシタ,牝,3,菊沢一樹, 55 ,16,８,芝,1000,B,良,0565,0.7,,,,5,33.9,8,50.0,*,51.53,49.1,,A03,0,,2023100290,(6.0),,,0.4,中団,中団,33.90,436,+6,6.0,広田牧場,新ひだか町,ダノンスマッシュ,エポキシ,ディープインパクト,16,8,15,,(美),清水英克
未勝利,202605100401040511,"2026. 5.10",新潟,ソニックブーム,牝,3,和田陽希,52▲,16,９,芝,1800,B,良,1501,1.0,,,4,3,34.9,10,57.7,*,61.87,59.0,牝,023,0,,2023102008,(4.3),,,0.4,先行,先行,37.60,448,-4,4.3,鎌田正嗣,浦河町,リアルスティール,ルソンデュレーヴ,キングカメハメハ,16,6,11,,(栗),柴田卓
未勝利,202605100401040308,"2026. 5.10",新潟,ウインガネーシャ,牡,3,菊沢一樹, 57 ,15,６,ダ,1800,,良,1563,1.7,11,11,8,8,39.1,6,48.7,,48.97,49.2,,A03,0,,2023105870,(46.2),,,1.0,中団,中団,38.60,468,-2,46.2,コスモヴューファーム,新冠町,ゴールドドリーム,ウインメディウム,ヘニーヒューズ,15,5,8,,(美),高木登
Ｇ２,202605090803051116,"2026. 5. 9",京都,アクセス,牡,3,岩田望来, 57 ,16,10,芝,2200,C,良,2109,1.0,6,5,3,3,36.6,13,46.6,*,49.83,48.6,,N01,0,    0.0,2023100947,(12.4),,,0.2,先行,先行,35.36,476,-10,12.4,下河辺牧場,日高町,キセキ,トリニティプレイス,マンハッタンカフェ,16,8,16,,(栗),上村洋行
Ｇ２,202605090803051101,"2026. 5. 9",京都,アーレムアレス,牡,3,菱田裕二, 57 ,16,14,芝,2200,C,良,2112,1.3,4,5,6,7,36.6,13,46.9,,49.83,48.6,,N01,0,    0.0,2023105223,(9.3),,,0.5,中団,中団,35.48,484,-10,9.3,社台コーポレーション白老ファーム,白老町,ハービンジャー,スターズインヘヴン,ワークフォース,16,1,1,,(栗),橋口慎介
1勝,202605090803050801,"2026. 5. 9",京都,ララバッカナール,牝,5,川田将雅, 56 ,16,２,ダ,1400,,良,1239,0.1,,,1,1,37.6,5,42.4,*,44.37,42.6,牝,023,330,,2021107097,(2.3),150,12310,0.0,逃げ,逃げ,34.73,464,+4,2.3,森永聡,新冠町,ヘニーヒューズ,ゴッドダンシング,ダンスインザダーク,16,1,1,*,(栗),佐藤悠太
1勝,202605090803050701,"2026. 5. 9",京都,ジーティートシオー,牡,4,角田大和, 58 ,11,10,ダ,1900,,良,2011,2.0,7,7,9,11,39.9,9,43.9,,45.70,43.4,,A03,0,,2022104661,(13.9),,,1.5,後方,後方,37.48,472,0,13.9,ノーザンファーム,安平町,バゴ,ウォークロニクル,ウォーエンブレム,11,1,1,*,(栗),西村真幸
1勝,202605090803050601,"2026. 5. 9",京都,アスクケンタッキー,牡,3,田山旺佑,55△,16,１,ダ,1200,,良,1115,-0.1,,,1,1,37.4,9,41.2,*,43.33,41.2,,A03,820,,2023110100,1360,480,2540,0.0,逃げ,逃げ,34.10,472,+2,13.6,"Bedouin Bloodstock LLC",米,"Good Magic",Entirely,"Point of Entry",16,1,1,,(栗),藤原英昭
1勝,202605090803050615,"2026. 5. 9",京都,キーンセンス,牡,3,北村友一, 57 ,16,５,ダ,1200,,良,1122,0.7,,,14,13,36.2,2,49.4,*,43.33,41.2,,A03,82,,2023110036,(8.4),,,1.9,後方,後方,36.00,510,-6,8.4,"Stonehaven Steadings",米,Munnings,Canny,"Big Brown",16,8,15,,(栗),松永幹夫
1勝,202605090803050501,"2026. 5. 9",京都,マイリトルヒーロー,牡,3,幸英明, 57 ,8,３,芝,1600,C,良,1336,0.2,,,3,3,33.9,3,55.7,*,55.93,54.8,,A04,210,,2023106785,(38.0),420,,0.3,先行,先行,35.82,462,-8,38.0,上野正恵,新ひだか町,イスラボニータ,プレシャスガール,Speightstown,8,1,1,,(栗),高橋康之
1勝,202605090803050505,"2026. 5. 9",京都,カクウチ,牡,3,松山弘平, 57 ,8,８,芝,1600,C,良,1343,0.9,,,8,7,34.2,6,55.4,*,55.93,54.8,,A04,0,,2023101405,(13.0),,,0.7,後方,後方,36.06,462,-2,13.0,碧雲牧場,日高町,アドマイヤマーズ,トウカイファイン,フレンチデピュティ,8,5,5,,(栗),小崎憲
未勝利,202605090803050402,"2026. 5. 9",京都,パンチャマハブータ,牝,3,池添謙一, 55 ,15,９,芝,2000,C,良,2018,1.5,14,14,13,12,34.9,9,56.7,,57.03,56.2,牝,023,0,,2023101404,(6.5),,,1.2,後方,後方,37.24,408,0,6.5,碧雲牧場,日高町,アドマイヤマーズ,ツキノサバク,"Oasis Dream",15,2,2,,(栗),吉田直弘
未勝利,202605090803050403,"2026. 5. 9",京都,ブライトココナッツ,牝,3,菱田裕二, 55 ,15,10,芝,2000,C,良,2019,1.6,15,15,15,14,34.7,4,57.7,*,57.03,56.2,牝,023,0,,2023102724,(315.7),,,1.5,後方,後方,37.37,424,-4,315.7,静内フアーム,新ひだか町,オルフェーヴル,エアパスカル,ウォーエンブレム,15,2,3,*,(栗),橋口慎介
未勝利,202605090803050303,"2026. 5. 9",京都,モンシーク,牡,3,松山弘平, 57 ,17,３,芝,1400,C,良,1205,0.2,,,4,4,33.6,1,54.7,*,53.40,52.1,,003,150,,2023105000,(2.3),110,,0.6,先行,先行,35.18,452,-12,2.3,三嶋牧場,浦河町,スクリーンヒーロー,エピックガール,ディープインパクト,17,2,3,,(栗),橋口慎介
未勝利,202605090803050204,"2026. 5. 9",京都,ワンダーゾルダート,牡,3,川端海翼,54▲,15,６,ダ,1800,,良,1559,1.7,5,5,5,5,40.0,9,44.9,,47.83,47.2,,003,0,,2023101714,(4.0),,,0.5,中団,中団,37.95,430,-2,4.0,高昭牧場,浦河町,ゴールドドリーム,クインズモモナ,エイシンフラッシュ,15,3,4,*,(栗),羽月友彦
未勝利,202605090803050110,"2026. 5. 9",京都,アーガイルショア,牝,3,西村淳也, 55 ,16,５,ダ,1400,,良,1252,0.5,,,7,8,37.4,3,45.9,*,44.30,43.9,,003,59,,2023103718,(4.5),,,0.7,中団,中団,35.85,512,-2,4.5,追分ファーム,安平町,ナダル,ベルプラージュ,キングカメハメハ,15,5,10,,(栗),安田翔伍
未勝利,202605090502050313,"2026. 5. 9",東京,アンシュウマト,牡,3,三浦皇成, 57 ,16,１,ダ,1600,,良,1385,-0.4,,,3,3,36.6,2,51.5,*,51.93,50.2,,003,590,,2023101929,380,120,1370,0.3,先行,先行,37.14,458,+6,3.8,高村伸一,様似町,マクフィ,オクシペタルム,シンボリクリスエス,16,7,13,,(美),中川公成
未勝利,202605090502050301,"2026. 5. 9",東京,ザンテソーロ,牡,3,木幡巧也, 57 ,16,７,ダ,1600,,良,1397,1.2,,,5,5,37.5,5,49.5,*,51.93,50.2,,003,0,,2023106733,(289.8),,,0.6,中団,中団,37.32,454,+4,289.8,リョーケンファーム,日高町,オルフェーヴル,アオイテソーロ,ルーラーシップ,16,1,1,,(美),畠山吉宏
未勝利,202605090502050116,"2026. 5. 9",東京,フェイスリフト,牡,3,ディー, 57 ,16,２,ダ,1300,,良,1199,0.2,,,7,7,37.4,1,47.4,*,45.20,42.2,,003,240,,2023106605,(1.9),110,540,1.2,中団,差し,36.43,460,-4,1.9,ミルファーム,浦河町,フォーウィールドライブ,ポンポン,ブラックタイド,16,8,16,,(美),嘉藤貴行
3勝,202605090401031101,"2026. 5. 9",新潟,パラサイコロジー,牝,4,石田拓郎, 56 ,16,16,芝,1000,B,良,0585,1.8,,,,14,34.9,13,51.4,,52.77,48.7,,A04,0,    0.0,2022104862,(19.2),,,1.1,後方,後方,35.40,474,-10,19.2,ノーザンファーム,安平町,モズアスコット,スペルオンミー,ダイワメジャー,16,1,1,,(美),新開幸一
1勝,202605090401031010,"2026. 5. 9",新潟,シャインフリーリー,牡,4,長浜鴻緒, 58 ,13,９,芝,1800,B,良,1494,1.5,,,9,8,36.0,5,51.9,,52.07,49.9,,A03,0,    0.0,2022101495,(55.3),,,1.5,中団,中団,36.70,470,0,55.3,白井牧場,日高町,ウインブライト,フィールフリーリー,アグネスタキオン,13,7,10,,(美),矢嶋大樹
1勝,202605090401030911,"2026. 5. 9",新潟,トップアタック,牡,3,小沢大仁, 57 ,14,１,芝,1200,B,良,1098,-0.0,,,2,2,35.7,9,45.5,*,46.90,45.0,,A04,1140,   30.1,2023104528,1930,500,5970,0.1,先行,先行,34.10,464,+4,19.3,細川農場,新冠町,サトノダイヤモンド,レッドアマルフィ,ロードカナロア,14,7,11,,(栗),小椋研介
1勝,202605090401030705,"2026. 5. 9",新潟,スターチスブーケ,牝,5,菊沢一樹, 56 ,15,10,ダ,1200,,稍,1140,1.7,,,11,9,39.0,6,39.7,,39.13,36.3,,A03,0,,2021110075,(209.8),,,1.5,中団,中団,35.00,510,+4,209.8,"Gerty Bloodstock",米,"Practical Joke","Sovereign Halo",Haynesfield,15,3,5,,(美),田中勝春
1勝,202605090401030711,"2026. 5. 9",新潟,ミルミナーヴァ,牝,5,富田暁, 56 ,15,15,ダ,1200,,稍,1166,4.3,,,2,2,43.0,15,28.1,,39.13,36.3,,A03,0,,2021106332,(4.8),,,0.1,先行,先行,33.60,484,0,4.8,高瀬牧場,新冠町,ヘニーヒューズ,ランミネルバ,アグネスタキオン,15,6,11,,(栗),橋田宜長
未勝利,202605090401030613,"2026. 5. 9",新潟,ダンツウルス,牡,3,丸山元気, 57 ,16,４,芝,2000,B,良,2067,0.2,3,3,3,3,36.6,8,55.5,*,57.53,55.3,,A03,89,,2023102901,(3.0),,,0.2,先行,先行,38.61,460,-4,3.0,千代田牧場,新ひだか町,リアルスティール,コゴメユキ,"Liam's Map",16,7,13,,(栗),谷潔
未勝利,202605090401030607,"2026. 5. 9",新潟,コスモペンタス,牝,3,森田誠也,52▲,16,９,芝,2000,B,良,2069,0.4,3,5,3,3,36.7,10,55.3,*,57.53,55.3,,A03,0,,2023106482,(328.9),,,0.3,先行,先行,38.66,414,+4,328.9,ビッグレッドファーム,新冠町,ベンバトル,モエレカトリーナ,ゴールドヘイロー,16,4,7,*,(美),西田雄一
未勝利,202605090401030511,"2026. 5. 9",新潟,ニシノシャルム,牝,3,遠藤汰月,52▲,16,５,芝,1200,B,良,1108,0.6,,,11,9,36.0,2,46.7,*,43.13,41.3,,002,59,,2023105138,(122.1),,,1.3,中団,中団,34.80,428,0,122.1,鮫川啓一,浦河町,キタサンブラック,チャームクォーク,クロフネ,16,6,11,,(美),栗田徹
未勝利,202605090401030514,"2026. 5. 9",新潟,ベルフィーノ,牝,3,河原田菜,51★,16,８,芝,1200,B,良,1110,0.8,,,5,3,36.8,11,42.9,*,43.13,41.3,,002,0,,2023101013,(206.4),,,0.7,先行,先行,34.20,444,-2,206.4,白瀬盛雄,日高町,カレンブラックヒル,ハナズルナピエナ,アドマイヤムーン,16,7,14,,(栗),宮本博
ｵｰﾌﾟﾝ,202605090401030404,"2026. 5. 9",新潟,ローンウルフ,牡,5,大江原圭, 60 ,11,８,芝,2890,B,稍,3141,3.2,3,3,6,8,13.4,,,,,,,A00,0,,2021104112,(116.3),,,,中団,中団,,490,-4,116.3,千代田牧場,新ひだか町,リアルインパクト,シェリレーヌ,Mineshaft,11,4,4,,(美),武市康男
未勝利,202605090401030301,"2026. 5. 9",新潟,ミスジェイド,牝,3,長岡禎仁, 55 ,15,５,ダ,1200,,稍,1145,1.6,,,4,4,40.2,10,35.3,*,36.40,36.9,牝,023,59,,2023104199,(23.2),,,0.4,先行,先行,34.30,452,+6,23.2,大栄牧場,新冠町,Blame,アッシャー,"Harlan's Holiday",15,1,1,,(栗),杉山佳明
未勝利,202605090401030203,"2026. 5. 9",新潟,ベストブラザーズ,牡,3,小林美駒,54▲,10,１,ダ,1800,,稍,1554,-1.1,1,1,1,1,39.8,1,45.0,*,42.97,45.0,,003,590,,2023101087,220,110,1090,0.0,逃げ,逃げ,37.80,490,0,2.2,竹島幸治,日高町,キセキ,トーホウロゼリア,ハーツクライ,10,3,3,,(美),辻哲英
未勝利,202605090401030208,"2026. 5. 9",新潟,ロードステラート,牡,3,富田暁, 57 ,10,３,ダ,1800,,稍,1577,2.3,4,3,3,3,41.7,4,41.1,*,42.97,45.0,,003,150,,2023105838,(4.0),130,,0.4,先行,先行,38.00,494,-2,4.0,ケイアイファーム,新ひだか町,キタサンブラック,ブリュネット,ダイワメジャー,10,7,8,,(栗),武英智
3勝,202605030803041205,"2026. 5. 3",京都,ハクサンアイリス,牡,4,岩田望来, 56 ,16,４,ダ,1400,,稍,1228,0.1,,,2,2,36.9,7,43.3,*,46.50,43.5,,A03,280,    0.0,2022100328,(4.6),,,0.0,先行,先行,34.43,490,+6,4.6,中村雅明,浦河町,ハクサンムーン,キャメロンロード,デュランダル,16,3,5,,(栗),高橋一哉
3勝,202605030803041209,"2026. 5. 3",京都,ゲキザル,牡,7,小林脩斗, 56 ,16,９,ダ,1400,,稍,1243,1.6,,,15,16,36.7,5,47.3,*,46.50,43.5,,A03,0,    0.0,2019102102,(34.4),,,1.7,後方,後方,35.70,482,-4,34.4,広富牧場,日高町,ザファクター,トゥモローズライト,アフリート,16,5,9,,(美),青木孝文
2勝,202605030803040805,"2026. 5. 3",京都,ブルボンクイーン,牝,5,角田大和, 56 ,15,３,芝,1200,C,良,1079,0.1,,,1,1,34.0,14,49.7,*,51.70,50.0,,A03,400,    5.1,2021100297,(30.2),720,,0.0,逃げ,逃げ,33.90,490,-12,30.2,土居牧場,新ひだか町,キズナ,セレブラール,ボストンハーバー,15,3,5,,(栗),角田晃一
2勝,202605030803040803,"2026. 5. 3",京都,メイショウミリオレ,牝,5,武豊, 56 ,15,５,芝,1200,C,良,1080,0.2,,,9,9,32.9,3,56.7,*,51.70,50.0,,A03,158,    0.0,2021103278,(10.4),,,1.2,中団,中団,35.10,492,+2,10.4,三嶋牧場,浦河町,ルーラーシップ,メイショウメイゲツ,ディープインパクト,15,2,3,,(栗),藤岡健一
1勝,202605030803040703,"2026. 5. 3",京都,テレプシコーラ,牝,4,国分優作, 56 ,8,７,芝,2000,C,良,2013,1.6,1,2,2,2,35.6,8,53.2,,58.27,57.6,,003,0,,2022100457,(25.3),,,0.1,先行,先行,36.73,426,+14,25.3,吉田ファーム,浦河町,ルーラーシップ,キスオンザグリーン,オルフェーヴル,8,3,3,,(栗),坂口智康
未勝利,202605030803040212,"2026. 5. 3",京都,メイショウサッソウ,牡,3,加藤祥太, 57 ,12,１,ダ,1900,,稍,2002,-0.1,3,3,3,3,38.1,4,49.5,*,48.60,48.3,,003,590,,2023101953,2410,550,11240,0.3,先行,先行,37.89,420,-8,24.1,赤田牧場,浦河町,ダノンキングリー,メイショウヨソユキ,シニスターミニスター,12,8,12,,(栗),庄野靖志
未勝利,202605030803040205,"2026. 5. 3",京都,ポップアップ,セ,3,吉村誠之, 57 ,12,５,ダ,1900,,稍,2008,0.6,8,8,7,7,38.1,4,50.2,*,48.60,48.3,,003,59,,2023105444,(20.6),,,0.9,中団,中団,38.17,472,-6,20.6,白井牧場,日高町,ロジャーバローズ,ネガイ,ルーラーシップ,12,5,5,,(栗),寺島良
未勝利,202605030803040206,"2026. 5. 3",京都,ジャストグレース,牡,3,国分優作, 57 ,12,10,ダ,1900,,稍,2019,1.7,5,5,5,5,39.5,10,46.3,,48.60,48.3,,003,0,,2023102517,(147.6),,,0.6,中団,中団,38.03,494,-2,147.6,カタオカフアーム,新ひだか町,ホッコータルマエ,インファクト,ダイワメジャー,12,5,6,,(栗),大根田裕
未勝利,202605030803040101,"2026. 5. 3",京都,キミガスキダ,牝,3,松本大輝, 55 ,16,９,ダ,1400,,稍,1258,1.8,,,11,12,37.4,7,47.1,,46.23,46.2,牝,023,0,,2023100605,(165.8),,,1.2,後方,後方,36.30,426,-2,165.8,天羽牧場,日高町,ドレフォン,セシリア,アグネスタキオン,15,1,1,,(栗),牧田和弥
2勝,202605030502041201,"2026. 5. 3",東京,スムースベルベット,牝,6,柴田大知, 56 ,13,８,ダ,1300,,稍,1185,1.1,,,4,4,37.2,12,45.2,,46.63,45.1,,A03,0,,2020106987,(63.6),,,0.6,先行,先行,35.40,504,0,63.6,ミルファーム,浦河町,ディスクリートキャット,ローブドヴルール,サウスヴィグラス,13,1,1,*,(美),手塚貴徳
OP(L),202605030502041115,"2026. 5. 3",東京,ショウグンマサムネ,牡,3,荻野極, 57 ,15,８,芝,2000,A,良,1594,0.9,,13,13,13,33.8,2,58.5,*,57.43,56.1,,N01,0,    0.0,2023103897,(21.2),,,1.2,後方,後方,36.69,478,+2,21.2,レイクヴィラファーム,洞爺湖町,スワーヴリチャード,ナオミノユメ,ジャングルポケット,15,8,15,,(栗),佐藤悠太
1勝,202605030502040712,"2026. 5. 3",東京,ミスティマウンテン,牡,4,荻野極, 58 ,15,２,ダ,1600,,稍,1384,0.4,,,6,6,36.6,6,51.3,*,52.97,50.2,,003,330,,2022101684,(18.0),340,5420,0.5,中団,差し,37.08,456,+2,18.0,ダーレー・ジャパン・ファーム,日高町,サンダースノー,ブルーミスト,スクリーンヒーロー,15,7,12,,(美),池上昌和
1勝,202605030502040714,"2026. 5. 3",東京,ビービーバザーク,牡,4,浜中俊, 58 ,15,４,ダ,1600,,稍,1385,0.5,,,2,2,37.2,10,48.9,*,52.97,50.2,,003,120,,2022102397,(5.4),,,0.0,先行,先行,36.78,484,+2,5.4,坂東牧場,平取町,シニスターミニスター,カリビアンロマンス,コマンズ,15,8,14,,(栗),武幸四郎
未勝利,202605030502040415,"2026. 5. 3",東京,アドマイヤフク,牝,3,ディー, 55 ,18,12,芝,1600,A,良,1361,1.3,,,15,15,33.9,5,60.1,*,59.37,58.8,,003,0,,2023101048,(27.1),,,1.1,後方,後方,37.32,428,+4,27.1,スマイルファーム,日高町,アドマイヤマーズ,アドマイヤナイト,アドマイヤムーン,18,7,15,,(美),加藤征弘
未勝利,202605030502040210,"2026. 5. 3",東京,レイズレガシー,牡,3,横山武史, 57 ,16,７,ダ,1400,,稍,1266,1.0,,,5,6,37.6,8,47.7,*,50.87,47.6,,003,0,,2023102978,(5.9),,,0.6,中団,中団,36.75,506,+4,5.9,飛野牧場,新ひだか町,ロジャーバローズ,スマートグレイス,ヤマニンセラフィム,16,5,10,,(美),高柳瑞樹
未勝利,202605030502040209,"2026. 5. 3",東京,レオスキーム,牡,3,原優介, 57 ,16,12,ダ,1400,,稍,1278,2.2,,,9,10,38.4,11,46.5,,50.87,47.6,,003,0,,2023104893,(274.4),,,1.0,中団,中団,37.05,464,-4,274.4,惣田英幸,浦河町,ベストウォーリア,キャラメルフレンチ,タイキシャトル,16,5,9,,(美),萱野浩二
未勝利,202605030502040107,"2026. 5. 3",東京,フレンチブラッサム,牝,3,木幡巧也, 55 ,15,４,ダ,1600,,稍,1396,0.9,,,7,7,38.1,5,46.9,*,50.17,45.8,牝,023,89,,2023105062,(20.9),,,0.8,中団,差し,36.90,438,+5,20.9,宮内牧場,浦河町,ホッコータルマエ,ピッパレジーナ,ゴールドアリュール,15,4,7,,(美),柄崎将寿
未勝利,202605030502040112,"2026. 5. 3",東京,イデアクリスタル,牝,3,横山武史, 55 ,15,12,ダ,1600,,稍,1405,1.8,,,8,9,38.7,9,45.8,,50.17,45.8,牝,023,0,,2023102033,(4.9),,,1.1,中団,中団,37.08,476,+4,4.9,グランデファーム,浦河町,ホークビル,トゥルヴァーユ,ダイワメジャー,15,7,12,,(美),手塚貴徳
2勝,202605030401021014,"2026. 5. 3",新潟,タミゼ,牝,5,田山旺佑, 51 ,16,９,芝,1000,B,良,0554,0.9,,,,12,32.6,7,54.9,*,52.23,50.0,,A03,0,    0.0,2021100650,(30.7),,,1.0,後方,後方,34.20,470,-14,30.7,笠松牧場,浦河町,リオンディーズ,フレンチトースト,フレンチデピュティ,16,7,14,,(栗),平田修
1勝,202605030401020708,"2026. 5. 3",新潟,ココボロ,牝,5,野中悠太, 56 ,16,11,芝,1400,B,良,1226,0.8,,,15,14,34.5,3,54.6,*,53.93,48.3,牝,023,0,,2021106419,(126.9),,,1.7,後方,後方,36.08,526,+2,126.9,対馬正,新冠町,ビッグアーサー,シルクヴァルキリー,マーベラスサンデー,16,4,8,,(美),松山将樹
1勝,202605030401020704,"2026. 5. 3",新潟,ストレイトアスク,牝,5,和田陽希,53▲,16,14,芝,1400,B,良,1230,1.2,,,8,9,35.7,12,49.4,,53.93,48.3,牝,023,0,,2021102312,(13.8),,,0.9,中団,中団,35.48,436,-6,13.8,"ASK STUD",平取町,ロードカナロア,ストレイトガール,フジキセキ,16,2,4,,(栗),藤原英昭
1勝,202605030401020602,"2026. 5. 3",新潟,ロックウイズユー,セ,4,柴田裕一,56△,13,６,ダ,1800,,稍,1549,1.6,12,12,11,11,38.8,3,48.1,*,46.53,46.4,,002,0,,2022103143,(29.4),,,1.5,後方,後方,38.05,452,0,29.4,ビクトリーホースランチ,浦河町,ダノンレジェンド,エステーラブ,マイネルラヴ,13,2,2,*,(栗),橋田宜長
1勝,202605030401020611,"2026. 5. 3",新潟,ノーブルアクト,牝,6,水沼元輝,53▲,13,７,ダ,1800,,稍,1552,1.9,6,7,7,6,39.6,5,45.5,,46.53,46.4,,002,0,,2020104744,(8.4),,,1.0,中団,中団,37.80,510,-10,8.4,フジワラフアーム,新ひだか町,マクフィ,クイーンロイド,ゼンノロブロイ,13,7,11,,(美),上原博之
未勝利,202605030401020513,"2026. 5. 3",新潟,ダイユウヴェンティ,牝,3,小沢大仁, 55 ,14,９,芝,1800,B,良,1506,0.4,,,6,5,34.3,11,61.2,*,62.40,62.1,,003,0,,2023105102,(18.3),,,0.1,中団,中団,38.15,422,-2,18.3,上山牧場,浦河町,サートゥルナーリア,クールアンフルール,サクラバクシンオー,14,8,13,,(美),松永康利
未勝利,202605030401020310,"2026. 5. 3",新潟,サマーナジュム,牡,3,中井裕二, 57 ,14,５,ダ,1800,,稍,1569,1.8,2,2,2,3,41.2,9,41.9,*,46.53,45.0,,003,59,,2023104379,(26.4),,,0.3,先行,先行,37.85,498,+8,26.4,ノースヒルズ,新冠町,キズナ,ヴォルドニュイ,"Sky Mesa",14,6,10,,(栗),角田晃一
未勝利,202605030401020302,"2026. 5. 3",新潟,レジェルテ,牡,3,和田陽希,54▲,14,６,ダ,1800,,稍,1571,2.0,8,9,12,12,40.1,5,46.0,*,46.53,45.0,,003,0,,2023107303,(14.1),,,1.6,後方,後方,38.50,462,+2,14.1,ノーザンファーム,安平町,シュヴァルグラン,ラリズ,Bernstein,14,2,2,,(栗),柴田卓
未勝利,202605030401020112,"2026. 5. 3",新潟,キコリータ,牝,3,小沢大仁, 55 ,16,４,芝,2000,B,稍,2026,0.2,15,15,12,11,35.4,2,55.6,*,53.23,50.9,牝,023,89,,2023103321,(5.5),,,1.3,後方,追込,37.37,412,-4,5.5,社台ファーム,千歳市,レイデオロ,アルマンド,ディープインパクト,16,6,12,,(美),田中勝春
未勝利,202605030401020103,"2026. 5. 3",新潟,サウンドファミリエ,牝,3,石川裕紀, 55 ,16,６,芝,2000,B,稍,2027,0.3,9,9,12,12,35.5,4,55.3,*,53.23,50.9,牝,023,0,,2023104254,(159.0),,,1.3,後方,後方,37.37,408,+2,159.0,飛渡牧場,新冠町,シルバーステート,サウンドマジック,トビーズコーナー,16,2,3,,(美),和田正一
1勝,202605020803031203,"2026. 5. 2",京都,ギザキズラヴ,牝,4,Ｍ．デム, 56 ,10,９,芝,1600,C,良,1356,2.8,,,4,4,36.4,10,47.6,,55.20,53.8,,A03,0,,2022106715,(64.3),,,0.4,先行,先行,35.52,458,-6,64.3,パカパカファーム,新冠町,キズナ,アップワードスパイラル,Teofilo,10,3,3,,(栗),加藤公太
1勝,202605020803030809,"2026. 5. 2",京都,ザングウィル,牡,6,岩田望来, 58 ,13,５,ダ,1400,,稍,1256,1.2,,,7,5,37.3,5,47.1,,49.13,47.0,,A03,82,,2020110051,(3.7),,,0.7,中団,中団,36.23,516,+4,3.7,"J. Lenihan",愛,"Dandy Man",Zaaqya,Nayef,13,6,9,,(栗),佐藤悠太
1勝,202605020803030710,"2026. 5. 2",京都,カクウチ,牡,3,菱田裕二, 57 ,12,７,芝,1400,C,良,1207,0.8,,,4,4,33.9,9,53.5,*,53.37,52.3,,A04,0,,2023101405,(8.2),,,0.7,先行,先行,35.10,464,+4,8.2,碧雲牧場,日高町,アドマイヤマーズ,トウカイファイン,フレンチデピュティ,12,7,10,,(栗),小崎憲
1勝,202605020803030711,"2026. 5. 2",京都,アンディムジーク,牝,3,団野大成, 55 ,12,11,芝,1400,C,良,1214,1.5,,,6,5,34.4,11,52.5,,53.37,52.3,,A04,0,,2023103797,(16.9),,,0.9,中団,中団,35.25,456,+8,16.9,社台コーポレーション白老ファーム,白老町,アドマイヤマーズ,ターフェルムジーク,ノヴェリスト,12,8,11,,(栗),渡辺薫彦
未勝利,202605020803030416,"2026. 5. 2",京都,ロングジーニアス,牝,3,松若風馬, 55 ,18,９,芝,1400,C,稍,1215,1.1,,,10,10,34.4,8,52.7,,54.00,51.3,,A03,0,,2023103159,(97.9),,,0.9,中団,中団,35.33,396,-6,97.9,フジワラフアーム,新ひだか町,ベンバトル,ジニアスミノル,ディープインパクト,18,8,16,,(栗),高橋亮
未勝利,202605020803030306,"2026. 5. 2",京都,ペプチドブッドレア,牝,3,団野大成, 55 ,18,３,芝,1600,C,稍,1341,0.1,,,9,7,34.0,3,56.1,*,54.57,52.1,牝,023,150,,2023105720,(10.2),300,,0.9,中団,差し,36.06,470,0,10.2,木村牧場,日高町,イスラボニータ,ペプチドセマム,エンパイアメーカー,18,3,6,,(栗),吉村圭司
未勝利,202605020803030304,"2026. 5. 2",京都,ミラキュラスアース,牝,3,吉村誠之, 55 ,18,４,芝,1600,C,稍,1343,0.3,,,9,11,34.0,3,56.4,*,54.57,52.1,牝,023,89,,2023107074,(5.5),,,1.1,中団,差し,36.18,484,+4,5.5,ノーザンファーム,安平町,ミスターメロディ,スピークソフトリー,アルカセット,18,2,4,,(栗),奥村豊
未勝利,202605020803030312,"2026. 5. 2",京都,グッデイ,牝,3,秋山稔樹, 55 ,18,６,芝,1600,C,稍,1343,0.3,,,3,3,34.6,8,53.5,*,54.57,52.1,牝,023,0,,2023106988,(329.9),,,0.5,先行,先行,35.82,434,+2,329.9,ノーザンファーム,安平町,フィエールマン,グランワルツ,ロードカナロア,18,6,12,,(栗),河嶋宏樹
未勝利,202605020803030308,"2026. 5. 2",京都,ヴィーラー,牝,3,角田大和, 55 ,18,13,芝,1600,C,稍,1351,1.1,,,7,8,35.0,14,53.0,,54.57,52.1,牝,023,0,,2023103081,(187.6),,,0.9,中団,中団,36.06,422,-4,187.6,服部牧場,新ひだか町,コントレイル,スウィートマナ,"Easing Along",18,4,8,*,(栗),矢作芳人
未勝利,202605020803030208,"2026. 5. 2",京都,ケンフィールド,牡,3,幸英明, 57 ,15,１,ダ,1800,,重,1526,-0.6,1,1,1,1,37.0,1,52.2,*,51.27,52.2,,A03,590,,2023101694,570,150,590,0.0,逃げ,逃げ,37.80,472,+10,5.7,ケンブリッジバレー,浦河町,タリスマニック,ケンブリッジハーツ,キングヘイロー,15,5,8,,(栗),大根田裕
未勝利,202605020803030107,"2026. 5. 2",京都,サンライズロイ,牡,3,国分恭介, 57 ,16,４,ダ,1200,,重,1123,0.8,,,2,2,36.2,6,49.7,*,51.50,50.8,,003,89,,2023106556,(19.7),,,0.2,先行,先行,36.10,474,+2,19.7,ヤナガワ牧場,日高町,フォーウィールドライブ,サンデーローズ,ブライアンズタイム,16,4,7,,(栗),牧浦充徳
未勝利,202605020803030108,"2026. 5. 2",京都,グランビスタ,牝,3,吉村誠之, 55 ,16,９,ダ,1200,,重,1130,1.5,,,7,8,36.5,9,50.0,,51.50,50.8,,003,0,,2023107190,(63.1),,,0.6,中団,中団,36.50,444,+8,63.1,ノーザンファーム,安平町,ドレフォン,ブエナビスタ,スペシャルウィーク,16,4,8,,(栗),池添学
1勝,202605020502030507,"2026. 5. 2",東京,スタートレイン,牝,3,原優介, 55 ,18,17,芝,1400,A,良,1227,1.5,,,18,18,33.0,1,63.0,*,59.13,57.9,,A04,0,,2023103146,(132.0),,,1.8,後方,後方,37.28,458,+6,132.0,藤沢牧場,新ひだか町,キタサンブラック,レポゼッション,"War Front",18,4,7,,(美),黒岩陽一
1勝,202605020502030504,"2026. 5. 2",東京,イージーライダー,牡,3,戸崎圭太, 57 ,18,18,芝,1400,A,良,1227,1.5,,,16,16,33.4,7,60.7,,59.13,57.9,,A04,0,,2023102814,(13.7),,,1.4,後方,後方,36.98,468,0,13.7,高橋フアーム,新ひだか町,キズナ,エセンテペ,Oratorio,18,2,4,,(栗),杉山晴紀
未勝利,202605020502030404,"2026. 5. 2",東京,ブルーリファール,牡,3,石橋脩, 57 ,10,５,芝,2000,A,良,2012,0.9,,8,9,8,34.3,3,58.6,*,57.83,57.9,,003,59,,2023106180,(134.1),,,0.8,後方,後方,37.24,490,+6,134.1,トモファーム,新冠町,ブラックタイド,ビジネスライク,カジノドライヴ,10,4,4,,(美),小野次郎
未勝利,202605020502030210,"2026. 5. 2",東京,パワポケグッド,牡,3,小林凌大, 57 ,14,８,ダ,1600,,重,1386,2.3,,,11,11,37.8,7,46.5,,47.43,47.4,,003,0,,2023106198,(199.5),,,1.2,後方,後方,36.48,432,-2,199.5,HARUNOファーム,浦河町,インカンテーション,パワポケエリ,ローエングリン,14,6,10,,(美),大和田成
未勝利,202605020502030104,"2026. 5. 2",東京,ワンダーバリエンス,牝,3,柴田大知, 55 ,16,14,ダ,1400,,重,1268,2.1,,,9,9,39.0,12,41.9,,43.23,42.2,牝,023,0,,2023105196,(288.3),,,1.1,中団,中団,35.85,458,-6,288.3,藤春修二,浦河町,フィレンツェファイア,ワンダープリマ,デヒア,16,2,4,,(美),畠山吉宏
3勝,202605020401011109,"2026. 5. 2",新潟,モズカトレア,牝,4,石川裕紀, 56 ,15,14,ダ,1800,,重,1584,5.5,7,11,14,14,42.4,14,39.6,,45.70,46.6,牝,A24,0,    0.0,2022102123,(4.9),,,1.6,後方,後方,38.00,480,-2,4.9,目黒牧場,日高町,モズアスコット,ビューティーモズ,ネオユニヴァース,15,5,9,,(栗),井上智史
2勝,202605020401011005,"2026. 5. 2",新潟,アラタマフェーヴル,牡,5,小沢大仁, 58 ,15,６,芝,1800,B,稍,1480,0.3,,,2,2,36.3,14,48.8,*,55.20,48.8,,A04,0,    0.0,2021102115,(43.1),,,0.2,先行,先行,35.85,490,-6,43.1,槇本牧場,日高町,オルフェーヴル,アラタマクリスエス,シンボリクリスエス,15,3,5,,(栗),浜田多実
1勝,202605020401010906,"2026. 5. 2",新潟,ジェイエルモーダル,牡,3,丸山元気, 57 ,15,２,ダ,1800,,重,1534,0.2,13,13,8,7,38.2,1,48.4,*,45.37,41.9,,A04,460,   10.8,2023106313,(14.0),210,980,1.9,中団,差し,37.60,452,-4,14.0,ナカノファーム,日高町,デクラレーションオブウォー,ジェイエルノブレス,ヨハネスブルグ,15,4,6,,(美),松尾卓哉
1勝,202605020401010907,"2026. 5. 2",新潟,ルーナディサングエ,牡,3,菅原隆一, 57 ,15,４,ダ,1800,,重,1539,0.7,3,2,2,2,40.5,10,40.6,*,45.37,41.9,,A04,170,    0.0,2023103013,(16.1),,,0.1,先行,先行,36.70,466,+2,16.1,西川富岡牧場,新ひだか町,リアルスティール,ブラッディムーン,アドマイヤムーン,15,4,7,,(美),天間昭一
1勝,202605020401010913,"2026. 5. 2",新潟,ジューンセクレタ,牡,3,富田暁, 57 ,15,７,ダ,1800,,重,1544,1.2,1,1,1,1,41.1,13,39.2,,45.37,41.9,,A04,0,    0.0,2023110029,(21.4),,,0.0,逃げ,逃げ,36.65,512,-4,21.4,"Town & Country Farms LLC",米,"Maclean's Music","Bazinga Baby","Afleet Alex",15,7,13,,(栗),武英智
1勝,202605020401010901,"2026. 5. 2",新潟,インシオン,牡,3,和田陽希, 57 ,15,10,ダ,1800,,重,1559,2.7,4,5,8,10,40.6,11,42.7,,45.37,41.9,,A04,0,    0.0,2023107203,(49.9),,,2.0,中団,中団,37.65,528,+24,49.9,ノーザンファーム,安平町,ドレフォン,プラウドスペル,"Proud Citizen",15,1,1,,(栗),藤原英昭
1勝,202605020401010914,"2026. 5. 2",新潟,タイセツナヒ,牡,3,田山旺佑, 57 ,15,11,ダ,1800,,重,1562,3.0,14,15,15,14,39.8,6,46.0,,45.37,41.9,,A04,0,    0.0,2023102352,(71.8),,,3.1,後方,後方,38.20,472,0,71.8,岡田スタツド,新ひだか町,ホッコータルマエ,アイアムキャツアイ,アイルハヴアナザー,15,8,14,,(美),杉浦宏昭
1勝,202605020401010908,"2026. 5. 2",新潟,タイセイサーブル,牡,3,杉原誠人, 57 ,15,13,ダ,1800,,重,1565,3.3,6,7,14,14,40.2,9,44.9,,45.37,41.9,,A04,0,    0.0,2023104674,(49.9),,,3.0,後方,後方,38.15,484,+8,49.9,村田牧場,新冠町,エスポワールシチー,ジョワユーズ,エンパイアメーカー,15,5,8,,(栗),高野友和
1勝,202605020401010810,"2026. 5. 2",新潟,メイショウビストロ,牡,4,田山旺佑,56△,13,２,芝,1600,B,稍,1356,0.0,,,8,7,35.7,3,50.7,*,50.70,46.7,,A03,330,,2022103251,(7.9),230,3680,0.9,中団,差し,35.94,444,+6,7.9,三嶋牧場,浦河町,カリフォルニアクローム,メイショウオワラ,ディープブリランテ,13,7,10,,(栗),岡田稲男
未勝利,202605020401010608,"2026. 5. 2",新潟,タケルフォーカス,牡,3,小崎綾也, 57 ,14,２,芝,2200,B,稍,2176,0.6,9,9,9,9,35.5,1,57.9,*,56.07,56.4,,A03,240,,2023106077,(32.0),610,3200,0.8,中団,差し,38.29,438,+8,32.0,チャンピオンズファーム,新ひだか町,サトノダイヤモンド,オスカーステージ,キングカメハメハ,14,5,8,,(栗),四位洋文
未勝利,202605020401010613,"2026. 5. 2",新潟,マーゴットデウス,セ,3,古川奈穂,55◇,14,13,芝,2200,B,稍,2194,2.4,14,14,13,13,36.6,5,55.3,*,56.07,56.4,,A03,0,,2023103289,(139.0),,,1.5,後方,後方,38.55,494,-20,139.0,矢野牧場,新ひだか町,ドレフォン,スターリーウインド,ゼンノロブロイ,14,8,13,,(栗),今野貞一
未勝利,202605020401010509,"2026. 5. 2",新潟,ヤマニンアレシス,牡,3,丹内祐次, 57 ,16,４,芝,1400,B,稍,1239,0.3,,,3,4,37.5,7,42.8,*,45.70,42.2,,A03,89,,2023104357,(1.8),,,0.3,先行,先行,34.80,458,-2,1.8,錦岡牧場,新冠町,イスラボニータ,ヤマニンアストレア,キングカメハメハ,16,5,9,,(美),堀内岳志
未勝利,202605020401010505,"2026. 5. 2",新潟,アップターンデイ,牡,3,吉田隼人, 57 ,16,10,芝,1400,B,稍,1246,1.0,,,3,4,38.3,14,40.7,*,45.70,42.2,,A03,0,,2023106772,(13.5),,,0.2,先行,先行,34.73,492,,13.5,パカパカファーム,新冠町,ニューイヤーズデイ,アップワードスパイラル,Teofilo,16,3,5,,(栗),藤岡健一
ｵｰﾌﾟﾝ,202605020401010402,"2026. 5. 2",新潟,パープルアドミラル,牡,6,金子光希, 60 ,11,１,芝,2890,B,重,3125,-0.1,9,10,6,4,13.3,,,,,,,A00,1430,,2020104328,8800,1460,15920,,ﾏｸﾘ,ﾏｸﾘ,,450,-2,88.0,聖心台牧場,新ひだか町,シビルウォー,ママノヨリミチ,マンハッタンカフェ,11,2,2,,(美),堀内岳志
ｵｰﾌﾟﾝ,202605020401010404,"2026. 5. 2",新潟,アメリカンピース,セ,8,小坂忠士, 60 ,11,９,芝,2890,B,重,3140,1.5,7,5,6,6,13.4,,,,,,,A00,0,,2018110131,(17.2),,,,中団,中団,,462,+10,17.2,"Don Alberto Corporation",米,Tapit,"La Cloche",Ghostzapper,11,4,4,,(栗),東田明士
未勝利,202605020401010102,"2026. 5. 2",新潟,ファイツオン,牡,5,小牧加矢, 60 ,14,８,芝,2890,B,重,3170,4.3,5,6,8,8,13.6,,,,,,,A00,0,,2021100476,(19.3),,,,中団,中団,,518,+12,19.3,村上牧場,新ひだか町,アルアイン,ソラコマチ,サクラバクシンオー,14,2,2,,(栗),藤岡健一
1勝,202604260803020703,"2026. 4.26",京都,サミダレナイツ,牡,4,岩田康誠, 58 ,14,４,芝,1800,C,良,1452,0.3,,,1,1,35.3,10,49.0,*,50.93,49.9,,A03,120,,2022101605,(4.5),,,0.0,逃げ,逃げ,34.95,494,+4,4.5,竹島幸治,日高町,トーホウジャッカル,トーホウビスカヤ,ストリートセンス,14,3,3,,(栗),谷潔
1勝,202604260803020702,"2026. 4.26",京都,エイトスターズ,牝,6,丹内祐次, 56 ,14,９,芝,1800,C,良,1457,0.8,,,7,7,35.2,9,50.1,*,50.93,49.9,,A03,0,,2020103772,(42.1),,,0.6,中団,中団,35.25,490,+2,42.1,レイクヴィラファーム,洞爺湖町,ジャスタウェイ,インザスポットライト,"Exceed And Excel",14,2,2,,(栗),坂口智康
1勝,202604260803020714,"2026. 4.26",京都,ルージュスティーズ,牝,4,団野大成, 56 ,14,11,芝,1800,C,良,1463,1.4,,,7,7,35.9,12,48.1,,50.93,49.9,,A03,0,,2022103063,(13.9),,,0.5,中団,中団,35.20,484,-6,13.9,富田牧場,浦河町,ハービンジャー,レッドコルディス,ハーツクライ,14,8,14,,(栗),斉藤崇史
1勝,202604260803020701,"2026. 4.26",京都,ギザキズラヴ,牝,4,鮫島克駿, 56 ,14,14,芝,1800,C,良,1476,2.7,,,2,2,37.7,14,42.7,,50.93,49.9,,A03,0,,2022106715,(21.3),,,0.0,先行,先行,34.95,464,0,21.3,パカパカファーム,新冠町,キズナ,アップワードスパイラル,Teofilo,14,1,1,,(栗),加藤公太
1勝,202604260803020611,"2026. 4.26",京都,ナムラティアラ,牝,3,丹内祐次, 55 ,11,７,ダ,1400,,良,1255,1.3,,,9,9,38.0,7,43.8,,43.70,43.0,,A04,0,,2023106228,(129.9),,,0.9,後方,後方,35.63,474,+4,129.9,森政巳,新ひだか町,ジョーカプチーノ,ナムラテンゲル,トゥザグローリー,11,8,11,,(栗),牧田和弥
未勝利,202604260803020318,"2026. 4.26",京都,クレスコフェーヴ,牝,3,中井裕二, 55 ,18,17,芝,1200,C,良,1095,2.0,,,15,15,34.6,13,50.9,,49.70,49.1,,A03,0,,2023103829,(510.9),,,1.3,後方,後方,34.90,406,+10,510.9,青藍牧場,登別市,オルフェーヴル,ティイ,エイシンフラッシュ,18,8,18,,(栗),羽月友彦
未勝利,202604260803020105,"2026. 4.26",京都,ショルタメンテ,牝,3,田山旺佑,53△,16,９,ダ,1200,,良,1141,2.2,,,12,11,36.9,4,50.8,*,46.73,44.9,牝,023,0,,2023103819,(78.6),,,2.2,後方,後方,37.20,406,,78.6,社台コーポレーション白老ファーム,白老町,ニューイヤーズデイ,リトミカメンテ,オルフェーヴル,16,3,5,,(栗),田中克典
未勝利,202604260803020109,"2026. 4.26",京都,ファーヴニル,牝,3,今村聖奈,53◇,16,10,ダ,1200,,良,1143,2.4,,,9,9,37.9,9,46.0,,46.73,44.9,牝,023,0,,2023101691,(95.4),,,1.4,中団,中団,36.40,432,-4,95.4,ケンブリッジバレー,浦河町,ディスクリートキャット,ケンブリッジアロー,ブラックタイド,16,5,9,,(栗),千田輝彦
1勝,202604260502020709,"2026. 4.26",東京,ウフドゥウフ,牡,4,田辺裕信, 58 ,16,４,ダ,1600,,稍,1378,0.9,,,13,11,36.3,1,51.7,*,49.47,47.6,,A03,120,,2022105257,(4.9),,,1.5,後方,追込,36.90,492,+4,4.9,社台ファーム,千歳市,エピファネイア,エッグドロップ,"Alphabet Soup",16,5,9,,(美),上原博之
未勝利,202604260502020316,"2026. 4.26",東京,アニマレイ,牡,3,レーン, 57 ,16,３,ダ,1300,,稍,1194,0.4,,,8,7,36.9,3,48.7,*,48.93,46.8,,003,150,,2023105279,(2.4),140,,0.6,中団,差し,36.43,462,-14,2.4,ノーザンファーム,安平町,ニューイヤーズデイ,ガルデルスリール,ダイワメジャー,16,8,16,,(栗),須貝尚介
未勝利,202604260502020313,"2026. 4.26",東京,ノーブルクロンヌ,牝,3,佐々木大, 55 ,16,４,ダ,1300,,稍,1202,1.2,,,3,3,38.1,9,44.7,*,48.93,46.8,,003,89,,2023103657,(94.9),,,0.2,先行,先行,36.09,446,0,94.9,上水牧場,むかわ町,フィエールマン,ステファニーラン,スウェプトオーヴァーボード,16,7,13,,(美),高柳瑞樹
未勝利,202604260502020206,"2026. 4.26",東京,エターナルホープ,牡,3,原優介, 57 ,14,２,ダ,1600,,稍,1396,0.1,,,12,9,36.7,1,52.8,*,51.50,49.6,,003,240,,2023102555,(41.7),600,5270,0.8,中団,差し,37.74,504,-12,41.7,桑嶋峰雄,新ひだか町,エピカリス,サチノマリアージュ,サウスヴィグラス,14,4,6,,(美),鈴木慎太
未勝利,202604260502020204,"2026. 4.26",東京,モロノカガヤキ,牡,3,津村明秀, 57 ,14,４,ダ,1600,,稍,1398,0.3,,,2,2,37.7,4,48.8,*,51.50,49.6,,003,89,,2023106060,(2.4),,,0.0,先行,先行,37.26,480,-2,2.4,チェスナットファーム,浦河町,ゴールドドリーム,グレイスキッパー,カレンブラックヒル,14,3,4,,(美),林徹
未勝利,202604260502020205,"2026. 4.26",東京,ロードクローザー,牡,3,横山和生, 57 ,14,７,ダ,1600,,稍,1408,1.3,,,1,1,38.7,10,46.3,,51.50,49.6,,003,0,,2023105060,(11.2),,,0.0,逃げ,逃げ,37.26,526,+4,11.2,宮内牧場,浦河町,ナダル,バケットリスト,シンボリクリスエス,14,4,5,,(美),田村康仁
未勝利,202604260502020115,"2026. 4.26",東京,ハンナパール,牝,3,吉田豊, 55 ,16,２,ダ,1400,,稍,1265,0.5,,,13,13,36.3,1,53.7,*,51.50,49.8,牝,023,240,,2023100692,(8.5),240,2430,1.1,後方,追込,37.65,440,+8,8.5,エトルタファーム,日高町,ミッキーグローリー,ラベルリュンヌ,トーホウエンペラー,15,8,15,,(美),小野次郎
未勝利,202604260502020111,"2026. 4.26",東京,レイナデルアイレ,牝,3,津村明秀, 55 ,16,15,ダ,1400,,稍,1288,2.8,,,13,14,37.9,10,50.7,,51.50,49.8,牝,023,0,,2023103559,(164.0),,,1.8,後方,後方,38.18,434,0,164.0,社台ファーム,千歳市,レイデオロ,マチカネハヤテ,サクラバクシンオー,15,6,11,,(美),矢嶋大樹
2勝,202604260301061003,"2026. 4.26",福島,セボンサデッセ,牡,4,菱田裕二, 58 ,15,２,ダ,1700,,良,1457,0.1,14,14,11,8,37.6,1,48.8,*,47.03,42.8,,004,630,    9.8,2022104903,(2.8),140,2130,1.6,中団,差し,37.15,486,0,2.8,ノーザンファーム,安平町,ルヴァンスレーヴ,チャームクォーク,クロフネ,15,2,3,,(栗),橋口慎介
2勝,202604260301061010,"2026. 4.26",福島,トルショー,牡,4,黛弘人, 58 ,15,５,ダ,1700,,良,1461,0.5,6,6,8,7,38.2,6,47.0,*,47.03,42.8,,004,158,    0.0,2022103766,(31.8),,,1.4,中団,中団,37.04,460,-2,31.8,グランド牧場,新ひだか町,シニスターミニスター,ハヤブサエミネンス,"Medaglia d'Oro",15,6,10,,(美),伊藤圭三
1勝,202604260301060605,"2026. 4.26",福島,キングズトゥルー,牡,4,丸田恭介, 58 ,13,２,芝,2600,B,良,2383,0.4,8,7,6,4,35.2,3,54.9,*,54.13,54.6,,A03,330,,2022103510,(3.3),160,590,0.4,先行,先行,36.93,462,+6,3.3,岡田スタツド,新ひだか町,ウインブライト,クイーンズトゥルー,キングカメハメハ,13,4,5,,(美),大竹正博
1勝,202604260301060608,"2026. 4.26",福島,シャインフリーリー,牡,4,黛弘人, 58 ,13,７,芝,2600,B,良,2393,1.4,7,7,10,11,35.7,5,53.9,,54.13,54.6,,A03,0,,2022101495,(34.5),,,0.9,後方,後方,37.08,470,-2,34.5,白井牧場,日高町,ウインブライト,フィールフリーリー,アグネスタキオン,13,6,8,,(美),矢嶋大樹
1勝,202604260301060609,"2026. 4.26",福島,ニシノエピカリ,牝,4,野中悠太, 56 ,13,10,芝,2600,B,良,2405,2.6,1,1,4,5,37.5,11,48.4,,54.13,54.6,,A03,0,,2022100724,(32.2),,,0.3,逃げ,逃げ,36.90,404,-2,32.2,田上徹,新ひだか町,フィエールマン,シーソルティキッス,キングカメハメハ,13,6,9,,(美),秋本大介
未勝利,202604260301060506,"2026. 4.26",福島,フォーエバーラブ,牡,3,柴田大知, 57 ,15,５,芝,1800,B,良,1472,0.4,7,7,7,9,34.8,4,54.0,*,52.50,50.8,,003,59,,2023102941,(157.8),,,1.0,中団,中団,36.20,450,0,157.8,千代田牧場,新ひだか町,ミスターメロディ,プレシャスメイト,ステイゴールド,15,4,6,,(美),金成貴史
未勝利,202604260301060507,"2026. 4.26",福島,パノラマステージ,牝,3,亀田温心, 55 ,15,12,芝,1800,B,良,1482,1.4,2,2,2,2,36.6,14,47.8,,52.50,50.8,,003,0,,2023107072,(10.5),,,0.2,先行,先行,35.80,458,+8,10.5,ノーザンファーム,安平町,レイデオロ,スターリーステージ,ディープインパクト,15,4,7,*,(栗),牧浦充徳
未勝利,202604260301060304,"2026. 4.26",福島,エレーデサンライズ,牝,3,永島まな,53◇,15,４,ダ,1700,,良,1474,1.0,12,12,10,9,37.6,2,51.3,*,47.10,46.6,,002,89,,2023100912,(9.0),,,1.8,中団,差し,38.07,456,-4,9.0,下河辺牧場,日高町,エピファネイア,カラズマッチポイント,Curlin,15,3,4,,(栗),平田修
未勝利,202604260301060103,"2026. 4.26",福島,メインテーマ,牝,3,河原田菜,51★,16,10,ダ,1150,,良,1117,3.0,,,2,3,39.5,15,38.9,,46.10,45.7,牝,023,0,,2023103571,(27.9),,,0.1,先行,先行,35.13,478,-10,27.9,社台ファーム,千歳市,サートゥルナーリア,メインターゲット,ダイワメジャー,16,2,3,,(美),小手川準
3勝,202604250803011008,"2026. 4.25",京都,プロミシングスター,牡,5,田口貫太, 58 ,11,９,ダ,1800,,稍,1518,1.0,6,7,7,10,37.4,9,49.5,*,50.27,49.3,,A04,0,    0.0,2021103073,(23.1),,,0.7,後方,後方,37.20,454,-4,23.1,富田牧場,浦河町,マジェスティックウォリアー,ファインチョイス,アドマイヤムーン,11,7,8,,(栗),高橋義忠
1勝,202604250803010905,"2026. 4.25",京都,ラガークイン,牝,5,原優介, 56 ,16,７,芝,1400,C,良,1209,0.7,,,7,8,34.1,8,52.9,*,54.87,52.4,,003,0,,2021105416,(31.6),,,0.5,中団,中団,35.10,436,0,31.6,ノーザンファーム,安平町,リアルインパクト,ウォークロニクル,ウォーエンブレム,16,3,5,,(栗),大久保龍
1勝,202604250803010914,"2026. 4.25",京都,レインオンミー,牡,4,田山旺佑,56△,16,16,芝,1400,C,良,1216,1.4,,,3,4,35.2,16,48.9,,54.87,52.4,,003,0,,2022104117,(67.9),,,0.1,先行,先行,34.80,482,0,67.9,千代田牧場,新ひだか町,リアルスティール,アルマリンピア,タイキシャトル,16,7,14,,(栗),福永祐一
1勝,202604250803010806,"2026. 4.25",京都,ジャストビート,牝,3,鮫島克駿, 55 ,6,６,芝,1800,C,良,1465,1.4,,,1,3,35.6,6,49.6,,53.90,52.8,,A04,0,    0.0,2023101090,(99.5),,,0.2,逃げ,逃げ,35.45,418,-6,99.5,タバタファーム,日高町,デクラレーションオブウォー,ステルス,ディープインパクト,6,6,6,,(栗),安達昭夫
1勝,202604250803010703,"2026. 4.25",京都,ロードアマルフィ,牡,3,吉村誠之, 57 ,14,３,ダ,1800,,稍,1526,0.3,1,1,1,1,38.4,7,46.6,*,47.87,47.4,,A03,210,,2023105786,(5.9),160,,0.0,逃げ,逃げ,37.10,520,+2,5.9,ケイアイファーム,新ひだか町,ルヴァンスレーヴ,アルセナーレ,クロフネ,14,3,3,,(栗),中村直也
1勝,202604250803010709,"2026. 4.25",京都,ケイアイアマゾン,牡,3,藤懸貴志, 57 ,14,７,ダ,1800,,稍,1537,1.4,13,13,11,9,38.0,3,49.6,*,47.87,47.4,,A03,0,,2023105762,(20.1),,,1.5,中団,中団,37.85,472,+2,20.1,新冠橋本牧場,新冠町,マインドユアビスケッツ,クインズヌーサ,ゴールドアリュール,14,6,9,,(栗),秋山真一
未勝利,202604250803010614,"2026. 4.25",京都,トウカイジーク,牡,3,岩田望来, 57 ,17,８,芝,1600,C,良,1333,1.0,,,3,3,35.3,10,48.6,*,52.27,50.1,,003,0,,2023100555,(5.2),,,0.3,先行,先行,34.80,442,-8,5.2,びらとり牧場,平取町,マクフィ,トウカイセンス,ハーツクライ,16,7,14,,(栗),野中賢二
未勝利,202604250803010306,"2026. 4.25",京都,メイショウプレマ,牝,3,森田誠也,52▲,15,４,芝,1800,C,良,1462,0.6,,,7,7,34.9,6,52.1,*,51.57,51.3,牝,023,89,,2023101585,(65.9),,,0.6,中団,差し,35.65,474,0,65.9,ヤナガワ牧場,日高町,リオンディーズ,ヒガシドリーム,ドリームジャーニー,15,4,6,,(栗),石橋守
未勝利,202604250803010305,"2026. 4.25",京都,エトワールブーケ,牝,3,岩部純二, 55 ,15,８,芝,1800,C,良,1465,0.9,,,14,13,34.6,1,53.9,*,51.57,51.3,牝,023,0,,2023105993,(100.1),,,1.2,後方,後方,35.95,434,,100.1,明治牧場,新ひだか町,キセキ,ゴットサーガ,ダンスインザダーク,15,3,5,,(栗),昆貢
未勝利,202604250803010302,"2026. 4.25",京都,ヴィーラー,牝,3,菱田裕二, 55 ,15,12,芝,1800,C,良,1468,1.2,,,4,4,35.8,13,49.2,,51.57,51.3,牝,023,0,,2023103081,(23.6),,,0.3,先行,先行,35.50,426,+2,23.6,服部牧場,新ひだか町,コントレイル,スウィートマナ,"Easing Along",15,2,2,,(栗),矢作芳人
未勝利,202604250803010215,"2026. 4.25",京都,ナムラロダン,牡,3,西村淳也, 57 ,16,４,ダ,1400,,稍,1257,1.0,,,4,4,38.4,7,42.4,*,45.70,43.1,,A03,89,,2023106223,(3.8),,,0.4,先行,先行,35.48,478,0,3.8,谷川牧場,浦河町,ミッキーアイル,サンクイーン2,"Storm Cat",16,8,15,,(栗),長谷川浩
未勝利,202604250803010214,"2026. 4.25",京都,チェカ,牝,3,松若風馬, 55 ,16,15,ダ,1400,,稍,1279,3.2,,,16,16,38.7,8,45.3,,45.70,43.1,,A03,0,,2023104385,(127.0),,,2.3,後方,後方,36.90,428,,127.0,ノースヒルズ,新冠町,マジェスティックウォリアー,キングベイビー,マンハッタンカフェ,16,7,14,,(栗),小崎憲
Ｇ２,202604250502011104,"2026. 4.25",東京,ブラックオリンピア,牡,3,川田将雅, 57 ,18,３,芝,2400,A,良,2235,0.5,3,4,4,4,34.4,8,55.7,*,58.47,56.0,,N01,1400,   18.6,2023107168,(2.4),120,,0.3,先行,先行,36.37,530,-4,2.4,ノーザンファーム,安平町,キタサンブラック,ピノ,Pierro,18,2,4,,(栗),友道康夫
Ｇ２,202604250502011105,"2026. 4.25",東京,ミッキーファルコン,牡,3,田辺裕信, 57 ,18,５,芝,2400,A,良,2240,1.0,18,18,18,14,33.1,1,61.7,*,58.47,56.0,,N01,540,    0.0,2023107259,(32.8),,,2.1,後方,後方,36.97,424,+4,32.8,ノーザンファーム,安平町,エピファネイア,ミッキークイーン,ディープインパクト,18,3,5,*,(美),堀宣行
Ｇ２,202604250502011114,"2026. 4.25",東京,ヨカオウ,牡,3,岩田康誠, 57 ,18,15,芝,2400,A,良,2259,2.9,3,2,2,2,37.1,15,47.8,,58.47,56.0,,N01,0,    0.0,2023102707,(256.7),,,0.0,先行,先行,36.27,460,-8,256.7,サンデーヒルズ,新ひだか町,キズナ,ヨカヨカ,スクワートルスクワート,18,7,14,,(栗),谷潔
3勝,202604250502011012,"2026. 4.25",東京,フウセツ,牡,4,大野拓弥, 58 ,15,３,ダ,1400,,稍,1243,0.6,,,2,3,35.9,8,51.1,*,54.30,50.8,,A04,470,    4.9,2022101626,(33.8),500,,0.4,先行,先行,36.30,496,-2,33.8,ダーレー・ジャパン・ファーム,日高町,サンダースノー,アプト,アドマイヤムーン,15,7,12,,(美),鈴木慎太
3勝,202604250502011011,"2026. 4.25",東京,レーウィン,セ,5,矢野貴之, 58 ,15,６,ダ,1400,,稍,1247,1.0,,,14,15,35.0,2,56.5,*,54.30,50.8,,A04,0,    0.0,2021100734,(116.4),,,1.7,後方,後方,37.28,498,-8,116.4,高昭牧場,浦河町,ヘニーヒューズ,フジインザスカイ,ディープスカイ,15,6,11,,(美),平岩大典
3勝,202604250502011013,"2026. 4.25",東京,イノセントキャット,牝,5,田辺裕信, 56 ,15,７,ダ,1400,,稍,1248,1.1,,,11,11,35.6,4,53.7,*,54.30,50.8,,A04,0,    0.0,2021104745,(95.6),,,1.2,後方,後方,36.90,454,0,95.6,追分ファーム,安平町,シュヴァルグラン,イルーシヴキャット,キングカメハメハ,15,7,13,*,(美),久保田貴
3勝,202604250502011007,"2026. 4.25",東京,スプランドゥール,牡,5,柴田大知, 58 ,15,12,ダ,1400,,稍,1258,2.1,,,7,8,36.8,11,49.9,,54.30,50.8,,A04,0,    0.0,2021100623,(81.4),,,1.0,中団,中団,36.75,476,+2,81.4,荻伏服部牧場,浦河町,シルバーステート,チェリーシェル,サクラバクシンオー,15,4,7,,(美),和田雄二
1勝,202604250502010707,"2026. 4.25",東京,キャットテイル,牝,4,ルメール, 56 ,16,８,ダ,1400,,稍,1259,1.0,,,1,1,38.3,10,43.2,*,50.23,45.7,牝,023,0,,2022101678,(3.3),,,0.0,逃げ,逃げ,35.70,420,-4,3.3,ダーレー・ジャパン・ファーム,日高町,ディスクリートキャット,ピクシープリンセス,ディープインパクト,16,4,7,,(栗),野中賢二
1勝,202604250502010606,"2026. 4.25",東京,キーンセンス,牡,3,北村友一, 57 ,16,８,ダ,1600,,稍,1384,1.6,,,1,1,38.7,9,42.6,,49.10,46.5,,A03,0,,2023110036,(59.7),,,0.0,逃げ,逃げ,35.82,516,0,59.7,"Stonehaven Steadings",米,Munnings,Canny,"Big Brown",16,3,6,,(栗),松永幹夫
未勝利,202604250502010106,"2026. 4.25",東京,バターショコラ,牝,3,岩田康誠, 55 ,14,５,ダ,1600,,稍,1403,1.3,,,11,5,39.5,6,42.4,*,45.83,41.9,牝,023,59,,2023105240,(7.0),,,0.9,中団,中団,36.48,454,-8,7.0,社台ファーム,千歳市,マインドユアビスケッツ,ショコラトリー,ノヴェリスト,14,4,6,,(美),戸田博文
1勝,202604250301051214,"2026. 4.25",福島,ハレアカラフラ,牝,6,松本大輝, 56 ,16,16,芝,1800,B,良,1503,3.4,10,10,9,13,38.9,16,41.8,,49.70,46.4,牝,023,0,,2020103292,(55.0),,,1.0,後方,後方,35.70,452,-10,55.0,ノーザンファーム,安平町,ラブリーデイ,オーキッドレイ,ディープインパクト,16,7,14,,(栗),吉田直弘
3勝,202604250301051106,"2026. 4.25",福島,ワークソング,牡,5,国分恭介, 58 ,12,３,ダ,1150,,良,1080,0.4,,,10,10,36.2,1,45.8,*,42.47,38.1,,A04,470,    3.7,2021102462,(5.3),200,,1.6,後方,追込,34.69,476,-6,5.3,雅牧場,平取町,モーニン,ハッピーラン,フレンチデピュティ,11,5,6,,(栗),牧浦充徳
3勝,202604250301051104,"2026. 4.25",福島,スノーサイレンス,牝,4,斎藤新, 56 ,12,消,ダ,1150,,良,----,----,,,,,,0,,,42.47,38.1,,A04,0,    0.0,2022101675,,,,,,,,,,,ダーレー・ジャパン・ファーム,日高町,サンダースノー,ハッシュ,コマンズ,11,4,4,,(栗),小栗実
2勝,202604250301051005,"2026. 4.25",福島,モズトキキ,牝,5,亀田温心, 56 ,16,10,芝,1200,B,良,1080,0.3,,,8,9,33.8,9,51.2,*,50.90,47.4,,A03,0,    0.0,2021102914,(21.3),,,0.8,中団,中団,34.20,538,-14,21.3,谷川牧場,浦河町,グランプリボス,モズジャカランダ,Congrats,16,3,5,,(栗),平田修
1勝,202604250301050913,"2026. 4.25",福島,フェーダーローター,牝,3,石神深道, 55 ,16,11,芝,1200,B,良,1090,1.2,,,15,15,34.5,3,50.0,*,44.37,43.2,,A04,0,    0.0,2023106484,(76.7),,,1.8,後方,後方,34.50,442,0,76.7,ビッグレッドファーム,新冠町,ベンバトル,リープフラウミルヒ,ステイゴールド,16,7,13,*,(美),天間昭一
1勝,202604250301050701,"2026. 4.25",福島,グランテレーズ,牝,5,小沢大仁, 56 ,12,２,芝,1200,B,良,1086,0.5,,,3,3,34.3,7,50.0,*,51.50,49.7,,002,330,,2021102401,(5.0),180,1460,0.3,先行,先行,34.30,456,-2,5.0,坂東牧場,平取町,シュヴァルグラン,アドマイヤテレサ,エリシオ,12,1,1,,(栗),渡辺薫彦
1勝,202604250301050712,"2026. 4.25",福島,セイプリーズ,牝,4,上里直汰,53▲,12,４,芝,1200,B,良,1086,0.5,,,7,3,33.9,3,52.4,*,51.50,49.7,,002,120,,2022105583,(4.8),,,0.7,先行,先行,34.70,428,0,4.8,社台ファーム,千歳市,ダイワメジャー,レディトゥプリーズ,"More Than Ready",12,8,12,,(栗),宮徹
未勝利,202604250301050604,"2026. 4.25",福島,ガビーズメロディ,牡,3,今村聖奈,55◇,15,８,ダ,1700,,良,1487,2.0,12,11,10,8,39.0,8,47.5,,48.37,47.8,,A03,0,,2023106214,(56.7),,,1.2,中団,中団,38.02,466,-4,56.7,松浦牧場,新冠町,ミスターメロディ,アイナ,ステイゴールド,15,3,4,,(美),伊坂重信
未勝利,202604250301050513,"2026. 4.25",福島,ヒロイックヴァース,牡,3,荻野極, 57 ,16,13,芝,2000,B,良,2020,1.6,2,2,2,2,37.5,13,46.6,,51.70,50.5,,A03,0,,2023102418,(3.2),,,0.1,先行,先行,36.21,480,0,3.2,岡田スタツド,新ひだか町,ベンバトル,ポップシンガー,スマートファルコン,16,7,13,,(美),浅利英明
未勝利,202604250301050408,"2026. 4.25",福島,ニンジャトットリ,牡,3,木幡育也, 57 ,16,３,ダ,1150,,良,1094,0.4,,,3,2,37.3,5,43.9,*,43.73,43.8,,003,150,,2023106658,(3.1),130,,0.2,先行,先行,35.02,458,-6,3.1,へいはた牧場,新ひだか町,ミッキーアイル,ディアデム,シンボリクリスエス,16,4,8,,(美),松永康利
未勝利,202604250301050414,"2026. 4.25",福島,クルビデンス,牡,3,上里直汰,54▲,16,８,ダ,1150,,良,1106,1.6,,,9,9,37.7,8,45.2,,43.73,43.8,,003,0,,2023104001,(34.7),,,1.0,中団,中団,35.89,458,-6,34.7,大林ファーム,新冠町,アメリカンペイトリオット,シャインレジーナ,アグネスタキオン,16,7,14,,(美),菊川正達
未勝利,202604250301050304,"2026. 4.25",福島,ナムラオリガミ,牝,3,小崎綾也, 55 ,16,２,芝,2000,B,良,2007,0.1,3,3,3,2,36.3,9,49.6,*,50.77,48.7,牝,023,240,,2023106236,(8.2),220,3350,0.3,先行,先行,36.17,436,-6,8.2,滝本健二,日高町,アルアイン,ナムラチヨガミ,ヨハネスブルグ,16,2,4,*,(栗),高橋一哉
未勝利,202604250301050113,"2026. 4.25",福島,ピンクカメリア,牝,3,川又賢治, 55 ,15,７,ダ,1700,,良,1490,1.3,12,12,13,13,38.9,3,48.3,*,47.73,45.3,牝,023,0,,2023101229,(158.7),,,1.6,後方,後方,38.24,402,0,158.7,ナカノファーム,日高町,リアルスティール,クリームヒルト,ノヴェリスト,15,7,13,,(栗),笹田和秀
未勝利,202604250301050106,"2026. 4.25",福島,エイシンキーンラン,牝,3,菊沢一樹, 55 ,15,８,ダ,1700,,良,1492,1.5,4,4,4,3,40.4,11,42.9,,47.73,45.3,牝,023,0,,2023105530,(4.7),,,0.3,先行,先行,37.53,470,-6,4.7,織田正敏,新ひだか町,エイシンヒカリ,エイシンロード,ジャスタウェイ,15,4,6,,(美),田中剛
2勝,202604190902080909,"2026. 4.19",阪神,ズイウンゴサイ,牡,5,幸英明, 58 ,10,５,芝,2000,B,良,2000,0.4,10,10,8,9,34.6,1,55.8,*,54.50,53.6,,A04,79,    0.0,2021100597,(21.6),,,0.8,後方,後方,36.60,462,-16,21.6,エムエム、ヤマダファーム,浦河町,シュヴァルグラン,ブルーインザスカイ,チチカステナンゴ,10,8,9,,(美),武市康男
1勝,202604190902080705,"2026. 4.19",阪神,マイリトルヒーロー,牡,3,幸英明, 57 ,8,７,芝,1600,B,良,1346,0.7,,,3,4,33.9,7,57.4,*,59.03,58.2,,A04,0,,2023106785,(9.3),,,0.3,先行,先行,36.42,470,+6,9.3,上野正恵,新ひだか町,イスラボニータ,プレシャスガール,Speightstown,8,5,5,,(栗),高橋康之
1勝,202604190902080604,"2026. 4.19",阪神,モンサンゴールデン,牡,3,柴田裕一,55△,15,３,ダ,1200,,良,1119,0.3,,,9,8,36.3,3,48.1,*,45.23,43.5,,A03,210,,2023104044,(6.1),210,,1.0,中団,差し,35.60,470,-4,6.1,川島牧場,新冠町,シルバーステート,ウインアンジェラス,Bertolini,15,3,4,,(栗),中竹和也
1勝,202604190902080612,"2026. 4.19",阪神,ナムラティアラ,牝,3,中井裕二, 55 ,15,11,ダ,1200,,良,1128,1.2,,,14,13,36.7,5,48.4,*,45.23,43.5,,A03,0,,2023106228,(105.3),,,1.5,後方,後方,36.10,470,-10,105.3,森政巳,新ひだか町,ジョーカプチーノ,ナムラテンゲル,トゥザグローリー,15,7,12,,(栗),牧田和弥
未勝利,202604190902080508,"2026. 4.19",阪神,アトレッタ,牡,3,菱田裕二, 57 ,13,７,芝,2200,B,良,2135,0.5,6,6,6,3,35.9,8,51.9,*,53.17,51.8,,A03,0,,2023104008,(32.5),,,0.4,先行,先行,36.60,420,,32.5,オリエント牧場,新冠町,キズナ,シャッセロール,クロフネ,13,6,8,,(栗),斉藤崇史
未勝利,202604190902080312,"2026. 4.19",阪神,ナブッコ,牡,3,幸英明, 57 ,16,６,ダ,1400,,良,1257,0.7,,,4,4,38.3,9,42.8,*,45.40,42.8,,003,0,,2023104377,(7.8),,,0.4,先行,先行,35.55,484,+2,7.8,ノースヒルズ,新冠町,モーリス,ヴェルディアーナ,"Perfect Soul",16,6,12,,(栗),橋田宜長
未勝利,202604190902080211,"2026. 4.19",阪神,ヤマヤロード,牝,3,国分恭介, 55 ,16,12,芝,2000,B,良,2023,1.2,12,12,11,12,35.0,10,56.9,,56.83,56.7,牝,023,0,,2023100351,(180.4),,,0.9,後方,後方,37.41,470,-10,180.4,前田ファーム,新ひだか町,アルアイン,スワンレーク,ロードカナロア,16,6,11,,(栗),小崎憲
未勝利,202604190902080112,"2026. 4.19",阪神,リントゥラウル,牡,3,酒井学, 57 ,16,12,ダ,1800,,良,1560,2.7,3,3,3,8,40.3,14,43.9,,49.03,48.7,,003,0,,2023101735,(65.1),,,0.5,中団,中団,37.85,458,-6,65.1,高昭牧場,浦河町,キズナ,ノースパストラル,キングヘイロー,16,6,12,,(栗),秋山真一
Ｇ１,202604190603081107,"2026. 4.19",中山,ロードフィレール,牡,3,武豊, 57 ,18,17,芝,2000,C,良,1580,1.5,8,9,11,10,34.8,14,52.5,,53.60,53.1,牡牝,N41,0,    0.0,2023105818,(79.6),,,0.9,中団,中団,35.66,524,0,79.6,ケイアイファーム,新ひだか町,キズナ,プレミアムギフト,オルフェーヴル,18,4,7,*,(栗),吉岡辰弥
2勝,202604190603080807,"2026. 4.19",中山,ロードブレイズ,牡,5,横山和生, 58 ,12,５,ダ,1800,,良,1536,0.6,5,5,8,8,38.0,4,49.5,*,49.03,48.7,,A03,158,    0.0,2021100162,(32.8),,,0.6,中団,中団,37.80,506,0,32.8,ケイアイファーム,新ひだか町,ロードカナロア,ブリュネット,ダイワメジャー,11,6,7,,(美),稲垣幸雄
1勝,202604190603080605,"2026. 4.19",中山,ルーナディサングエ,牡,3,菅原隆一, 57 ,6,２,ダ,1800,,良,1521,1.3,2,2,2,2,38.2,2,46.7,*,46.97,49.3,,A03,330,,2023103013,(65.3),2530,3990,0.2,先行,先行,36.95,464,-2,65.3,西川富岡牧場,新ひだか町,リアルスティール,ブラッディムーン,アドマイヤムーン,6,5,5,,(美),天間昭一
1勝,202604190603080509,"2026. 4.19",中山,グリオンヴール,牡,3,ルメール, 57 ,10,８,芝,1600,C,良,1346,1.6,,7,6,6,35.2,7,51.2,,52.43,51.7,,A03,0,,2023106883,(1.5),,,0.9,中団,中団,35.64,482,0,1.5,ノーザンファーム,安平町,エピファネイア,イーデンキー,"No Nay Never",10,8,9,,(美),宮田敬介
未勝利,202604190603080312,"2026. 4.19",中山,ジューンセクレタ,牡,3,横山武史, 57 ,14,１,ダ,1800,,良,1535,-0.7,1,1,1,1,39.2,1,44.8,*,43.40,44.8,,A03,590,,2023110029,280,140,830,0.0,逃げ,逃げ,37.15,516,+2,2.8,"Town & Country Farms LLC",米,"Maclean's Music","Bazinga Baby","Afleet Alex",14,7,12,,(栗),武英智
未勝利,202604190603080308,"2026. 4.19",中山,アンシュウマト,牡,3,三浦皇成, 57 ,14,２,ダ,1800,,良,1542,0.7,8,7,4,3,39.4,2,44.9,*,43.40,44.8,,A03,240,,2023101929,(6.0),150,830,0.5,先行,先行,37.40,452,+8,6.0,高村伸一,様似町,マクフィ,オクシペタルム,シンボリクリスエス,14,5,8,,(美),中川公成
未勝利,202604190603080306,"2026. 4.19",中山,ウインガネーシャ,牡,3,木幡巧也, 57 ,14,５,ダ,1800,,良,1557,2.2,10,9,7,5,40.5,3,42.8,*,43.40,44.8,,A03,59,,2023105870,(96.9),,,0.9,中団,中団,37.60,470,-2,96.9,コスモヴューファーム,新冠町,ゴールドドリーム,ウインメディウム,ヘニーヒューズ,14,4,6,,(美),高木登
未勝利,202604190603080301,"2026. 4.19",中山,パワポケグッド,牡,3,小林凌大, 57 ,14,８,ダ,1800,,良,1564,2.9,14,13,13,9,40.5,3,43.7,*,43.40,44.8,,A03,0,,2023106198,(170.4),,,1.6,中団,中団,37.95,434,+4,170.4,HARUNOファーム,浦河町,インカンテーション,パワポケエリ,ローエングリン,14,1,1,,(美),大和田成
1勝,202604190301041209,"2026. 4.19",福島,ミルミナーヴァ,牝,5,富田暁, 56 ,15,３,ダ,1150,,良,1088,0.4,,,2,2,37.4,11,41.6,*,42.30,42.0,,003,210,,2021106332,(2.7),150,,0.1,先行,先行,34.25,484,-2,2.7,高瀬牧場,新冠町,ヘニーヒューズ,ランミネルバ,アグネスタキオン,15,5,9,,(栗),橋田宜長
2勝,202604190301041002,"2026. 4.19",福島,ビップチェイス,牡,5,杉原誠人, 58 ,13,７,芝,2600,A,良,2384,0.8,9,7,2,2,36.6,11,49.8,*,53.23,52.1,,A04,0,    0.0,2021105763,(12.5),,,0.0,先行,先行,36.54,462,+4,12.5,ノーザンファーム,安平町,アルアイン,ベッラレイア,ナリタトップロード,13,2,2,,(美),田島俊明
1勝,202604190301040902,"2026. 4.19",福島,モティスフォント,牡,4,杉原誠人, 58 ,16,８,芝,1200,A,良,1083,0.6,,,11,9,33.9,3,51.5,*,49.43,48.5,,003,0,    0.0,2022104953,(13.5),,,0.8,中団,中団,34.40,496,-6,13.5,ノーザンファーム,安平町,モーリス,バンゴール,キングカメハメハ,16,1,2,,(美),田村康仁
1勝,202604190301040807,"2026. 4.19",福島,ミスティマウンテン,牡,4,丹内祐次, 58 ,15,６,ダ,1700,,良,1461,1.0,8,8,9,9,37.7,3,49.0,*,47.03,45.1,,A03,0,,2022101684,(7.3),,,1.6,中団,中団,37.31,454,+8,7.3,ダーレー・ジャパン・ファーム,日高町,サンダースノー,ブルーミスト,スクリーンヒーロー,15,4,7,,(美),池上昌和
1勝,202604190301040804,"2026. 4.19",福島,ブレイジングスター,牡,4,和田陽希,55▲,15,13,ダ,1700,,良,1473,2.2,11,11,13,11,38.2,8,48.7,,47.03,45.1,,A03,0,,2022103644,(9.7),,,2.3,後方,後方,37.69,484,-6,9.7,岡野牧場,新ひだか町,モーニン,ヴァーチュスター,"Symboli Kris S",15,3,4,,(栗),高橋康之
未勝利,202604190301040516,"2026. 4.19",福島,コンフィアンサ,牝,3,舟山瑠泉,53△,16,２,芝,1200,A,良,1084,0.0,,,1,1,34.5,7,48.3,*,48.57,48.3,,003,240,,2023102342,(3.2),140,700,0.0,逃げ,逃げ,33.90,432,-6,3.2,上野正恵,新ひだか町,ミスターメロディ,ロマネクイーン,マイネルラヴ,16,8,16,,(美),菊川正達
1勝,202604180902070805,"2026. 4.18",阪神,ジーティートシオー,牡,4,角田大和, 58 ,9,９,芝,2400,B,良,2284,0.9,1,1,2,2,34.7,9,59.2,*,63.20,61.7,,A03,0,,2022104661,(23.0),,,0.1,逃げ,逃げ,37.90,472,+6,23.0,ノーザンファーム,安平町,バゴ,ウォークロニクル,ウォーエンブレム,9,5,5,,(栗),西村真幸
1勝,202604180902070714,"2026. 4.18",阪神,ラガークイン,牝,5,池添謙一, 56 ,14,５,芝,1600,B,良,1342,0.3,,,4,4,33.1,4,60.8,*,60.60,60.2,,A03,82,,2021105416,(39.7),,,0.3,先行,先行,36.66,436,-2,39.7,ノーザンファーム,安平町,リアルインパクト,ウォークロニクル,ウォーエンブレム,14,8,14,,(栗),大久保龍
1勝,202604180902070609,"2026. 4.18",阪神,キタノサリスカ,牝,3,川端海翼,52▲,15,11,ダ,1800,,良,1549,2.7,4,4,10,14,39.9,10,44.0,,49.57,45.3,牝,023,0,,2023105977,(215.5),,,1.4,後方,後方,37.50,426,0,215.5,高山牧場,日高町,タイセイレジェンド,ブラウンキャビア,Kodiac,14,5,9,,(栗),羽月友彦
未勝利,202604180902070304,"2026. 4.18",阪神,ポップアップ,セ,3,高杉吏麒, 57 ,15,９,ダ,2000,,良,2082,1.2,9,11,10,14,38.3,5,50.6,*,50.43,50.8,,A03,0,,2023105444,(21.0),,,0.8,後方,後方,38.53,478,-6,21.0,白井牧場,日高町,ロジャーバローズ,ネガイ,ルーラーシップ,15,3,4,,(栗),寺島良
未勝利,202604180902070305,"2026. 4.18",阪神,ウインモンクール,牡,3,西村淳也, 57 ,15,11,ダ,2000,,良,2089,1.9,12,9,9,9,39.2,10,48.1,,50.43,50.8,,A03,0,,2023105889,(22.2),,,0.6,中団,中団,38.44,476,-4,22.2,コスモヴューファーム,新冠町,ルヴァンスレーヴ,ベリーフ,スペシャルウィーク,15,3,5,,(栗),新谷功一
未勝利,202604180902070111,"2026. 4.18",阪神,ペコリズム,牝,3,幸英明, 55 ,15,９,ダ,1800,,良,1566,1.9,9,9,8,7,38.7,10,50.6,,52.50,51.7,牝,023,0,,2023106339,(30.6),,,1.0,中団,中団,38.95,506,+4,30.6,白井牧場,日高町,タワーオブロンドン,アイリッシュペコ,"Sea The Stars",15,6,11,,(栗),森田直行
2勝,202604180603071212,"2026. 4.18",中山,ライトニングゼウス,牡,5,ルメール, 58 ,13,２,ダ,1200,,良,1110,0.2,,,2,2,36.5,7,44.5,*,44.13,43.4,,A00,630,    8.4,2021104058,(2.1),110,990,0.3,先行,先行,34.50,510,-4,2.1,谷岡スタット,新ひだか町,ダンカーク,サクラナスカ,サクラバクシンオー,13,8,12,,(美),伊藤圭三
ＪＧ１,202604180603071105,"2026. 4.18",中山,プラチナドリーム,牡,7,石神深一, 63 ,10,８,芝,4260,C,良,4547,5.7,8,8,8,8,13.8,,,,,,,N00,0,    0.0,2019106330,(35.8),,,,後方,後方,,488,-2,35.8,千代田牧場,新ひだか町,ホッコータルマエ,サティーヌアロム,シンボリクリスエス,10,5,5,,(美),菊川正達
2勝,202604180603070909,"2026. 4.18",中山,スムースベルベット,牝,6,嶋田純次, 56 ,12,７,芝,1200,C,良,1075,0.4,,,5,5,33.7,10,50.3,*,51.00,48.5,,A00,0,    0.0,2020106987,(12.7),,,0.5,中団,中団,33.80,504,+2,12.7,ミルファーム,浦河町,ディスクリートキャット,ローブドヴルール,サウスヴィグラス,12,7,9,,(美),手塚貴徳
2勝,202604180603070905,"2026. 4.18",中山,ガットネロ,牝,6,原優介, 56 ,12,11,芝,1200,C,良,1076,0.5,,,9,8,33.3,4,53.0,*,51.00,48.5,,A00,0,    0.0,2020105073,(74.2),,,1.0,中団,中団,34.30,496,+2,74.2,大狩部牧場,新冠町,アメリカンペイトリオット,ブラックシュガー,ブラックタイド,12,5,5,,(栗),東田明士
未勝利,202604180603070505,"2026. 4.18",中山,ショウナンバーボン,牡,3,佐々木大, 57 ,16,２,芝,1600,C,良,1343,0.1,,1,2,2,35.2,8,50.7,*,53.47,49.7,,000,240,,2023106620,(15.6),970,5830,0.3,逃げ,逃げ,35.46,462,+2,15.6,信岡牧場,浦河町,サートゥルナーリア,レッドアルジーヌ,ハーツクライ,16,3,5,,(美),加藤士津
未勝利,202604180603070211,"2026. 4.18",中山,ロードステラート,牡,3,横山和生, 57 ,11,４,ダ,1800,,良,1553,0.5,8,8,7,5,37.7,2,52.9,*,52.60,51.5,,000,89,,2023105838,(4.8),,,0.7,中団,差し,38.80,496,-4,4.8,ケイアイファーム,新ひだか町,キタサンブラック,ブリュネット,ダイワメジャー,11,8,11,,(栗),武英智
1勝,202604180301031207,"2026. 4.18",福島,ハルオーブ,牡,6,今村聖奈,56◇,16,８,芝,1200,A,良,1084,0.8,,,13,13,33.7,1,53.0,*,47.00,45.9,,003,0,,2020104732,(45.8),,,1.6,後方,後方,34.70,480,-10,45.8,藤沢牧場,新ひだか町,ディーマジェスティ,ハルダヨリ,ファルブラヴ,16,4,7,,(美),武井亮
1勝,202604180301031008,"2026. 4.18",福島,フィオレストラーダ,牝,4,松若風馬, 56 ,8,１,芝,2000,A,良,1585,-0.1,1,1,1,1,33.9,3,57.0,*,56.93,57.0,牝,023,1140,   21.7,2022100626,740,240,1500,0.0,逃げ,逃げ,36.26,456,-2,7.4,ケイアイファーム,新ひだか町,エピファネイア,キャトルフィーユ,ディープインパクト,8,8,8,,(栗),杉山晴紀
1勝,202604180301031003,"2026. 4.18",福島,メリザンド,牝,4,杉原誠人, 56 ,8,３,芝,2000,A,良,1590,0.5,2,2,2,2,34.3,7,55.8,*,56.93,57.0,牝,023,290,    3.1,2022105182,(7.8),240,,0.1,先行,先行,36.30,466,-2,7.8,ノーザンファーム,安平町,サトノダイヤモンド,ロザリンド,シンボリクリスエス,8,3,3,,(美),小手川準
1勝,202604180301030907,"2026. 4.18",福島,オブラプリーマ,牝,3,石川裕紀, 55 ,9,８,芝,2000,A,良,2000,2.2,8,8,7,9,36.2,8,49.2,,52.40,51.8,,A04,0,    0.0,2023100237,(6.5),,,0.9,後方,後方,35.91,410,-10,6.5,土居牧場,新ひだか町,ヴァンゴッホ,マナローラ,ハーツクライ,9,7,7,,(美),上原佑紀
未勝利,202604180301030612,"2026. 4.18",福島,バルドル,牡,3,荻野極, 57 ,15,１,芝,2600,A,良,2427,-0.6,2,2,2,1,34.8,3,60.3,*,61.03,60.3,,A03,590,,2023104920,1070,190,1340,0.0,先行,先行,38.37,446,-4,10.7,辻牧場,浦河町,リオンリオン,アドマイヤルミナス,エピファネイア,15,7,12,,(美),池上昌和
未勝利,202604180301030603,"2026. 4.18",福島,スノーエルヴァ,牝,3,杉原誠人, 55 ,15,13,芝,2600,A,良,2452,2.5,15,14,14,13,34.9,4,62.0,*,61.03,60.3,,A03,0,,2023106145,(90.2),,,2.4,後方,後方,39.09,448,-2,90.2,ディアレストクラブ,浦河町,フィエールマン,カスタディーヴァ,"High Chaparral",15,2,3,,(美),田村康仁
未勝利,202604180301030511,"2026. 4.18",福島,ブルーリファール,牡,3,古川奈穂,55◇,16,11,芝,1800,A,良,1488,1.6,13,13,15,15,35.1,7,55.0,,55.57,53.6,,002,0,,2023106180,(24.8),,,1.4,後方,後方,36.85,484,,24.8,トモファーム,新冠町,ブラックタイド,ビジネスライク,カジノドライヴ,16,6,11,,(美),小野次郎
未勝利,202604180301030407,"2026. 4.18",福島,ブロンザイト,牡,3,小沢大仁, 57 ,15,11,ダ,1700,,良,1499,2.6,12,14,14,12,38.6,9,50.8,,52.53,52.4,,003,0,,2023106979,(16.2),,,1.3,後方,後方,38.89,490,-10,16.2,ノーザンファーム,安平町,クリソベリル,クルークハイト,クロフネ,15,4,7,,(栗),福永祐一
未勝利,202604180301030309,"2026. 4.18",福島,ノーブルクロンヌ,牝,3,和田陽希,52▲,16,６,芝,1200,A,良,1095,0.4,,,9,10,34.8,8,49.7,*,49.53,46.9,,003,0,,2023103657,(20.1),,,0.7,中団,中団,34.70,446,-4,20.1,上水牧場,むかわ町,フィエールマン,ステファニーラン,スウェプトオーヴァーボード,16,5,9,,(美),高柳瑞樹
未勝利,202604180301030203,"2026. 4.18",福島,ソニックブーム,牝,3,和田陽希,52▲,16,３,芝,2000,A,良,2001,0.4,8,8,8,7,35.6,3,51.7,*,51.50,50.8,牝,023,150,,2023102008,(11.5),360,,0.5,中団,差し,36.21,452,0,11.5,鎌田正嗣,浦河町,リアルスティール,ルソンデュレーヴ,キングカメハメハ,16,2,3,,(栗),柴田卓
未勝利,202604180301030213,"2026. 4.18",福島,カドドゥディエ,牝,3,遠藤汰月,52▲,16,６,芝,2000,A,良,2004,0.7,13,13,10,10,35.6,3,52.1,*,51.50,50.8,牝,023,0,,2023100812,(7.5),,,0.8,中団,中団,36.34,422,+2,7.5,クラウン日高牧場,日高町,クラウンレガーロ,マリノルシアーナ,エピファネイア,16,7,13,*,(美),西田雄一
未勝利,202604180301030102,"2026. 4.18",福島,サンライズロイ,牡,3,国分恭介, 57 ,16,２,ダ,1150,,良,1097,0.2,,,5,3,36.6,1,48.7,*,47.37,46.9,,003,240,,2023106556,(29.7),480,3720,0.4,先行,先行,36.11,472,0,29.7,ヤナガワ牧場,日高町,フォーウィールドライブ,サンデーローズ,ブライアンズタイム,16,1,2,,(栗),牧浦充徳
3勝,202604120902061204,"2026. 4.12",阪神,キュールエフウジン,牡,7,角田大和, 58 ,13,12,ダ,2000,,良,2059,1.3,12,11,10,11,37.1,9,52.6,,55.33,52.6,,A04,0,    0.0,2019102983,(221.4),,,0.9,後方,後方,38.06,500,-6,221.4,木下牧場,新ひだか町,ホッコータルマエ,キュールエアリス,ウォーエンブレム,13,4,4,,(栗),中尾秀正
3勝,202604120902061005,"2026. 4.12",阪神,バッデレイト,牡,5,岩田望来, 56 ,15,３,芝,2000,B,良,1597,0.1,5,5,5,5,34.1,8,57.6,*,57.33,55.7,,A03,470,    4.6,2021102728,(9.2),260,,0.5,中団,差し,36.69,472,-10,9.2,杵臼牧場,浦河町,サトノダイヤモンド,ビーウインド,スピニングワールド,15,3,5,,(栗),上村洋行
3勝,202604120902061015,"2026. 4.12",阪神,キーパフォーマー,牝,5,戸崎圭太, 53 ,15,14,芝,2000,B,良,2010,1.4,5,5,5,5,35.4,14,53.6,,57.33,55.7,,A03,0,    0.0,2021104948,(10.9),,,0.5,中団,中団,36.69,468,+6,10.9,社台ファーム,千歳市,キタサンブラック,アンコールピース,ネオユニヴァース,15,8,15,,(栗),辻野泰之
OP(L),202604120902060912,"2026. 4.12",阪神,アドマイヤシュラ,牝,3,坂井瑠星, 55 ,14,７,芝,2000,B,良,2003,1.2,12,12,8,8,36.6,8,48.0,,50.67,49.7,牝,N24,0,    0.0,2023106840,(6.0),,,0.4,中団,中団,35.87,428,-6,6.0,ノーザンファーム,安平町,エピファネイア,アドマイヤミヤビ,ハーツクライ,14,7,12,,(栗),友道康夫
2勝,202604120902060801,"2026. 4.12",阪神,スマートカイロス,牡,4,高杉吏麒, 58 ,11,１,ダ,1800,,良,1511,-0.1,1,1,1,1,36.6,4,51.8,*,53.30,51.8,,A03,1580,   24.5,2022102735,1730,330,1510,0.0,逃げ,逃げ,37.25,504,-4,17.3,杵臼牧場,浦河町,シニスターミニスター,スマートバベル,サウスヴィグラス,11,1,1,,(栗),矢作芳人
2勝,202604120902060701,"2026. 4.12",阪神,エルサトアナ,牝,4,今村聖奈,54◇,11,９,芝,1600,B,良,1333,1.4,,,2,2,35.4,10,48.1,,52.80,49.8,,A03,0,,2022100933,(21.5),,,0.5,先行,先行,34.74,426,+12,21.5,三石川上牧場,新ひだか町,カリフォルニアクローム,クイーンハーツ,キングカメハメハ,11,1,1,,(栗),本田優
2勝,202604120902060708,"2026. 4.12",阪神,ブルボンクイーン,牝,5,角田大和, 56 ,11,10,芝,1600,B,良,1335,1.6,,,3,2,35.5,11,48.0,,52.80,49.8,,A03,0,,2021100297,(23.4),,,0.6,先行,先行,34.80,502,+4,23.4,土居牧場,新ひだか町,キズナ,セレブラール,ボストンハーバー,11,7,8,,(栗),角田晃一
1勝,202604120902060606,"2026. 4.12",阪神,レーヴドアンジュ,牝,4,柴田裕一,54△,10,９,ダ,1800,,稍,1531,1.3,10,9,9,9,36.7,2,54.1,*,50.37,49.5,,A03,0,,2022110157,(160.5),,,2.0,後方,後方,38.20,426,+2,160.5,"Michael E. Pegram Paul Weitman & Karl Watson",米,"Maximum Security","Tiz Midnight","Midnight Lute",10,6,6,,(栗),河嶋宏樹
未勝利,202604120902060408,"2026. 4.12",阪神,ソルトアイリス,牝,3,武豊, 55 ,18,４,芝,1600,B,良,1337,0.1,,,6,5,34.9,7,51.1,*,51.37,48.6,,A03,89,,2023104169,(7.1),,,0.6,中団,差し,35.28,468,0,7.1,隆栄牧場,新冠町,アドマイヤマーズ,ファインアイリス,ルーラーシップ,18,4,8,,(栗),四位洋文
未勝利,202604120902060409,"2026. 4.12",阪神,シバノパージャン,牡,3,田口貫太, 57 ,18,15,芝,1600,B,良,1358,2.2,,,9,10,36.6,14,47.0,,51.37,48.6,,A03,0,,2023107409,(304.0),,,1.0,中団,中団,35.52,442,,304.0,アイオイファーム,浦河町,シスキン,ルナリア,ネオユニヴァース,18,5,9,,(栗),牧田和弥
未勝利,202604120902060304,"2026. 4.12",阪神,ザキノフレンズ,牡,3,団野大成, 57 ,16,２,ダ,1200,,稍,1126,0.2,,,2,2,37.0,5,46.2,*,48.03,45.7,,003,240,,2023104433,(2.2),110,460,0.2,先行,先行,35.60,498,0,2.2,ハクレイファーム,新冠町,モーニン,ザデイ,シンボリクリスエス,16,2,4,,(栗),東田明士
未勝利,202604120902060112,"2026. 4.12",阪神,チョウスター,牝,3,柴田裕一,53△,16,７,ダ,1400,,稍,1262,1.0,,,10,7,37.7,5,46.5,*,47.30,44.9,牝,023,0,,2023104226,(104.4),,,0.9,中団,中団,36.38,460,0,104.4,対馬正,新冠町,エスポワールシチー,アラモアナワヒネ,グラスワンダー,16,6,12,,(栗),羽月友彦
1勝,202604120603060601,"2026. 4.12",中山,タイセツナヒ,牡,3,田山旺佑,54▲,11,５,ダ,1800,,良,1537,0.7,8,8,8,8,39.1,4,45.4,*,46.37,45.2,,004,82,,2023102352,(44.8),,,0.5,中団,中団,37.30,472,-4,44.8,岡田スタツド,新ひだか町,ホッコータルマエ,アイアムキャツアイ,アイルハヴアナザー,11,1,1,,(美),杉浦宏昭
未勝利,202604120603060106,"2026. 4.12",中山,ニンジャトットリ,牡,3,田辺裕信, 57 ,15,２,ダ,1200,,稍,1122,0.6,,,2,2,37.9,4,40.5,*,40.77,41.4,,003,240,,2023106658,(3.0),110,190,0.1,先行,先行,34.30,464,+2,3.0,へいはた牧場,新ひだか町,ミッキーアイル,ディアデム,シンボリクリスエス,15,4,6,,(美),松永康利
2勝,202604120301021013,"2026. 4.12",福島,ミニョンマルーン,牝,4,黛弘人, 56 ,16,10,ダ,1150,,良,1096,0.9,,,1,1,38.4,12,38.6,*,42.33,40.8,,A03,0,    0.0,2022103151,(7.1),,,0.0,逃げ,逃げ,34.04,478,+4,7.1,ビクトリーホースランチ,浦河町,ミスターメロディ,タイキマロン,ファスリエフ,16,7,13,*,(美),伊藤圭三
2勝,202604120301021009,"2026. 4.12",福島,アメリカンチケット,セ,5,西塚洸二, 58 ,16,11,ダ,1150,,良,1098,1.1,,,13,11,37.0,5,46.7,*,42.33,40.8,,A03,0,    0.0,2021110122,(9.8),,,1.6,後方,後方,35.78,486,-22,9.8,"Triemore Stud",米,Justify,"A Z Warrior",Bernardini,16,5,9,,(栗),藤原英昭
1勝,202604120301020909,"2026. 4.12",福島,ビップチェイス,牡,5,杉原誠人, 58 ,13,１,芝,2600,A,良,2400,-0.2,5,5,1,1,36.3,6,52.2,*,52.97,52.2,,003,1140,   29.4,2021105763,1190,370,2880,0.0,先行,先行,37.11,458,-2,11.9,ノーザンファーム,安平町,アルアイン,ベッラレイア,ナリタトップロード,13,6,9,,(美),田島俊明
1勝,202604120301020904,"2026. 4.12",福島,テイクザクラウン,牡,5,川又賢治, 58 ,13,２,芝,2600,A,良,2402,0.2,8,9,5,4,35.9,3,53.9,*,52.97,52.2,,003,460,    8.4,2021102379,(6.4),200,2880,0.6,ﾏｸﾘ,ﾏｸﾘ,37.29,444,-12,6.4,二風谷ファーム,平取町,サトノクラウン,アムールレジェンド,ディープインパクト,13,4,4,,(栗),吉村圭司
1勝,202604120301020704,"2026. 4.12",福島,キャットテイル,牝,4,西塚洸二, 56 ,15,３,ダ,1700,,良,1472,0.3,2,2,2,2,38.3,4,48.1,*,48.40,48.1,牝,023,210,,2022101678,(3.7),160,,0.2,先行,先行,37.58,424,0,3.7,ダーレー・ジャパン・ファーム,日高町,ディスクリートキャット,ピクシープリンセス,ディープインパクト,15,3,4,,(栗),野中賢二
1勝,202604120301020604,"2026. 4.12",福島,シャインバオバブ,牡,4,永島まな,56◇,15,８,芝,2000,A,良,1598,0.9,15,15,14,10,35.0,3,53.8,*,52.67,51.1,,002,0,,2022106180,(22.0),,,1.3,中団,中団,36.34,510,+2,22.0,川島牧場,新冠町,シルバーステート,レユシット,ルーラーシップ,15,3,4,,(栗),本田優
未勝利,202604120301020412,"2026. 4.12",福島,ジーティーソレイユ,牝,3,杉原誠人, 55 ,16,14,芝,1200,A,良,1111,1.8,,,1,2,37.1,15,41.6,,48.77,46.3,,A03,0,,2023103728,(10.9),,,0.0,逃げ,逃げ,34.00,432,+12,10.9,追分ファーム,安平町,キタサンブラック,リメンバーユー,"Invincible Spirit",16,6,12,,(美),千葉直人
未勝利,202604120301020310,"2026. 4.12",福島,エイシンキーンラン,牝,3,永島まな,53◇,15,３,ダ,1700,,良,1473,1.6,2,2,2,2,40.3,7,40.7,*,42.70,44.0,,A03,150,,2023105530,(32.8),440,,0.1,先行,先行,36.55,476,+2,32.8,織田正敏,新ひだか町,エイシンヒカリ,エイシンロード,ジャスタウェイ,15,6,10,,(美),田中剛
未勝利,202604120301020303,"2026. 4.12",福島,オーシャンミューズ,牝,3,上里直汰,52▲,15,13,ダ,1700,,良,1507,5.0,13,13,13,13,40.4,13,44.9,,42.70,44.0,,A03,0,,2023103510,(132.7),,,3.4,後方,後方,38.35,448,,132.7,社台ファーム,千歳市,ニューイヤーズデイ,ビーチパラソル,ダイワメジャー,15,2,3,,(美),堀内岳志
未勝利,202604120301020206,"2026. 4.12",福島,リナシタ,牝,3,石神深道,52▲,16,５,芝,1200,A,良,1107,1.5,,,4,4,35.8,6,47.5,*,50.57,49.4,,003,59,,2023100290,(7.3),,,0.4,先行,先行,34.90,430,-8,7.3,広田牧場,新ひだか町,ダノンスマッシュ,エポキシ,ディープインパクト,16,3,6,,(美),清水英克
2勝,202604110902051211,"2026. 4.11",阪神,クリノオリーブ,牝,5,田山旺佑,53▲,16,２,ダ,1200,,重,1107,0.0,,,2,2,36.2,8,45.3,*,46.03,44.8,,A03,480,,2021102259,(23.9),560,23800,0.1,先行,先行,34.50,470,0,23.9,横井哲,日高町,ニューイヤーズデイ,クリノラホール,ダイワメジャー,16,6,11,,(栗),谷潔
1勝,202604110902050808,"2026. 4.11",阪神,ザングウィル,牡,6,岩田望来, 58 ,16,３,ダ,1400,,重,1242,0.2,,,2,2,36.6,6,47.5,*,49.33,47.1,,A03,210,,2020110051,(10.5),220,,0.2,先行,先行,35.70,512,+2,10.5,"J. Lenihan",愛,"Dandy Man",Zaaqya,Nayef,16,4,8,,(栗),佐藤悠太
未勝利,202604110902050414,"2026. 4.11",阪神,パンチャマハブータ,牝,3,池添謙一, 55 ,16,２,芝,2000,B,稍,2013,0.1,13,15,15,14,34.8,1,56.5,*,54.93,52.2,,A03,240,,2023101404,(34.1),440,2620,1.1,後方,追込,37.07,408,0,34.1,碧雲牧場,日高町,アドマイヤマーズ,ツキノサバク,"Oasis Dream",15,7,14,*,(栗),吉田直弘
未勝利,202604110902050308,"2026. 4.11",阪神,ケンフィールド,牡,3,幸英明, 57 ,13,２,ダ,1800,,重,1530,1.2,5,5,3,3,39.2,5,44.1,*,45.13,46.3,,003,240,,2023101694,(105.6),730,3320,0.2,先行,先行,36.90,462,-10,105.6,ケンブリッジバレー,浦河町,タリスマニック,ケンブリッジハーツ,キングヘイロー,13,6,8,,(栗),大根田裕
2勝,202604110603051210,"2026. 4.11",中山,ベニシア,牝,5,柴田大知, 56 ,16,14,ダ,1200,,稍,1120,1.5,,,12,14,37.4,10,42.5,,43.97,38.5,牝,023,0,,2021100662,(135.7),,,1.5,後方,後方,34.60,440,-6,135.7,上山牧場,浦河町,ヘニーヒューズ,フクシア,ゴールドアリュール,16,5,10,,(美),粕谷昌央
Ｇ２,202604110603051106,"2026. 4.11",中山,シュペルリング,牡,3,ディー, 57 ,15,13,芝,1600,B,良,1348,1.5,,13,12,12,34.7,10,53.9,,54.67,53.2,牡牝,N41,0,    0.0,2023104450,(53.2),,,1.1,後方,後方,36.06,440,-4,53.2,ハシモトフアーム,新冠町,シスキン,ラプソディーア,ディープブリランテ,15,4,6,,(美),嘉藤貴行
3勝,202604110603051011,"2026. 4.11",中山,エンヤラヴフェイス,牡,5,大野拓弥, 58 ,13,５,ダ,1200,,稍,1107,0.8,,,11,9,35.0,2,52.0,*,47.77,45.8,,A04,187,    0.0,2021101737,(8.6),,,1.5,後方,後方,35.70,518,-2,8.6,チャンピオンズファーム,新ひだか町,エイシンヒカリ,タイキアプローズ,"Devil's Bag",13,7,11,,(栗),森田直行
3勝,202604110603051001,"2026. 4.11",中山,スプランドゥール,牡,5,柴田大知, 58 ,13,８,ダ,1200,,稍,1111,1.2,,,12,12,35.0,2,53.1,*,47.77,45.8,,A04,0,    0.0,2021100623,(19.5),,,1.9,後方,後方,36.10,474,-4,19.5,荻伏服部牧場,浦河町,シルバーステート,チェリーシェル,サクラバクシンオー,13,1,1,,(美),和田雄二
未勝利,202604110603050604,"2026. 4.11",中山,ダイユウヴェンティ,牝,3,田辺裕信, 55 ,18,５,芝,2000,B,良,2021,0.6,15,15,15,14,35.4,3,55.0,*,52.93,51.0,牝,023,59,,2023105102,(56.3),,,1.4,後方,後方,37.16,424,-2,56.3,上山牧場,浦河町,サートゥルナーリア,クールアンフルール,サクラバクシンオー,18,2,4,*,(美),松永康利
ｵｰﾌﾟﾝ,202604110603050401,"2026. 4.11",中山,パープルアドミラル,牡,6,金子光希, 60 ,14,11,ダ,3200,,稍,3444,5.2,12,12,12,11,14.0,,,,,,,A00,0,,2020104328,(61.8),,,,後方,後方,,452,0,61.8,聖心台牧場,新ひだか町,シビルウォー,ママノヨリミチ,マンハッタンカフェ,14,1,1,,(美),堀内岳志
未勝利,202604110603050205,"2026. 4.11",中山,フェイスリフト,牡,3,原優介, 57 ,16,２,ダ,1200,,重,1113,0.4,,,6,6,37.0,1,42.7,*,41.33,40.6,,003,240,,2023106605,(2.4),110,2140,0.6,中団,差し,34.30,464,0,2.4,ミルファーム,浦河町,フォーウィールドライブ,ポンポン,ブラックタイド,16,3,5,,(美),嘉藤貴行
1勝,202604110301011202,"2026. 4.11",福島,グランテレーズ,牝,5,小沢大仁, 56 ,16,２,芝,1200,A,良,1083,0.0,,,3,2,34.2,8,49.7,*,50.20,47.4,牝,023,330,,2021102401,(9.0),280,3370,0.4,先行,先行,34.10,458,+2,9.0,坂東牧場,平取町,シュヴァルグラン,アドマイヤテレサ,エリシオ,16,1,2,*,(栗),渡辺薫彦
1勝,202604110301011210,"2026. 4.11",福島,セイプリーズ,牝,4,古川吉洋, 56 ,16,３,芝,1200,A,良,1084,0.1,,,4,4,34.2,8,50.0,*,50.20,47.4,牝,023,210,,2022105583,(6.5),210,,0.5,先行,先行,34.20,428,-8,6.5,社台ファーム,千歳市,ダイワメジャー,レディトゥプリーズ,"More Than Ready",16,5,10,*,(栗),宮徹
2勝,202604110301011010,"2026. 4.11",福島,ブライティアダイヤ,牝,5,大久保友, 56 ,16,11,芝,1200,A,良,1088,1.1,,,15,15,34.0,2,52.4,*,48.87,46.8,,A04,0,    0.0,2021102468,(127.9),,,1.5,後方,後方,34.80,468,+4,127.9,雅牧場,平取町,サトノアラジン,ブライティアナイル,アドマイヤベガ,16,5,10,,(美),稲垣幸雄
2勝,202604110301011003,"2026. 4.11",福島,ムチャスグラシアス,牝,5,田口貫太, 56 ,16,12,芝,1200,A,良,1091,1.4,,,12,11,34.6,13,49.7,,48.87,46.8,,A04,0,    0.0,2021104217,(40.8),,,1.2,後方,後方,34.50,438,0,40.8,友田牧場,新ひだか町,カリフォルニアクローム,ロスグラシアレス,シンボリクリスエス,16,2,3,*,(美),菊川正達
1勝,202604110301010706,"2026. 4.11",福島,プロスペクトパーク,牡,4,石神深道,55▲,15,３,ダ,1700,,良,1458,0.1,3,3,2,2,38.7,4,44.6,*,44.53,44.4,,002,210,,2022105548,(4.9),190,,0.1,先行,先行,36.60,514,+4,4.9,社台ファーム,千歳市,キズナ,ラブリーベルナデット,Wilburn,15,4,6,,(美),高柳瑞樹
未勝利,202604110301010608,"2026. 4.11",福島,スノーエルヴァ,牝,3,菊沢一樹, 55 ,15,12,芝,2600,A,良,2423,2.0,5,8,5,7,37.6,12,49.5,,53.97,53.2,,003,0,,2023106145,(20.7),,,0.5,中団,中団,37.41,450,-8,20.7,ディアレストクラブ,浦河町,フィエールマン,カスタディーヴァ,"High Chaparral",15,5,8,,(美),田村康仁
未勝利,202604110301010507,"2026. 4.11",福島,ワイルドカイザー,牡,3,長浜鴻緒,55△,16,14,芝,2000,A,良,2024,2.4,13,13,14,16,36.4,11,51.3,,53.30,52.0,,003,0,,2023102550,(148.7),,,1.5,後方,後方,36.86,420,,148.7,キヨタケ牧場,新ひだか町,レイデオロ,ワイルドタッチ,ハーツクライ,16,4,7,,(美),矢嶋大樹
未勝利,202604110301010309,"2026. 4.11",福島,スワトウ,牝,3,松若風馬, 55 ,16,７,芝,1800,A,良,1481,0.5,13,12,7,6,35.9,6,50.6,*,51.77,49.4,牝,023,0,,2023103333,(12.9),,,0.6,中団,中団,36.10,438,-8,12.9,社台ファーム,千歳市,アルアイン,インランジェリー,"Empire Maker",16,5,9,,(栗),牧田和弥
未勝利,202604110301010312,"2026. 4.11",福島,ヴィーラー,牝,3,黛弘人, 55 ,16,10,芝,1800,A,良,1483,0.7,3,5,4,6,36.3,11,49.2,*,51.77,49.4,牝,023,0,,2023103081,(30.2),,,0.4,中団,中団,36.00,424,,30.2,服部牧場,新ひだか町,コントレイル,スウィートマナ,"Easing Along",16,6,12,,(栗),矢作芳人
未勝利,202604110301010209,"2026. 4.11",福島,カゼノオモイデ,牝,3,丸山元気, 55 ,16,14,芝,1200,A,良,1109,2.3,,,13,13,35.5,12,49.7,,50.40,48.3,,003,0,,2023100890,(162.2),,,1.4,後方,後方,35.40,428,,162.2,鹿戸和幸,日高町,イスラボニータ,オモイデヲノセテ,アドマイヤムーン,16,5,9,,(美),佐藤吉勝
未勝利,202604110301010104,"2026. 4.11",福島,ベストブラザーズ,牡,3,小林美駒,54▲,15,３,ダ,1700,,良,1462,0.3,1,1,1,2,38.3,5,46.7,*,47.63,47.5,,003,150,,2023101087,(7.7),190,,0.0,逃げ,逃げ,37.04,490,-8,7.7,竹島幸治,日高町,キセキ,トーホウロゼリア,ハーツクライ,15,3,4,,(美),辻哲英
未勝利,202604110301010103,"2026. 4.11",福島,レジェルテ,牡,3,和田陽希,54▲,15,５,ダ,1700,,良,1467,0.8,3,3,4,4,38.2,4,47.8,*,47.63,47.5,,003,59,,2023107303,(28.4),,,0.6,先行,先行,37.36,460,+4,28.4,ノーザンファーム,安平町,シュヴァルグラン,ラリズ,Bernstein,15,2,3,,(栗),柴田卓
未勝利,202604110301010115,"2026. 4.11",福島,ジャストグレース,牡,3,古川吉洋, 57 ,15,12,ダ,1700,,良,1501,4.2,14,14,13,12,39.9,12,46.0,,47.63,47.5,,003,0,,2023102517,(117.4),,,2.3,後方,後方,38.29,496,,117.4,カタオカフアーム,新ひだか町,ホッコータルマエ,インファクト,ダイワメジャー,15,8,15,,(栗),大根田裕
3勝,202604050902041214,"2026. 4. 5",阪神,イリフィ,牝,4,ルメール, 56 ,16,８,ダ,1400,,重,1231,0.7,,,10,9,36.4,5,46.2,*,45.10,43.9,,A04,0,    0.0,2022110077,(12.6),,,0.9,中団,中団,35.03,422,0,12.6,"Stonethorn Stud Farm Ltd.",愛,"Too Darn Hot",Trethias,"Invincible Spirit",16,7,14,,(栗),高野友和
1勝,202604050902040607,"2026. 4. 5",阪神,ロックウイズユー,セ,4,永島まな,56◇,9,７,芝,2000,A,稍,2017,2.1,8,8,9,9,37.1,6,47.7,,50.77,49.1,,A03,0,,2022103143,(33.4),,,1.1,後方,後方,36.26,452,+2,33.4,ビクトリーホースランチ,浦河町,ダノンレジェンド,エステーラブ,マイネルラヴ,9,7,7,,(栗),橋田宜長
1勝,202604050902040508,"2026. 4. 5",阪神,ケイアイアマゾン,牡,3,中井裕二, 57 ,13,５,ダ,1800,,重,1512,1.0,3,3,3,3,36.8,8,51.1,*,54.83,52.2,,A03,82,,2023105762,(110.5),,,0.4,先行,先行,37.20,470,-10,110.5,新冠橋本牧場,新冠町,マインドユアビスケッツ,クインズヌーサ,ゴールドアリュール,13,6,8,,(栗),秋山真一
1勝,202604050902040511,"2026. 4. 5",阪神,アーサーバローズ,牡,3,高杉吏麒, 57 ,13,13,ダ,1800,,重,1551,4.9,8,9,11,13,39.7,13,45.0,,54.83,52.2,,A03,0,,2023105468,(49.0),,,1.4,後方,後方,37.70,490,-2,49.0,静内フジカワ牧場,新ひだか町,キセキ,シーカーマ,"Exchange Rate",13,7,11,,(栗),寺島良
未勝利,202604050902040213,"2026. 4. 5",阪神,タイセイサーブル,牡,3,鮫島克駿, 57 ,13,１,ダ,1800,,重,1528,-0.3,1,1,1,1,36.3,2,55.4,*,55.50,55.4,,A03,590,,2023104674,250,120,320,0.0,逃げ,逃げ,38.25,476,+2,2.5,村田牧場,新冠町,エスポワールシチー,ジョワユーズ,エンパイアメーカー,12,8,13,,(栗),高野友和
未勝利,202604050902040109,"2026. 4. 5",阪神,エレーデサンライズ,牝,3,藤懸貴志, 55 ,15,７,ダ,1400,,重,1249,0.8,,,13,13,36.5,1,49.5,*,45.30,44.6,牝,023,0,,2023100912,(32.5),,,1.5,後方,後方,36.30,460,+10,32.5,下河辺牧場,日高町,エピファネイア,カラズマッチポイント,Curlin,15,5,9,,(栗),平田修
1勝,202604050603040712,"2026. 4. 5",中山,フェーダーローター,牝,3,石神深道,52▲,14,４,芝,1200,B,重,1093,0.5,,,6,5,34.6,5,50.3,*,51.30,49.4,,A04,120,,2023106484,(46.8),,,0.4,中団,差し,34.70,442,+2,46.8,ビッグレッドファーム,新冠町,ベンバトル,リープフラウミルヒ,ステイゴールド,14,7,12,,(美),天間昭一
1勝,202604050603040701,"2026. 4. 5",中山,ベレーバスク,牝,3,丹内祐次, 55 ,14,８,芝,1200,B,重,1098,1.0,,,4,3,35.3,10,47.7,*,51.30,49.4,,A04,0,,2023106477,(6.4),,,0.2,先行,先行,34.50,444,-10,6.4,ビッグレッドファーム,新冠町,ベンバトル,マイネサヴァラン,マンハッタンカフェ,14,1,1,*,(美),清水英克
1勝,202604050603040706,"2026. 4. 5",中山,ヤマメライズ,牡,3,佐々木大, 57 ,14,11,芝,1200,B,重,1100,1.2,,,11,11,34.7,7,51.7,,51.30,49.4,,A04,0,,2023105128,(47.4),,,1.0,後方,後方,35.30,420,-2,47.4,小島牧場,浦河町,サートゥルナーリア,ヴァルドワーズ,ダノンシャンティ,14,4,6,,(美),田島俊明
1勝,202604050603040616,"2026. 4. 5",中山,ジェイエルモーダル,牡,3,田辺裕信, 57 ,16,３,ダ,1800,,重,1520,0.2,14,14,8,4,37.9,1,47.8,*,47.00,46.3,,A03,210,,2023106313,(44.0),930,,0.5,ﾏｸﾘ,ﾏｸﾘ,37.05,456,0,44.0,ナカノファーム,日高町,デクラレーションオブウォー,ジェイエルノブレス,ヨハネスブルグ,16,8,16,,(美),松尾卓哉
未勝利,202604050603040509,"2026. 4. 5",中山,カドドゥディエ,牝,3,遠藤汰月,52▲,16,３,芝,2000,B,重,2029,0.7,9,10,10,8,36.1,2,53.0,*,51.90,50.2,,003,150,,2023100812,(26.4),1190,,1.2,中団,差し,37.20,420,-6,26.4,クラウン日高牧場,日高町,クラウンレガーロ,マリノルシアーナ,エピファネイア,16,5,9,,(美),西田雄一
未勝利,202604050603040502,"2026. 4. 5",中山,ゴーントゥファー,セ,3,横山琉人, 57 ,16,14,芝,2000,B,重,2140,11.8,16,16,16,16,44.1,14,37.4,,51.90,50.2,,003,0,,2023106531,(167.8),,,4.3,後方,後方,38.53,476,,167.8,ホース・マネジメント・ボス,新冠町,ドレフォン,グローリアスサルム,キズナ,16,1,2,,(美),小島茂之
未勝利,202604050603040412,"2026. 4. 5",中山,シャンデルナゴル,牡,6,中村将之, 60 ,14,１,ダ,2880,,重,3197,-0.3,2,3,3,1,13.9,,,,,,,000,840,,2020103193,130,110,1090,,先行,先行,,500,+2,1.3,ノーザンファーム,安平町,サトノダイヤモンド,アガルタ,キングカメハメハ,13,7,12,,(栗),石坂公一
未勝利,202604050603040304,"2026. 4. 5",中山,モロノカガヤキ,牡,3,津村明秀, 57 ,16,２,ダ,1800,,不,1539,1.6,3,2,2,2,39.8,5,43.1,*,44.67,46.2,,A03,240,,2023106060,(4.4),110,200,0.2,先行,先行,37.05,482,-2,4.4,チェスナットファーム,浦河町,ゴールドドリーム,グレイスキッパー,カレンブラックヒル,16,2,4,,(美),林徹
未勝利,202604050603040310,"2026. 4. 5",中山,パワポケグッド,牡,3,小林凌大, 57 ,16,４,ダ,1800,,不,1550,2.7,15,15,12,9,39.0,2,47.4,*,44.67,46.2,,A03,89,,2023106198,(312.4),,,2.1,中団,差し,38.00,430,0,312.4,HARUNOファーム,浦河町,インカンテーション,パワポケエリ,ローエングリン,16,5,10,,(美),大和田成
未勝利,202604050603040306,"2026. 4. 5",中山,ヒャクレツケン,牡,3,菊沢一樹, 57 ,16,15,ダ,1800,,不,1583,6.0,13,12,15,14,42.0,14,40.8,,44.67,46.2,,A03,0,,2023106687,(87.0),,,2.4,後方,後方,38.15,468,+6,87.0,大狩部牧場,新冠町,タリスマニック,ペスカネラ,ブラックタイド,16,3,6,,(美),青木孝文
未勝利,202604050603040203,"2026. 4. 5",中山,ハンナパール,牝,3,吉田豊, 55 ,16,４,ダ,1200,,不,1120,0.9,,,7,7,37.2,5,43.5,*,42.17,42.7,,A03,89,,2023100692,(64.4),,,0.6,中団,差し,34.80,432,-4,64.4,エトルタファーム,日高町,ミッキーグローリー,ラベルリュンヌ,トーホウエンペラー,16,2,3,,(美),小野次郎
Ｇ３,202604040902031104,"2026. 4. 4",阪神,エイシンティザー,牡,3,西塚洸二, 57 ,14,11,芝,1600,A,稍,1357,1.6,,,4,8,35.0,10,54.1,,57.60,56.5,,N01,0,    0.0,2023105516,(20.8),,,0.5,中団,中団,36.42,498,-2,20.8,木田牧場,新ひだか町,モズアスコット,エイシンソルティー,Tapit,14,3,4,,(栗),吉村圭司
1勝,202604040902030904,"2026. 4. 4",阪神,ブラックオリンピア,牡,3,川田将雅, 57 ,9,１,芝,2400,A,稍,2270,-0.3,3,3,3,3,34.1,1,60.4,*,60.53,59.1,,A04,1140,   18.9,2023107168,290,120,310,0.3,先行,先行,37.63,534,+2,2.9,ノーザンファーム,安平町,キタサンブラック,ピノ,Pierro,9,4,4,,(栗),友道康夫
1勝,202604040902030902,"2026. 4. 4",阪神,アーレムアレス,牡,3,菱田裕二, 57 ,9,２,芝,2400,A,稍,2273,0.3,7,7,7,6,34.1,1,60.7,*,60.53,59.1,,A04,460,    5.4,2023105223,(1.8),110,310,0.6,中団,差し,37.73,494,-2,1.8,社台コーポレーション白老ファーム,白老町,ハービンジャー,スターズインヘヴン,ワークフォース,9,2,2,,(栗),橋口慎介
未勝利,202604040902030416,"2026. 4. 4",阪神,ハピネスサンライズ,牝,3,松若風馬, 55 ,18,13,芝,1400,A,良,1230,1.4,,,7,7,35.9,17,48.4,,49.43,48.4,,A03,0,,2023100910,(12.5),,,0.8,中団,中団,35.33,466,+2,12.5,下河辺牧場,日高町,ダノンスマッシュ,オークヴィル,タニノギムレット,18,8,16,,(栗),東田明士
未勝利,202604040902030214,"2026. 4. 4",阪神,アニマレイ,牡,3,ルメール, 57 ,16,５,ダ,1400,,稍,1259,2.2,,,8,7,37.9,7,45.0,*,44.93,44.2,,A03,59,,2023105279,(2.6),,,1.4,中団,中団,36.00,476,+4,2.6,ノーザンファーム,安平町,ニューイヤーズデイ,ガルデルスリール,ダイワメジャー,16,7,14,,(栗),須貝尚介
未勝利,202604040902030113,"2026. 4. 4",阪神,ハッピーリオン,牝,3,太宰啓介, 55 ,16,６,ダ,1800,,稍,1557,1.5,3,3,3,3,38.4,6,50.7,,53.60,53.5,牝,023,0,,2023101899,(50.5),,,0.3,先行,先行,38.65,464,+4,50.5,吉田ファーム,浦河町,リオンリオン,ラファイエ,"Elusive Quality",16,7,13,,(栗),武英智
1勝,202604040603030907,"2026. 4. 4",中山,ヨカオウ,牡,3,岩田康誠, 57 ,13,７,芝,2200,B,稍,2147,1.0,2,3,3,4,36.9,7,49.4,*,51.73,51.0,,A04,0,    0.0,2023102707,(11.0),,,0.3,先行,先行,36.68,468,+2,11.0,サンデーヒルズ,新ひだか町,キズナ,ヨカヨカ,スクワートルスクワート,12,5,7,,(栗),谷潔
1勝,202604040603030704,"2026. 4. 4",中山,ニシノエピカリ,牝,4,佐々木大, 56 ,12,５,芝,2000,B,良,2030,1.0,3,3,4,5,36.2,6,52.8,*,55.03,54.4,,A03,82,,2022100724,(48.8),,,0.3,中団,中団,37.20,406,+10,48.8,田上徹,新ひだか町,フィエールマン,シーソルティキッス,キングカメハメハ,12,4,4,,(美),秋本大介
未勝利,202604040603030513,"2026. 4. 4",中山,ヤマニンアレシス,牡,3,丹内祐次, 57 ,16,３,芝,1600,B,良,1352,0.2,,2,2,2,35.0,6,53.2,*,54.33,53.3,,A03,150,,2023104357,(2.4),120,,0.1,先行,先行,36.12,460,+2,2.4,錦岡牧場,新冠町,イスラボニータ,ヤマニンアストレア,キングカメハメハ,16,7,13,,(美),堀内岳志
1勝,202603290902020909,"2026. 3.29",阪神,バルミラクル,牡,4,鮫島良太, 58 ,15,11,ダ,1800,,良,1550,2.8,8,8,9,7,40.5,9,42.0,,41.87,40.6,,003,0,,2022106177,(10.5),,,2.2,中団,中団,37.25,458,0,10.5,川島牧場,新冠町,マクフィ,ミラクルクロス,フジキセキ,15,5,9,,(栗),河嶋宏樹
1勝,202603290902020610,"2026. 3.29",阪神,モンサンゴールデン,牡,3,池添謙一, 57 ,10,４,ダ,1200,,良,1125,0.2,,,3,2,36.8,3,47.0,*,47.00,46.5,,A03,120,,2023104044,(3.3),,,0.2,先行,先行,35.70,474,0,3.3,川島牧場,新冠町,シルバーステート,ウインアンジェラス,Bertolini,10,8,10,,(栗),中竹和也
未勝利,202603290902020313,"2026. 3.29",阪神,ナブッコ,牡,3,幸英明, 57 ,16,２,ダ,1400,,良,1266,0.5,,,2,2,38.8,8,42.4,*,43.40,42.7,,003,240,,2023104377,(6.6),220,3340,0.2,先行,先行,35.85,482,-2,6.6,ノースヒルズ,新冠町,モーリス,ヴェルディアーナ,"Perfect Soul",16,7,13,,(栗),橋田宜長
未勝利,202603290902020315,"2026. 3.29",阪神,チョウスター,牝,3,柴田裕一,53△,16,４,ダ,1400,,良,1269,0.8,,,2,3,39.0,10,42.1,*,43.40,42.7,,003,89,,2023104226,(137.9),,,0.3,先行,先行,35.93,460,-8,137.9,対馬正,新冠町,エスポワールシチー,アラモアナワヒネ,グラスワンダー,16,8,15,,(栗),羽月友彦
未勝利,202603290902020310,"2026. 3.29",阪神,メイワキラリ,牡,3,鮫島良太, 57 ,16,６,ダ,1400,,良,1271,1.0,,,1,1,39.5,13,40.4,*,43.40,42.7,,003,0,,2023103746,(45.5),,,0.0,逃げ,逃げ,35.70,470,-4,45.5,笹川大晃牧場,森町,ミスターメロディ,リュウメイ,コロナドズクエスト,16,5,10,,(栗),河嶋宏樹
未勝利,202603290902020306,"2026. 3.29",阪神,クライナリーゼ,牡,3,田口貫太, 57 ,16,７,ダ,1400,,良,1273,1.2,,,14,13,38.1,3,46.9,*,43.40,42.7,,003,0,,2023104192,(109.8),,,1.6,後方,後方,36.90,378,+2,109.8,田端牧場,新冠町,カレンブラックヒル,ウェルアウェイ,Monsun,16,3,6,,(栗),高橋康之
未勝利,202603290902020103,"2026. 3.29",阪神,マルベック,牝,3,吉村誠之, 55 ,14,９,ダ,1800,,良,1569,1.2,8,7,8,9,39.3,8,48.7,,51.10,48.0,牝,023,0,,2023105155,(3.0),,,1.0,中団,中団,38.80,478,-14,3.0,大北牧場,浦河町,ホッコータルマエ,ダイワバーガンディ,ブライアンズタイム,14,3,3,,(栗),坂口智康
3勝,202603290701061003,"2026. 3.29",中京,キュールエフウジン,牡,7,酒井学, 54 ,15,13,ダ,1900,,良,2007,2.1,12,12,13,13,37.7,10,51.6,,54.03,52.6,,A03,0,    0.0,2019102983,(212.3),,,1.2,後方,後方,38.31,506,+10,212.3,木下牧場,新ひだか町,ホッコータルマエ,キュールエアリス,ウォーエンブレム,15,2,3,,(栗),中尾秀正
1勝,202603290701060908,"2026. 3.29",中京,フェルシナ,牝,4,佐々木大, 56 ,16,７,芝,1600,B,良,1341,0.4,,11,8,7,33.9,8,56.5,*,56.80,54.9,,A03,0,,2022105831,(16.7),,,0.6,中団,中団,36.12,452,-10,16.7,社台コーポレーション白老ファーム,白老町,ルーラーシップ,ヒルダ,ダイワメジャー,15,4,8,,(栗),西園翔太
1勝,202603290701060907,"2026. 3.29",中京,レーヴドアンジュ,牝,4,田山旺佑,53▲,16,10,芝,1600,B,良,1345,0.8,,10,10,9,34.1,11,56.3,*,56.80,54.9,,A03,0,,2022110157,(321.4),,,0.8,中団,中団,36.24,424,+10,321.4,"Michael E. Pegram Paul Weitman & Karl Watson",米,"Maximum Security","Tiz Midnight","Midnight Lute",15,4,7,,(栗),河嶋宏樹
1勝,202603290701060803,"2026. 3.29",中京,ショウグンマサムネ,牡,3,浜中俊, 57 ,7,２,芝,2200,B,良,2142,0.1,6,6,6,5,34.0,1,60.5,*,58.97,57.8,,A04,460,    4.4,2023103897,(14.3),470,3850,0.7,後方,追込,37.58,476,+2,14.3,レイクヴィラファーム,洞爺湖町,スワーヴリチャード,ナオミノユメ,ジャングルポケット,7,3,3,,(栗),佐藤悠太
1勝,202603290701060710,"2026. 3.29",中京,ココボロ,牝,5,土田真翔,53▲,13,11,ダ,1800,,良,1561,2.2,11,12,13,13,38.6,6,50.4,,53.87,52.3,牝,023,0,,2021106419,(359.4),,,1.0,後方,後方,38.75,524,+6,359.4,対馬正,新冠町,ビッグアーサー,シルクヴァルキリー,マーベラスサンデー,13,7,10,,(美),松山将樹
未勝利,202603290701060312,"2026. 3.29",中京,ザキノフレンズ,牡,3,団野大成, 57 ,15,２,ダ,1200,,良,1131,0.1,,,2,2,36.9,3,48.1,*,48.40,47.8,,003,240,,2023104433,(13.3),270,750,0.1,先行,先行,36.20,498,-8,13.3,ハクレイファーム,新冠町,モーニン,ザデイ,シンボリクリスエス,15,7,12,,(栗),東田明士
未勝利,202603290701060204,"2026. 3.29",中京,リントゥラウル,牡,3,酒井学, 57 ,14,11,ダ,1900,,良,2043,2.2,1,1,3,5,40.3,13,46.2,,53.03,50.6,,A03,0,,2023101735,(11.8),,,0.3,逃げ,逃げ,38.77,464,+10,11.8,高昭牧場,浦河町,キズナ,ノースパストラル,キングヘイロー,14,3,4,,(栗),秋山真一
未勝利,202603290701060115,"2026. 3.29",中京,ワンダーミューズ,牝,3,今村聖奈,53◇,16,13,ダ,1400,,良,1284,3.4,,,10,14,39.7,13,42.0,,46.57,45.9,牝,023,0,,2023100166,(65.0),,,1.0,後方,後方,36.53,414,,65.0,城地牧場,新ひだか町,ミスチヴィアスアレックス,ワンダービーナス,バゴ,16,8,15,,(栗),今野貞一
1勝,202603290603020907,"2026. 3.29",中山,セットエトワール,牝,3,津村明秀, 55 ,7,６,芝,2000,A,良,2019,1.3,2,2,2,2,36.0,7,52.3,,56.30,56.1,牝,024,0,    0.0,2023103792,(6.2),,,0.0,先行,先行,36.81,480,+2,6.2,社台コーポレーション白老ファーム,白老町,シルバーステート,セブンスセンス,キングカメハメハ,7,7,7,,(美),鹿戸雄一
1勝,202603290603020710,"2026. 3.29",中山,プルメリアクヒオ,牡,5,木幡初也, 58 ,15,８,ダ,1800,,稍,1551,1.3,3,3,2,2,40.8,12,41.1,,45.00,44.1,,A03,0,,2021103208,(14.2),,,0.0,先行,先行,37.15,466,-4,14.2,まるとみ冨岡牧場,浦河町,ホッコータルマエ,プルメリアミコ,ケイムホーム,15,6,10,,(美),深山雅史
未勝利,202603290603020215,"2026. 3.29",中山,ニンジャトットリ,牡,3,木幡育也, 57 ,16,３,ダ,1200,,稍,1125,0.3,,,3,2,38.5,8,38.3,*,41.00,38.5,,A03,150,,2023106658,(3.1),150,,0.1,先行,先行,34.00,462,-4,3.1,へいはた牧場,新ひだか町,ミッキーアイル,ディアデム,シンボリクリスエス,16,8,15,,(美),松永康利
2勝,202603280902011001,"2026. 3.28",阪神,ブルボンクイーン,牝,5,角田大和, 53 ,11,６,芝,1400,A,良,1204,0.6,,,3,3,35.2,8,46.3,*,52.27,47.0,,A03,0,    0.0,2021100297,(17.9),,,0.2,先行,先行,33.90,498,+8,17.9,土居牧場,新ひだか町,キズナ,セレブラール,ボストンハーバー,11,1,1,,(栗),角田晃一
1勝,202603280902010904,"2026. 3.28",阪神,ジャストビート,牝,3,松山弘平, 55 ,7,６,芝,1800,A,良,1482,1.5,,,6,5,35.4,6,52.8,,55.10,55.5,牝,024,0,    0.0,2023101090,(28.5),,,0.4,後方,後方,36.40,424,-4,28.5,タバタファーム,日高町,デクラレーションオブウォー,ステルス,ディープインパクト,7,4,4,,(栗),安達昭夫
ｵｰﾌﾟﾝ,202603280902010801,"2026. 3.28",阪神,ブラックボイス,牡,7,坂口智康, 60 ,11,４,芝,3140,A,良,3328,3.0,4,4,4,4,13.6,,,,,,,A00,260,    0.0,2019105276,(15.6),,,,先行,先行,,516,-6,15.6,ノーザンファーム,安平町,ブラックタイド,ソングライティング,"Giant's Causeway",11,1,1,,(美),浅利英明
1勝,202603280902010701,"2026. 3.28",阪神,ミルミナーヴァ,牝,5,幸英明, 56 ,12,３,ダ,1400,,良,1246,0.2,,,1,1,37.9,4,42.4,*,45.03,42.9,牝,023,210,,2021106332,(14.5),620,,0.0,逃げ,逃げ,35.03,486,-4,14.5,高瀬牧場,新冠町,ヘニーヒューズ,ランミネルバ,アグネスタキオン,12,1,1,,(栗),橋田宜長
未勝利,202603280902010509,"2026. 3.28",阪神,ビケイムフリー,牝,3,原優介, 55 ,18,15,芝,1600,A,良,1362,2.2,,,17,17,35.3,11,53.5,,53.33,52.1,,A03,0,,2023104381,(316.8),,,1.7,後方,後方,36.54,402,-10,316.8,ノースヒルズ,新冠町,サートゥルナーリア,エレーデ,ディープインパクト,18,5,9,,(栗),吉村圭司
未勝利,202603280902010412,"2026. 3.28",阪神,ショウナンライラ,牡,3,藤懸貴志, 57 ,13,13,ダ,1800,,稍,1590,6.2,4,2,2,7,43.4,13,37.1,,50.47,49.2,,003,0,,2023100277,(377.9),,,0.6,中団,中団,37.80,466,-2,377.9,ヒサイファーム,新ひだか町,サートゥルナーリア,ブルーイリュージョン,Dubawi,13,8,12,,(栗),松下武士
未勝利,202603280902010312,"2026. 3.28",阪神,ナムラロダン,牡,3,吉村誠之, 57 ,16,３,ダ,1200,,稍,1132,0.7,,,2,2,38.3,10,41.1,*,43.10,41.3,,A03,150,,2023106223,(2.3),110,,0.3,先行,先行,34.90,478,+2,2.3,谷川牧場,浦河町,ミッキーアイル,サンクイーン2,"Storm Cat",16,6,12,,(栗),長谷川浩
未勝利,202603280902010209,"2026. 3.28",阪神,ロードアマルフィ,牡,3,吉村誠之, 57 ,11,１,ダ,1800,,稍,1533,-2.3,2,2,1,1,38.1,1,48.7,*,46.57,48.7,,003,590,,2023105786,150,110,250,0.0,逃げ,逃げ,37.60,518,+6,1.5,ケイアイファーム,新ひだか町,ルヴァンスレーヴ,アルセナーレ,クロフネ,11,7,9,,(栗),中村直也
2勝,202603280701051208,"2026. 3.28",中京,メイショウミリオレ,牝,5,高杉吏麒, 56 ,16,４,芝,1400,B,良,1211,0.1,,,14,14,33.2,1,58.2,*,54.23,53.2,牝,023,240,    0.0,2021103278,(20.5),,,1.0,後方,追込,35.93,490,+2,20.5,三嶋牧場,浦河町,ルーラーシップ,メイショウメイゲツ,ディープインパクト,16,4,8,,(栗),藤岡健一
2勝,202603280701051213,"2026. 3.28",中京,インフローレ,牝,4,浜中俊, 56 ,16,14,芝,1400,B,良,1222,1.2,,,6,6,34.8,15,52.2,,54.23,53.2,牝,023,0,    0.0,2022102729,(70.9),,,0.5,中団,中団,35.55,436,-8,70.9,杵臼牧場,浦河町,リオンディーズ,キュイキュイ,ハービンジャー,16,7,13,,(栗),寺島良
2勝,202603280701051004,"2026. 3.28",中京,バンフィエルド,牡,7,国分恭介, 58 ,12,９,芝,2200,B,良,2159,0.6,6,5,5,4,34.0,11,62.4,*,63.17,63.1,,A04,0,    0.0,2019104531,(62.6),,,0.3,先行,先行,38.21,428,-8,62.6,社台コーポレーション白老ファーム,白老町,オルフェーヴル,エヴィータアルゼンティーナ,"Candy Ride",12,4,4,,(栗),緒方努
1勝,202603280701050605,"2026. 3.28",中京,エイシンマールス,牡,4,小沢大仁, 58 ,16,３,ダ,1400,,稍,1246,0.5,,,4,4,37.1,8,46.0,*,48.97,45.5,,A03,210,,2022102624,(4.1),150,,0.4,先行,先行,35.63,464,0,4.1,栄進牧場,浦河町,エイシンヒカリ,エーシンアマゾーン,ファルブラヴ,16,3,5,,(栗),今野貞一
1勝,202603280701050611,"2026. 3.28",中京,タリスマン,牡,5,伊藤工真, 58 ,16,10,ダ,1400,,稍,1253,1.2,,,13,13,36.6,4,49.8,*,48.97,45.5,,A03,0,,2021104618,(20.3),,,1.6,後方,後方,36.53,474,0,20.3,リトルブルーファーム,清水町,タリスマニック,クロエチャン,スパイキュール,16,6,11,,(美),金成貴史
未勝利,202603280701050412,"2026. 3.28",中京,ワンダーゾルダート,牡,3,川端海翼,54▲,14,６,ダ,1800,,稍,1562,2.1,8,9,6,6,40.0,7,45.2,,48.50,46.7,,002,0,,2023101714,(10.9),,,1.0,中団,中団,38.10,432,-2,10.9,高昭牧場,浦河町,ゴールドドリーム,クインズモモナ,エイシンフラッシュ,14,7,12,,(栗),羽月友彦
未勝利,202603280701050213,"2026. 3.28",中京,キタノサリスカ,牝,3,川端海翼,52▲,13,１,ダ,1800,,稍,1552,-0.4,3,3,3,2,38.6,2,49.2,*,48.70,48.1,牝,023,590,,2023105977,10730,2190,79330,0.3,先行,先行,38.30,426,+4,107.3,高山牧場,日高町,タイセイレジェンド,ブラウンキャビア,Kodiac,13,8,13,,(栗),羽月友彦
未勝利,202603280701050208,"2026. 3.28",中京,アティラン,牝,3,西塚洸二, 55 ,13,10,ダ,1800,,稍,1591,3.9,6,6,8,8,41.9,12,42.1,,48.70,48.1,牝,023,0,,2023105641,(50.1),,,0.9,中団,中団,38.60,458,0,50.1,笠松牧場,浦河町,ヴァンゴッホ,ジーニアル,キングカメハメハ,13,6,8,,(栗),寺島良
未勝利,202603280603010404,"2026. 3.28",中山,グランドスウェル,牡,3,荻野極, 57 ,16,１,ダ,1800,,重,1536,-0.1,3,3,3,3,37.5,1,51.5,*,50.73,50.3,,003,590,,2023102833,3630,270,7270,0.3,先行,先行,38.05,508,-6,36.3,高橋陵,新ひだか町,サトノダイヤモンド,ホットスウェル,"Fusaichi Pegasus",16,2,4,,(美),畠山吉宏
未勝利,202603280603010410,"2026. 3.28",中山,レオスキーム,牡,3,野中悠太, 57 ,16,14,ダ,1800,,重,1591,5.5,5,5,5,6,42.6,14,39.8,,50.73,50.3,,003,0,,2023104893,(250.6),,,0.7,中団,中団,38.25,468,-2,250.6,惣田英幸,浦河町,ベストウォーリア,キャラメルフレンチ,タイキシャトル,16,5,10,,(美),萱野浩二
未勝利,202603280603010308,"2026. 3.28",中山,ツクバヴァンガード,牡,3,横山武史, 57 ,16,２,ダ,1200,,重,1114,0.1,,,2,2,37.2,4,41.9,*,43.23,42.2,,003,240,,2023101037,(1.8),110,690,0.0,先行,先行,34.20,478,0,1.8,シンボリ牧場,日高町,リーチザクラウン,キャプテンガール,キャプテンスティーヴ,16,4,8,,(美),奥平雅士
未勝利,202603280603010211,"2026. 3.28",中山,アンシュウマト,牡,3,三浦皇成, 57 ,16,２,ダ,1800,,重,1542,0.1,6,7,5,4,39.5,2,44.6,*,44.13,43.7,,003,240,,2023101929,(10.0),200,1560,0.3,先行,先行,37.35,444,-6,10.0,高村伸一,様似町,マクフィ,オクシペタルム,シンボリクリスエス,16,6,11,,(美),中川公成
未勝利,202603280603010204,"2026. 3.28",中山,ターフクリスタル,牡,3,石橋脩, 57 ,16,11,ダ,1800,,重,1565,2.4,16,16,14,13,39.3,1,48.2,*,44.13,43.7,,003,0,,2023104958,(320.0),,,2.8,後方,後方,38.60,462,+6,320.0,中島牧場,浦河町,インカンテーション,シラヤマヒメ,サクラローレル,16,2,4,,(美),矢野英一
1勝,202603220901100809,"2026. 3.22",阪神,オーレアミスト,セ,4,岩田望来, 58 ,10,７,ダ,1800,,良,1553,1.0,3,3,4,4,38.6,8,49.4,*,49.70,49.2,,A03,0,,2022104841,(3.9),,,0.7,先行,先行,38.35,502,+8,3.9,ノーザンファーム,安平町,ゴールドドリーム,ジンジャーミスト,Bernardini,10,8,9,,(栗),井上智史
1勝,202603220901100705,"2026. 3.22",阪神,テイクザクラウン,牡,5,川又賢治, 58 ,11,５,芝,2400,A,良,2279,0.8,3,3,5,4,34.5,5,59.6,*,61.00,60.5,,A03,82,,2021102379,(12.1),,,0.4,先行,先行,37.80,456,+6,12.1,二風谷ファーム,平取町,サトノクラウン,アムールレジェンド,ディープインパクト,10,5,5,,(栗),吉村圭司
1勝,202603220901100702,"2026. 3.22",阪神,ジーティートシオー,牡,4,鮫島克駿, 57 ,11,外,芝,2400,A,良,----,----,,,,,,0,,,61.00,60.5,,A03,0,,2022104661,,,,,,,,468,+2,,ノーザンファーム,安平町,バゴ,ウォークロニクル,ウォーエンブレム,10,2,2,,(栗),西村真幸
1勝,202603220901100511,"2026. 3.22",阪神,シラヌイ,牝,3,松山弘平, 55 ,11,１,芝,1200,A,良,1083,-0.2,,,2,1,34.6,10,47.4,*,49.53,47.4,,A04,820,,2023105668,1090,330,3570,0.0,先行,先行,33.70,444,-2,10.9,木田牧場,新ひだか町,フィレンツェファイア,ミスティック,キンシャサノキセキ,11,8,11,,(栗),高橋亮
未勝利,202603220901100201,"2026. 3.22",阪神,アーサーバローズ,牡,3,岩田望来, 57 ,13,１,ダ,1800,,良,1547,-0.1,4,3,3,3,37.6,1,52.5,*,52.00,50.9,,A03,590,,2023105468,420,140,480,0.4,先行,先行,38.55,492,-2,4.2,静内フジカワ牧場,新ひだか町,キセキ,シーカーマ,"Exchange Rate",13,1,1,,(栗),寺島良
1勝,202603220701040609,"2026. 3.22",中京,ドマーネ,牝,4,国分恭介, 56 ,17,９,芝,2000,A,良,2003,0.8,8,7,7,6,34.8,11,55.3,*,57.90,53.9,牝,023,0,,2022103271,(16.1),,,0.9,中団,中団,36.64,436,+10,16.1,三嶋牧場,浦河町,ゴールドシップ,ランドネ,Blame,17,5,9,,(栗),辻野泰之
未勝利,202603220701040314,"2026. 3.22",中京,ルーナディサングエ,牡,3,菅原隆一, 57 ,15,１,ダ,1800,,良,1547,-0.2,5,5,2,4,37.9,2,51.3,*,51.70,50.5,,003,590,,2023103013,2900,770,11380,0.2,先行,先行,38.40,466,+14,29.0,西川富岡牧場,新ひだか町,リアルスティール,ブラッディムーン,アドマイヤムーン,15,8,14,,(美),天間昭一
未勝利,202603220701040212,"2026. 3.22",中京,ショウナンバーボン,牡,3,吉村誠之, 57 ,16,９,ダ,1400,,良,1273,2.2,,,5,5,40.0,10,38.7,,40.40,41.6,,A03,0,,2023106620,(13.8),,,0.5,中団,中団,35.48,460,-4,13.8,信岡牧場,浦河町,サートゥルナーリア,レッドアルジーヌ,ハーツクライ,16,6,12,,(美),加藤士津
未勝利,202603220701040105,"2026. 3.22",中京,コイバナ,牝,3,幸英明, 55 ,14,５,ダ,1800,,良,1563,1.3,6,6,9,10,38.5,5,51.0,*,52.10,52.1,牝,023,59,,2023102700,(31.8),,,0.6,中団,中団,38.90,456,+2,31.8,サンデーヒルズ,新ひだか町,モズアスコット,タイムピース,ルーラーシップ,14,4,5,*,(栗),渡辺薫彦
未勝利,202603220701040109,"2026. 3.22",中京,エイカイコバチ,牝,3,西塚洸二, 55 ,14,12,ダ,1800,,良,1586,3.6,8,8,9,12,40.8,12,45.3,,52.10,52.1,牝,023,0,,2023107144,(5.7),,,0.6,後方,後方,38.90,446,0,5.7,ノーザンファーム,安平町,エピファネイア,ノーブルスコア,ディープインパクト,14,6,9,,(栗),藤原英昭
2勝,202603220602080910,"2026. 3.22",中山,ライトニングゼウス,牡,5,菊沢一樹, 58 ,16,２,ダ,1200,,良,1116,0.2,,,2,3,36.9,6,44.0,*,45.20,44.0,,A03,630,   10.6,2021104058,(7.2),200,1110,0.1,先行,先行,34.70,514,+2,7.2,谷岡スタット,新ひだか町,ダンカーク,サクラナスカ,サクラバクシンオー,16,5,10,,(美),伊藤圭三
未勝利,202603220602080601,"2026. 3.22",中山,キリスパークル,牝,3,木幡巧也, 55 ,18,９,芝,2000,A,良,2012,1.7,10,10,10,8,36.7,10,48.7,,51.00,50.6,,A03,0,,2023100312,(335.4),,,0.7,中団,中団,36.21,432,-4,335.4,本桐牧場,新ひだか町,ディーマジェスティ,カエデ,タイキシャトル,18,1,1,,(美),勢司和浩
未勝利,202603220602080516,"2026. 3.22",中山,リーデレクオーレ,牝,3,柴田大知, 55 ,16,12,芝,1600,A,良,1356,1.9,,2,1,1,37.3,14,43.8,,51.37,48.8,,003,0,,2023104425,(108.8),,,0.0,逃げ,逃げ,34.98,416,-6,108.8,ハクツ牧場,新冠町,アルアイン,ゴルトメーネ,バゴ,16,8,16,,(美),秋本大介
未勝利,202603220602080104,"2026. 3.22",中山,デスサイズ,牡,3,石川裕紀, 57 ,16,３,ダ,1200,,良,1127,0.9,,,4,4,38.3,7,39.8,*,41.57,39.4,,003,150,,2023101085,(1.7),110,,0.5,先行,先行,34.40,462,+2,1.7,竹島幸治,日高町,シスキン,トーホウハニー,ステイゴールド,16,2,4,,(美),小手川準
未勝利,202603220602080110,"2026. 3.22",中山,ハンナパール,牝,3,吉田豊, 55 ,16,７,ダ,1200,,良,1138,2.0,,,13,12,37.7,2,45.8,*,41.57,39.4,,003,0,,2023100692,(288.3),,,2.2,後方,後方,36.10,436,,288.3,エトルタファーム,日高町,ミッキーグローリー,ラベルリュンヌ,トーホウエンペラー,16,5,10,,(美),小野次郎
OP(L),202603210901091109,"2026. 3.21",阪神,ロードフィレール,牡,3,坂井瑠星, 57 ,12,２,芝,2000,A,良,1589,0.4,2,2,2,2,34.7,4,54.0,*,56.17,54.3,,N01,840,    7.8,2023105818,(12.4),260,1190,0.2,先行,先行,36.09,524,+6,12.4,ケイアイファーム,新ひだか町,キズナ,プレミアムギフト,オルフェーヴル,12,7,9,,(栗),吉岡辰弥
1勝,202603210901090612,"2026. 3.21",阪神,エブリデイ,牡,3,藤懸貴志, 57 ,16,６,ダ,1400,,良,1250,1.2,,,13,12,36.3,2,50.6,*,47.67,45.8,,A03,0,,2023102902,(50.2),,,1.7,後方,後方,36.53,508,0,50.2,千代田牧場,新ひだか町,フォーウィールドライブ,コハルビヨリ,マンハッタンカフェ,16,6,12,*,(栗),北出成人
未勝利,202603210901090514,"2026. 3.21",阪神,ソルトアイリス,牝,3,武豊, 55 ,18,５,芝,1600,A,良,1349,0.3,,,9,10,34.1,3,57.0,*,55.77,54.0,,003,59,,2023104169,(6.2),,,0.8,中団,中団,36.48,468,+8,6.2,隆栄牧場,新冠町,アドマイヤマーズ,ファインアイリス,ルーラーシップ,18,7,14,,(栗),四位洋文
未勝利,202603210901090513,"2026. 3.21",阪神,モカプウイング,牝,3,幸英明, 55 ,18,７,芝,1600,A,良,1351,0.5,,,2,2,35.0,15,53.0,*,55.77,54.0,,003,0,,2023103334,(85.5),,,0.1,先行,先行,36.06,458,+5,85.5,社台ファーム,千歳市,マインドユアビスケッツ,ウイングドウィール,シンボリクリスエス,18,7,13,,(栗),加藤公太
未勝利,202603210901090401,"2026. 3.21",阪神,デルニエジョイ,牡,3,田口貫太, 57 ,15,６,ダ,1400,,稍,1264,1.6,,,3,3,38.1,9,45.1,,48.47,47.4,,003,0,,2023101973,(6.3),,,0.4,先行,先行,36.23,474,+4,6.3,浦河日成牧場,浦河町,シスキン,グランジョイ,ダンスインザダーク,15,1,1,,(栗),鈴木孝志
未勝利,202603210901090302,"2026. 3.21",阪神,ブラックパロット,牡,3,横山和生, 57 ,10,７,ダ,2000,,稍,2087,1.4,10,10,8,7,37.7,4,53.4,,53.60,53.0,,003,0,,2023107307,(33.5),,,1.1,後方,後方,39.00,516,-10,33.5,ノーザンファーム,安平町,アドマイヤマーズ,リアアントニア,"Rockport Harbor",10,2,2,,(美),手塚貴徳
1勝,202603210701031204,"2026. 3.21",中京,メイショウビストロ,牡,4,田山旺佑,55▲,14,３,芝,1600,A,良,1345,0.4,,9,7,8,33.5,3,59.3,*,58.47,56.1,,003,210,,2022103251,(18.1),370,,0.9,中団,差し,36.60,438,-4,18.1,三嶋牧場,浦河町,カリフォルニアクローム,メイショウオワラ,ディープブリランテ,14,3,4,,(栗),岡田稲男
Ｇ３,202603210701031114,"2026. 3.21",中京,フォーゲル,牡,3,吉村誠之, 57 ,17,５,芝,1400,A,良,1204,0.6,,,5,4,34.1,9,51.8,*,52.73,50.0,,N04,410,    0.0,2023105273,(83.8),,,0.7,先行,先行,34.73,520,-8,83.8,ノーザンファーム,安平町,アルアイン,エリカポンシャン,ロードカナロア,17,7,14,*,(栗),斉藤崇史
1勝,202603210701030716,"2026. 3.21",中京,ウフドゥウフ,牡,4,丸田恭介, 58 ,16,２,ダ,1400,,良,1246,0.3,,,10,10,36.5,4,48.8,*,49.03,45.4,,003,330,,2022105257,(11.6),530,6630,0.9,中団,差し,36.08,488,+2,11.6,社台ファーム,千歳市,エピファネイア,エッグドロップ,"Alphabet Soup",16,8,16,,(美),上原博之
1勝,202603210701030709,"2026. 3.21",中京,タリスマン,牡,5,伊藤工真, 58 ,16,５,ダ,1400,,良,1248,0.5,,,15,15,36.1,2,51.2,*,49.03,45.4,,003,82,,2021104618,(225.1),,,1.5,後方,後方,36.53,474,-4,225.1,リトルブルーファーム,清水町,タリスマニック,クロエチャン,スパイキュール,16,5,9,,(美),金成貴史
1勝,202603210701030706,"2026. 3.21",中京,プロスペクトパーク,牡,4,吉村誠之, 58 ,16,14,ダ,1400,,良,1254,1.1,,,5,4,37.8,12,44.4,,49.03,45.4,,003,0,,2022105548,(21.1),,,0.4,先行,先行,35.70,510,+8,21.1,社台ファーム,千歳市,キズナ,ラブリーベルナデット,Wilburn,16,3,6,,(美),高柳瑞樹
未勝利,202603210701030608,"2026. 3.21",中京,ハピネスサンライズ,牝,3,松若風馬, 55 ,18,３,芝,1400,A,良,1213,0.2,,,4,4,34.7,7,50.7,*,51.70,46.8,,A03,150,,2023100910,(6.7),160,,0.9,先行,先行,34.95,464,-4,6.7,下河辺牧場,日高町,ダノンスマッシュ,オークヴィル,タニノギムレット,18,4,8,,(栗),東田明士
未勝利,202603210701030605,"2026. 3.21",中京,トウカイジーク,牡,3,今村聖奈,55◇,18,６,芝,1400,A,良,1218,0.7,,,16,16,34.2,2,54.4,*,51.70,46.8,,A03,0,,2023100555,(26.9),,,1.9,後方,後方,35.70,450,,26.9,びらとり牧場,平取町,マクフィ,トウカイセンス,ハーツクライ,18,3,5,,(栗),野中賢二
未勝利,202603210701030613,"2026. 3.21",中京,ペコリズム,牝,3,国分優作, 55 ,18,12,芝,1400,A,良,1223,1.2,,,17,16,34.6,5,53.4,*,51.70,46.8,,A03,0,,2023106339,(289.0),,,2.0,後方,後方,35.78,502,,289.0,白井牧場,日高町,タワーオブロンドン,アイリッシュペコ,"Sea The Stars",18,7,13,,(栗),森田直行
未勝利,202603210701030616,"2026. 3.21",中京,エレクトロン,牡,3,嶋田純次, 57 ,18,15,芝,1400,A,良,1227,1.6,,,13,13,35.3,14,50.7,,51.70,46.8,,A03,0,,2023106608,(325.4),,,1.7,後方,後方,35.55,440,+6,325.4,ミルファーム,浦河町,ビーチパトロール,ヨイミヤ,マツリダゴッホ,18,8,16,,(美),佐藤吉勝
未勝利,202603210701030615,"2026. 3.21",中京,ホットジュピター,牝,3,丸田恭介, 55 ,18,17,芝,1400,A,良,1230,1.9,,,18,18,35.1,11,52.4,,51.70,46.8,,A03,0,,2023101396,(370.3),,,2.2,後方,後方,35.93,406,,370.3,"Blooming Farm",日高町,スワーヴリチャード,サクソンブライド,"Macho Uno",18,7,15,,(美),千葉直人
未勝利,202603210701030511,"2026. 3.21",中京,バルドル,牡,3,杉原誠人, 57 ,18,４,芝,2000,A,良,2025,1.1,8,8,8,7,34.7,2,58.4,*,55.07,53.7,,003,89,,2023104920,(78.3),,,1.9,中団,差し,37.63,450,-4,78.3,辻牧場,浦河町,リオンリオン,アドマイヤルミナス,エピファネイア,18,6,11,,(美),池上昌和
未勝利,202603210701030413,"2026. 3.21",中京,ソニックブーム,牝,3,和田陽希,52▲,18,５,芝,2000,A,良,2008,0.7,8,8,7,6,35.4,9,53.4,*,54.93,52.5,牝,023,59,,2023102008,(158.9),,,0.7,中団,中団,36.60,452,-2,158.9,鎌田正嗣,浦河町,リアルスティール,ルソンデュレーヴ,キングカメハメハ,18,7,13,,(栗),柴田卓
未勝利,202603210701030411,"2026. 3.21",中京,ノヴァレジーナ,牝,3,柴田裕一,53△,18,７,芝,2000,A,良,2008,0.7,15,15,12,13,34.9,2,55.5,*,54.93,52.5,牝,023,0,,2023105587,(128.1),,,1.2,後方,後方,36.81,452,+6,128.1,岡野牧場,新ひだか町,アメリカンペイトリオット,ヴァーチュスター,"Symboli Kris S",18,6,11,,(栗),中尾秀正
未勝利,202603210701030306,"2026. 3.21",中京,ケンフィールド,牡,3,国分恭介, 57 ,13,10,ダ,1900,,良,2044,2.0,4,3,4,4,40.1,9,47.0,,51.07,51.0,,003,0,,2023101694,(30.1),,,0.3,先行,先行,38.91,472,+12,30.1,ケンブリッジバレー,浦河町,タリスマニック,ケンブリッジハーツ,キングヘイロー,13,5,6,,(栗),大根田裕
未勝利,202603210701030205,"2026. 3.21",中京,タマモビスケット,牝,3,柴田裕一,53△,16,４,ダ,1200,,良,1141,0.9,,,2,2,38.5,8,42.5,*,45.40,44.2,牝,023,89,,2023102448,(26.3),,,0.1,先行,先行,35.60,468,+2,26.3,岡田猛,新ひだか町,マインドユアビスケッツ,タマモサーティーン,ジョーカプチーノ,16,3,5,,(栗),中竹和也
未勝利,202603210701030102,"2026. 3.21",中京,レジェルテ,牡,3,和田陽希,54▲,13,３,ダ,1800,,良,1565,0.8,7,8,10,9,38.2,1,52.5,*,51.57,49.9,,003,150,,2023107303,(28.9),270,,1.2,後方,追込,39.15,456,-2,28.9,ノーザンファーム,安平町,シュヴァルグラン,ラリズ,Bernstein,13,2,2,,(栗),柴田卓
1勝,202603210602071213,"2026. 3.21",中山,スターチスブーケ,牝,5,菊沢一樹, 56 ,16,11,ダ,1200,,良,1133,1.4,,,10,11,37.5,12,45.5,,45.23,44.9,,A03,0,,2021110075,(174.3),,,0.8,後方,後方,35.80,506,-4,174.3,"Gerty Bloodstock",米,"Practical Joke","Sovereign Halo",Haynesfield,16,7,13,,(美),田中勝春
2勝,202603210602070904,"2026. 3.21",中山,ダノンジャイアン,牡,4,鮫島克駿, 55 ,16,１,芝,1800,A,良,1466,-0.1,1,1,1,1,34.5,10,54.5,*,55.20,54.5,,A03,1580,   35.7,2022105399,860,240,2090,0.0,逃げ,逃げ,36.05,452,-2,8.6,社台ファーム,千歳市,ブリックスアンドモルタル,ダノンジャンヌ,ディープインパクト,15,2,4,,(栗),茶木太樹
ｵｰﾌﾟﾝ,202603210602070809,"2026. 3.21",中山,ピーターサイト,牡,6,上野翔, 60 ,10,２,芝,3350,A,良,3420,0.0,1,1,1,1,13.3,,,,,,,N00,700,    6.2,2020105611,(4.8),200,1490,,逃げ,逃げ,,482,+4,4.8,ノースヒルズ,新冠町,ワンアンドオンリー,ヴィクトリアアイ,ブライアンズタイム,10,8,9,,(美),村田一誠
1勝,202603210602070607,"2026. 3.21",中山,スタートレイン,牝,3,佐々木大, 55 ,13,８,芝,1600,A,良,1351,1.7,,2,3,3,36.1,12,48.1,,53.60,50.6,,A04,0,,2023103146,(31.6),,,0.5,先行,先行,35.40,452,+4,31.6,藤沢牧場,新ひだか町,キタサンブラック,レポゼッション,"War Front",13,5,7,,(美),黒岩陽一
1勝,202603210602070608,"2026. 3.21",中山,ナリノシャーウッド,牡,3,大野拓弥, 57 ,13,13,芝,1600,A,良,1368,3.4,,4,6,9,37.4,13,45.3,,53.60,50.6,,A04,0,,2023105963,(96.9),,,0.9,後方,後方,35.64,470,-2,96.9,社台コーポレーション白老ファーム,白老町,マインドユアビスケッツ,ナリノメジャー,ダイワメジャー,13,6,8,,(美),田村康仁
未勝利,202603210602070501,"2026. 3.21",中山,ベストブラザーズ,牡,3,津村明秀, 57 ,13,４,芝,2200,A,良,2145,0.9,1,1,1,1,38.3,10,44.2,*,52.30,46.5,,A03,89,,2023101087,(9.8),,,0.0,逃げ,逃げ,36.08,498,+4,9.8,竹島幸治,日高町,キセキ,トーホウロゼリア,ハーツクライ,13,1,1,,(美),辻哲英
未勝利,202603210602070407,"2026. 3.21",中山,アルティーノ,牡,3,上里直汰,54▲,13,12,ダ,1800,,良,2008,5.3,13,11,12,12,42.3,11,42.8,,49.87,48.8,,003,0,,2023106062,(180.4),,,1.8,後方,後方,39.25,474,-2,180.4,チェスナットファーム,浦河町,アルアイン,ティノ,キンシャサノキセキ,13,5,7,,(美),伊坂重信
未勝利,202603210602070302,"2026. 3.21",中山,フェイスリフト,牡,3,原優介, 57 ,16,３,ダ,1200,,良,1125,0.4,,,9,7,37.6,1,42.8,*,40.50,38.7,,003,150,,2023106605,(11.7),290,,1.0,中団,差し,34.90,464,+4,11.7,ミルファーム,浦河町,フォーウィールドライブ,ポンポン,ブラックタイド,16,1,2,,(美),嘉藤貴行
2勝,202603150901081211,"2026. 3.15",阪神,エルサトアナ,牝,4,田山旺佑,53▲,13,７,ダ,1400,,良,1249,0.4,,,2,2,36.4,8,49.9,*,53.47,50.6,牝,023,0,,2022100933,(74.5),,,0.1,先行,先行,36.38,414,-6,74.5,三石川上牧場,新ひだか町,カリフォルニアクローム,クイーンハーツ,キングカメハメハ,13,7,11,,(栗),本田優
2勝,202603150901081201,"2026. 3.15",阪神,クリノオリーブ,牝,5,幸英明, 56 ,13,９,ダ,1400,,良,1255,1.0,,,3,5,36.8,9,49.3,*,53.47,50.6,牝,023,0,,2021102259,(15.1),,,0.3,中団,中団,36.53,470,+2,15.1,横井哲,日高町,ニューイヤーズデイ,クリノラホール,ダイワメジャー,13,1,1,,(栗),谷潔
1勝,202603150901080906,"2026. 3.15",阪神,ゴールデンパゴーダ,牝,3,鮫島克駿, 55 ,7,６,芝,2400,A,良,2271,0.6,3,3,4,4,36.2,5,52.1,*,52.90,52.7,,A04,0,    0.0,2023101116,(6.7),,,0.3,先行,先行,36.97,390,-6,6.7,ダーレー・ジャパン・ファーム,日高町,バゴ,カリビアンゴールド,ステイゴールド,7,6,6,,(美),上原佑紀
1勝,202603150901080603,"2026. 3.15",阪神,エイシンティザー,牡,3,西塚洸二, 57 ,11,４,芝,1600,A,良,1354,0.3,,,5,7,33.4,3,61.4,*,60.73,60.3,,A04,120,,2023105516,(5.1),,,0.4,中団,差し,37.20,500,+16,5.1,木田牧場,新ひだか町,モズアスコット,エイシンソルティー,Tapit,11,3,3,,(栗),吉村圭司
未勝利,202603150901080516,"2026. 3.15",阪神,エイカイコバチ,牝,3,西塚洸二, 55 ,16,９,芝,2000,A,良,2022,1.0,2,2,2,1,36.6,11,50.2,*,56.27,53.0,牝,023,0,,2023107144,(8.7),,,0.0,先行,先行,36.69,446,-2,8.7,ノーザンファーム,安平町,エピファネイア,ノーブルスコア,ディープインパクト,16,8,16,,(栗),藤原英昭
未勝利,202603150901080314,"2026. 3.15",阪神,ナムラロダン,牡,3,吉村誠之, 57 ,16,２,ダ,1200,,良,1129,0.1,,,4,5,37.1,1,46.5,*,44.43,42.1,,A03,240,,2023106223,(1.9),110,870,0.9,中団,差し,35.80,476,+2,1.9,谷川牧場,浦河町,ミッキーアイル,サンクイーン2,"Storm Cat",16,7,14,,(栗),長谷川浩
未勝利,202603150901080204,"2026. 3.15",阪神,ワンダーゾルダート,牡,3,川端海翼,54▲,14,２,ダ,1800,,良,1553,0.3,1,1,1,1,38.8,5,48.6,*,49.97,49.4,,003,240,,2023101714,(3.6),120,1290,0.0,逃げ,逃げ,38.25,434,0,3.6,高昭牧場,浦河町,ゴールドドリーム,クインズモモナ,エイシンフラッシュ,14,3,4,,(栗),羽月友彦
未勝利,202603150901080210,"2026. 3.15",阪神,サンオブザサン,牡,3,斎藤新, 57 ,14,６,ダ,1800,,良,1560,1.0,3,3,5,6,38.9,7,49.1,*,49.97,49.4,,003,0,,2023101979,(19.9),,,0.6,中団,中団,38.55,502,0,19.9,岡部雅樹,浦河町,タニノフランケル,ソレイユフルール,マツリダゴッホ,14,6,10,*,(栗),高橋一哉
1勝,202603150701021215,"2026. 3.15",中京,パリコレジェンヌ,牝,4,吉田隼人, 56 ,18,12,芝,1200,A,良,1089,1.4,,,18,18,33.6,3,55.1,*,49.70,47.9,,A03,0,,2022104501,(32.1),,,1.9,後方,後方,35.30,470,-2,32.1,前谷牧場,新ひだか町,ミスターメロディ,ビオレイメル,ワイルドラッシュ,18,7,15,,(栗),鈴木孝志
2勝,202603150701020913,"2026. 3.15",中京,ペレグリン,牝,5,松山弘平, 56 ,16,11,ダ,1200,,良,1137,1.3,,,5,6,37.0,12,49.2,,50.83,50.6,,A03,0,    0.0,2021100906,(6.9),,,0.4,中団,中団,36.70,440,+2,6.9,バンブー牧場,浦河町,バンブーエール,フラミンゴ,マルカシェンク,15,7,13,,(栗),河嶋宏樹
2勝,202603150701020901,"2026. 3.15",中京,タミゼ,牝,5,和田陽希, 56 ,16,13,ダ,1200,,良,1141,1.7,,,5,5,37.3,14,48.7,,50.83,50.6,,A03,0,    0.0,2021100650,(177.1),,,0.5,中団,中団,36.80,484,+8,177.1,笠松牧場,浦河町,リオンディーズ,フレンチトースト,フレンチデピュティ,15,1,1,,(栗),平田修
1勝,202603150701020803,"2026. 3.15",中京,デルマケセラセラ,牝,4,上里直汰,53▲,12,９,芝,2000,A,良,2017,2.1,3,3,4,4,36.6,10,49.6,,55.70,54.0,,003,0,,2022105477,(25.8),,,0.4,先行,先行,36.47,432,+6,25.8,社台ファーム,千歳市,リオンディーズ,フロレットアレー,ディープインパクト,12,3,3,,(美),小野次郎
1勝,202603150701020704,"2026. 3.15",中京,ソリッドベーシス,セ,4,野中悠太, 58 ,15,12,ダ,1800,,良,1548,1.4,1,1,1,1,38.9,12,47.6,,53.77,51.2,,A03,0,,2022105697,(367.9),,,0.0,逃げ,逃げ,37.95,480,-6,367.9,追分ファーム,安平町,ブリックスアンドモルタル,サイモンミラベル,ダイワメジャー,15,3,4,,(美),大和田成
1勝,202603150701020605,"2026. 3.15",中京,ララバッカナール,牝,5,川田将雅, 56 ,16,２,ダ,1400,,良,1241,0.2,,,2,2,36.4,2,48.3,*,48.20,47.4,牝,023,330,,2021107097,(4.4),150,1720,0.3,先行,先行,35.78,460,-8,4.4,森永聡,新冠町,ヘニーヒューズ,ゴッドダンシング,ダンスインザダーク,16,3,5,,(栗),佐藤悠太
未勝利,202603150701020310,"2026. 3.15",中京,ブライトココナッツ,牝,3,古川吉洋, 55 ,16,14,芝,1600,A,良,1368,1.9,,7,8,7,36.1,14,50.9,,55.30,53.2,牝,023,0,,2023102724,(72.3),,,0.7,中団,中団,36.42,428,,72.3,静内フアーム,新ひだか町,オルフェーヴル,エアパスカル,ウォーエンブレム,16,5,10,,(栗),橋口慎介
未勝利,202603150701020205,"2026. 3.15",中京,メイショウサッソウ,牡,3,加藤祥太, 57 ,13,７,ダ,1800,,良,1560,1.9,7,6,7,7,38.6,6,50.3,,52.73,53.4,,A03,0,,2023101953,(10.2),,,0.5,中団,中団,38.70,428,0,10.2,赤田牧場,浦河町,ダノンキングリー,メイショウヨソユキ,シニスターミニスター,13,4,5,,(栗),庄野靖志
未勝利,202603150701020104,"2026. 3.15",中京,ヒャクレツケン,牡,3,菊沢一樹, 57 ,16,10,ダ,1400,,良,1270,2.0,,,8,8,38.8,11,43.2,,45.03,45.5,,003,0,,2023106687,(83.7),,,0.6,中団,中団,36.15,462,0,83.7,大狩部牧場,新冠町,タリスマニック,ペスカネラ,ブラックタイド,16,2,4,,(美),青木孝文
1勝,202603150602060710,"2026. 3.15",中山,フェーダーローター,牝,3,津村明秀, 55 ,15,10,芝,1200,A,良,1083,1.0,,,13,13,34.1,3,50.3,*,48.27,45.6,,A04,0,,2023106484,(78.7),,,1.3,後方,後方,34.20,440,-2,78.7,ビッグレッドファーム,新冠町,ベンバトル,リープフラウミルヒ,ステイゴールド,15,6,10,,(美),天間昭一
未勝利,202603150602060306,"2026. 3.15",中山,ニンジャトットリ,牡,3,田辺裕信, 57 ,16,２,ダ,1200,,良,1130,0.2,,,2,2,38.2,5,41.1,*,41.53,41.1,,A03,240,,2023106658,(4.3),130,3520,0.1,先行,先行,34.80,466,-4,4.3,へいはた牧場,新ひだか町,ミッキーアイル,ディアデム,シンボリクリスエス,16,3,6,,(美),松永康利
未勝利,202603150602060312,"2026. 3.15",中山,ワンダーバリエンス,牝,3,柴田大知, 55 ,16,７,ダ,1200,,良,1140,1.2,,,7,7,38.7,10,41.2,,41.53,41.1,,A03,0,,2023105196,(160.8),,,0.6,中団,中団,35.30,464,-6,160.8,藤春修二,浦河町,フィレンツェファイア,ワンダープリマ,デヒア,16,6,12,,(美),畠山吉宏
未勝利,202603150602060304,"2026. 3.15",中山,ショウナンタヅナ,牡,3,大野拓弥, 57 ,16,13,ダ,1200,,良,1154,2.6,,,15,15,37.0,1,53.8,*,41.53,41.1,,A03,0,,2023100531,(51.4),,,3.7,後方,後方,38.40,476,+6,51.4,二風谷ファーム,平取町,ドレフォン,ウインフロレゾン,フジキセキ,16,2,4,,(美),武市康男
未勝利,202603150602060204,"2026. 3.15",中山,ターフクリスタル,牡,3,石橋脩, 57 ,16,12,ダ,1800,,良,1582,3.8,9,10,15,15,39.6,8,49.2,,47.33,47.4,,003,0,,2023104958,(312.7),,,3.0,後方,後方,39.30,456,-4,312.7,中島牧場,浦河町,インカンテーション,シラヤマヒメ,サクラローレル,16,2,4,,(美),矢野英一
2勝,202603140901070904,"2026. 3.14",阪神,モズトキキ,牝,5,幸英明, 56 ,15,12,芝,1200,A,良,1092,1.0,,,10,11,33.8,10,54.7,*,52.80,51.2,,A04,0,    0.0,2021102914,(18.4),,,1.1,後方,後方,35.40,552,-8,18.4,谷川牧場,浦河町,グランプリボス,モズジャカランダ,Congrats,15,3,4,,(栗),平田修
2勝,202603140901070910,"2026. 3.14",阪神,ベビーズブレス,牝,4,武豊, 56 ,15,14,芝,1200,A,良,1096,1.4,,,8,8,34.5,13,51.7,,52.80,51.2,,A04,0,    0.0,2022106351,(36.6),,,0.8,中団,中団,35.10,418,+2,36.6,隆栄牧場,新冠町,アドマイヤマーズ,レディーガリレオ,Galileo,15,6,10,,(栗),千田輝彦
1勝,202603140901070707,"2026. 3.14",阪神,ザングウィル,牡,6,岩田望来, 58 ,16,２,ダ,1400,,良,1244,0.5,,,2,2,36.7,6,47.5,*,48.07,48.3,,A03,330,,2020110051,(35.4),670,7190,0.1,先行,先行,35.78,510,+8,35.4,"J. Lenihan",愛,"Dandy Man",Zaaqya,Nayef,16,4,7,,(栗),佐藤悠太
1勝,202603140901070709,"2026. 3.14",阪神,バルミラクル,牡,4,鮫島良太, 58 ,16,８,ダ,1400,,良,1254,1.5,,,3,3,37.5,15,45.8,,48.07,48.3,,A03,0,,2022106177,(59.2),,,0.3,先行,先行,35.93,458,+2,59.2,川島牧場,新冠町,マクフィ,ミラクルクロス,フジキセキ,16,5,9,,(栗),河嶋宏樹
1勝,202603140901070701,"2026. 3.14",阪神,フェニーチェドーロ,牝,4,荻野琢真, 56 ,16,12,ダ,1400,,良,1255,1.6,,,3,6,37.4,14,46.5,,48.07,48.3,,A03,0,,2022101408,(338.3),,,0.5,中団,中団,36.08,456,0,338.3,下河辺牧場,日高町,ナダル,ゴッドフェニックス,ブライアンズタイム,16,1,1,,(栗),宮本博
未勝利,202603140901070502,"2026. 3.14",阪神,ハッピーリオン,牝,3,太宰啓介, 55 ,18,10,芝,1800,A,良,1468,1.0,,,2,2,35.9,10,48.7,*,53.37,48.2,,A03,0,,2023101899,(332.0),,,0.8,先行,先行,35.45,460,,332.0,吉田ファーム,浦河町,リオンリオン,ラファイエ,"Elusive Quality",17,1,2,,(栗),武英智
未勝利,202603140901070518,"2026. 3.14",阪神,ショウナンライラ,牡,3,田口貫太, 57 ,18,13,芝,1800,A,良,1480,2.2,,,7,7,36.7,15,47.1,,53.37,48.2,,A03,0,,2023100277,(300.6),,,1.2,中団,中団,35.65,468,-2,300.6,ヒサイファーム,新ひだか町,サートゥルナーリア,ブルーイリュージョン,Dubawi,17,8,18,,(栗),松下武士
未勝利,202603140901070416,"2026. 3.14",阪神,アイルトン,牡,3,坂井瑠星, 57 ,18,10,芝,1400,A,良,1220,1.0,,,3,3,35.5,16,48.2,*,50.53,49.6,,A03,0,,2023102920,(6.5),,,0.3,先行,先行,34.88,506,+4,6.5,千代田牧場,新ひだか町,ダノンスマッシュ,ダノングラシアス,マンハッタンカフェ,18,8,16,,(栗),橋田宜長
未勝利,202603140901070304,"2026. 3.14",阪神,ジューンマーチ,牡,3,国分優作, 57 ,13,５,ダ,1800,,良,1552,1.0,4,3,3,3,39.0,6,47.7,*,49.17,48.7,,003,59,,2023101848,(272.7),,,0.4,先行,先行,38.10,446,-2,272.7,ヒダカフアーム,浦河町,ミッキーアイル,ヒイナヅキ,トビーズコーナー,13,4,4,,(栗),松下武士
未勝利,202603140901070206,"2026. 3.14",阪神,ロードステラート,牡,3,坂井瑠星, 57 ,16,７,ダ,1400,,良,1260,0.5,,,5,4,38.1,6,44.3,*,44.10,42.9,,003,0,,2023105838,(5.3),,,0.6,先行,先行,35.93,500,+6,5.3,ケイアイファーム,新ひだか町,キタサンブラック,ブリュネット,ダイワメジャー,16,3,6,,(栗),武英智
未勝利,202603140901070204,"2026. 3.14",阪神,アンタレス,牡,3,酒井学, 57 ,16,12,ダ,1400,,良,1277,2.2,,,16,16,37.4,1,50.9,*,44.10,42.9,,003,0,,2023100017,(200.7),,,3.0,後方,後方,37.73,504,+6,200.7,猪野毛牧場,新ひだか町,キズナ,マサノバルサー,エンパイアメーカー,16,2,4,,(栗),藤野健太
未勝利,202603140901070104,"2026. 3.14",阪神,マルベック,牝,3,団野大成, 55 ,13,３,ダ,1800,,良,1570,0.7,5,5,5,5,39.2,3,49.2,*,48.90,48.3,牝,023,150,,2023105155,(1.6),110,,0.7,中団,差し,38.90,492,-4,1.6,大北牧場,浦河町,ホッコータルマエ,ダイワバーガンディ,ブライアンズタイム,13,4,4,,(栗),坂口智康
2勝,202603140701011001,"2026. 3.14",中京,シンゼンカガ,牡,4,吉田隼人, 58 ,10,１,芝,2000,A,良,1589,-0.2,9,8,9,9,34.6,1,54.4,*,53.87,51.5,,A04,1580,   21.7,2022105345,530,190,1490,0.7,後方,追込,36.13,456,+2,5.3,社台ファーム,千歳市,トーセンラー,シアン,"Smart Strike",10,1,1,,(栗),荒川義之
2勝,202603140701011003,"2026. 3.14",中京,バンフィエルド,牡,7,田山旺佑, 58 ,10,７,芝,2000,A,良,1595,0.6,6,5,5,3,35.6,6,51.0,*,53.87,51.5,,A04,0,    0.0,2019104531,(67.2),,,0.3,先行,先行,35.96,436,+10,67.2,社台コーポレーション白老ファーム,白老町,オルフェーヴル,エヴィータアルゼンティーナ,"Candy Ride",10,3,3,,(栗),緒方努
1勝,202603140701010707,"2026. 3.14",中京,フェルシナ,牝,4,高杉吏麒, 56 ,16,11,芝,1600,A,良,1345,1.0,,10,11,9,34.8,8,52.9,*,55.50,52.6,,003,0,,2022105831,(7.4),,,0.7,中団,中団,35.82,462,+6,7.4,社台コーポレーション白老ファーム,白老町,ルーラーシップ,ヒルダ,ダイワメジャー,16,4,7,*,(栗),西園翔太
1勝,202603140701010601,"2026. 3.14",中京,ケイアイアマゾン,牡,3,中井裕二, 57 ,16,７,ダ,1800,,良,1545,1.8,7,8,8,7,38.6,7,48.3,,51.17,50.3,,A04,0,,2023105762,(97.4),,,0.7,中団,中団,37.95,480,+6,97.4,新冠橋本牧場,新冠町,マインドユアビスケッツ,クインズヌーサ,ゴールドアリュール,16,1,1,,(栗),秋山真一
未勝利,202603140701010408,"2026. 3.14",中京,エアヴァイブス,牝,3,高杉吏麒, 55 ,16,４,芝,1600,A,良,1346,0.4,,4,3,3,34.6,10,54.0,*,55.33,53.8,,002,89,,2023106910,(3.0),,,0.3,先行,先行,36.00,426,-2,3.0,ノーザンファーム,安平町,コントレイル,エアジーン,ハービンジャー,16,4,8,,(栗),福永祐一
未勝利,202603140701010413,"2026. 3.14",中京,クライナリーゼ,牡,3,秋山稔樹, 57 ,16,12,芝,1600,A,良,1358,1.6,,13,14,14,34.4,8,57.1,,55.33,53.8,,002,0,,2023104192,(221.4),,,1.7,後方,後方,36.84,376,0,221.4,田端牧場,新冠町,カレンブラックヒル,ウェルアウェイ,Monsun,16,7,13,*,(栗),高橋康之
未勝利,202603140701010215,"2026. 3.14",中京,クルビデンス,牡,3,舟山瑠泉,54▲,16,６,ダ,1200,,良,1141,0.9,,,2,2,38.4,11,43.0,*,45.80,45.2,,003,0,,2023104001,(32.6),,,0.0,先行,先行,35.70,464,+12,32.6,大林ファーム,新冠町,アメリカンペイトリオット,シャインレジーナ,アグネスタキオン,16,8,15,,(美),菊川正達
未勝利,202603140701010208,"2026. 3.14",中京,ダイユウヴェンティ,牝,3,今村聖奈,53◇,16,12,ダ,1200,,良,1158,2.6,,,14,14,38.3,9,47.9,,45.80,45.2,,003,0,,2023105102,(31.1),,,1.8,後方,後方,37.50,426,-4,31.1,上山牧場,浦河町,サートゥルナーリア,クールアンフルール,サクラバクシンオー,16,4,8,,(美),松永康利
未勝利,202603140701010109,"2026. 3.14",中京,チョウスター,牝,3,古川奈穂,53◇,10,７,ダ,1800,,良,1581,3.1,4,3,5,4,41.3,7,43.0,,48.83,48.6,牝,023,0,,2023104226,(51.1),,,0.5,先行,先行,38.40,468,0,51.1,対馬正,新冠町,エスポワールシチー,アラモアナワヒネ,グラスワンダー,10,8,9,,(栗),羽月友彦
1勝,202603140602050701,"2026. 3.14",中山,ダノンピクチャー,牡,4,戸崎圭太, 57 ,10,１,芝,2500,A,良,2338,-0.1,3,3,4,2,34.8,2,58.0,*,58.27,56.4,,A03,820,,2022104980,400,130,360,0.4,先行,先行,37.58,482,-4,4.0,ノーザンファーム,安平町,ドゥラメンテ,ファイナルスコア,"Dylan Thomas",10,1,1,,(美),田中博康
1勝,202603140602050704,"2026. 3.14",中山,キングズトゥルー,牡,4,佐々木大, 57 ,10,５,芝,2500,A,良,2342,0.4,5,5,1,1,35.6,6,55.2,*,58.27,56.4,,A03,82,,2022103510,(5.6),,,0.0,先行,先行,37.45,456,+2,5.6,岡田スタツド,新ひだか町,ウインブライト,クイーンズトゥルー,キングカメハメハ,10,4,4,,(美),大竹正博
1勝,202603140602050607,"2026. 3.14",中山,ハイライトニング,牡,3,三浦皇成, 57 ,16,10,ダ,1800,,良,1548,1.4,13,13,11,11,40.0,5,43.5,*,43.93,42.5,,004,0,,2023105381,(109.4),,,1.2,後方,後方,37.40,476,-2,109.4,千代田牧場,新ひだか町,リアルスティール,マニクール,ヘニーヒューズ,16,4,7,,(美),嘉藤貴行
未勝利,202603140602050504,"2026. 3.14",中山,ヤマニンアレシス,牡,3,大野拓弥, 57 ,16,２,芝,1600,A,良,1341,0.1,,2,4,4,34.9,4,51.8,*,51.80,49.8,,A03,240,,2023104357,(3.3),330,2830,0.5,先行,先行,35.52,458,-2,3.3,錦岡牧場,新冠町,イスラボニータ,ヤマニンアストレア,キングカメハメハ,16,2,4,*,(美),堀内岳志
未勝利,202603140602050515,"2026. 3.14",中山,スタンダールロマン,牝,3,松岡正海, 55 ,16,13,芝,1600,A,良,1358,1.8,,1,2,2,37.0,15,45.4,,51.80,49.8,,A03,0,,2023105725,(46.1),,,0.1,逃げ,逃げ,35.28,430,+2,46.1,木村牧場,日高町,キタサンブラック,レッドムーヴ,"Rock of Gibraltar",16,8,15,*,(美),堀内岳志
未勝利,202603140602050406,"2026. 3.14",中山,パワポケグッド,牡,3,小林凌大, 57 ,16,12,ダ,1800,,良,1580,4.3,4,4,5,5,42.3,12,39.5,,46.13,46.5,,003,0,,2023106198,(294.0),,,0.8,中団,中団,37.85,430,0,294.0,HARUNOファーム,浦河町,インカンテーション,パワポケエリ,ローエングリン,16,3,6,,(美),大和田成
未勝利,202603140602050216,"2026. 3.14",中山,レイズレガシー,牡,3,横山武史, 57 ,16,６,ダ,1800,,良,1569,1.5,2,2,2,2,40.7,10,43.6,,47.93,46.4,,003,0,,2023102978,(16.7),,,0.2,先行,先行,38.10,502,+2,16.7,飛野牧場,新ひだか町,ロジャーバローズ,スマートグレイス,ヤマニンセラフィム,16,8,16,,(美),高柳瑞樹
未勝利,202603140602050114,"2026. 3.14",中山,モーニンムスメ,牝,3,遠藤汰月,52▲,15,15,ダ,1800,,良,2041,7.5,12,11,15,15,45.1,15,37.6,,47.20,46.9,牝,023,0,,2023104693,(553.5),,,2.1,後方,後方,39.50,484,-8,553.5,メイタイファーム,新冠町,モーニン,スターライトジャズ,ハービンジャー,15,8,14,,(美),加藤和宏
1勝,202603080901060905,"2026. 3. 8",阪神,キーンセンス,牡,3,西村淳也, 57 ,6,６,芝,1800,A,良,1461,0.9,,,2,2,35.5,4,49.4,*,51.40,46.9,,A04,0,    0.0,2023110036,(51.8),,,1.2,先行,先行,35.30,516,-6,51.8,"Stonehaven Steadings",米,Munnings,Canny,"Big Brown",6,5,5,,(栗),松永幹夫
未勝利,202603080901060402,"2026. 3. 8",阪神,アニマレイ,牡,3,浜中俊, 57 ,16,２,ダ,1400,,良,1267,0.9,,,3,3,38.1,5,45.7,*,47.90,46.6,,A03,240,,2023105279,(3.6),110,590,0.3,先行,先行,36.45,472,+4,3.6,ノーザンファーム,安平町,ニューイヤーズデイ,ガルデルスリール,ダイワメジャー,16,1,2,,(栗),須貝尚介
未勝利,202603080901060310,"2026. 3. 8",阪神,タイセイサーブル,牡,3,鮫島克駿, 57 ,14,３,ダ,1800,,良,1560,0.1,2,2,2,2,38.2,3,51.8,*,52.00,51.7,,A03,150,,2023104674,(28.9),320,,0.1,先行,先行,38.90,474,+2,28.9,村田牧場,新冠町,エスポワールシチー,ジョワユーズ,エンパイアメーカー,14,6,10,,(栗),高野友和
未勝利,202603080901060104,"2026. 3. 8",阪神,アーサーバローズ,牡,3,岩田望来, 57 ,12,３,ダ,1800,,良,1564,0.1,4,3,3,4,38.0,2,53.2,*,53.70,52.6,,003,150,,2023105468,(3.6),110,,0.2,先行,先行,39.20,494,-6,3.6,静内フジカワ牧場,新ひだか町,キセキ,シーカーマ,"Exchange Rate",12,4,4,,(栗),寺島良
2勝,202603080602041212,"2026. 3. 8",中山,メイショウミリオレ,牝,5,高杉吏麒, 56 ,16,５,芝,1200,A,良,1088,0.1,,,16,16,33.5,1,55.4,*,49.43,46.8,,A03,119,,2021103278,(98.3),,,1.5,後方,後方,35.30,488,-8,98.3,三嶋牧場,浦河町,ルーラーシップ,メイショウメイゲツ,ディープインパクト,16,6,12,,(栗),藤岡健一
2勝,202603080602041210,"2026. 3. 8",中山,スムースベルベット,牝,6,嶋田純次, 56 ,16,８,芝,1200,A,良,1089,0.2,,,3,3,34.9,14,47.4,*,49.43,46.8,,A03,0,,2020106987,(18.2),,,0.2,先行,先行,34.00,502,-2,18.2,ミルファーム,浦河町,ディスクリートキャット,ローブドヴルール,サウスヴィグラス,16,5,10,,(美),手塚貴徳
2勝,202603080602040811,"2026. 3. 8",中山,トルショー,牡,4,黛弘人, 58 ,13,８,ダ,1800,,稍,1550,1.3,3,3,3,3,40.7,9,41.3,,44.77,43.2,,004,0,,2022103766,(162.7),,,0.3,先行,先行,37.15,462,+2,162.7,グランド牧場,新ひだか町,シニスターミニスター,ハヤブサエミネンス,"Medaglia d'Oro",13,7,11,,(美),伊藤圭三
1勝,202603080602040708,"2026. 3. 8",中山,ベレーバスク,牝,3,丹内祐次, 55 ,11,５,芝,1600,A,良,1342,0.7,,4,4,4,35.3,7,50.1,*,50.60,50.7,,A04,82,,2023106477,(27.6),,,0.3,先行,先行,35.34,454,0,27.6,ビッグレッドファーム,新冠町,ベンバトル,マイネサヴァラン,マンハッタンカフェ,11,7,8,,(美),清水英克
未勝利,202603080602040502,"2026. 3. 8",中山,ランウェイミューズ,牝,3,戸崎圭太, 55 ,16,３,芝,1800,A,良,1479,0.9,4,4,3,3,36.5,6,47.8,*,49.87,48.2,,A03,150,,2023107304,(11.8),370,,0.5,先行,先行,35.70,394,+2,11.8,ノーザンファーム,安平町,シルバーステート,ランウェイデビュー,ストロングリターン,16,1,2,,(美),竹内正洋
未勝利,202603080602040510,"2026. 3. 8",中山,コールリッジ,牡,3,津村明秀, 57 ,16,６,芝,1800,A,良,1486,1.6,13,13,13,12,35.7,2,52.1,*,49.87,48.2,,A03,0,,2023106338,(239.7),,,2.0,後方,後方,36.45,444,,239.7,酒井牧場,浦河町,アルバート,モーニングフェイス,スペシャルウィーク,16,5,10,,(美),林徹
未勝利,202603080602040401,"2026. 3. 8",中山,シャンデルナゴル,牡,6,中村将之, 60 ,14,２,ダ,2880,,良,3189,0.1,7,7,7,7,13.8,,,,,,,A00,340,,2020103193,(2.3),110,370,,中団,差し,,498,+2,2.3,ノーザンファーム,安平町,サトノダイヤモンド,アガルタ,キングカメハメハ,14,1,1,,(栗),石坂公一
未勝利,202603080602040212,"2026. 3. 8",中山,ツクバヴァンガード,牡,3,横山武史, 57 ,16,２,ダ,1200,,稍,1123,0.1,,,2,2,37.9,3,40.8,*,41.37,41.0,,A03,240,,2023101037,(2.4),110,610,0.0,先行,先行,34.40,478,-2,2.4,シンボリ牧場,日高町,リーチザクラウン,キャプテンガール,キャプテンスティーヴ,16,6,12,,(美),奥平雅士
1勝,202603070901050611,"2026. 3. 7",阪神,モンサンゴールデン,牡,3,池添謙一, 57 ,12,４,ダ,1200,,稍,1123,0.6,,,8,7,37.1,2,44.9,*,42.67,42.7,,A03,120,,2023104044,(7.9),,,0.7,中団,差し,35.20,474,+4,7.9,川島牧場,新冠町,シルバーステート,ウインアンジェラス,Bertolini,12,8,11,,(栗),中竹和也
未勝利,202603070901050505,"2026. 3. 7",阪神,ハピネスサンライズ,牝,3,鮫島克駿, 55 ,18,５,芝,1600,A,良,1350,0.7,,,4,5,34.7,6,54.3,*,55.03,54.5,,A03,59,,2023100910,(6.7),,,0.4,中団,中団,36.18,468,-2,6.7,下河辺牧場,日高町,ダノンスマッシュ,オークヴィル,タニノギムレット,18,3,5,,(栗),東田明士
未勝利,202603070901050502,"2026. 3. 7",阪神,スマートティアナ,牝,3,浜中俊, 55 ,18,６,芝,1600,A,良,1351,0.8,,,8,8,34.5,4,55.4,*,55.03,54.5,,A03,0,,2023102225,(4.4),,,0.7,中団,中団,36.36,408,-4,4.4,三嶋牧場,浦河町,シルバーステート,スマートオーシャン,"Mr. Greeley",18,1,2,,(栗),石橋守
未勝利,202603070901050311,"2026. 3. 7",阪神,ポップアップ,セ,3,高杉吏麒, 57 ,13,２,ダ,2000,,稍,2091,0.8,8,9,10,9,38.2,1,52.0,*,51.03,50.0,,003,240,,2023105444,(96.4),3730,11420,1.1,後方,追込,38.96,484,-4,96.4,白井牧場,日高町,ロジャーバローズ,ネガイ,ルーラーシップ,13,7,11,,(栗),寺島良
未勝利,202603070901050105,"2026. 3. 7",阪神,コイバナ,牝,3,幸英明, 55 ,14,７,ダ,1800,,稍,1579,1.2,9,9,8,7,39.0,7,51.2,,51.83,51.2,牝,023,0,,2023102700,(13.4),,,0.8,中団,中団,39.45,454,0,13.4,サンデーヒルズ,新ひだか町,モズアスコット,タイムピース,ルーラーシップ,14,4,5,,(栗),渡辺薫彦
2勝,202603070602030906,"2026. 3. 7",中山,オールマイデイズ,牡,6,津村明秀, 56 ,13,５,芝,2500,A,稍,2347,0.8,6,7,7,6,37.7,5,48.0,*,48.30,48.0,,A03,158,    0.0,2020103718,(9.5),,,0.6,中団,中団,36.95,498,-6,9.5,ノーザンファーム,安平町,リアルスティール,ロザリンド,シンボリクリスエス,13,5,6,,(美),矢嶋大樹
1勝,202603070602030802,"2026. 3. 7",中山,プルメリアクヒオ,牡,5,長浜鴻緒,56△,14,10,ダ,1800,,重,1566,2.9,4,4,11,11,39.3,6,48.3,,49.80,50.4,,003,0,,2021103208,(49.1),,,1.4,後方,後方,38.65,470,-4,49.1,まるとみ冨岡牧場,浦河町,ホッコータルマエ,プルメリアミコ,ケイムホーム,14,2,2,*,(美),深山雅史
ｵｰﾌﾟﾝ,202603070602030404,"2026. 3. 7",中山,プラチナドリーム,牡,7,石神深一, 61 ,14,１,ダ,3200,,重,3412,-0.4,7,7,4,4,13.8,,,,,,,A00,1430,,2019106330,1260,320,28800,,先行,先行,,490,+6,12.6,千代田牧場,新ひだか町,ホッコータルマエ,サティーヌアロム,シンボリクリスエス,14,3,4,,(美),菊川正達
ｵｰﾌﾟﾝ,202603070602030413,"2026. 3. 7",中山,アメリカンピース,セ,8,黒岩悠, 60 ,14,11,ダ,3200,,重,3471,5.9,11,10,9,10,14.2,,,,,,,A00,0,,2018110131,(101.8),,,,中団,中団,,452,+2,101.8,"Don Alberto Corporation",米,Tapit,"La Cloche",Ghostzapper,14,8,13,,(栗),東田明士
未勝利,202603070602030304,"2026. 3. 7",中山,フェイスリフト,牡,3,原優介, 57 ,16,４,ダ,1200,,重,1119,0.9,,,3,3,37.3,3,42.8,*,43.70,43.5,,003,89,,2023106605,(11.8),,,0.3,先行,先行,34.60,460,-4,11.8,ミルファーム,浦河町,フォーウィールドライブ,ポンポン,ブラックタイド,16,2,4,*,(美),嘉藤貴行
未勝利,202603070602030203,"2026. 3. 7",中山,グランドスウェル,牡,3,杉原誠人, 57 ,15,７,ダ,1800,,重,1566,1.7,13,13,13,10,40.3,3,44.7,*,43.57,44.0,,003,0,,2023102833,(37.9),,,1.3,中団,中団,38.15,514,-2,37.9,高橋陵,新ひだか町,サトノダイヤモンド,ホットスウェル,"Fusaichi Pegasus",14,2,3,,(美),畠山吉宏
1勝,202603011001121203,"2026. 3. 1",小倉,セボンサデッセ,牡,4,菱田裕二, 57 ,16,１,ダ,1700,,稍,1445,-0.2,1,1,1,1,37.4,4,47.9,*,49.30,47.9,,A03,820,,2022104903,240,130,370,0.0,逃げ,逃げ,36.60,486,-14,2.4,ノーザンファーム,安平町,ルヴァンスレーヴ,チャームクォーク,クロフネ,16,2,3,,(栗),橋口慎介
1勝,202603011001121214,"2026. 3. 1",小倉,ブレイジングスター,牡,4,和田陽希,54▲,16,４,ダ,1700,,稍,1456,1.1,5,5,5,6,37.9,6,47.4,*,49.30,47.9,,A03,120,,2022103644,(22.6),,,0.6,中団,差し,36.93,490,0,22.6,岡野牧場,新ひだか町,モーニン,ヴァーチュスター,"Symboli Kris S",16,7,14,,(栗),高橋康之
2勝,202603011001121018,"2026. 3. 1",小倉,ヒーローインチーフ,セ,5,丹内祐次, 58 ,18,13,芝,1200,B,良,1093,0.9,,,17,17,34.2,4,52.6,*,49.37,41.6,,A03,0,    0.0,2021106661,(4.4),,,2.4,後方,後方,35.10,446,-2,4.4,ハクツ牧場,新冠町,ディスクリートキャット,カクテルラウンジ,タニノギムレット,18,8,18,,(栗),吉田直弘
1勝,202603011001120907,"2026. 3. 1",小倉,メイショウビストロ,牡,4,菱田裕二, 57 ,18,９,芝,2000,B,良,2032,0.4,3,3,7,5,35.7,9,55.0,*,56.93,53.7,,003,0,    0.0,2022103251,(29.2),,,0.6,中団,中団,37.50,442,-2,29.2,三嶋牧場,浦河町,カリフォルニアクローム,メイショウオワラ,ディープブリランテ,18,4,7,,(栗),岡田稲男
1勝,202603011001120908,"2026. 3. 1",小倉,シャインバオバブ,牡,4,太宰啓介, 57 ,18,12,芝,2000,B,良,2033,0.5,10,9,10,13,35.5,6,56.0,*,56.93,53.7,,003,0,    0.0,2022106180,(26.4),,,0.9,後方,後方,37.63,508,-4,26.4,川島牧場,新冠町,シルバーステート,レユシット,ルーラーシップ,18,4,8,,(栗),本田優
1勝,202603011001120914,"2026. 3. 1",小倉,シャインフリーリー,牡,4,松若風馬, 57 ,18,13,芝,2000,B,良,2034,0.6,10,9,3,5,36.1,14,53.6,*,56.93,53.7,,003,0,    0.0,2022101495,(56.5),,,0.4,中団,中団,37.41,472,-4,56.5,白井牧場,日高町,ウインブライト,フィールフリーリー,アグネスタキオン,18,7,14,,(美),矢嶋大樹
1勝,202603011001120805,"2026. 3. 1",小倉,ノーブルアクト,牝,6,水沼元輝,53▲,15,６,ダ,1700,,稍,1469,0.6,4,4,4,5,39.3,8,43.8,*,45.70,44.1,牝,023,0,,2020104744,(6.5),,,0.3,中団,中団,36.87,520,+4,6.5,フジワラフアーム,新ひだか町,マクフィ,クイーンロイド,ゼンノロブロイ,15,3,5,,(美),上原博之
1勝,202603011001120812,"2026. 3. 1",小倉,ココボロ,牝,5,土田真翔,53▲,15,11,ダ,1700,,稍,1475,1.2,8,9,8,8,39.7,11,43.2,,45.70,44.1,牝,023,0,,2021106419,(427.7),,,0.5,中団,中団,36.98,518,0,427.7,対馬正,新冠町,ビッグアーサー,シルクヴァルキリー,マーベラスサンデー,15,7,12,,(美),松山将樹
1勝,202603011001120708,"2026. 3. 1",小倉,レインオンミー,牡,4,今村聖奈,56◇,18,13,芝,1200,B,良,1100,1.6,,,13,13,36.1,9,43.9,,47.07,41.1,,003,0,,2022104117,(45.1),,,1.3,後方,後方,33.90,482,0,45.1,千代田牧場,新ひだか町,リアルスティール,アルマリンピア,タイキシャトル,18,4,8,,(栗),福永祐一
未勝利,202603011001120615,"2026. 3. 1",小倉,ソニックブーム,牝,3,和田陽希,52▲,16,５,芝,1800,B,良,1504,0.6,9,10,14,13,36.9,3,49.6,*,48.57,46.0,,003,59,,2023102008,(33.4),,,1.3,後方,後方,36.75,454,-4,33.4,鎌田正嗣,浦河町,リアルスティール,ルソンデュレーヴ,キングカメハメハ,16,8,15,,(栗),杉山晴紀
未勝利,202603011001120504,"2026. 3. 1",小倉,ミスターマーボー,牡,3,菊沢一樹, 57 ,18,２,芝,1200,B,良,1095,0.1,,,4,4,35.7,7,44.7,*,45.73,43.3,,A03,240,,2023100831,(3.5),170,3310,0.3,先行,先行,33.80,452,0,3.5,グッドラック・ファーム,日高町,シュヴァルグラン,ハタノサンドリヨン,ヨハネスブルグ,18,2,4,,(美),青木孝文
未勝利,202603011001120517,"2026. 3. 1",小倉,ロングジーニアス,牝,3,松若風馬, 55 ,18,10,芝,1200,B,良,1099,0.5,,,16,15,34.8,2,50.9,*,45.73,43.3,,A03,0,,2023103159,(93.9),,,1.6,後方,後方,35.10,402,-6,93.9,フジワラフアーム,新ひだか町,ベンバトル,ジニアスミノル,ディープインパクト,18,8,17,,(栗),高橋亮
未勝利,202603011001120511,"2026. 3. 1",小倉,ペプチドブッドレア,牝,3,丹内祐次, 55 ,18,15,芝,1200,B,良,1105,1.1,,,8,7,36.5,14,43.2,,45.73,43.3,,A03,0,,2023105720,(7.1),,,0.5,中団,中団,34.00,470,-12,7.1,木村牧場,日高町,イスラボニータ,ペプチドセマム,エンパイアメーカー,18,6,11,,(栗),吉村圭司
未勝利,202603011001120309,"2026. 3. 1",小倉,リーガルスプレンダ,牝,3,加藤祥太, 55 ,14,９,ダ,1000,,稍,1000,2.2,,,5,6,37.1,10,42.6,,44.80,44.9,,003,0,,2023103685,(61.4),,,0.5,中団,中団,34.35,470,+7,61.4,追分ファーム,安平町,サトノアラジン,クイーンカトリーン,Acclamation,14,6,9,,(栗),庄野靖志
未勝利,202603011001120205,"2026. 3. 1",小倉,ナムラオリガミ,牝,3,小崎綾也, 55 ,16,３,芝,2000,B,良,2039,0.4,4,4,7,5,36.2,2,53.8,*,53.03,52.2,牝,023,150,,2023106236,(158.2),760,,0.7,中団,差し,37.59,442,-4,158.2,滝本健二,日高町,アルアイン,ナムラチヨガミ,ヨハネスブルグ,16,3,5,,(栗),高橋一哉
未勝利,202603011001120211,"2026. 3. 1",小倉,ノヴァレジーナ,牝,3,柴田裕一,53△,16,５,芝,2000,B,良,2041,0.6,6,6,4,5,36.8,10,51.7,*,53.03,52.2,牝,023,59,,2023105587,(49.9),,,0.3,中団,中団,37.41,446,0,49.9,岡野牧場,新ひだか町,アメリカンペイトリオット,ヴァーチュスター,"Symboli Kris S",16,6,11,,(栗),中尾秀正
未勝利,202603011001120114,"2026. 3. 1",小倉,ロードアマルフィ,牡,3,丹内祐次, 57 ,16,３,ダ,1700,,稍,1466,0.5,8,8,2,2,39.2,7,43.8,*,44.60,44.2,,A03,150,,2023105786,(1.9),110,,0.2,先行,先行,36.76,512,-10,1.9,ケイアイファーム,新ひだか町,ルヴァンスレーヴ,アルセナーレ,クロフネ,15,7,14,,(栗),中村直也
未勝利,202603011001120113,"2026. 3. 1",小倉,マーチンゲール,牡,3,舟山瑠泉,54▲,16,６,ダ,1700,,稍,1469,0.8,4,6,5,7,39.2,7,44.2,*,44.60,44.2,,A03,0,,2023102580,(2.5),,,0.5,中団,中団,36.93,468,-2,2.5,グランド牧場,新ひだか町,シニスターミニスター,ジェセニア,サウスヴィグラス,15,7,13,,(栗),斉藤崇史
未勝利,202603011001120109,"2026. 3. 1",小倉,ケンフィールド,牡,3,和田陽希,54▲,16,８,ダ,1700,,稍,1470,0.9,13,13,13,13,38.4,1,47.4,*,44.60,44.2,,A03,0,,2023101694,(374.2),,,1.4,後方,後方,37.42,460,-10,374.2,ケンブリッジバレー,浦河町,タリスマニック,ケンブリッジハーツ,キングヘイロー,15,5,9,,(栗),大根田裕
未勝利,202603011001120107,"2026. 3. 1",小倉,メイショウサッソウ,牡,3,加藤祥太, 57 ,16,外,ダ,1700,,稍,----,----,,,,,,0,,,44.60,44.2,,A03,0,,2023101953,,,,,,,,420,-8,,赤田牧場,浦河町,ダノンキングリー,メイショウヨソユキ,シニスターミニスター,15,4,7,,(栗),庄野靖志
2勝,202603010901041211,"2026. 3. 1",阪神,クリノオリーブ,牝,5,飛田愛斗, 56 ,16,９,ダ,1200,,良,1123,0.6,,,2,2,37.6,13,42.3,*,49.23,43.3,,A03,0,,2021102259,(32.6),,,0.1,先行,先行,34.70,468,-4,32.6,横井哲,日高町,ニューイヤーズデイ,クリノラホール,ダイワメジャー,16,6,11,,(栗),谷潔
Ｇ２,202603010901041103,"2026. 3. 1",阪神,アンディムジーク,牝,3,団野大成, 55 ,15,８,芝,1600,A,良,1347,0.4,,,8,8,33.5,6,59.6,*,60.47,58.4,牝,N21,0,    0.0,2023103797,(264.4),,,0.5,中団,中団,36.72,448,+6,264.4,社台コーポレーション白老ファーム,白老町,アドマイヤマーズ,ターフェルムジーク,ノヴェリスト,15,2,3,,(栗),渡辺薫彦
3勝,202603010901041007,"2026. 3. 1",阪神,ノーブルスカイ,牡,5,武豊, 58 ,14,12,ダ,1800,,良,1542,1.5,10,10,9,9,37.6,12,51.9,,54.67,53.1,,A04,0,    0.0,2021102256,(10.4),,,0.7,中団,中団,38.30,486,-4,10.4,エトルタファーム,日高町,ネオユニヴァース,ホウショウワールド,"Sky Classic",14,5,7,,(栗),高柳大輔
2勝,202603010901040908,"2026. 3. 1",阪神,ファーングロット,牡,4,北村友一, 57 ,9,２,芝,2200,A,良,2123,0.2,2,2,2,2,34.1,3,58.0,*,59.30,57.8,,A04,630,    6.6,2022105280,(4.0),110,300,0.2,先行,先行,36.83,498,+2,4.0,社台ファーム,千歳市,キズナ,カウアイレーン,キングカメハメハ,9,8,8,,(栗),上村洋行
2勝,202603010901040907,"2026. 3. 1",阪神,セイウンパシュート,牡,6,池添謙一, 58 ,9,９,芝,2200,A,良,2137,1.6,4,3,7,7,35.0,8,55.8,,59.30,57.8,,A04,0,    0.0,2020100233,(194.5),,,0.7,後方,後方,37.01,462,-10,194.5,田上徹,新ひだか町,ハーツクライ,シーソルティキッス,キングカメハメハ,9,7,7,,(美),上原博之
1勝,202603010901040711,"2026. 3. 1",阪神,ペレグリン,牝,5,高杉吏麒, 56 ,16,１,ダ,1200,,良,1123,-0.9,,,2,2,36.0,1,50.8,*,50.73,49.2,牝,023,820,,2021100906,380,150,740,0.3,先行,先行,36.30,438,+4,3.8,バンブー牧場,浦河町,バンブーエール,フラミンゴ,マルカシェンク,15,6,11,,(栗),河嶋宏樹
1勝,202603010901040703,"2026. 3. 1",阪神,ミルミナーヴァ,牝,5,坂井瑠星, 56 ,16,９,ダ,1200,,良,1139,1.6,,,10,10,36.7,7,51.4,,50.73,49.2,牝,023,0,,2021106332,(2.6),,,1.2,中団,中団,37.20,490,+4,2.6,高瀬牧場,新冠町,ヘニーヒューズ,ランミネルバ,アグネスタキオン,15,2,3,*,(栗),西園正都
1勝,202603010901040607,"2026. 3. 1",阪神,アルティーノ,牡,3,森田誠也,54▲,8,５,芝,2000,A,良,2040,3.9,6,6,6,6,37.9,6,47.4,,51.97,52.1,,A04,82,,2023106062,(128.8),,,1.5,中団,中団,36.90,476,+4,128.8,チェスナットファーム,浦河町,アルアイン,ティノ,キンシャサノキセキ,8,7,7,,(美),伊坂重信
未勝利,202603010901040507,"2026. 3. 1",阪神,エイカイコバチ,牝,3,武豊, 55 ,13,３,芝,2000,A,良,2023,0.3,2,2,3,3,34.7,3,58.2,*,58.13,57.4,,003,150,,2023107144,(14.5),300,,0.4,先行,先行,37.54,448,-4,14.5,ノーザンファーム,安平町,エピファネイア,ノーブルスコア,ディープインパクト,13,5,7,,(栗),藤原英昭
1勝,202603010901040403,"2026. 3. 1",阪神,エブリデイ,牡,3,高杉吏麒, 57 ,8,６,ダ,1800,,良,1551,1.8,6,5,6,6,38.7,6,48.7,,51.53,51.5,,A03,0,,2023102902,(77.4),,,0.5,中団,中団,38.20,508,-6,77.4,千代田牧場,新ひだか町,フォーウィールドライブ,コハルビヨリ,マンハッタンカフェ,8,3,3,,(栗),北出成人
未勝利,202603010901040213,"2026. 3. 1",阪神,アーディアイリ,牝,3,松山弘平, 55 ,16,１,ダ,1400,,良,1261,-0.1,,,8,6,38.6,1,42.3,*,40.83,39.3,,003,590,,2023102460,340,160,4190,0.7,中団,差し,35.63,434,-2,3.4,岡田牧場,新ひだか町,クリソベリル,オースミマコ,フレンチデピュティ,16,7,13,*,(栗),緒方努
未勝利,202603010901040209,"2026. 3. 1",阪神,ナムラロダン,牡,3,吉村誠之, 57 ,16,２,ダ,1400,,良,1262,0.1,,,2,2,39.2,5,39.9,*,40.83,39.3,,003,240,,2023106223,(24.4),460,4190,0.2,先行,先行,35.25,474,0,24.4,谷川牧場,浦河町,ミッキーアイル,サンクイーン2,"Storm Cat",16,5,9,,(栗),長谷川浩
未勝利,202603010901040206,"2026. 3. 1",阪神,デルニエジョイ,牡,3,田口貫太, 57 ,16,３,ダ,1400,,良,1264,0.3,,,6,4,39.2,5,40.3,*,40.83,39.3,,003,150,,2023101973,(19.4),410,,0.4,先行,先行,35.40,470,-10,19.4,浦河日成牧場,浦河町,シスキン,グランジョイ,ダンスインザダーク,16,3,6,,(栗),鈴木孝志
未勝利,202603010901040214,"2026. 3. 1",阪神,ブロンザイト,牡,3,西村淳也, 57 ,16,７,ダ,1400,,良,1268,0.7,,,13,12,38.6,1,43.7,*,40.83,39.3,,003,0,,2023106979,(9.5),,,1.4,後方,後方,36.15,500,+6,9.5,ノーザンファーム,安平町,クリソベリル,クルークハイト,クロフネ,16,7,14,,(栗),福永祐一
未勝利,202603010901040211,"2026. 3. 1",阪神,ジューンマーチ,牡,3,永島まな,55◇,16,11,ダ,1400,,良,1277,1.6,,,16,16,38.7,3,45.0,*,40.83,39.3,,003,0,,2023101848,(418.8),,,2.2,後方,後方,36.75,448,-2,418.8,ヒダカフアーム,浦河町,ミッキーアイル,ヒイナヅキ,トビーズコーナー,16,6,11,,(栗),松下武士
1勝,202603010602020809,"2026. 3. 1",中山,ライトニングゼウス,牡,5,佐藤翔馬,55▲,16,１,ダ,1200,,稍,1113,-0.3,,,4,2,37.4,3,40.6,*,41.77,39.6,,003,820,,2021104058,480,150,800,0.2,先行,先行,33.90,512,-8,4.8,谷岡スタット,新ひだか町,ダンカーク,サクラナスカ,サクラバクシンオー,16,5,9,,(美),伊藤圭三
未勝利,202603010602020503,"2026. 3. 1",中山,リーデレクオーレ,牝,3,柴田大知, 55 ,16,４,芝,1600,A,良,1362,0.6,,1,1,1,35.2,7,54.0,*,56.07,55.8,,003,89,,2023104425,(92.3),,,0.0,逃げ,逃げ,36.60,422,+4,92.3,ハクツ牧場,新冠町,アルアイン,ゴルトメーネ,バゴ,16,2,3,,(美),土田稔
未勝利,202603010602020203,"2026. 3. 1",中山,キリスパークル,牝,3,石橋脩, 55 ,16,14,ダ,1800,,稍,1577,2.7,9,9,12,13,40.8,12,44.2,,47.03,46.3,,003,0,,2023100312,(82.5),,,1.2,後方,後方,38.45,436,+4,82.5,本桐牧場,新ひだか町,ディーマジェスティ,カエデ,タイキシャトル,16,2,3,,(美),勢司和浩
未勝利,202603010602020107,"2026. 3. 1",中山,イデアクリスタル,牝,3,横山和生, 55 ,16,５,ダ,1800,,稍,1567,1.5,14,13,8,8,41.1,6,42.0,*,43.23,42.2,牝,023,59,,2023102033,(4.9),,,0.9,中団,中団,37.80,472,-4,4.9,グランデファーム,浦河町,ホークビル,トゥルヴァーユ,ダイワメジャー,16,4,7,,(美),小西一男
2勝,202602281001111108,"2026. 2.28",小倉,シンゼンカガ,牡,4,吉田隼人, 57 ,15,４,芝,2000,B,稍,2014,0.5,3,3,3,2,36.7,7,48.9,*,51.37,49.5,,A04,240,    0.0,2022105345,(9.7),,,0.2,先行,先行,36.30,454,+2,9.7,社台ファーム,千歳市,トーセンラー,シアン,"Smart Strike",15,5,8,,(栗),荒川義之
2勝,202602281001111102,"2026. 2.28",小倉,プリズマジコ,牡,5,秋山稔樹, 58 ,15,13,芝,2000,B,稍,2023,1.4,5,5,6,7,37.3,11,47.7,,51.37,49.5,,A04,0,    0.0,2021106077,(15.9),,,0.5,中団,中団,36.43,450,+6,15.9,大狩部牧場,新冠町,キズナ,グラントリノ,グランデラ,15,2,2,,(栗),高橋義忠
1勝,202602281001110915,"2026. 2.28",小倉,テイクザクラウン,牡,5,菱田裕二, 58 ,16,３,芝,2600,B,稍,2425,1.1,12,13,10,12,36.8,2,52.5,*,52.40,52.7,,003,290,    5.1,2021102379,(11.9),330,,0.8,後方,追込,37.71,450,0,11.9,二風谷ファーム,平取町,サトノクラウン,アムールレジェンド,ディープインパクト,16,8,15,,(栗),吉村圭司
1勝,202602281001110910,"2026. 2.28",小倉,ペリプルス,牡,6,武藤雅, 58 ,16,６,芝,2600,B,稍,2428,1.4,9,9,10,10,37.1,6,51.6,,52.40,52.7,,003,0,    0.0,2020105796,(215.3),,,0.8,中団,中団,37.71,442,-4,215.3,ビッグレッドファーム,新冠町,ゴールドシップ,マイネリベルタス,コンデュイット,16,5,10,,(美),佐藤吉勝
1勝,202602281001110906,"2026. 2.28",小倉,ジーティートシオー,牡,4,菊沢一樹, 57 ,16,10,芝,2600,B,稍,2430,1.6,6,7,7,10,37.5,9,50.4,,52.40,52.7,,003,0,    0.0,2022104661,(26.7),,,0.6,中団,中団,37.65,466,-2,26.7,ノーザンファーム,安平町,バゴ,ウォークロニクル,ウォーエンブレム,16,3,6,*,(栗),西村真幸
1勝,202602281001110805,"2026. 2.28",小倉,ドマーネ,牝,4,国分恭介, 55 ,13,４,芝,2000,B,稍,2017,0.7,7,7,5,5,37.1,4,47.7,*,48.97,47.3,牝,023,120,,2022103271,(16.7),,,0.6,中団,差し,36.26,426,-10,16.7,三嶋牧場,浦河町,ゴールドシップ,ランドネ,Blame,13,4,5,,(栗),辻野泰之
1勝,202602281001110807,"2026. 2.28",小倉,フィオレストラーダ,牝,4,松若風馬, 55 ,13,５,芝,2000,B,稍,2018,0.8,3,3,3,3,37.6,7,46.0,*,48.97,47.3,牝,023,82,,2022100626,(9.2),,,0.2,先行,先行,36.09,458,-4,9.2,ケイアイファーム,新ひだか町,エピファネイア,キャトルフィーユ,ディープインパクト,13,5,7,,(栗),杉山晴紀
未勝利,202602281001110613,"2026. 2.28",小倉,ヒロイックヴァース,牡,3,石田拓郎,54▲,16,２,芝,2000,B,稍,2020,0.2,2,2,2,1,36.7,4,49.6,*,50.13,49.8,,003,240,,2023102418,(12.1),300,1680,0.1,先行,先行,36.56,480,-4,12.1,岡田スタツド,新ひだか町,ベンバトル,ポップシンガー,スマートファルコン,16,7,13,,(美),浅利英明
未勝利,202602281001110605,"2026. 2.28",小倉,メイショウプレマ,牝,3,森田誠也,52▲,16,９,芝,2000,B,稍,2032,1.4,8,9,12,12,37.1,8,49.5,,50.13,49.8,,003,0,,2023101585,(72.5),,,0.9,後方,後方,36.90,474,-2,72.5,ヤナガワ牧場,日高町,リオンディーズ,ヒガシドリーム,ドリームジャーニー,16,3,5,,(栗),石橋守
ｵｰﾌﾟﾝ,202602281001110501,"2026. 2.28",小倉,ローンウルフ,牡,5,石神深一, 60 ,12,止,芝,2860,B,稍,----,----,12,12,,,,,,,,,,A00,0,,2021104112,(112.9),,,,,,,494,-2,112.9,千代田牧場,新ひだか町,リアルインパクト,シェリレーヌ,Mineshaft,12,1,1,,(美),武市康男
未勝利,202602281001110403,"2026. 2.28",小倉,ヴェールランス,牡,7,江田勇亮, 60 ,12,止,芝,2860,B,稍,----,----,4,4,,,,,,,,,,A00,0,,2019104767,(8.3),,,,,,,450,-4,8.3,社台ファーム,千歳市,キタサンブラック,ジュエラー,ヴィクトワールピサ,12,3,3,,(美),田村康仁
未勝利,202602281001110202,"2026. 2.28",小倉,リュウセイコウテイ,牡,3,舟山瑠泉,54▲,18,８,芝,1200,B,稍,1105,0.6,,,5,4,36.2,12,44.8,*,47.43,42.6,,003,0,,2023106437,(62.0),,,0.7,先行,先行,34.30,450,-4,62.0,ビッグレッドファーム,新冠町,ウインブライト,ケイティラブ,スキャン,18,1,2,*,(美),奥平雅士
未勝利,202602281001110218,"2026. 2.28",小倉,メーレスブリーゼ,牝,3,武藤雅, 55 ,18,12,芝,1200,B,稍,1110,1.1,,,14,15,35.7,9,48.9,,47.43,42.6,,003,0,,2023106429,(134.0),,,1.7,後方,後方,35.30,420,-4,134.0,ビッグレッドファーム,新冠町,ゴールドシップ,ヴォイスオブジョイ,Magician,18,8,18,,(美),水野貴広
未勝利,202602281001110214,"2026. 2.28",小倉,ヒャクレツケン,牡,3,河原田菜,53★,18,14,芝,1200,B,稍,1115,1.6,,,18,16,35.5,5,51.4,*,47.43,42.6,,003,0,,2023106687,(30.0),,,2.4,後方,後方,36.00,462,+6,30.0,大狩部牧場,新冠町,タリスマニック,ペスカネラ,ブラックタイド,18,7,14,,(美),青木孝文
OP(L),202602280901031008,"2026. 2.28",阪神,フォーゲル,牡,3,西村淳也, 57 ,9,３,芝,1200,A,良,1083,0.3,,,4,4,34.2,4,49.7,*,50.63,48.3,,N04,530,    2.8,2023105273,(6.2),140,,0.4,先行,先行,34.10,528,0,6.2,ノーザンファーム,安平町,アルアイン,エリカポンシャン,ロードカナロア,9,8,8,,(栗),斉藤崇史
1勝,202602280901030713,"2026. 2.28",阪神,エイシンマールス,牡,4,荻野極, 58 ,16,３,ダ,1400,,良,1244,0.2,,,3,2,36.8,3,47.0,*,47.30,46.1,,003,210,,2022102624,(4.3),160,,0.3,先行,先行,35.70,464,0,4.3,栄進牧場,浦河町,エイシンヒカリ,エーシンアマゾーン,ファルブラヴ,16,7,13,,(栗),今野貞一
1勝,202602280901030703,"2026. 2.28",阪神,エイトスターズ,牝,6,浜中俊, 56 ,16,13,ダ,1400,,良,1264,2.2,,,12,14,38.1,13,45.1,,47.30,46.1,,003,0,,2020103772,(141.7),,,1.0,後方,後方,36.23,488,-2,141.7,レイクヴィラファーム,洞爺湖町,ジャスタウェイ,インザスポットライト,"Exceed And Excel",16,2,3,,(栗),坂口智康
未勝利,202602280901030503,"2026. 2.28",阪神,ペアピーターソン,牡,3,浜中俊, 57 ,14,７,芝,1800,A,良,1472,1.5,,,10,9,35.1,5,52.7,*,51.43,47.6,,A03,0,,2023106404,(14.3),,,2.2,中団,中団,36.05,486,-8,14.3,三嶋牧場,平取町,アスクピーターパン,ミラクルアスク,ディープインパクト,14,3,3,,(栗),梅田智之
未勝利,202602280901030409,"2026. 2.28",阪神,アンリミテッド,牡,3,藤岡佑介, 57 ,14,９,ダ,1800,,良,1572,1.5,5,5,6,6,39.7,8,47.6,,51.57,49.1,,003,0,,2023104417,(10.2),,,0.6,中団,中団,38.75,500,-2,10.2,ノースヒルズ,新冠町,キズナ,ラルムドランジュ,Dansili,14,6,9,,(栗),高野友和
未勝利,202602280901030312,"2026. 2.28",阪神,グランビスタ,牝,3,荻野極, 55 ,16,９,ダ,1200,,良,1139,1.9,,,10,10,37.4,5,47.6,*,46.13,45.7,,A03,0,,2023107190,(61.0),,,1.3,中団,中団,36.50,436,-2,61.0,ノーザンファーム,安平町,ドレフォン,ブエナビスタ,スペシャルウィーク,16,6,12,,(栗),池添学
未勝利,202602280901030116,"2026. 2.28",阪神,アーガイルショア,牝,3,西村淳也, 55 ,16,２,ダ,1400,,良,1259,0.3,,,12,8,37.8,2,45.4,*,44.70,41.8,牝,023,240,,2023103718,(1.9),110,590,1.0,中団,差し,36.08,514,+2,1.9,追分ファーム,安平町,ナダル,ベルプラージュ,キングカメハメハ,16,8,16,,(栗),安田翔伍
未勝利,202602280901030113,"2026. 2.28",阪神,コイバナ,牝,3,幸英明, 55 ,16,８,ダ,1400,,良,1268,1.2,,,13,12,38.4,5,44.5,*,44.70,41.8,牝,023,0,,2023102700,(42.1),,,1.3,後方,後方,36.30,454,+6,42.1,サンデーヒルズ,新ひだか町,モズアスコット,タイムピース,ルーラーシップ,16,7,13,*,(栗),渡辺薫彦
未勝利,202602280901030104,"2026. 2.28",阪神,キタノサリスカ,牝,3,国分優作, 55 ,16,10,ダ,1400,,良,1275,1.9,,,13,14,39.2,8,42.4,,44.70,41.8,牝,023,0,,2023105977,(304.3),,,1.2,後方,後方,36.23,422,-4,304.3,高山牧場,日高町,タイセイレジェンド,ブラウンキャビア,Kodiac,16,2,4,,(栗),羽月友彦
未勝利,202602280901030102,"2026. 2.28",阪神,ベルフィーノ,牝,3,高倉稜, 55 ,16,16,ダ,1400,,良,1302,4.6,,,13,15,42.0,16,36.1,,44.70,41.8,牝,023,0,,2023101013,(341.2),,,1.1,後方,後方,36.15,446,+4,341.2,白瀬盛雄,日高町,カレンブラックヒル,ハナズルナピエナ,アドマイヤムーン,16,1,2,,(栗),宮本博
2勝,202602280602011204,"2026. 2.28",中山,トルショー,牡,4,佐々木大, 57 ,16,11,ダ,1800,,稍,1541,1.4,7,7,8,9,39.3,10,45.2,,47.70,45.6,,A03,0,,2022103766,(156.4),,,0.8,中団,中団,37.40,460,-10,156.4,グランド牧場,新ひだか町,シニスターミニスター,ハヤブサエミネンス,"Medaglia d'Oro",16,2,4,,(美),伊藤圭三
3勝,202602280602011008,"2026. 2.28",中山,スプランドゥール,牡,5,石神深道, 55 ,16,９,ダ,1200,,稍,1112,1.2,,,15,15,36.2,1,46.7,*,41.40,39.7,,A03,0,    0.0,2021100623,(12.0),,,1.9,後方,後方,35.00,478,+6,12.0,荻伏服部牧場,浦河町,シルバーステート,チェリーシェル,サクラバクシンオー,16,4,8,,(美),和田雄二
3勝,202602280602011009,"2026. 2.28",中山,ゲキザル,牡,7,小林脩斗, 56 ,16,14,ダ,1200,,稍,1117,1.7,,,16,16,36.6,5,45.9,*,41.40,39.7,,A03,0,    0.0,2019102102,(26.4),,,2.0,後方,後方,35.10,486,0,26.4,広富牧場,日高町,ザファクター,トゥモローズライト,アフリート,16,5,9,,(美),青木孝文
1勝,202602280602010708,"2026. 2.28",中山,ソリッドベーシス,セ,4,杉原誠人, 57 ,16,10,ダ,1800,,重,1558,2.7,4,4,7,9,40.9,9,41.6,,45.10,44.3,,A03,0,,2022105697,(376.3),,,1.0,中団,中団,37.45,486,-12,376.3,追分ファーム,安平町,ブリックスアンドモルタル,サイモンミラベル,ダイワメジャー,16,4,8,,(美),大和田成
未勝利,202602280602010502,"2026. 2.28",中山,セットエトワール,牝,3,戸崎圭太, 55 ,18,１,芝,2000,A,良,2017,-0.0,6,5,5,4,35.5,4,54.1,*,54.67,52.8,,A03,590,,2023103792,290,160,13430,0.3,先行,先行,36.94,478,+2,2.9,社台コーポレーション白老ファーム,白老町,シルバーステート,セブンスセンス,キングカメハメハ,18,1,2,,(美),鹿戸雄一
未勝利,202602280602010518,"2026. 2.28",中山,マイネルシュラハト,牡,3,石神深道,54▲,18,12,芝,2000,A,良,2023,0.6,3,3,3,3,36.2,17,51.9,*,54.67,52.8,,A03,0,,2023106436,(24.3),,,0.2,先行,先行,36.90,484,+2,24.3,ビッグレッドファーム,新冠町,ベンバトル,クードヴァン,ディープインパクト,18,8,18,,(美),畠山吉宏
未勝利,202602280602010409,"2026. 2.28",中山,インディヴァイン,牡,3,ルメール, 57 ,12,１,ダ,1800,,重,1548,-0.1,2,2,2,1,39.4,1,45.7,*,45.00,45.7,,003,590,,2023107090,150,110,200,0.0,先行,先行,37.70,526,-10,1.5,ノーザンファーム,安平町,インディチャンプ,ソーディヴァイン,キンシャサノキセキ,12,7,9,,(美),林徹
未勝利,202602280602010308,"2026. 2.28",中山,デスサイズ,牡,3,石川裕紀, 57 ,16,２,ダ,1200,,重,1113,0.4,,,2,2,36.9,5,43.2,*,43.63,43.7,,003,240,,2023101085,(4.1),160,1590,0.1,先行,先行,34.40,460,-6,4.1,竹島幸治,日高町,シスキン,トーホウハニー,ステイゴールド,16,4,8,,(美),小手川準
未勝利,202602280602010201,"2026. 2.28",中山,フォーエバーラブ,牡,3,上里直汰,54▲,15,11,ダ,1800,,重,1588,6.2,5,7,7,10,42.1,10,41.1,,48.73,50.9,,003,0,,2023102941,(154.3),,,1.4,中団,中団,38.35,450,-6,154.3,千代田牧場,新ひだか町,ミスターメロディ,プレシャスメイト,ステイゴールド,15,1,1,,(美),金成貴史
1勝,202602221001101206,"2026. 2.22",小倉,セイプリーズ,牝,4,古川吉洋, 56 ,18,８,芝,1200,B,良,1083,0.5,,,4,4,34.7,10,46.8,*,45.63,42.6,牝,023,0,,2022105583,(10.6),,,1.0,先行,先行,33.60,436,0,10.6,社台ファーム,千歳市,ダイワメジャー,レディトゥプリーズ,"More Than Ready",18,3,6,,(栗),宮徹
1勝,202602221001100910,"2026. 2.22",小倉,スイッチビスケット,牡,4,藤懸貴志, 57 ,12,８,芝,1800,B,良,1477,1.3,12,12,11,11,35.0,5,53.9,,53.37,51.6,,003,0,    0.0,2022106295,(152.9),,,1.4,後方,後方,36.35,474,0,152.9,シンユウフアーム,新冠町,サトノクラウン,ジュエルトウショウ,アグネスタキオン,12,7,10,,(栗),森田直行
1勝,202602221001100803,"2026. 2.22",小倉,メリザンド,牝,4,杉原誠人, 55 ,14,１,芝,2000,B,良,2001,-0.0,1,1,1,1,36.3,8,48.9,*,51.23,48.9,,A03,820,,2022105182,1290,480,15710,0.0,逃げ,逃げ,35.91,468,+6,12.9,ノーザンファーム,安平町,サトノダイヤモンド,ロザリンド,シンボリクリスエス,14,3,3,,(美),小手川準
1勝,202602221001100708,"2026. 2.22",小倉,マンオブザマッチ,牡,4,舟山瑠泉,54▲,14,１,ダ,1700,,良,1468,-0.6,5,4,4,3,38.6,1,46.4,*,45.87,45.2,,003,820,,2022101677,300,150,1320,0.3,先行,先行,37.20,488,-2,3.0,ダーレー・ジャパン・ファーム,日高町,ファインニードル,パテントジョイ,Pivotal,14,5,8,,(栗),高橋義忠
未勝利,202602221001100603,"2026. 2.22",小倉,パノラマステージ,牝,3,亀田温心, 55 ,16,７,芝,1800,B,良,1494,1.0,5,5,8,9,36.0,6,51.9,*,53.87,51.8,牝,023,0,,2023107072,(12.3),,,0.7,中団,中団,36.70,450,-8,12.3,ノーザンファーム,安平町,レイデオロ,スターリーステージ,ディープインパクト,16,2,3,*,(栗),牧浦充徳
1勝,202602221001100301,"2026. 2.22",小倉,ベニシア,牝,5,菊沢一樹, 56 ,14,１,ダ,1000,,良,0593,-0.2,,,1,1,36.5,9,43.7,*,43.97,43.7,,A03,820,,2021100662,15370,2140,48300,0.0,逃げ,逃げ,34.20,446,+2,153.7,上山牧場,浦河町,ヘニーヒューズ,フクシア,ゴールドアリュール,14,1,1,,(美),粕谷昌央
未勝利,202602221001100206,"2026. 2.22",小倉,ヒャクレツケン,牡,3,河原田菜,53★,18,５,芝,1200,B,良,1089,1.0,,,9,10,35.0,4,46.9,*,45.63,45.1,,003,59,,2023106687,(192.5),,,0.8,中団,中団,33.90,456,-6,192.5,大狩部牧場,新冠町,タリスマニック,ペスカネラ,ブラックタイド,18,3,6,,(美),青木孝文
未勝利,202602221001100111,"2026. 2.22",小倉,ニシノシャルム,牝,3,野中悠太, 55 ,12,９,ダ,1700,,良,1508,2.6,8,8,6,6,40.6,9,44.3,,45.73,46.8,牝,023,0,,2023105138,(30.3),,,1.0,中団,中団,38.29,428,+2,30.3,鮫川啓一,浦河町,キタサンブラック,チャームクォーク,クロフネ,11,8,11,,(美),栗田徹
1勝,202602220901020814,"2026. 2.22",阪神,ビービーバザーク,牡,4,菱田裕二, 57 ,15,８,ダ,1800,,良,1558,1.6,4,5,5,4,40.5,8,43.0,,46.83,44.6,,A03,0,,2022102397,(7.3),,,0.6,先行,先行,37.65,482,-6,7.3,坂東牧場,平取町,シニスターミニスター,カリビアンロマンス,コマンズ,15,8,14,*,(栗),武幸四郎
1勝,202602220901020607,"2026. 2.22",阪神,アスクケンタッキー,牡,3,田口貫太, 57 ,11,11,ダ,1400,,良,1263,2.1,,,7,11,39.1,8,40.5,,42.67,40.3,,A04,0,,2023110100,(20.9),,,1.2,後方,後方,35.40,470,-8,20.9,"Bedouin Bloodstock LLC",米,"Good Magic",Entirely,"Point of Entry",11,6,7,,(栗),藤原英昭
未勝利,202602220901020502,"2026. 2.22",阪神,ショウナンライラ,牡,3,吉村誠之, 57 ,13,８,芝,2000,A,良,2017,1.6,7,6,5,5,36.5,9,50.0,,53.13,52.5,,003,0,,2023100277,(92.8),,,0.5,中団,中団,36.51,470,+2,92.8,ヒサイファーム,新ひだか町,サートゥルナーリア,ブルーイリュージョン,Dubawi,13,2,2,,(栗),松下武士
未勝利,202602220901020308,"2026. 2.22",阪神,ワンダーゾルダート,牡,3,川端海翼,54▲,11,２,ダ,1800,,良,1561,0.1,2,2,2,2,38.8,5,49.6,*,50.90,49.9,,A03,240,,2023101714,(84.3),830,34430,0.0,先行,先行,38.65,434,+2,84.3,高昭牧場,浦河町,ゴールドドリーム,クインズモモナ,エイシンフラッシュ,11,7,8,,(栗),羽月友彦
未勝利,202602220901020213,"2026. 2.22",阪神,サンライズロイ,牡,3,小崎綾也, 57 ,16,７,ダ,1200,,良,1142,1.7,,,8,8,37.5,10,47.9,,48.43,48.6,,003,0,,2023106556,(44.6),,,0.7,中団,中団,36.70,472,-4,44.6,ヤナガワ牧場,日高町,フォーウィールドライブ,サンデーローズ,ブライアンズタイム,16,7,13,,(栗),牧浦充徳
未勝利,202602220901020109,"2026. 2.22",阪神,アキノビューティー,牝,3,鮫島良太, 55 ,10,２,ダ,1800,,良,1558,0.9,5,5,4,4,38.4,2,50.8,*,50.47,51.2,牝,023,240,,2023100233,(2.7),110,620,0.5,先行,先行,38.70,422,0,2.7,土居牧場,新ひだか町,ゴールドドリーム,ジョーゲルダ,オペラハウス,10,8,9,,(栗),河嶋宏樹
2勝,202602220501080703,"2026. 2.22",東京,パッションリッチ,牡,4,菅原明良, 57 ,16,８,ダ,2100,,良,2127,0.8,10,9,11,11,37.3,5,52.3,*,51.87,50.3,,A03,0,,2022105390,(16.8),,,1.1,後方,後方,38.16,498,+10,16.8,社台ファーム,千歳市,ドゥラメンテ,セータコローナ,"Distorted Humor",16,2,3,,(美),久保田貴
1勝,202602220501080605,"2026. 2.22",東京,ポタリング,セ,4,江田照男, 57 ,16,８,芝,1800,D,良,1467,0.6,,6,9,9,34.3,4,55.5,*,55.10,53.3,,A03,0,,2022101191,(106.9),,,0.9,中団,中団,36.20,442,-2,106.9,オリオンファーム,日高町,ノーブルミッション,ウインルキア,ディープインパクト,16,3,5,,(美),武藤善則
1勝,202602220501080512,"2026. 2.22",東京,キーンセンス,牡,3,荻野極, 57 ,12,９,芝,1600,D,良,1353,2.1,,,11,11,35.7,8,50.2,,51.70,50.2,,A04,0,,2023110036,(65.4),,,1.3,後方,後方,35.76,522,+8,65.4,"Stonehaven Steadings",米,Munnings,Canny,"Big Brown",12,8,12,,(栗),松永幹夫
未勝利,202602220501080409,"2026. 2.22",東京,スノーエルヴァ,牝,3,長浜鴻緒,53△,16,13,芝,1800,D,良,1496,1.9,,11,11,11,34.7,12,57.9,,58.73,57.9,,003,0,,2023106145,(64.3),,,1.3,後方,後方,37.45,458,+4,64.3,ディアレストクラブ,浦河町,フィエールマン,カスタディーヴァ,"High Chaparral",16,5,9,*,(美),田村康仁
新馬,202602220501080305,"2026. 2.22",東京,モーニンムスメ,牝,3,上里直汰,52▲,16,11,ダ,1400,,良,1313,3.7,,,13,13,40.7,9,43.2,,46.43,44.3,,003,0,,2023104693,(108.6),,,1.8,後方,後方,37.95,492,,108.6,メイタイファーム,新冠町,モーニン,スターライトジャズ,ハービンジャー,16,3,5,,(美),加藤和宏
未勝利,202602220501080113,"2026. 2.22",東京,モーブプリエール,牝,3,武藤雅, 55 ,16,10,ダ,1400,,良,1281,1.9,,,13,12,37.4,9,51.7,,52.30,52.1,,A03,0,,2023107282,(112.5),,,1.0,後方,後方,38.03,434,+14,112.5,ノーザンファーム,安平町,サートゥルナーリア,モーベット,オルフェーヴル,16,7,13,,(美),鈴木慎太
3勝,202602211001091112,"2026. 2.21",小倉,アイウィル,牡,5,丸山元気, 58 ,13,５,ダ,1700,,良,1461,1.0,11,11,8,8,37.2,2,51.0,*,50.43,48.7,,A04,187,    0.0,2021103502,(16.5),,,1.2,中団,中団,37.58,518,+4,16.5,岡田スタツド,新ひだか町,ドレフォン,ジュリーハーツ,ハーツクライ,13,8,12,,(美),高木登
2勝,202602211001091005,"2026. 2.21",小倉,セイウンパシュート,牡,6,舟山瑠泉, 58 ,16,14,芝,2600,B,良,2410,1.9,2,2,2,5,37.7,15,48.1,,53.83,53.0,,A04,0,    0.0,2020100233,(56.9),,,0.1,中団,中団,36.99,472,-10,56.9,田上徹,新ひだか町,ハーツクライ,シーソルティキッス,キングカメハメハ,16,3,5,,(美),上原博之
1勝,202602211001090812,"2026. 2.21",小倉,ハレアカラフラ,牝,6,丹内祐次, 56 ,16,11,芝,1800,B,良,1480,1.0,4,4,4,4,36.8,11,46.7,*,49.57,47.8,牝,023,0,,2020103292,(18.6),,,0.4,先行,先行,35.60,462,+2,18.6,ノーザンファーム,安平町,ラブリーデイ,オーキッドレイ,ディープインパクト,16,6,12,,(栗),吉田直弘
1勝,202602211001090807,"2026. 2.21",小倉,マルモア,牝,5,角田大和, 56 ,16,12,芝,1800,B,良,1482,1.2,11,11,12,9,36.0,7,50.3,,49.57,47.8,牝,023,0,,2021105245,(86.1),,,1.4,中団,中団,36.10,412,-6,86.1,社台ファーム,千歳市,エピファネイア,マーブルカテドラル,ダイワメジャー,16,4,7,,(栗),松永幹夫
ｵｰﾌﾟﾝ,202602211001090505,"2026. 2.21",小倉,パープルアドミラル,牡,6,金子光希, 60 ,12,４,芝,3390,B,良,3535,1.2,5,5,4,4,13.8,,,,,,,A00,210,,2020104328,(124.6),,,,先行,先行,,452,+12,124.6,聖心台牧場,新ひだか町,シビルウォー,ママノヨリミチ,マンハッタンカフェ,12,5,5,,(美),堀内岳志
未勝利,202602211001090314,"2026. 2.21",小倉,レイナデルアイレ,牝,3,嶋田純次, 55 ,14,13,ダ,1000,,良,1015,2.8,,,14,14,36.7,6,51.4,,45.93,45.9,,A03,0,,2023103559,(74.7),,,1.9,後方,後方,37.20,434,+10,74.7,社台ファーム,千歳市,レイデオロ,マチカネハヤテ,サクラバクシンオー,14,8,14,,(美),矢嶋大樹
未勝利,202602211001090310,"2026. 2.21",小倉,クレスコフェーヴ,牝,3,中井裕二, 55 ,14,14,ダ,1000,,良,1017,3.0,,,12,12,37.3,14,48.1,,45.93,45.9,,A03,0,,2023103829,(399.3),,,1.5,後方,後方,36.60,396,-10,399.3,青藍牧場,登別市,オルフェーヴル,ティイ,エイシンフラッシュ,14,6,10,,(栗),羽月友彦
未勝利,202602211001090113,"2026. 2.21",小倉,サンオブザサン,牡,3,古川吉洋, 57 ,14,６,ダ,1700,,良,1493,2.4,13,13,12,12,38.8,4,49.1,*,47.47,48.1,,003,0,,2023101979,(18.4),,,1.8,後方,後方,38.45,502,-2,18.4,岡部雅樹,浦河町,タニノフランケル,ソレイユフルール,マツリダゴッホ,14,8,13,,(栗),高橋一哉
3勝,202602210901011005,"2026. 2.21",阪神,ハクサンアイリス,牡,4,松山弘平, 58 ,16,７,ダ,1400,,良,1243,0.7,,,4,4,36.6,12,47.7,*,49.70,46.8,,A04,0,    0.0,2022100328,(14.2),,,0.6,先行,先行,35.78,484,-2,14.2,中村雅明,浦河町,ハクサンムーン,キャメロンロード,デュランダル,16,3,5,,(栗),高橋一哉
3勝,202602210901011014,"2026. 2.21",阪神,ヴェロクオーレ,牝,5,坂井瑠星, 56 ,16,10,ダ,1400,,良,1247,1.1,,,2,2,37.4,15,44.9,,49.70,46.8,,A04,0,    0.0,2021101397,(4.3),,,0.2,先行,先行,35.48,476,-4,4.3,下河辺牧場,日高町,ドゥラメンテ,サトノジョリー,Bernardini,16,7,14,,(栗),石坂公一
1勝,202602210901010907,"2026. 2.21",阪神,ラガークイン,牝,5,池添謙一, 56 ,18,８,芝,1600,A,良,1341,0.7,,,17,15,34.1,3,55.6,*,54.83,52.0,,A03,0,,2021105416,(44.4),,,1.2,後方,後方,36.00,438,+10,44.4,ノーザンファーム,安平町,リアルインパクト,ウォークロニクル,ウォーエンブレム,18,4,7,,(栗),大久保龍
OP(L),202602210901010802,"2026. 2.21",阪神,アーレムアレス,牡,3,菱田裕二, 57 ,7,２,芝,2200,A,良,2126,0.2,2,2,2,2,35.2,3,53.8,*,55.13,54.0,,N04,840,    4.2,2023105223,(2.0),120,1330,0.1,先行,先行,36.53,496,+2,2.0,社台コーポレーション白老ファーム,白老町,ハービンジャー,スターズインヘヴン,ワークフォース,7,2,2,,(栗),橋口慎介
1勝,202602210901010709,"2026. 2.21",阪神,バルミラクル,牡,4,鮫島良太, 58 ,16,４,ダ,1400,,良,1260,0.9,,,2,2,37.9,10,45.2,*,47.97,47.0,,003,120,,2022106177,(29.1),,,0.1,先行,先行,36.08,456,+2,29.1,川島牧場,新冠町,マクフィ,ミラクルクロス,フジキセキ,16,5,9,,(栗),河嶋宏樹
1勝,202602210901010713,"2026. 2.21",阪神,ミスティマウンテン,牡,4,横山武史, 58 ,16,６,ダ,1400,,良,1264,1.3,,,9,9,37.5,5,47.8,*,47.97,47.0,,003,0,,2022101684,(21.4),,,0.9,中団,中団,36.68,446,-4,21.4,ダーレー・ジャパン・ファーム,日高町,サンダースノー,ブルーミスト,スクリーンヒーロー,16,7,13,,(美),池上昌和
未勝利,202602210901010516,"2026. 2.21",阪神,アイルトン,牡,3,酒井学, 57 ,18,３,芝,1600,A,良,1344,0.2,,,1,1,35.5,15,49.5,*,52.30,50.1,,003,150,,2023102920,(84.7),1170,,0.0,逃げ,逃げ,35.34,502,0,84.7,千代田牧場,新ひだか町,ダノンスマッシュ,ダノングラシアス,マンハッタンカフェ,18,8,16,,(栗),佐々木晶
新馬,202602210901010411,"2026. 2.21",阪神,タイセイサーブル,牡,3,鮫島克駿, 57 ,14,６,ダ,1800,,良,1571,1.6,5,8,8,6,38.6,6,51.7,,53.97,52.8,,A03,0,,2023104674,(14.9),,,0.8,中団,中団,39.25,472,,14.9,村田牧場,新冠町,エスポワールシチー,ジョワユーズ,エンパイアメーカー,14,7,11,,(栗),高野友和
未勝利,202602210901010109,"2026. 2.21",阪神,タマモビスケット,牝,3,国分優作, 55 ,16,３,ダ,1200,,良,1145,0.3,,,5,5,38.2,7,45.0,*,47.03,42.7,牝,023,150,,2023102448,(15.4),350,,0.6,中団,差し,36.30,466,-2,15.4,岡田猛,新ひだか町,マインドユアビスケッツ,タマモサーティーン,ジョーカプチーノ,16,5,9,,(栗),中竹和也
未勝利,202602210501070509,"2026. 2.21",東京,ゴールデンパゴーダ,牝,3,菅原明良, 55 ,14,１,芝,2400,D,良,2268,-0.1,1,3,3,4,34.6,1,58.1,*,57.17,56.9,,003,590,,2023101116,4360,2090,8540,0.3,先行,先行,37.40,396,+2,43.6,ダーレー・ジャパン・ファーム,日高町,バゴ,カリビアンゴールド,ステイゴールド,14,6,9,,(美),上原佑紀
新馬,202602210501070414,"2026. 2.21",東京,レイズレガシー,牡,3,菅原明良, 57 ,16,５,ダ,1600,,良,1400,0.9,,,6,5,38.0,5,47.9,*,49.67,47.7,,A03,65,,2023102978,(5.6),,,0.6,中団,中団,37.20,500,,5.6,飛野牧場,新ひだか町,ロジャーバローズ,スマートグレイス,ヤマニンセラフィム,16,7,14,,(美),高柳瑞樹
未勝利,202602210501070312,"2026. 2.21",東京,アンシュウマト,牡,3,三浦皇成, 57 ,16,６,ダ,1600,,良,1396,0.8,,,14,14,37.5,3,49.4,*,48.10,43.2,,A03,0,,2023101929,(10.9),,,2.0,後方,後方,37.26,450,-2,10.9,高村伸一,様似町,マクフィ,オクシペタルム,シンボリクリスエス,16,6,12,,(美),中川公成
2勝,202602151001081007,"2026. 2.15",小倉,ハリウッドメモリー,牝,4,横山琉人, 55 ,18,５,芝,1200,B,稍,1089,0.1,,,6,8,34.7,6,48.6,*,51.00,46.0,,A03,158,    0.0,2022100632,(4.1),,,0.5,中団,中団,34.20,458,-8,4.1,ケイアイファーム,新ひだか町,ロードカナロア,スピニングワイルドキャット,"Hard Spun",18,4,7,,(栗),長谷川浩
2勝,202602151001081013,"2026. 2.15",小倉,スムースベルベット,牝,6,嶋田純次, 54 ,18,７,芝,1200,B,稍,1091,0.3,,,9,10,34.7,6,49.1,*,51.00,46.0,,A03,0,    0.0,2020106987,(10.5),,,0.7,中団,中団,34.40,504,0,10.5,ミルファーム,浦河町,ディスクリートキャット,ローブドヴルール,サウスヴィグラス,18,7,13,,(美),南田美知
2勝,202602151001081008,"2026. 2.15",小倉,メイショウミリオレ,牝,5,西塚洸二, 53 ,18,12,芝,1200,B,稍,1095,0.7,,,16,17,34.7,6,50.3,*,51.00,46.0,,A03,0,    0.0,2021103278,(31.6),,,1.1,後方,後方,34.80,496,+16,31.6,三嶋牧場,浦河町,ルーラーシップ,メイショウメイゲツ,ディープインパクト,18,4,8,,(栗),藤岡健一
2勝,202602151001081006,"2026. 2.15",小倉,ベビーズブレス,牝,4,松本大輝, 54 ,18,16,芝,1200,B,稍,1105,1.7,,,2,2,36.6,18,42.6,,51.00,46.0,,A03,0,    0.0,2022106351,(24.3),,,0.2,先行,先行,33.90,416,-10,24.3,隆栄牧場,新冠町,アドマイヤマーズ,レディーガリレオ,Galileo,18,3,6,,(栗),千田輝彦
1勝,202602151001080710,"2026. 2.15",小倉,ダノンピクチャー,牡,4,舟山瑠泉,54▲,14,３,芝,2600,B,稍,2424,0.1,10,10,11,7,34.6,2,60.8,*,59.30,57.5,,003,210,,2022104980,(3.7),180,,0.9,中団,差し,38.34,486,+4,3.7,ノーザンファーム,安平町,ドゥラメンテ,ファイナルスコア,"Dylan Thomas",14,6,10,,(美),田中博康
1勝,202602151001080708,"2026. 2.15",小倉,ジーティートシオー,牡,4,菊沢一樹, 57 ,14,７,芝,2600,B,稍,2428,0.5,8,8,4,3,35.6,7,57.2,*,59.30,57.5,,003,0,,2022104661,(34.3),,,0.3,先行,先行,38.16,468,+2,34.3,ノーザンファーム,安平町,バゴ,ウォークロニクル,ウォーエンブレム,14,5,8,,(栗),西村真幸
1勝,202602151001080703,"2026. 2.15",小倉,ペリプルス,牡,6,丸山元気, 58 ,14,12,芝,2600,B,稍,2437,1.4,3,3,4,3,36.5,13,54.5,,59.30,57.5,,003,0,,2020105796,(121.7),,,0.3,先行,先行,38.16,446,-2,121.7,ビッグレッドファーム,新冠町,ゴールドシップ,マイネリベルタス,コンデュイット,14,3,3,,(美),佐藤吉勝
1勝,202602151001080615,"2026. 2.15",小倉,ダノンジャイアン,牡,4,斎藤新, 57 ,16,１,芝,2000,B,稍,2011,-0.1,6,5,3,2,35.8,5,52.1,*,52.77,51.7,,003,820,,2022105399,350,150,850,0.1,先行,先行,36.56,454,-2,3.5,社台ファーム,千歳市,ブリックスアンドモルタル,ダノンジャンヌ,ディープインパクト,16,8,15,,(栗),茶木太樹
1勝,202602151001080607,"2026. 2.15",小倉,シャインフリーリー,牡,4,黛弘人, 57 ,16,９,芝,2000,B,稍,2016,0.5,8,7,5,4,36.2,9,51.1,*,52.77,51.7,,003,0,,2022101495,(30.4),,,0.2,先行,先行,36.60,476,0,30.4,白井牧場,日高町,ウインブライト,フィールフリーリー,アグネスタキオン,16,4,7,,(美),矢嶋大樹
1勝,202602151001080602,"2026. 2.15",小倉,ミッドタウンナイト,牝,4,秋山稔樹, 55 ,16,13,芝,2000,B,稍,2031,2.0,1,1,8,11,37.4,13,48.2,,52.77,51.7,,003,0,,2022105529,(26.3),,,0.5,逃げ,逃げ,36.73,484,-4,26.3,社台ファーム,千歳市,ブラックタイド,ミッドナイトフラッシュ,"Anabaa Blue",16,1,2,,(栗),河嶋宏樹
未勝利,202602151001080213,"2026. 2.15",小倉,エバーラスト,牡,3,石神深道,54▲,18,１,芝,1200,B,稍,1091,-0.0,,,4,3,35.2,3,46.3,*,47.23,43.6,,A03,590,,2023104764,700,200,1490,0.5,先行,先行,33.90,488,-10,7.0,芳住鉄兵,新冠町,ミスターメロディ,インダルジミー,Shamardal,18,7,13,,(美),和田正一
未勝利,202602151001080205,"2026. 2.15",小倉,ミスターマーボー,牡,3,菊沢一樹, 57 ,18,２,芝,1200,B,稍,1091,0.0,,,7,6,35.0,1,47.4,*,47.23,43.6,,A03,240,,2023100831,(3.7),160,1490,0.7,中団,差し,34.10,452,+4,3.7,グッドラック・ファーム,日高町,シュヴァルグラン,ハタノサンドリヨン,ヨハネスブルグ,18,3,5,,(美),青木孝文
未勝利,202602151001080218,"2026. 2.15",小倉,コンフィアンサ,牝,3,西塚洸二, 55 ,18,４,芝,1200,B,稍,1095,0.4,,,2,1,36.0,10,43.1,*,47.23,43.6,,A03,89,,2023102342,(10.8),,,0.1,先行,先行,33.50,438,0,10.8,上野正恵,新ひだか町,ミスターメロディ,ロマネクイーン,マイネルラヴ,18,8,18,,(美),菊川正達
未勝利,202602151001080201,"2026. 2.15",小倉,ナムラロダン,牡,3,田山旺佑,54▲,18,８,芝,1200,B,稍,1102,1.1,,,4,6,36.3,14,43.4,,47.23,43.6,,A03,0,,2023106223,(5.9),,,0.5,中団,中団,33.90,474,+2,5.9,谷川牧場,浦河町,ミッキーアイル,サンクイーン2,"Storm Cat",18,1,1,,(栗),長谷川浩
未勝利,202602151001080207,"2026. 2.15",小倉,ショウナンタヅナ,牡,3,斎藤新, 57 ,18,13,芝,1200,B,稍,1104,1.3,,,17,16,35.6,4,47.8,*,47.23,43.6,,A03,0,,2023100531,(87.3),,,1.4,後方,後方,34.80,470,+4,87.3,二風谷ファーム,平取町,ドレフォン,ウインフロレゾン,フジキセキ,18,4,7,,(美),武市康男
未勝利,202602151001080112,"2026. 2.15",小倉,ロードアマルフィ,牡,3,丹内祐次, 57 ,16,２,ダ,1700,,稍,1467,0.1,3,3,3,2,38.0,3,48.6,*,48.10,48.1,,A03,240,,2023105786,(1.4),110,1150,0.2,先行,先行,37.47,522,0,1.4,ケイアイファーム,新ひだか町,ルヴァンスレーヴ,アルセナーレ,クロフネ,16,6,12,,(栗),中村直也
未勝利,202602151001080101,"2026. 2.15",小倉,ジューンセクレタ,牡,3,富田暁, 57 ,16,７,ダ,1700,,稍,1475,0.9,4,4,5,5,38.6,7,47.4,*,48.10,48.1,,A03,0,,2023110029,(7.0),,,0.4,中団,中団,37.58,514,+4,7.0,"Town & Country Farms LLC",米,"Maclean's Music","Bazinga Baby","Afleet Alex",16,1,1,,(栗),武英智
2勝,202602150802061201,"2026. 2.15",京都,モンテディアーナ,牝,4,団野大成, 56 ,16,13,ダ,1200,,良,1135,1.6,,,3,2,37.8,13,44.4,,51.93,47.0,牝,023,0,,2022104597,(17.9),,,0.3,先行,先行,35.70,468,0,17.9,ノーザンファーム,安平町,ドレフォン,アズールムーン,"Malibu Moon",16,1,1,,(栗),四位洋文
3勝,202602150802061002,"2026. 2.15",京都,レーウィン,セ,5,高杉吏麒, 58 ,10,８,ダ,1800,,良,1552,2.0,3,3,4,4,37.0,8,55.7,,59.90,59.9,,A04,0,    0.0,2021100734,(47.6),,,0.4,先行,先行,39.10,506,0,47.6,高昭牧場,浦河町,ヘニーヒューズ,フジインザスカイ,ディープスカイ,10,2,2,,(栗),上村洋行
1勝,202602150802060808,"2026. 2.15",京都,シャインバオバブ,牡,4,太宰啓介, 57 ,12,４,芝,2000,B,良,2018,0.8,12,12,9,9,34.9,3,56.7,*,56.60,55.7,,A03,120,,2022106180,(16.6),,,0.8,後方,追込,37.24,512,-4,16.6,川島牧場,新冠町,シルバーステート,レユシット,ルーラーシップ,12,6,8,,(栗),本田優
1勝,202602150802060803,"2026. 2.15",京都,ギザキズラヴ,牝,4,古川吉洋, 55 ,12,９,芝,2000,B,良,2021,1.1,4,3,3,3,35.7,8,53.7,,56.60,55.7,,A03,0,,2022106715,(23.9),,,0.3,先行,先行,37.03,464,+22,23.9,パカパカファーム,新冠町,キズナ,アップワードスパイラル,Teofilo,12,3,3,,(栗),藤原英昭
1勝,202602150802060805,"2026. 2.15",京都,ピースヒロフェイス,牝,5,池添謙一, 56 ,12,12,芝,2000,B,良,2034,2.4,8,9,7,9,36.6,12,51.6,,56.60,55.7,,A03,0,,2021105769,(6.8),,,0.7,後方,後方,37.20,464,-6,6.8,ノーザンファーム,安平町,サトノダイヤモンド,ペルヴィアンリリー,フレンチデピュティ,12,5,5,,(美),牧光二
未勝利,202602150802060605,"2026. 2.15",京都,アンガーザガール,牝,3,西村淳也, 55 ,18,３,芝,1600,B,良,1348,0.7,,,2,2,35.2,6,51.6,*,52.77,52.7,,A03,150,,2023106856,(7.1),330,,0.2,先行,先行,35.76,452,-6,7.1,ノーザンファーム,安平町,リオンディーズ,アンソロジー,サクラバクシンオー,18,3,5,,(栗),東田明士
未勝利,202602150802060609,"2026. 2.15",京都,ダイユウヴェンティ,牝,3,今村聖奈,53◇,18,７,芝,1600,B,良,1354,1.3,,,7,8,35.3,8,52.2,,52.77,52.7,,A03,0,,2023105102,(58.7),,,0.7,中団,中団,36.06,430,-4,58.7,上山牧場,浦河町,サートゥルナーリア,クールアンフルール,サクラバクシンオー,18,5,9,,(美),松永康利
未勝利,202602150802060509,"2026. 2.15",京都,サウンドファミリエ,牝,3,永島まな,53◇,15,８,芝,2000,B,良,2042,2.1,14,13,9,7,36.4,9,53.4,,57.90,57.5,牝,023,0,,2023104254,(218.4),,,0.5,中団,中団,37.63,406,0,218.4,飛渡牧場,新冠町,シルバーステート,サウンドマジック,トビーズコーナー,15,5,9,,(美),和田正一
未勝利,202602150802060510,"2026. 2.15",京都,コスモペンタス,牝,3,森田誠也,52▲,15,９,芝,2000,B,良,2043,2.2,5,5,7,7,36.6,10,52.7,,57.90,57.5,牝,023,0,,2023106482,(258.4),,,0.4,中団,中団,37.59,410,-4,258.4,ビッグレッドファーム,新冠町,ベンバトル,モエレカトリーナ,ゴールドヘイロー,15,6,10,,(美),西田雄一
未勝利,202602150802060313,"2026. 2.15",京都,アーディアイリ,牝,3,高杉吏麒, 55 ,16,５,ダ,1400,,良,1268,1.5,,,6,6,38.5,8,44.1,*,44.47,44.7,,A03,59,,2023102460,(4.2),,,0.7,中団,中団,36.23,436,-2,4.2,岡田牧場,新ひだか町,クリソベリル,オースミマコ,フレンチデピュティ,16,7,13,,(栗),緒方努
新馬,202602150802060212,"2026. 2.15",京都,ショルタメンテ,牝,3,森田誠也,52▲,12,外,ダ,1200,,良,----,----,,,,,,0,,,49.83,49.2,,A03,0,,2023103819,,,,,,,,412,,,社台コーポレーション白老ファーム,白老町,ニューイヤーズデイ,リトミカメンテ,オルフェーヴル,11,8,12,,(栗),田中克典
未勝利,202602150802060104,"2026. 2.15",京都,マーチンゲール,牡,3,団野大成, 57 ,10,３,ダ,1800,,良,1550,0.2,2,2,2,1,37.2,3,54.6,*,55.57,54.7,,003,150,,2023102580,(2.0),110,,0.1,先行,先行,38.90,470,-8,2.0,グランド牧場,新ひだか町,シニスターミニスター,ジェセニア,サウスヴィグラス,10,4,4,,(栗),斉藤崇史
未勝利,202602150802060102,"2026. 2.15",京都,タケルフォーカス,牡,3,古川吉洋, 57 ,10,７,ダ,1800,,良,1566,1.8,7,7,7,7,38.2,4,52.6,,55.57,54.7,,003,0,,2023106077,(27.9),,,0.7,後方,後方,39.20,430,0,27.9,チャンピオンズファーム,新ひだか町,サトノダイヤモンド,オスカーステージ,キングカメハメハ,10,2,2,,(栗),四位洋文
Ｇ３,202602150501061102,"2026. 2.15",東京,イージーライダー,牡,3,吉村誠之, 57 ,9,８,芝,1800,D,良,1465,1.0,,4,4,4,34.4,8,54.8,*,57.47,53.8,,N04,0,    0.0,2023102814,(138.0),,,0.9,先行,先行,36.05,468,+4,138.0,高橋フアーム,新ひだか町,キズナ,エセンテペ,Oratorio,9,2,2,*,(栗),杉山晴紀
未勝利,202602150501060501,"2026. 2.15",東京,ダノンオンザビート,牡,3,キング, 57 ,16,15,芝,1800,D,良,1502,2.4,,9,9,10,35.9,16,53.5,,58.10,56.2,,A03,0,,2023105369,(2.9),,,1.0,中団,中団,37.15,520,,2.9,グランド牧場,新ひだか町,キタサンブラック,エントロピア,"Mount Nelson",16,1,1,,(美),堀宣行
新馬,202602150501060314,"2026. 2.15",東京,バターショコラ,牝,3,岩田康誠, 55 ,16,４,ダ,1600,,良,1404,0.6,,,13,12,37.1,1,52.4,*,48.60,47.2,,003,98,,2023105240,(31.1),,,1.6,後方,追込,37.98,462,,31.1,社台ファーム,千歳市,マインドユアビスケッツ,ショコラトリー,ノヴェリスト,16,7,14,,(美),戸田博文
未勝利,202602150501060209,"2026. 2.15",東京,グランドスウェル,牡,3,杉原誠人, 57 ,13,11,ダ,2100,,良,2178,3.2,5,9,12,11,40.1,11,47.5,,51.23,50.6,,A03,0,,2023102833,(12.3),,,1.4,後方,後方,39.08,516,0,12.3,高橋陵,新ひだか町,サトノダイヤモンド,ホットスウェル,"Fusaichi Pegasus",13,6,9,,(美),畠山吉宏
1勝,202602141001071212,"2026. 2.14",小倉,シンゼンカガ,牡,4,丹内祐次, 57 ,15,１,芝,1800,B,良,1484,-0.3,6,6,4,3,35.0,3,54.9,*,54.43,53.1,,A03,820,,2022105345,240,140,2720,0.4,先行,先行,36.70,452,-8,2.4,社台ファーム,千歳市,トーセンラー,シアン,"Smart Strike",15,7,12,,(栗),荒川義之
1勝,202602141001071203,"2026. 2.14",小倉,ハレアカラフラ,牝,6,松若風馬, 56 ,15,３,芝,1800,B,良,1487,0.3,1,1,1,1,35.7,12,52.2,*,54.43,53.1,,A03,210,,2020103292,(22.9),640,,0.0,逃げ,逃げ,36.50,460,-6,22.9,ノーザンファーム,安平町,ラブリーデイ,オーキッドレイ,ディープインパクト,15,2,3,,(栗),吉田直弘
ＪＧ３,202602141001070804,"2026. 2.14",小倉,ブラックボイス,牡,7,坂口智康, 60 ,13,５,芝,3390,B,良,3514,1.6,3,4,4,4,13.7,,,,,,,A00,300,    0.0,2019105276,(50.1),,,,先行,先行,,522,-8,50.1,ノーザンファーム,安平町,ブラックタイド,ソングライティング,"Giant's Causeway",13,4,4,,(美),浅利英明
ＪＧ３,202602141001070802,"2026. 2.14",小倉,ローディアマント,セ,6,伴啓太, 60 ,13,13,芝,3390,B,良,4080,18.2,2,2,11,12,14.6,,,,,,,A00,0,    0.0,2020101429,(8.6),,,,後方,後方,,488,+4,8.6,クラウン日高牧場,日高町,サトノダイヤモンド,ブロッサムレーン,"New Approach",13,2,2,,(美),尾関知人
1勝,202602141001070711,"2026. 2.14",小倉,エイトスターズ,牝,6,吉田隼人, 56 ,16,６,ダ,1700,,良,1474,1.3,10,9,10,9,39.1,8,45.3,,45.73,42.7,牝,023,0,,2020103772,(48.9),,,1.5,中団,中団,37.25,490,+10,48.9,レイクヴィラファーム,洞爺湖町,ジャスタウェイ,インザスポットライト,"Exceed And Excel",16,6,11,,(栗),坂口智康
1勝,202602141001070709,"2026. 2.14",小倉,ココボロ,牝,5,土田真翔,53▲,16,16,ダ,1700,,良,1488,2.7,14,14,15,16,39.3,10,46.5,,45.73,42.7,牝,023,0,,2021106419,(316.0),,,2.7,後方,後方,37.91,518,-6,316.0,対馬正,新冠町,ビッグアーサー,シルクヴァルキリー,マーベラスサンデー,16,5,9,,(美),松山将樹
1勝,202602141001070609,"2026. 2.14",小倉,ハルオーブ,牡,6,今村聖奈,56◇,18,12,芝,1200,B,良,1087,0.6,,,13,16,34.9,7,46.8,*,45.47,40.2,,A03,0,,2020104732,(27.6),,,1.5,後方,後方,33.80,490,+8,27.6,藤沢牧場,新ひだか町,ディーマジェスティ,ハルダヨリ,ファルブラヴ,18,5,9,,(美),武井亮
1勝,202602141001070607,"2026. 2.14",小倉,レーヴドアンジュ,牝,4,横山琉人, 56 ,18,15,芝,1200,B,良,1092,1.1,,,16,17,35.2,10,46.6,,45.47,40.2,,A03,0,,2022110157,(159.3),,,1.7,後方,後方,34.00,414,-14,159.3,"Michael E. Pegram Paul Weitman & Karl Watson",米,"Maximum Security","Tiz Midnight","Midnight Lute",18,4,7,,(栗),河嶋宏樹
未勝利,202602141001070516,"2026. 2.14",小倉,ヒロイックヴァース,牡,3,小林脩斗, 57 ,18,６,芝,2000,B,良,2015,0.8,5,5,3,2,36.5,9,49.8,*,52.53,50.4,,003,0,,2023102418,(28.7),,,0.4,先行,先行,36.43,484,-2,28.7,岡田スタツド,新ひだか町,ベンバトル,ポップシンガー,スマートファルコン,18,8,16,,(美),浅利英明
3勝,202602140802051005,"2026. 2.14",京都,ドットクルー,牡,6,高杉吏麒, 58 ,16,４,芝,2000,B,良,2003,0.8,13,13,12,9,35.1,2,54.0,*,53.20,51.8,,A04,280,    0.0,2020101486,(37.3),,,1.1,中団,差し,36.51,476,0,37.3,佐々木牧場,日高町,ディーマジェスティ,スターオブロゼッタ,ロードカナロア,16,3,5,,(栗),笹田和秀
1勝,202602140802050707,"2026. 2.14",京都,ララバッカナール,牝,5,団野大成, 56 ,15,５,ダ,1400,,稍,1266,0.4,,,6,7,38.2,6,45.0,*,47.53,43.8,,A03,82,,2021107097,(8.4),,,0.5,中団,中団,36.30,468,-2,8.4,森永聡,新冠町,ヘニーヒューズ,ゴッドダンシング,ダンスインザダーク,15,4,7,*,(栗),佐藤悠太
1勝,202602140802050702,"2026. 2.14",京都,エイシンマールス,牡,4,松山弘平, 58 ,15,10,ダ,1400,,稍,1271,0.9,,,3,3,38.9,10,42.9,*,47.53,43.8,,A03,0,,2022102624,(3.5),,,0.3,先行,先行,36.15,464,-6,3.5,栄進牧場,浦河町,エイシンヒカリ,エーシンアマゾーン,ファルブラヴ,15,2,2,,(栗),今野貞一
未勝利,202602140802050617,"2026. 2.14",京都,モンシーク,牡,3,松山弘平, 57 ,17,３,芝,1800,B,良,1473,0.6,,,4,2,36.2,8,48.2,*,50.77,49.9,,A03,150,,2023105000,(2.6),110,,0.0,先行,先行,35.55,464,+2,2.6,三嶋牧場,浦河町,スクリーンヒーロー,エピックガール,ディープインパクト,17,8,17,,(栗),橋口慎介
未勝利,202602140802050604,"2026. 2.14",京都,メイショウプレマ,牝,3,太宰啓介, 55 ,17,８,芝,1800,B,良,1483,1.6,,,15,14,35.1,2,54.3,*,50.77,49.9,,A03,0,,2023101585,(43.4),,,2.1,後方,後方,36.60,476,,43.4,ヤナガワ牧場,日高町,リオンディーズ,ヒガシドリーム,ドリームジャーニー,17,2,4,,(栗),石橋守
未勝利,202602140802050415,"2026. 2.14",京都,ナブッコ,牡,3,西塚洸二, 57 ,16,９,ダ,1400,,稍,1274,2.2,,,12,12,38.1,3,47.0,*,44.23,44.9,,003,0,,2023104377,(36.5),,,1.7,後方,後方,36.98,484,-4,36.5,ノースヒルズ,新冠町,モーリス,ヴェルディアーナ,"Perfect Soul",16,8,15,,(栗),中竹和也
1勝,202602140501051212,"2026. 2.14",東京,モティスフォント,牡,4,キング, 58 ,16,16,芝,1600,D,良,1351,1.5,,,2,2,35.8,16,49.4,,56.10,52.8,,A03,0,,2022104953,(9.8),,,0.2,先行,先行,35.58,502,+8,9.8,ノーザンファーム,安平町,モーリス,バンゴール,キングカメハメハ,16,6,12,,(美),田村康仁
Ｇ３,202602140501051107,"2026. 2.14",東京,フェーダーローター,牝,3,原優介, 55 ,16,16,芝,1600,D,良,1349,2.3,,,2,3,36.1,16,47.7,,53.73,53.4,牝,N24,0,    0.0,2023106484,(346.4),,,0.2,先行,先行,35.28,442,-2,346.4,ビッグレッドファーム,新冠町,ベンバトル,リープフラウミルヒ,ステイゴールド,16,4,7,,(美),天間昭一
2勝,202602140501050905,"2026. 2.14",東京,ズイウンゴサイ,牡,5,大野拓弥, 58 ,8,７,芝,2400,D,良,2271,2.4,7,7,7,6,34.8,7,57.6,,61.17,58.5,,A04,0,    0.0,2021100597,(30.9),,,1.6,中団,中団,37.43,478,+4,30.9,エムエム、ヤマダファーム,浦河町,シュヴァルグラン,ブルーインザスカイ,チチカステナンゴ,8,5,5,,(美),武市康男
1勝,202602140501050704,"2026. 2.14",東京,グリオンヴール,牡,3,ルメール, 57 ,16,３,芝,1400,D,良,1219,0.0,,,7,6,33.7,5,57.3,*,58.03,55.1,,A04,210,,2023106883,(2.3),160,,0.4,中団,差し,36.15,482,+14,2.3,ノーザンファーム,安平町,エピファネイア,イーデンキー,"No Nay Never",16,2,4,,(美),宮田敬介
1勝,202602140501050711,"2026. 2.14",東京,シュペルリング,牡,3,津村明秀, 57 ,16,４,芝,1400,D,良,1220,0.1,,,15,15,33.0,1,61.4,*,58.03,55.1,,A04,120,,2023104450,(17.8),,,1.2,後方,追込,36.75,444,+16,17.8,ハシモトフアーム,新冠町,シスキン,ラプソディーア,ディープブリランテ,16,6,11,,(美),嘉藤貴行
1勝,202602140501050707,"2026. 2.14",東京,ベレーバスク,牝,3,武豊, 55 ,16,８,芝,1400,D,良,1222,0.3,,,5,4,34.1,10,55.8,*,58.03,55.1,,A04,0,,2023106477,(10.1),,,0.3,先行,先行,36.08,454,-2,10.1,ビッグレッドファーム,新冠町,ベンバトル,マイネサヴァラン,マンハッタンカフェ,16,4,7,,(美),清水英克
1勝,202602140501050705,"2026. 2.14",東京,シャオママル,牡,3,横山武史, 57 ,16,14,芝,1400,D,良,1227,0.8,,,9,9,34.3,11,55.8,*,58.03,55.1,,A04,0,,2023100776,(5.1),,,0.6,中団,中団,36.30,440,+8,5.1,木部ファーム,日高町,アルアイン,ジレーネ,キングカメハメハ,16,3,5,,(美),加藤士津
未勝利,202602140501050611,"2026. 2.14",東京,キコリータ,牝,3,柴田善臣, 55 ,16,８,芝,1800,D,良,1486,1.2,,16,16,16,33.6,1,61.6,*,58.93,58.4,牝,023,0,,2023103321,(86.0),,,1.5,後方,後方,37.50,416,0,86.0,社台ファーム,千歳市,レイデオロ,アルマンド,ディープインパクト,16,6,11,,(美),田中勝春
未勝利,202602140501050502,"2026. 2.14",東京,ヤマニンアレシス,牡,3,大野拓弥, 57 ,16,２,芝,1400,D,良,1225,0.0,,,8,8,33.6,3,59.2,*,59.23,55.9,,A03,240,,2023104357,(14.3),180,760,0.6,中団,差し,36.68,460,+4,14.3,錦岡牧場,新冠町,イスラボニータ,ヤマニンアストレア,キングカメハメハ,16,1,2,,(美),堀内岳志
1勝,202602140501050211,"2026. 2.14",東京,ソリッドベーシス,セ,4,木幡巧也, 57 ,16,15,ダ,2100,,良,2161,2.6,10,11,11,12,39.0,13,49.6,,53.10,52.0,,003,0,,2022105697,(99.9),,,1.2,後方,後方,38.84,498,+8,99.9,追分ファーム,安平町,ブリックスアンドモルタル,サイモンミラベル,ダイワメジャー,16,6,11,,(美),大和田成
未勝利,202602140501050101,"2026. 2.14",東京,ツクバヴァンガード,牡,3,横山武史, 57 ,16,３,ダ,1400,,良,1266,0.8,,,3,3,37.4,3,48.7,*,48.87,49.4,,003,150,,2023101037,(14.9),250,,0.3,先行,先行,36.90,480,+2,14.9,シンボリ牧場,日高町,リーチザクラウン,キャプテンガール,キャプテンスティーヴ,16,1,1,,(美),奥平雅士
未勝利,202602140501050115,"2026. 2.14",東京,スーホ,牡,3,荻野極, 57 ,16,９,ダ,1400,,良,1282,2.4,,,8,7,38.6,13,46.4,,48.87,49.4,,003,0,,2023107249,(30.1),,,0.7,中団,中団,37.20,494,0,30.1,ノーザンファーム,安平町,モーリス,マーブルケーキ,キングカメハメハ,16,8,15,,(美),上原佑紀
未勝利,202602140501050104,"2026. 2.14",東京,フォーエバーラブ,牡,3,上里直汰,54▲,16,12,ダ,1400,,良,1286,2.8,,,7,7,38.9,14,45.8,,48.87,49.4,,003,0,,2023102941,(100.5),,,0.8,中団,中団,37.28,456,-2,100.5,千代田牧場,新ひだか町,ミスターメロディ,プレシャスメイト,ステイゴールド,16,2,4,,(美),金成貴史
2勝,202602100802041202,"2026. 2.10",京都,クリノオリーブ,牝,5,永島まな,54◇,16,10,ダ,1200,,良,1135,1.0,,,14,12,36.9,4,49.2,*,46.10,42.3,,A03,0,,2021102259,(21.6),,,1.8,後方,後方,36.60,472,+4,21.6,横井哲,日高町,ニューイヤーズデイ,クリノラホール,ダイワメジャー,15,1,2,,(栗),谷潔
2勝,202602100802041205,"2026. 2.10",京都,アメリカンチケット,セ,5,松山弘平, 58 ,16,15,ダ,1200,,良,1159,3.4,,,3,8,40.6,15,36.9,,46.10,42.3,,A03,0,,2021110122,(11.5),,,0.5,中団,中団,35.30,508,+4,11.5,"Triemore Stud",米,Justify,"A Z Warrior",Bernardini,15,3,5,,(栗),藤原英昭
2勝,202602100802040813,"2026. 2.10",京都,インフローレ,牝,4,藤岡佑介, 56 ,13,８,芝,1200,B,良,1090,0.7,,,10,9,34.3,4,51.2,*,51.23,46.3,,A03,0,,2022102729,(42.1),,,1.2,後方,後方,34.70,444,+4,42.1,杵臼牧場,浦河町,リオンディーズ,キュイキュイ,ハービンジャー,13,8,13,,(栗),寺島良
2勝,202602100802040803,"2026. 2.10",京都,ガットネロ,牝,6,吉村誠之, 56 ,13,12,芝,1200,B,良,1102,1.9,,,7,6,35.9,12,45.5,,51.23,46.3,,A03,0,,2020105073,(42.6),,,0.8,中団,中団,34.30,494,-2,42.6,大狩部牧場,新冠町,アメリカンペイトリオット,ブラックシュガー,ブラックタイド,13,3,3,*,(栗),東田明士
新馬,202602100802040514,"2026. 2.10",京都,スマートティアナ,牝,3,浜中俊, 55 ,16,２,芝,1600,B,良,1374,0.5,,,6,7,34.3,3,60.4,*,60.33,59.0,,A03,260,,2023102225,(4.9),190,910,0.6,中団,差し,37.86,412,,4.9,三嶋牧場,浦河町,シルバーステート,スマートオーシャン,"Mr. Greeley",16,7,14,,(栗),石橋守
新馬,202602100802040504,"2026. 2.10",京都,リフルフォース,牝,3,北村友一, 55 ,16,６,芝,1600,B,良,1379,1.0,,,3,4,35.0,5,57.8,*,60.33,59.0,,A03,0,,2023105788,(4.2),,,0.4,先行,先行,37.74,468,,4.2,ケイアイファーム,新ひだか町,ロードカナロア,イトワズマジック,"War Front",16,2,4,,(栗),上村洋行
新馬,202602100802040509,"2026. 2.10",京都,ベイニーニャ,牝,3,池添謙一, 55 ,16,９,芝,1600,B,良,1386,1.7,,,6,4,35.6,10,56.2,,60.33,59.0,,A03,0,,2023105819,(13.6),,,0.5,先行,先行,37.80,484,,13.6,ケイアイファーム,新ひだか町,アドマイヤマーズ,ベイコート,ロードカナロア,16,5,9,,(栗),茶木太樹
1勝,202602100802040406,"2026. 2.10",京都,ビービーバザーク,牡,4,太宰啓介, 57 ,9,７,ダ,1800,,良,1575,2.7,4,5,8,8,39.3,4,49.5,,52.17,52.7,,003,0,,2022102397,(8.7),,,1.0,後方,後方,39.10,488,+8,8.7,坂東牧場,平取町,シニスターミニスター,カリビアンロマンス,コマンズ,9,6,6,,(栗),武幸四郎
未勝利,202602100802040309,"2026. 2.10",京都,アーガイルショア,牝,3,横山和生, 55 ,15,３,ダ,1400,,良,1271,0.1,,,5,4,38.3,2,45.6,*,45.00,43.6,牝,023,150,,2023103718,(2.3),120,,0.5,先行,先行,36.60,512,+8,2.3,追分ファーム,安平町,ナダル,ベルプラージュ,キングカメハメハ,14,5,9,,(栗),安田翔伍
未勝利,202602100802040306,"2026. 2.10",京都,ワンダーバリエンス,牝,3,永島まな,53◇,15,８,ダ,1400,,良,1281,1.1,,,8,8,38.7,7,45.7,,45.00,43.6,牝,023,0,,2023105196,(242.4),,,1.1,中団,中団,37.05,470,+2,242.4,藤春修二,浦河町,フィレンツェファイア,ワンダープリマ,デヒア,14,4,6,,(美),畠山吉宏
未勝利,202602100802040201,"2026. 2.10",京都,アンリミテッド,牡,3,西村淳也, 57 ,9,３,ダ,1800,,良,1582,2.4,2,2,2,2,40.0,5,47.7,*,51.83,53.6,,A03,150,,2023104417,(9.4),110,,0.1,先行,先行,39.10,502,-2,9.4,ノースヒルズ,新冠町,キズナ,ラルムドランジュ,Dansili,9,1,1,,(栗),高野友和
未勝利,202602100802040103,"2026. 2.10",京都,メイワキラリ,牡,3,鮫島良太, 57 ,16,14,ダ,1200,,良,1160,2.3,,,3,3,39.9,16,40.5,,48.17,45.0,,003,0,,2023103746,(25.5),,,0.2,先行,先行,36.10,474,-2,25.5,笹川大晃牧場,森町,ミスターメロディ,リュウメイ,コロナドズクエスト,16,2,3,,(栗),河嶋宏樹
1勝,202602100501041215,"2026. 2.10",東京,ライトニングゼウス,牡,5,佐藤翔馬,55▲,16,２,ダ,1300,,稍,1194,0.0,,,4,3,37.4,6,46.3,*,46.60,45.3,,003,330,,2021104058,(9.0),230,4950,0.2,先行,先行,36.00,520,+12,9.0,谷岡スタット,新ひだか町,ダンカーク,サクラナスカ,サクラバクシンオー,16,8,15,,(美),伊藤圭三
1勝,202602100501040904,"2026. 2.10",東京,オブラプリーマ,牝,3,佐々木大, 55 ,7,６,芝,2400,D,良,2291,1.0,4,5,6,6,34.5,6,60.7,*,62.97,62.3,,A04,0,    0.0,2023100237,(15.9),,,0.4,後方,後方,38.20,420,-8,15.9,土居牧場,新ひだか町,ヴァンゴッホ,マナローラ,ハーツクライ,7,4,4,,(美),上原佑紀
新馬,202602100501040509,"2026. 2.10",東京,ペアピーターソン,牡,3,岩田康誠, 57 ,16,６,芝,1600,D,良,1355,0.4,,,8,10,34.1,3,58.0,*,57.50,55.9,,003,0,,2023106404,(6.2),,,0.7,中団,中団,36.84,494,,6.2,三嶋牧場,平取町,アスクピーターパン,ミラクルアスク,ディープインパクト,16,5,9,,(栗),梅田智之
新馬,202602100501040503,"2026. 2.10",東京,ニットウエース,牡,3,武藤雅, 57 ,16,16,芝,1600,D,良,1373,2.2,,,2,2,36.5,16,49.9,,57.50,55.9,,003,0,,2023104977,(113.9),,,0.1,先行,先行,36.48,438,,113.9,日東牧場,浦河町,モズアスコット,ニットウムギ,ケイムホーム,16,2,3,*,(美),稲垣幸雄
新馬,202602100501040415,"2026. 2.10",東京,フェンリル,牡,3,菅原明良, 57 ,16,６,ダ,1600,,稍,1418,2.1,,,10,10,39.1,4,46.2,*,45.13,45.0,,A03,0,,2023106726,(7.2),,,1.6,中団,中団,37.62,500,,7.2,日高大洋牧場,日高町,ドレフォン,ユーブゴットイット,"Sea The Stars",16,8,15,*,(美),高木登
未勝利,202602100501040203,"2026. 2.10",東京,モロノカガヤキ,牡,3,津村明秀, 57 ,13,３,ダ,2100,,稍,2158,1.6,4,6,5,3,40.3,5,44.8,*,46.97,48.0,,003,150,,2023106060,(3.8),120,,0.2,先行,先行,38.20,484,0,3.8,チェスナットファーム,浦河町,ゴールドドリーム,グレイスキッパー,カレンブラックヒル,13,3,3,,(美),林徹
未勝利,202602100501040206,"2026. 2.10",東京,ブラックパロット,牡,3,長浜鴻緒,55△,13,５,ダ,2100,,稍,2161,1.9,9,9,10,9,39.6,3,47.5,*,46.97,48.0,,003,59,,2023107307,(19.7),,,1.2,後方,後方,38.60,526,+2,19.7,ノーザンファーム,安平町,アドマイヤマーズ,リアアントニア,"Rockport Harbor",13,5,6,,(美),国枝栄
1勝,202602081001061205,"2026. 2. 8",小倉,レインオンミー,牡,4,今村聖奈,56◇,18,11,芝,1200,A,良,1094,0.3,,,15,14,34.4,3,51.7,*,47.63,44.6,,003,0,,2022104117,(33.4),,,1.4,後方,後方,35.00,482,-2,33.4,千代田牧場,新ひだか町,リアルスティール,アルマリンピア,タイキシャトル,18,3,5,,(栗),福永祐一
1勝,202602081001061206,"2026. 2. 8",小倉,パリコレジェンヌ,牝,4,古川吉洋, 56 ,18,12,芝,1200,A,良,1096,0.5,,,12,11,34.9,9,49.4,*,47.63,44.6,,003,0,,2022104501,(16.6),,,1.1,中団,中団,34.70,472,+2,16.6,前谷牧場,新ひだか町,ミスターメロディ,ビオレイメル,ワイルドラッシュ,18,3,6,,(栗),鈴木孝志
1勝,202602081001061203,"2026. 2. 8",小倉,グランテレーズ,牝,5,鮫島克駿, 56 ,18,13,芝,1200,A,良,1096,0.5,,,5,6,35.3,11,47.2,*,47.63,44.6,,003,0,,2021102401,(8.7),,,0.7,中団,中団,34.30,456,+4,8.7,坂東牧場,平取町,シュヴァルグラン,アドマイヤテレサ,エリシオ,18,2,3,,(栗),渡辺薫彦
1勝,202602081001060909,"2026. 2. 8",小倉,トップアタック,牡,3,松若風馬, 57 ,15,14,芝,1200,A,良,1121,2.9,,,3,2,37.8,14,40.7,,50.87,47.7,,A04,0,    0.0,2023104528,(7.0),,,0.1,先行,先行,34.30,460,-2,7.0,細川農場,新冠町,サトノダイヤモンド,レッドアマルフィ,ロードカナロア,15,5,9,,(栗),小椋研介
1勝,202602081001060806,"2026. 2. 8",小倉,シャインバオバブ,牡,4,松本大輝, 57 ,16,８,芝,1800,A,良,1486,0.6,10,9,9,9,35.8,5,51.7,*,51.20,49.6,,002,0,,2022106180,(14.6),,,0.9,中団,中団,36.40,516,+8,14.6,川島牧場,新冠町,シルバーステート,レユシット,ルーラーシップ,16,3,6,,(栗),本田優
1勝,202602081001060805,"2026. 2. 8",小倉,サイモンイロハニー,牝,4,橋木太希,52▲,16,13,芝,1800,A,良,1493,1.3,15,15,13,13,36.2,7,51.0,,51.20,49.6,,002,0,,2022104164,(118.8),,,1.2,後方,後方,36.55,414,-8,118.8,千代田牧場,新ひだか町,ゴールドシップ,ブライテストリング,ダノンシャンティ,16,3,5,,(栗),谷潔
1勝,202602081001060713,"2026. 2. 8",小倉,ノーブルアクト,牝,6,水沼元輝,53▲,15,２,ダ,1700,,良,1471,0.2,7,5,4,4,37.8,3,50.0,*,50.47,48.5,牝,023,330,,2020104744,(6.3),200,1400,0.5,先行,先行,37.80,516,-2,6.3,フジワラフアーム,新ひだか町,マクフィ,クイーンロイド,ゼンノロブロイ,15,7,13,,(美),上原博之
1勝,202602081001060715,"2026. 2. 8",小倉,ココボロ,牝,5,土田真翔,53▲,15,13,ダ,1700,,良,1497,2.8,10,8,7,9,40.1,13,44.7,,50.47,48.5,牝,023,0,,2021106419,(156.2),,,0.8,中団,中団,37.96,524,-4,156.2,対馬正,新冠町,ビッグアーサー,シルクヴァルキリー,マーベラスサンデー,15,8,15,,(美),松山将樹
未勝利,202602081001060605,"2026. 2. 8",小倉,レジェルテ,牡,3,和田陽希,54▲,16,９,芝,1800,A,良,1508,1.0,9,9,12,12,35.9,4,54.3,*,53.87,53.4,,A03,0,,2023107303,(52.6),,,0.9,後方,後方,37.45,458,-2,52.6,ノーザンファーム,安平町,シュヴァルグラン,ラリズ,Bernstein,16,3,5,,(栗),杉山晴紀
未勝利,202602081001060613,"2026. 2. 8",小倉,ナムラオリガミ,牝,3,田山旺佑,52▲,16,11,芝,1800,A,良,1510,1.2,15,14,13,14,35.9,4,54.6,*,53.87,53.4,,A03,0,,2023106236,(22.1),,,1.1,後方,後方,37.55,446,-2,22.1,滝本健二,日高町,アルアイン,ナムラチヨガミ,ヨハネスブルグ,16,7,13,,(栗),高橋一哉
未勝利,202602081001060607,"2026. 2. 8",小倉,ショウナンライラ,牡,3,小沢大仁, 57 ,16,12,芝,1800,A,良,1513,1.5,12,11,13,12,36.2,9,53.7,,53.87,53.4,,A03,0,,2023100277,(61.2),,,1.1,後方,後方,37.55,468,-28,61.2,ヒサイファーム,新ひだか町,サートゥルナーリア,ブルーイリュージョン,Dubawi,16,4,7,,(栗),松下武士
1勝,202602081001060307,"2026. 2. 8",小倉,スターチスブーケ,牝,5,菊沢一樹, 56 ,14,９,ダ,1000,,良,1009,1.2,,,10,10,36.8,4,48.2,*,48.23,46.7,,A03,0,,2021110075,(31.9),,,0.7,中団,中団,36.15,510,+10,31.9,"Gerty Bloodstock",米,"Practical Joke","Sovereign Halo",Haynesfield,13,5,7,,(美),田中勝春
未勝利,202602081001060114,"2026. 2. 8",小倉,デルニエジョイ,牡,3,丹内祐次, 57 ,16,７,ダ,1700,,良,1492,1.7,8,8,8,5,40.8,8,41.4,,42.80,41.0,,003,0,,2023101973,(5.1),,,1.2,中団,中団,37.31,480,+22,5.1,浦河日成牧場,浦河町,シスキン,グランジョイ,ダンスインザダーク,16,7,14,,(栗),鈴木孝志
3勝,202602071001051116,"2026. 2. 7",小倉,ノーブルスカイ,牡,5,鮫島克駿, 54 ,16,５,ダ,1700,,良,1455,0.1,12,12,12,13,36.7,1,52.3,*,49.40,48.0,,A00,187,    0.0,2021102256,(12.0),,,1.1,後方,後方,37.53,490,+4,12.0,エトルタファーム,日高町,ネオユニヴァース,ホウショウワールド,"Sky Classic",16,8,16,,(栗),高柳大輔
3勝,202602071001051105,"2026. 2. 7",小倉,アイウィル,牡,5,丸山元気, 56 ,16,８,ダ,1700,,良,1457,0.3,4,4,4,5,37.7,11,48.4,*,49.40,48.0,,A00,0,    0.0,2021103502,(12.2),,,0.3,中団,中団,37.09,514,-2,12.2,岡田スタツド,新ひだか町,ドレフォン,ジュリーハーツ,ハーツクライ,16,3,5,,(美),高木登
1勝,202602071001050913,"2026. 2. 7",小倉,サミダレナイツ,牡,4,丹内祐次, 57 ,13,11,芝,2000,A,稍,2025,1.5,11,11,7,4,36.9,10,49.4,,53.03,51.2,,A00,0,    0.0,2022101605,(4.0),,,0.6,ﾏｸﾘ,ﾏｸﾘ,36.69,490,-2,4.0,竹島幸治,日高町,トーホウジャッカル,トーホウビスカヤ,ストリートセンス,13,8,13,,(栗),谷潔
1勝,202602071001050805,"2026. 2. 7",小倉,ブレイジングスター,牡,4,和田陽希,54▲,12,９,ダ,1700,,良,1466,1.4,5,5,7,9,37.8,6,49.3,,49.63,46.1,,000,0,,2022103644,(17.2),,,1.7,後方,後方,37.53,490,0,17.2,岡野牧場,新ひだか町,モーニン,ヴァーチュスター,"Symboli Kris S",12,5,5,,(栗),高橋康之
1勝,202602071001050704,"2026. 2. 7",小倉,フィオレストラーダ,牝,4,泉谷楓真, 55 ,18,13,芝,2000,A,稍,2026,1.3,12,12,13,17,36.8,11,49.9,,51.93,50.0,牝,020,0,,2022100626,(6.0),,,0.9,後方,後方,36.77,462,+4,6.0,ケイアイファーム,新ひだか町,エピファネイア,キャトルフィーユ,ディープインパクト,18,2,4,,(栗),杉山晴紀
1勝,202602071001050715,"2026. 2. 7",小倉,ルージュスティーズ,牝,4,森田誠也,52▲,18,16,芝,2000,A,稍,2030,1.7,9,9,11,13,37.3,13,48.5,,51.93,50.0,牝,020,0,,2022103063,(20.1),,,0.8,後方,後方,36.73,490,-6,20.1,富田牧場,浦河町,ハービンジャー,レッドコルディス,ハーツクライ,18,7,15,,(栗),斉藤崇史
未勝利,202602071001050604,"2026. 2. 7",小倉,ノヴァレジーナ,牝,3,柴田裕一,53△,18,６,芝,2000,A,稍,2019,1.4,12,12,12,9,36.5,6,50.3,,50.60,49.4,,002,0,,2023105587,(31.8),,,1.2,中団,中団,36.60,446,-2,31.8,岡野牧場,新ひだか町,アメリカンペイトリオット,ヴァーチュスター,"Symboli Kris S",18,2,4,,(栗),中尾秀正
未勝利,202602071001050617,"2026. 2. 7",小倉,ビケイムフリー,牝,3,河原田菜,51★,18,16,芝,2000,A,稍,2040,3.5,10,10,12,16,38.5,17,45.2,,50.60,49.4,,002,0,,2023104381,(160.4),,,1.3,後方,後方,36.64,412,-6,160.4,ノースヒルズ,新冠町,サートゥルナーリア,エレーデ,ディープインパクト,18,8,17,,(栗),吉村圭司
未勝利,202602071001050210,"2026. 2. 7",小倉,ノーブルクロンヌ,牝,3,松本大輝, 55 ,18,13,芝,1200,A,良,1102,1.3,,,8,8,36.1,12,44.5,,47.03,45.2,,000,0,,2023103657,(285.0),,,0.5,中団,中団,34.10,450,+2,285.0,上水牧場,むかわ町,フィエールマン,ステファニーラン,スウェプトオーヴァーボード,18,5,10,,(美),高柳瑞樹
OP(L),202602070802031002,"2026. 2. 7",京都,アドマイヤシュラ,牝,3,坂井瑠星, 55 ,9,４,芝,1600,B,良,1335,0.5,,,6,6,35.1,3,49.8,*,49.90,48.1,牝,N24,320,    0.0,2023106840,(3.0),,,0.7,中団,差し,35.04,434,+2,3.0,ノーザンファーム,安平町,エピファネイア,アドマイヤミヤビ,ハーツクライ,9,2,2,,(栗),友道康夫
3勝,202602070802030904,"2026. 2. 7",京都,イリフィ,牝,4,西村淳也, 54 ,16,４,ダ,1200,,良,1117,0.2,,,7,5,36.0,4,49.2,*,51.83,43.8,,A03,280,    0.0,2022110077,(12.4),,,1.1,中団,差し,35.70,422,-6,12.4,"Stonethorn Stud Farm Ltd.",愛,"Too Darn Hot",Trethias,"Invincible Spirit",16,2,4,,(栗),高野友和
3勝,202602070802030903,"2026. 2. 7",京都,エンヤラヴフェイス,牡,5,団野大成, 56 ,16,５,ダ,1200,,良,1118,0.3,,,14,14,35.3,2,53.4,*,51.83,43.8,,A03,187,    0.0,2021101737,(6.9),,,1.9,後方,後方,36.50,520,+8,6.9,チャンピオンズファーム,新ひだか町,エイシンヒカリ,タイキアプローズ,"Devil's Bag",16,2,3,,(栗),森田直行
3勝,202602070802030907,"2026. 2. 7",京都,パラサイコロジー,牝,4,吉村誠之, 54 ,16,10,ダ,1200,,良,1122,0.7,,,3,2,37.2,13,44.1,*,51.83,43.8,,A03,0,    0.0,2022104862,(3.4),,,0.4,先行,先行,35.00,484,-4,3.4,ノーザンファーム,安平町,モズアスコット,スペルオンミー,ダイワメジャー,16,4,7,,(美),新開幸一
1勝,202602070802030703,"2026. 2. 7",京都,ファーングロット,牡,4,北村友一, 57 ,9,１,芝,2400,B,良,2277,-0.1,2,2,2,2,33.7,2,62.8,*,62.93,61.5,,003,820,,2022105280,460,140,660,0.3,先行,先行,38.00,496,+10,4.6,社台ファーム,千歳市,キズナ,カウアイレーン,キングカメハメハ,9,3,3,,(栗),上村洋行
1勝,202602070802030604,"2026. 2. 7",京都,アスクケンタッキー,牡,3,坂井瑠星, 57 ,12,７,ダ,1400,,良,1262,0.9,,,1,1,39.2,9,39.9,*,44.03,42.0,,A03,0,,2023110100,(13.8),,,0.0,逃げ,逃げ,35.25,478,+8,13.8,"Bedouin Bloodstock LLC",米,"Good Magic",Entirely,"Point of Entry",12,4,4,,(栗),藤原英昭
未勝利,202602070802030506,"2026. 2. 7",京都,ミラキュラスアース,牝,3,西村淳也, 55 ,14,４,芝,1600,B,良,1353,0.1,,,2,3,35.8,5,49.7,*,52.17,49.6,牝,023,89,,2023107074,(6.3),,,0.1,先行,先行,35.70,480,+8,6.3,ノーザンファーム,安平町,ミスターメロディ,スピークソフトリー,アルカセット,14,4,6,,(栗),奥村豊
未勝利,202602070802030510,"2026. 2. 7",京都,ペプチドブッドレア,牝,3,ハマーハ, 55 ,14,５,芝,1600,B,良,1354,0.2,,,1,1,36.0,7,49.0,*,52.17,49.6,牝,023,59,,2023105720,(6.9),,,0.0,逃げ,逃げ,35.64,482,+10,6.9,木村牧場,日高町,イスラボニータ,ペプチドセマム,エンパイアメーカー,14,6,10,,(栗),吉村圭司
新馬,202602070802030409,"2026. 2. 7",京都,アキノビューティー,牝,3,鮫島良太, 55 ,16,３,ダ,1800,,良,1553,1.5,8,8,9,8,38.2,3,50.9,*,50.73,50.1,,A03,160,,2023100233,(16.4),480,,1.2,中団,差し,38.55,422,,16.4,土居牧場,新ひだか町,ゴールドドリーム,ジョーゲルダ,オペラハウス,16,5,9,,(栗),河嶋宏樹
新馬,202602070802030404,"2026. 2. 7",京都,ワンダーゾルダート,牡,3,川端海翼,54▲,16,６,ダ,1800,,良,1559,2.1,5,5,5,4,39.2,10,47.8,,50.73,50.1,,A03,0,,2023101714,(31.8),,,0.8,先行,先行,38.35,432,,31.8,高昭牧場,浦河町,ゴールドドリーム,クインズモモナ,エイシンフラッシュ,16,2,4,*,(栗),羽月友彦
未勝利,202602070802030301,"2026. 2. 7",京都,アニマレイ,牡,3,川田将雅, 57 ,14,２,ダ,1400,,良,1261,0.1,,,3,3,37.2,2,48.6,*,48.80,47.5,,003,240,,2023105279,(3.4),120,1620,0.3,先行,先行,36.68,468,-4,3.4,ノーザンファーム,安平町,ニューイヤーズデイ,ガルデルスリール,ダイワメジャー,14,1,1,,(栗),須貝尚介
未勝利,202602070802030107,"2026. 2. 7",京都,シエルブリエ,牡,3,高杉吏麒, 57 ,10,７,ダ,1800,,良,1573,2.0,8,9,9,7,40.8,7,43.8,,46.27,45.2,,003,0,,2023102187,(146.4),,,0.9,後方,後方,38.25,512,0,146.4,北光牧場,浦河町,アルアイン,アンジェルブ,Tiznow,10,7,7,,(栗),浜田多実
未勝利,202602070501030610,"2026. 2. 7",東京,コスモペンタス,牝,3,原優介, 55 ,16,13,芝,1600,D,良,1361,1.2,,,14,14,34.6,8,56.6,,57.23,53.6,,A03,0,,2023106482,(148.0),,,1.4,後方,後方,36.90,414,+4,148.0,ビッグレッドファーム,新冠町,ベンバトル,モエレカトリーナ,ゴールドヘイロー,16,5,10,*,(美),西田雄一
新馬,202602070501030509,"2026. 2. 7",東京,エイシンキーンラン,牝,3,江田照男, 55 ,16,９,芝,1800,D,良,1504,0.9,,4,7,9,35.0,7,57.7,*,59.37,57.3,,A03,0,,2023105530,(50.2),,,0.7,中団,中団,37.70,474,,50.2,織田正敏,新ひだか町,エイシンヒカリ,エイシンロード,ジャスタウェイ,16,5,9,,(美),田中剛
未勝利,202602070501030309,"2026. 2. 7",東京,ザンテソーロ,牡,3,原優介, 57 ,16,８,ダ,1600,,良,1414,1.9,,,12,11,38.2,7,49.3,,49.77,47.9,,A03,0,,2023106733,(50.8),,,1.5,後方,後方,37.92,450,+2,50.8,リョーケンファーム,日高町,オルフェーヴル,アオイテソーロ,ルーラーシップ,16,5,9,,(美),畠山吉宏
未勝利,202602070501030306,"2026. 2. 7",東京,ロードクローザー,牡,3,横山和生, 57 ,16,12,ダ,1600,,良,1424,2.9,,,4,4,40.1,15,43.2,,49.77,47.9,,A03,0,,2023105060,(2.4),,,0.6,先行,先行,37.38,522,-2,2.4,宮内牧場,浦河町,ナダル,バケットリスト,シンボリクリスエス,16,3,6,*,(美),田村康仁
2勝,202602011001041012,"2026. 2. 1",小倉,ハリウッドメモリー,牝,4,横山琉人, 56 ,15,２,芝,1200,A,良,1070,0.1,,,6,5,33.9,7,47.6,*,48.17,44.5,,A04,630,    9.6,2022100632,(10.6),280,1930,0.6,中団,差し,33.10,466,+2,10.6,ケイアイファーム,新ひだか町,ロードカナロア,スピニングワイルドキャット,"Hard Spun",15,7,12,,(栗),長谷川浩
2勝,202602011001041002,"2026. 2. 1",小倉,ヒーローインチーフ,セ,5,丹内祐次, 58 ,15,３,芝,1200,A,良,1070,0.1,,,12,12,33.1,1,52.4,*,48.17,44.5,,A04,400,    4.8,2021106661,(9.7),260,,1.4,後方,追込,33.90,448,+2,9.7,ハクツ牧場,新冠町,ディスクリートキャット,カクテルラウンジ,タニノギムレット,15,2,2,,(栗),吉田直弘
2勝,202602011001041007,"2026. 2. 1",小倉,ブルボンクイーン,牝,5,松若風馬, 56 ,15,８,芝,1200,A,良,1073,0.4,,,8,5,34.1,9,47.4,*,48.17,44.5,,A04,0,    0.0,2021100297,(29.9),,,0.7,中団,中団,33.20,490,0,29.9,土居牧場,新ひだか町,キズナ,セレブラール,ボストンハーバー,15,4,7,,(栗),角田晃一
2勝,202602011001041001,"2026. 2. 1",小倉,ミニョンマルーン,牝,4,黛弘人, 56 ,15,９,芝,1200,A,良,1073,0.4,,,3,3,34.5,11,45.1,*,48.17,44.5,,A04,0,    0.0,2022103151,(16.8),,,0.3,先行,先行,32.80,474,0,16.8,ビクトリーホースランチ,浦河町,ミスターメロディ,タイキマロン,ファスリエフ,15,1,1,,(美),伊藤圭三
1勝,202602011001040906,"2026. 2. 1",小倉,ダノンピクチャー,牡,4,舟山瑠泉, 57 ,11,２,芝,2600,A,良,2369,0.4,7,7,9,7,35.0,1,54.5,*,51.53,49.3,,A03,460,    8.0,2022104980,(23.2),360,8140,1.7,中団,差し,36.57,482,0,23.2,ノーザンファーム,安平町,ドゥラメンテ,ファイナルスコア,"Dylan Thomas",11,6,6,,(美),田中博康
1勝,202602011001040907,"2026. 2. 1",小倉,シャインフリーリー,牡,4,黛弘人, 57 ,11,４,芝,2600,A,良,2378,1.3,9,9,5,5,36.3,4,50.4,,51.53,49.3,,A03,170,    0.0,2022101495,(56.2),,,1.3,中団,差し,36.45,476,+8,56.2,白井牧場,日高町,ウインブライト,フィールフリーリー,アグネスタキオン,11,6,7,,(美),矢嶋大樹
1勝,202602011001040908,"2026. 2. 1",小倉,キングズトゥルー,牡,4,丹内祐次, 57 ,11,６,芝,2600,A,良,2380,1.5,11,11,4,3,36.8,8,48.8,,51.53,49.3,,A03,0,    0.0,2022103510,(3.7),,,1.0,ﾏｸﾘ,ﾏｸﾘ,36.36,454,+4,3.7,岡田スタツド,新ひだか町,ウインブライト,クイーンズトゥルー,キングカメハメハ,11,7,8,,(美),大竹正博
1勝,202602011001040910,"2026. 2. 1",小倉,ペリプルス,牡,6,丸山元気, 58 ,11,７,芝,2600,A,良,2382,1.7,5,6,5,7,36.7,7,49.3,,51.53,49.3,,A03,0,    0.0,2020105796,(42.2),,,1.3,中団,中団,36.45,448,-4,42.2,ビッグレッドファーム,新冠町,ゴールドシップ,マイネリベルタス,コンデュイット,11,8,10,,(美),佐藤吉勝
1勝,202602011001040911,"2026. 2. 1",小倉,ドマーネ,牝,4,国分恭介, 55 ,11,11,芝,2600,A,良,2390,2.5,6,4,5,5,37.5,10,47.2,,51.53,49.3,,A03,0,    0.0,2022103271,(4.8),,,1.3,中団,中団,36.45,436,+2,4.8,三嶋牧場,浦河町,ゴールドシップ,ランドネ,Blame,11,8,11,,(栗),辻野泰之
1勝,202602011001040804,"2026. 2. 1",小倉,シンゼンカガ,牡,4,松本大輝,56☆,13,５,芝,1800,A,良,1464,0.5,7,7,6,9,34.1,3,56.0,*,56.40,53.9,,002,82,,2022105345,(16.0),,,0.8,後方,後方,36.15,460,+12,16.0,社台ファーム,千歳市,トーセンラー,シアン,"Smart Strike",13,4,4,,(栗),荒川義之
1勝,202602011001040715,"2026. 2. 1",小倉,キャットテイル,牝,4,西塚洸二,54☆,15,１,ダ,1700,,良,1467,-0.3,2,2,2,2,38.1,5,48.2,*,49.17,47.8,牝,023,820,,2022101678,2490,560,12710,0.1,先行,先行,37.42,424,-2,24.9,ダーレー・ジャパン・ファーム,日高町,ディスクリートキャット,ピクシープリンセス,ディープインパクト,15,8,15,,(栗),野中賢二
1勝,202602011001040703,"2026. 2. 1",小倉,ノーブルアクト,牝,6,水沼元輝,53▲,15,５,ダ,1700,,良,1472,0.5,11,12,13,10,37.7,4,50.6,*,49.17,47.8,牝,023,82,,2020104744,(8.5),,,1.0,中団,中団,37.91,518,-4,8.5,フジワラフアーム,新ひだか町,マクフィ,クイーンロイド,ゼンノロブロイ,15,2,3,,(美),上原博之
未勝利,202602011001040617,"2026. 2. 1",小倉,パンチャマハブータ,牝,3,大久保友,52▲,18,13,芝,2000,A,良,2012,1.1,16,16,18,18,34.9,2,56.0,*,52.67,51.7,,003,0,,2023101404,(14.4),,,1.8,後方,後方,36.99,408,+2,14.4,碧雲牧場,日高町,アドマイヤマーズ,ツキノサバク,"Oasis Dream",18,8,17,,(栗),吉田直弘
新馬,202602011001040514,"2026. 2. 1",小倉,シャルマンナナ,牝,3,嶋田純次, 55 ,18,４,芝,1200,A,良,1093,0.7,,,2,2,35.1,8,47.4,*,49.93,48.8,,A03,98,,2023101483,(22.7),,,0.1,先行,先行,34.20,408,,22.7,前野牧場,日高町,モズアスコット,リノワールド,オルフェーヴル,18,7,14,,(美),矢嶋大樹
未勝利,202602011001040113,"2026. 2. 1",小倉,ナブッコ,牡,3,柴田裕一,55△,16,７,ダ,1700,,良,1489,1.8,2,3,2,2,39.9,11,44.3,,48.67,48.4,,A03,0,,2023104377,(69.6),,,0.1,先行,先行,37.64,488,-2,69.6,ノースヒルズ,新冠町,モーリス,ヴェルディアーナ,"Perfect Soul",16,7,13,,(栗),中竹和也
1勝,202602010802020605,"2026. 2. 1",京都,シュテフィ,牝,3,菱田裕二, 55 ,16,８,ダ,1400,,良,1264,0.9,,,11,12,37.7,4,46.9,*,45.83,43.8,牝,023,0,,2023105301,(173.8),,,1.2,後方,後方,36.53,452,-6,173.8,ノーザンファーム,安平町,ルヴァンスレーヴ,スプレンダークラン,ルーラーシップ,16,3,5,*,(栗),牧田和弥
未勝利,202602010802020513,"2026. 2. 1",京都,マイネルシュラハト,牡,3,森田誠也,54▲,13,５,芝,2000,B,良,2032,1.1,2,2,1,1,36.9,12,50.2,,58.00,53.3,,A03,59,,2023106436,(118.4),,,0.0,逃げ,逃げ,36.99,482,-4,118.4,ビッグレッドファーム,新冠町,ベンバトル,クードヴァン,ディープインパクト,13,8,13,,(美),畠山吉宏
未勝利,202602010802020506,"2026. 2. 1",京都,グッデイ,牝,3,秋山稔樹, 55 ,13,13,芝,2000,B,良,2055,3.4,1,1,2,5,38.5,13,46.8,,58.00,53.3,,A03,0,,2023106988,(235.5),,,0.7,逃げ,逃げ,37.29,432,+2,235.5,ノーザンファーム,安平町,フィエールマン,グランワルツ,ロードカナロア,13,5,6,,(栗),河嶋宏樹
未勝利,202602010802020302,"2026. 2. 1",京都,タケルフォーカス,牡,3,吉村誠之, 57 ,10,７,ダ,1900,,良,2036,2.3,6,6,8,6,39.2,5,49.4,,52.23,52.7,,003,0,,2023106077,(6.6),,,0.7,中団,中団,38.95,430,0,6.6,チャンピオンズファーム,新ひだか町,サトノダイヤモンド,オスカーステージ,キングカメハメハ,10,2,2,,(栗),四位洋文
未勝利,202602010802020202,"2026. 2. 1",京都,ザキノフレンズ,牡,3,団野大成, 57 ,15,３,ダ,1200,,良,1144,0.7,,,5,5,37.4,5,48.9,*,48.83,47.6,,A03,150,,2023104433,(85.9),1600,,0.6,中団,差し,37.00,506,+4,85.9,ハクレイファーム,新冠町,モーニン,ザデイ,シンボリクリスエス,15,2,2,*,(栗),東田明士
未勝利,202602010802020211,"2026. 2. 1",京都,ヒャクレツケン,牡,3,河原田菜,53★,15,５,ダ,1200,,良,1149,1.2,,,7,7,37.6,6,49.2,*,48.83,47.6,,A03,59,,2023106687,(278.0),,,0.9,中団,中団,37.30,462,+4,278.0,大狩部牧場,新冠町,タリスマニック,ペスカネラ,ブラックタイド,15,6,11,,(美),青木孝文
未勝利,202602010501021212,"2026. 2. 1",東京,アドマイヤフク,牝,3,戸崎圭太, 55 ,16,16,芝,1800,D,良,1514,4.6,,7,2,3,38.3,16,45.4,,57.60,57.1,,A03,0,,2023101048,(8.4),,,0.3,先行,先行,36.55,424,-4,8.4,スマイルファーム,日高町,アドマイヤマーズ,アドマイヤナイト,アドマイヤムーン,16,6,12,,(美),加藤征弘
新馬,202602010501020509,"2026. 2. 1",東京,ヤマニンアレシス,牡,3,小林脩斗, 57 ,16,４,芝,1600,D,良,1361,0.4,,,4,3,34.3,6,58.1,*,59.63,57.9,,A03,98,,2023104357,(66.5),,,0.3,先行,先行,37.08,456,,66.5,錦岡牧場,新冠町,イスラボニータ,ヤマニンアストレア,キングカメハメハ,16,5,9,,(美),堀内岳志
新馬,202602010501020505,"2026. 2. 1",東京,フェアリーキャット,牝,3,菅原隆一, 55 ,16,14,芝,1600,D,良,1373,1.6,,,6,7,35.3,15,55.4,,59.63,57.9,,A03,0,,2023104847,(195.7),,,0.5,中団,中団,37.20,432,,195.7,川越ファーム,浦河町,ディスクリートキャット,ファイアリーラヴ,パイロ,16,3,5,,(美),鈴木慎太
未勝利,202602010501020306,"2026. 2. 1",東京,イデアクリスタル,牝,3,横山和生, 55 ,16,４,ダ,1600,,良,1402,1.2,,,16,16,37.2,1,51.6,*,46.80,45.9,牝,023,89,,2023102033,(13.4),,,2.1,後方,追込,37.80,476,+4,13.4,グランデファーム,浦河町,ホークビル,トゥルヴァーユ,ダイワメジャー,16,3,6,,(美),小西一男
未勝利,202602010501020212,"2026. 2. 1",東京,グランドスウェル,牡,3,杉原誠人, 57 ,13,３,ダ,2100,,良,2162,1.5,9,8,11,11,39.2,2,49.0,*,49.87,47.8,,003,150,,2023102833,(32.6),380,,1.4,後方,追込,38.80,516,+4,32.6,高橋陵,新ひだか町,サトノダイヤモンド,ホットスウェル,"Fusaichi Pegasus",13,8,12,,(美),畠山吉宏
未勝利,202602010501020203,"2026. 2. 1",東京,ウインガネーシャ,牡,3,原優介, 57 ,13,10,ダ,2100,,良,2174,2.7,4,3,3,4,41.2,8,43.4,,49.87,47.8,,003,0,,2023105870,(38.1),,,0.6,先行,先行,38.48,472,+4,38.1,コスモヴューファーム,新冠町,ゴールドドリーム,ウインメディウム,ヘニーヒューズ,13,3,3,*,(美),高木登
未勝利,202602010501020111,"2026. 2. 1",東京,ニンジャトットリ,牡,3,木幡育也, 57 ,16,６,ダ,1400,,良,1271,1.7,,,3,3,38.6,7,44.2,,48.07,47.2,,A03,0,,2023106658,(22.9),,,0.3,先行,先行,36.38,470,+4,22.9,へいはた牧場,新ひだか町,ミッキーアイル,ディアデム,シンボリクリスエス,16,6,11,,(美),松永康利
2勝,202601311001030909,"2026. 1.31",小倉,スノーサイレンス,牝,4,鮫島克駿, 56 ,14,１,ダ,1000,,良,0592,-0.0,,,5,5,36.2,5,45.3,*,47.57,43.3,,A00,1580,   30.8,2022101675,320,160,1530,0.3,中団,差し,34.50,458,-6,3.2,ダーレー・ジャパン・ファーム,日高町,サンダースノー,ハッシュ,コマンズ,14,6,9,,(栗),小栗実
2勝,202601311001030902,"2026. 1.31",小倉,タミゼ,牝,5,和田陽希, 56 ,14,10,ダ,1000,,良,0598,0.6,,,8,7,36.4,7,46.4,*,47.57,43.3,,A00,0,    0.0,2021100650,(117.6),,,0.7,中団,中団,35.10,476,+4,117.6,笠松牧場,浦河町,リオンディーズ,フレンチトースト,フレンチデピュティ,14,2,2,,(栗),平田修
未勝利,202601311001030711,"2026. 1.31",小倉,ニシノシャルム,牝,3,野中悠太, 55 ,16,９,芝,1800,A,良,1476,0.8,12,12,11,11,36.1,4,49.0,*,49.27,47.1,,000,0,,2023105138,(264.2),,,1.0,後方,後方,35.75,426,-16,264.2,鮫川啓一,浦河町,キタサンブラック,チャームクォーク,クロフネ,16,6,11,,(美),栗田徹
未勝利,202601311001030714,"2026. 1.31",小倉,トルークマクト,牝,3,吉田隼人, 55 ,16,13,芝,1800,A,良,1482,1.4,16,16,15,13,36.3,9,49.0,,49.27,47.1,,000,0,,2023101088,(9.0),,,1.4,後方,後方,35.95,440,-4,9.0,タバタファーム,日高町,ドレフォン,エトピリカ,キングカメハメハ,16,7,14,,(栗),福永祐一
未勝利,202601311001030615,"2026. 1.31",小倉,コンフィアンサ,牝,3,西塚洸二,54☆,18,３,芝,1200,A,良,1085,0.0,,,1,1,34.8,10,46.8,*,51.57,46.8,,002,150,,2023102342,(26.4),800,,0.0,逃げ,逃げ,33.70,438,-2,26.4,上野正恵,新ひだか町,ミスターメロディ,ロマネクイーン,マイネルラヴ,18,7,15,,(美),菊川正達
未勝利,202601311001030206,"2026. 1.31",小倉,ウォーターコトノハ,牝,3,柴田裕一,53△,18,14,芝,2000,A,良,2013,1.5,8,9,11,14,36.2,11,50.7,,50.40,49.8,牝,020,0,,2023101666,(497.1),,,1.3,後方,後方,36.47,412,+6,497.1,王蔵牧場,浦河町,ゴールドアクター,ウォーターハミング,ハーツクライ,18,3,6,,(栗),岡田稲男
未勝利,202601311001030111,"2026. 1.31",小倉,サンライズロイ,牡,3,河原田菜,53★,14,11,ダ,1000,,良,1002,1.3,,,12,12,36.1,2,50.1,*,45.63,44.7,,000,0,,2023106556,(36.3),,,1.3,後方,後方,36.15,476,+12,36.3,ヤナガワ牧場,日高町,フォーウィールドライブ,サンデーローズ,ブライアンズタイム,14,7,11,,(栗),牧浦充徳
3勝,202601310802011105,"2026. 1.31",京都,モズカトレア,牝,4,団野大成, 55 ,13,９,ダ,1800,,良,1534,1.3,1,1,1,1,38.6,10,46.9,,50.03,50.3,牝,A24,0,    0.0,2022102123,(3.2),,,0.0,逃げ,逃げ,37.40,482,0,3.2,目黒牧場,日高町,モズアスコット,ビューティーモズ,ネオユニヴァース,13,4,5,,(栗),井上智史
2勝,202601310802010910,"2026. 1.31",京都,ハクサンアイリス,牡,4,岩田望来, 57 ,13,１,ダ,1400,,良,1252,-0.0,,,2,2,36.4,4,50.5,*,51.83,50.1,,A03,1580,   31.5,2022100328,440,180,2900,0.1,先行,先行,36.60,486,-2,4.4,中村雅明,浦河町,ハクサンムーン,キャメロンロード,デュランダル,13,7,10,,(栗),高橋一哉
未勝利,202601310802010606,"2026. 1.31",京都,アイルトン,牡,3,北村友一, 57 ,16,６,芝,1600,B,良,1356,0.5,,,12,11,35.5,3,51.6,*,50.83,48.5,,003,0,,2023102920,(10.3),,,1.0,後方,後方,36.06,502,0,10.3,千代田牧場,新ひだか町,ダノンスマッシュ,ダノングラシアス,マンハッタンカフェ,16,3,6,,(栗),佐々木晶
新馬,202601310802010505,"2026. 1.31",京都,シエルブリエ,牡,3,酒井学, 57 ,15,13,芝,2000,B,良,2056,2.2,11,11,13,13,35.6,10,58.3,,60.03,58.7,,A03,0,,2023102187,(153.9),,,1.5,後方,後方,38.57,512,,153.9,北光牧場,浦河町,アルアイン,アンジェルブ,Tiznow,15,3,5,,(栗),浜田多実
未勝利,202601310802010205,"2026. 1.31",京都,アーサーバローズ,牡,3,高杉吏麒, 57 ,9,３,ダ,1800,,良,1550,0.2,2,2,3,3,37.5,2,53.3,*,53.27,52.3,,003,150,,2023105468,(15.4),160,,0.4,先行,先行,38.75,500,0,15.4,静内フジカワ牧場,新ひだか町,キセキ,シーカーマ,"Exchange Rate",9,5,5,,(栗),寺島良
未勝利,202601310802010106,"2026. 1.31",京都,アーディアイリ,牝,3,高杉吏麒, 55 ,16,２,ダ,1200,,良,1136,0.8,,,2,2,36.7,5,50.5,*,50.83,51.7,牝,023,240,,2023102460,(3.5),110,320,0.2,先行,先行,36.90,438,+2,3.5,岡田牧場,新ひだか町,クリソベリル,オースミマコ,フレンチデピュティ,16,3,6,,(栗),緒方努
未勝利,202601310802010101,"2026. 1.31",京都,タマモビスケット,牝,3,国分優作, 55 ,16,４,ダ,1200,,良,1139,1.1,,,4,3,36.9,7,50.3,*,50.83,51.7,牝,023,89,,2023102448,(209.4),,,0.3,先行,先行,37.00,468,-2,209.4,岡田猛,新ひだか町,マインドユアビスケッツ,タマモサーティーン,ジョーカプチーノ,16,1,1,,(栗),中竹和也
未勝利,202601310802010105,"2026. 1.31",京都,ミスジェイド,牝,3,原優介, 55 ,16,８,ダ,1200,,良,1139,1.1,,,6,5,36.7,5,51.4,*,50.83,51.7,牝,023,0,,2023104199,(81.2),,,0.5,中団,中団,37.20,446,0,81.2,大栄牧場,新冠町,Blame,アッシャー,"Harlan's Holiday",16,3,5,,(栗),杉山佳明
1勝,202601310501011204,"2026. 1.31",東京,ピースヒロフェイス,牝,5,松山弘平, 56 ,12,５,芝,1800,D,良,1469,0.3,,7,10,11,33.2,2,61.0,*,58.67,56.3,,003,82,,2021105769,(75.3),,,1.2,後方,後方,36.85,470,+2,75.3,ノーザンファーム,安平町,サトノダイヤモンド,ペルヴィアンリリー,フレンチデピュティ,12,4,4,,(美),牧光二
1勝,202601310501011205,"2026. 1.31",東京,ポタリング,セ,4,江田照男, 57 ,12,６,芝,1800,D,良,1471,0.5,,4,6,7,33.8,5,58.4,*,58.67,56.3,,003,0,,2022101191,(75.8),,,0.8,中団,中団,36.65,444,+4,75.8,オリオンファーム,日高町,ノーブルミッション,ウインルキア,ディープインパクト,12,5,5,,(美),武藤善則
未勝利,202601310501010608,"2026. 1.31",東京,ダイユウヴェンティ,牝,3,菅原明良, 55 ,16,８,芝,1600,D,良,1345,1.1,,,10,10,34.7,3,53.4,*,52.63,51.5,,003,0,,2023105102,(27.8),,,1.1,中団,中団,35.88,434,+6,27.8,上山牧場,浦河町,サートゥルナーリア,クールアンフルール,サクラバクシンオー,16,4,8,,(美),松永康利
新馬,202601310501010516,"2026. 1.31",東京,アマンヘセル,牝,3,長浜鴻緒,53△,16,13,芝,1800,D,良,1495,1.3,,13,12,10,34.2,11,60.1,,61.23,61.0,,003,0,,2023102389,(15.3),,,0.7,中団,中団,37.65,470,,15.3,岡田スタツド,新ひだか町,キズナ,ティズトレメンダス,"Tiz Wonderful",16,8,16,,(美),蛯名正義
新馬,202601310501010410,"2026. 1.31",東京,デスサイズ,牡,3,石川裕紀, 57 ,16,２,ダ,1400,,良,1281,0.4,,,2,2,37.7,8,50.3,*,50.43,50.9,,003,260,,2023101085,(4.4),140,4040,0.1,先行,先行,37.80,466,,4.4,竹島幸治,日高町,シスキン,トーホウハニー,ステイゴールド,16,5,10,,(美),小手川準
新馬,202601310501010414,"2026. 1.31",東京,ガビーズメロディ,牡,3,吉田豊, 57 ,16,８,ダ,1400,,良,1292,1.5,,,10,11,37.3,4,54.4,*,50.43,50.9,,003,0,,2023106214,(38.7),,,1.6,後方,後方,38.93,470,,38.7,松浦牧場,新冠町,ミスターメロディ,アイナ,ステイゴールド,16,7,14,,(美),伊坂重信
未勝利,202601310501010305,"2026. 1.31",東京,ヴェントベローチェ,牡,3,木幡巧也, 57 ,15,11,ダ,1600,,良,1403,1.8,,,12,13,37.7,5,49.6,*,48.90,48.9,,003,0,,2023103133,(60.6),,,1.3,後方,後方,37.56,472,+8,60.6,藤沢牧場,新ひだか町,ダノンプレミアム,ケイココサージュ,ヘニーヒューズ,15,3,5,,(美),勢司和浩
1勝,202601251001021214,"2026. 1.25",小倉,ダノンピクチャー,牡,4,舟山瑠泉,54▲,14,９,芝,2000,A,良,2008,0.8,14,14,13,14,33.7,4,60.8,*,59.03,57.1,,A03,0,,2022104980,(18.6),,,1.4,後方,後方,37.33,482,+2,18.6,ノーザンファーム,安平町,ドゥラメンテ,ファイナルスコア,"Dylan Thomas",14,8,14,,(美),田中博康
2勝,202601251001021001,"2026. 1.25",小倉,アイウィル,牡,5,丹内祐次, 58 ,16,１,ダ,1700,,良,1458,-0.0,4,3,3,3,36.6,3,53.1,*,53.17,51.8,,A03,1580,   36.4,2021103502,850,250,4410,0.3,先行,先行,37.75,516,0,8.5,岡田スタツド,新ひだか町,ドレフォン,ジュリーハーツ,ハーツクライ,16,1,1,,(美),高木登
1勝,202601251001020901,"2026. 1.25",小倉,セイプリーズ,牝,4,松若風馬, 56 ,16,６,芝,1200,A,良,1078,0.7,,,10,11,33.5,4,52.4,*,48.67,45.1,,003,0,    0.0,2022105583,(6.2),,,1.6,後方,後方,34.30,436,-2,6.2,社台ファーム,千歳市,ダイワメジャー,レディトゥプリーズ,"More Than Ready",16,1,1,,(栗),宮徹
1勝,202601251001020810,"2026. 1.25",小倉,ミッドタウンナイト,牝,4,秋山稔樹, 55 ,16,９,芝,1800,A,良,1474,1.1,10,10,13,13,36.7,8,46.3,,48.07,45.6,牝,023,0,,2022105529,(38.2),,,0.9,後方,後方,35.35,488,+10,38.2,社台ファーム,千歳市,ブラックタイド,ミッドナイトフラッシュ,"Anabaa Blue",16,5,10,,(栗),河嶋宏樹
未勝利,202601251001020607,"2026. 1.25",小倉,ロードアマルフィ,牡,3,丹内祐次, 57 ,11,２,ダ,1700,,良,1466,0.3,1,1,1,1,37.6,2,50.1,*,50.07,50.9,,003,240,,2023105786,(1.5),110,630,0.0,逃げ,逃げ,37.64,522,+10,1.5,ケイアイファーム,新ひだか町,ルヴァンスレーヴ,アルセナーレ,クロフネ,11,6,7,,(栗),中村直也
未勝利,202601251001020609,"2026. 1.25",小倉,アニマレイ,牡,3,田山旺佑,54▲,11,３,ダ,1700,,良,1477,1.4,5,5,5,4,38.3,3,48.8,*,50.07,50.9,,003,150,,2023105279,(4.8),130,,0.4,先行,先行,37.85,472,-8,4.8,ノーザンファーム,安平町,ニューイヤーズデイ,ガルデルスリール,ダイワメジャー,11,7,9,,(栗),須貝尚介
新馬,202601251001020511,"2026. 1.25",小倉,レイナデルアイレ,牝,3,西塚洸二,54☆,18,12,芝,1200,A,良,1104,2.0,,,17,17,33.7,1,58.9,*,51.70,50.6,,A03,0,,2023103559,(72.6),,,2.4,後方,後方,36.70,424,,72.6,社台ファーム,千歳市,レイデオロ,マチカネハヤテ,サクラバクシンオー,18,6,11,,(美),矢嶋大樹
新馬,202601251001020510,"2026. 1.25",小倉,ファーヴニル,牝,3,中井裕二, 55 ,18,13,芝,1200,A,良,1105,2.1,,,16,16,34.1,4,56.7,*,51.70,50.6,,A03,0,,2023101691,(301.8),,,2.1,後方,後方,36.40,436,,301.8,ケンブリッジバレー,浦河町,ディスクリートキャット,ケンブリッジアロー,ブラックタイド,18,5,10,,(栗),千田輝彦
新馬,202601251001020504,"2026. 1.25",小倉,ピンクカメリア,牝,3,河原田菜,51★,18,14,芝,1200,A,良,1105,2.1,,,13,13,35.0,11,51.4,,51.70,50.6,,A03,0,,2023101229,(137.7),,,1.2,後方,後方,35.50,402,,137.7,ナカノファーム,日高町,リアルスティール,クリームヒルト,ノヴェリスト,18,2,4,,(栗),笹田和秀
未勝利,202601251001020403,"2026. 1.25",小倉,ヴェールランス,牡,7,五十嵐雄, 60 ,12,９,芝,2860,A,良,3149,4.5,7,6,6,6,13.6,,,,,,,000,0,,2019104767,(12.0),,,,中団,中団,,454,-6,12.0,社台ファーム,千歳市,キタサンブラック,ジュエラー,ヴィクトワールピサ,12,3,3,,(美),田村康仁
未勝利,202601251001020116,"2026. 1.25",小倉,ノーブルクロンヌ,牝,3,黛弘人, 55 ,16,15,ダ,1700,,良,1520,3.7,2,2,4,10,42.2,15,40.2,,47.43,47.3,牝,023,0,,2023103657,(91.4),,,0.4,中団,中団,38.07,448,+2,91.4,上水牧場,むかわ町,フィエールマン,ステファニーラン,スウェプトオーヴァーボード,16,8,16,,(美),高柳瑞樹
1勝,202601250801091207,"2026. 1.25",京都,スイッチビスケット,牡,4,酒井学, 57 ,9,７,芝,1800,A,良,1475,0.9,,,7,7,35.1,5,53.1,*,52.93,51.9,,A03,0,,2022106295,(223.7),,,0.9,後方,後方,36.20,474,0,223.7,シンユウフアーム,新冠町,サトノクラウン,ジュエルトウショウ,アグネスタキオン,9,7,7,,(栗),森田直行
1勝,202601250801090907,"2026. 1.25",京都,ジャストビート,牝,3,高杉吏麒, 55 ,9,６,芝,1600,A,良,1346,0.9,,,9,8,36.2,3,46.8,*,46.03,45.7,牝,024,0,    0.0,2023101090,(119.8),,,0.8,後方,後方,35.04,428,+2,119.8,タバタファーム,日高町,デクラレーションオブウォー,ステルス,ディープインパクト,9,7,7,,(栗),安達昭夫
1勝,202601250801090901,"2026. 1.25",京都,アンディムジーク,牝,3,鮫島克駿, 55 ,9,８,芝,1600,A,良,1351,1.4,,,8,8,36.7,8,45.5,,46.03,45.7,牝,024,0,    0.0,2023103797,(24.4),,,0.8,後方,後方,35.04,442,-4,24.4,社台コーポレーション白老ファーム,白老町,アドマイヤマーズ,ターフェルムジーク,ノヴェリスト,9,1,1,,(栗),渡辺薫彦
新馬,202601250801090517,"2026. 1.25",京都,グローリーバローズ,牡,3,西村淳也, 57 ,18,４,芝,1600,A,良,1363,0.4,,,9,9,34.9,3,55.6,*,53.60,52.5,,003,98,,2023105470,(22.0),,,0.9,中団,差し,36.84,444,,22.0,レイクヴィラファーム,洞爺湖町,サートゥルナーリア,サンドラバローズ,ディープインパクト,18,8,17,,(栗),辻野泰之
未勝利,202601250801090103,"2026. 1.25",京都,ジューンセクレタ,牡,3,高倉稜, 57 ,11,３,ダ,1800,,良,1562,0.1,2,1,1,1,37.7,4,54.1,*,54.87,54.4,,A03,150,,2023110029,(4.7),160,,0.0,逃げ,逃げ,39.25,510,-8,4.7,"Town & Country Farms LLC",米,"Maclean's Music","Bazinga Baby","Afleet Alex",11,3,3,,(栗),武英智
未勝利,202601250601091214,"2026. 1.25",中山,シャルムグリーン,牡,3,津村明秀, 57 ,16,２,芝,1600,C,良,1333,0.0,,5,5,4,34.9,2,50.4,*,49.70,47.7,,A03,240,,2023101459,(2.3),110,420,0.6,先行,先行,35.04,488,+2,2.3,本間牧場,日高町,スワーヴリチャード,ファータグリーン,タニノギムレット,16,7,14,,(美),相沢郁
未勝利,202601250601091209,"2026. 1.25",中山,カドドゥディエ,牝,3,遠藤汰月,52▲,16,５,芝,1600,C,良,1351,1.8,,7,12,10,36.0,5,48.5,*,49.70,47.7,,A03,59,,2023100812,(11.1),,,1.3,中団,中団,35.46,426,-2,11.1,クラウン日高牧場,日高町,クラウンレガーロ,マリノルシアーナ,エピファネイア,16,5,9,,(美),西田雄一
未勝利,202601250601091204,"2026. 1.25",中山,フェイスリフト,牡,3,原優介, 57 ,16,７,芝,1600,C,良,1353,2.0,,1,2,1,37.4,12,42.9,,49.70,47.7,,A03,0,,2023106605,(23.5),,,0.1,逃げ,逃げ,34.74,464,+8,23.5,ミルファーム,浦河町,フォーウィールドライブ,ポンポン,ブラックタイド,16,2,4,*,(美),嘉藤貴行
3勝,202601250601091014,"2026. 1.25",中山,フウセツ,牡,4,大野拓弥, 58 ,16,15,ダ,1200,,良,1129,1.4,,,2,2,39.0,16,36.9,,41.03,39.7,,A04,0,    0.0,2022101626,(6.8),,,0.1,先行,先行,33.90,498,+2,6.8,ダーレー・ジャパン・ファーム,日高町,サンダースノー,アプト,アドマイヤムーン,16,7,14,,(美),鈴木慎太
1勝,202601250601090614,"2026. 1.25",中山,プルメリアクヒオ,牡,5,長浜鴻緒,56△,15,９,ダ,1800,,良,1572,1.9,3,4,3,3,41.5,10,41.2,,46.83,44.1,,A03,0,,2021103208,(34.5),,,0.4,先行,先行,37.85,474,+18,34.5,まるとみ冨岡牧場,浦河町,ホッコータルマエ,プルメリアミコ,ケイムホーム,15,8,14,,(美),深山雅史
新馬,202601250601090415,"2026. 1.25",中山,エターナルホープ,牡,3,長浜鴻緒,55△,16,７,ダ,1800,,良,2000,1.4,13,12,12,11,40.1,2,49.6,*,47.70,47.1,,003,0,,2023102555,(113.2),,,1.6,後方,後方,39.95,516,,113.2,桑嶋峰雄,新ひだか町,エピカリス,サチノマリアージュ,サウスヴィグラス,16,8,15,,(美),鈴木慎太
1勝,202601241001011211,"2026. 1.24",小倉,ブレイジングスター,牡,4,和田陽希,54▲,15,12,ダ,1700,,良,1477,2.0,4,4,4,7,39.8,13,43.1,,47.07,46.8,,003,0,,2022103644,(9.9),,,0.3,中団,中団,37.04,490,+12,9.9,岡野牧場,新ひだか町,モーニン,ヴァーチュスター,"Symboli Kris S",15,6,11,*,(栗),高橋康之
1勝,202601241001010909,"2026. 1.24",小倉,トップアタック,牡,3,松山弘平, 57 ,12,６,芝,1200,A,良,1084,0.7,,,2,2,35.2,11,44.3,*,48.90,46.2,,A04,0,    0.0,2023104528,(2.1),,,0.0,先行,先行,33.20,462,+2,2.1,細川農場,新冠町,サトノダイヤモンド,レッドアマルフィ,ロードカナロア,12,7,9,,(栗),小椋研介
1勝,202601241001010713,"2026. 1.24",小倉,ペリプルス,牡,6,菊沢一樹, 58 ,15,10,芝,2600,A,良,2385,0.5,15,13,8,8,34.9,7,56.2,*,56.97,55.4,,003,0,,2020105796,(126.0),,,0.6,中団,中団,37.08,452,+2,126.0,ビッグレッドファーム,新冠町,ゴールドシップ,マイネリベルタス,コンデュイット,15,7,13,,(美),佐藤吉勝
未勝利,202601241001010504,"2026. 1.24",小倉,ファイツオン,牡,5,小牧加矢, 60 ,11,９,芝,2860,A,良,3260,11.6,10,10,9,9,14.4,,,,,,,A00,0,,2021100476,(21.6),,,,後方,後方,,506,-4,21.6,村上牧場,新ひだか町,アルアイン,ソラコマチ,サクラバクシンオー,11,4,4,,(栗),藤岡健一
未勝利,202601241001010214,"2026. 1.24",小倉,ベンティガオルサ,牡,3,松若風馬, 57 ,16,２,芝,1800,A,良,1464,0.3,10,12,2,2,34.7,5,53.3,*,54.40,53.3,,003,240,,2023101582,(11.4),190,1410,0.2,ﾏｸﾘ,ﾏｸﾘ,35.85,518,+18,11.4,ヤナガワ牧場,日高町,シルバーステート,テーオーメーテル,ゴールドアリュール,16,7,14,,(栗),清水久詞
未勝利,202601241001010107,"2026. 1.24",小倉,アーサーバローズ,牡,3,菊沢一樹, 57 ,10,９,ダ,1700,,良,1495,2.1,5,7,2,3,40.6,9,42.6,,47.20,47.2,,003,0,,2023105468,(22.6),,,0.1,ﾏｸﾘ,ﾏｸﾘ,37.58,500,+4,22.6,静内フジカワ牧場,新ひだか町,キセキ,シーカーマ,"Exchange Rate",10,7,7,,(栗),寺島良
3勝,202601240801081007,"2026. 1.24",京都,レーウィン,セ,5,高杉吏麒, 58 ,15,９,ダ,1900,,良,1599,0.7,8,8,4,4,37.3,11,52.2,*,53.47,52.1,,A04,0,    0.0,2021100734,(19.2),,,0.5,先行,先行,38.12,506,-4,19.2,高昭牧場,浦河町,ヘニーヒューズ,フジインザスカイ,ディープスカイ,15,4,7,,(栗),上村洋行
未勝利,202601240801080606,"2026. 1.24",京都,アンガーザガール,牝,3,角田大和, 55 ,17,２,芝,1400,A,良,1222,0.2,,,6,6,34.9,2,51.6,*,51.13,49.2,,A03,240,,2023106856,(21.0),460,2290,0.6,中団,差し,35.48,458,+2,21.0,ノーザンファーム,安平町,リオンディーズ,アンソロジー,サクラバクシンオー,17,3,6,,(栗),東田明士
未勝利,202601240801080610,"2026. 1.24",京都,ルナカカオ,牝,3,坂井瑠星, 55 ,17,11,芝,1400,A,良,1232,1.2,,,2,2,36.3,16,46.9,,51.13,49.2,,A03,0,,2023107432,(54.6),,,0.2,先行,先行,35.18,430,-4,54.6,モリナガファーム,日高町,モズアスコット,リボーン,ドゥラメンテ,17,5,10,,(栗),前川恭子
未勝利,202601240801080517,"2026. 1.24",京都,ブラックオリンピア,牡,3,川田将雅, 57 ,18,１,芝,2200,A,良,2155,-0.2,2,2,2,2,34.6,2,59.4,*,59.70,58.9,,A03,590,,2023107168,310,130,430,0.1,先行,先行,37.84,532,+16,3.1,ノーザンファーム,安平町,キタサンブラック,ピノ,Pierro,18,8,17,,(栗),友道康夫
1勝,202601240801080411,"2026. 1.24",京都,サリーチェ,牝,4,岩田望来, 55 ,16,16,ダ,1400,,良,1307,4.2,,,5,8,41.3,15,39.7,,50.67,47.1,牝,023,0,,2022104794,(26.0),,,0.6,中団,中団,37.05,490,+6,26.0,ノーザンファーム,安平町,ドゥラメンテ,サロミナ,Lomitas,16,6,11,,(栗),池添学
3勝,202601240601081108,"2026. 1.24",中山,ドットクルー,牡,6,キング, 55 ,18,14,芝,2000,C,良,1599,0.7,14,11,15,15,34.4,5,56.5,*,56.07,53.9,,A03,0,    0.0,2020101486,(6.7),,,1.1,後方,後方,36.64,476,+4,6.7,佐々木牧場,日高町,ディーマジェスティ,スターオブロゼッタ,ロードカナロア,18,4,8,,(栗),笹田和秀
1勝,202601240601080607,"2026. 1.24",中山,タイセツナヒ,牡,3,原優介, 57 ,13,８,ダ,1800,,良,1559,1.2,12,12,10,8,39.0,5,48.6,,48.47,48.6,,A03,0,,2023102352,(77.1),,,0.8,中団,中団,38.45,476,-4,77.1,岡田スタツド,新ひだか町,ホッコータルマエ,アイアムキャツアイ,アイルハヴアナザー,13,5,7,,(美),杉浦宏昭
未勝利,202601240601080517,"2026. 1.24",中山,ミッキーファルコン,牡,3,キング, 57 ,18,１,芝,2200,C,良,2120,-0.2,8,9,7,8,35.4,3,52.3,*,52.33,50.4,,003,590,,2023107259,380,200,4460,0.5,中団,差し,36.23,420,-6,3.8,ノーザンファーム,安平町,エピファネイア,ミッキークイーン,ディープインパクト,18,8,17,,(美),堀宣行
未勝利,202601240601080501,"2026. 1.24",中山,ベストブラザーズ,牡,3,木幡巧也, 57 ,18,７,芝,2200,C,良,2128,0.8,4,4,4,6,36.5,11,48.9,*,52.33,50.4,,003,0,,2023101087,(20.0),,,0.2,中団,中団,36.11,494,-4,20.0,竹島幸治,日高町,キセキ,トーホウロゼリア,ハーツクライ,18,1,1,,(美),辻哲英
未勝利,202601240601080402,"2026. 1.24",中山,サンタピア,牡,3,柴田大知, 57 ,15,12,ダ,1800,,良,1580,2.6,6,6,10,10,40.7,12,45.0,,46.93,46.1,,A03,0,,2023102804,(660.9),,,1.4,中団,中団,38.65,460,+8,660.9,タイヘイ牧場,新ひだか町,ルヴァンスレーヴ,ドリームバラード,タニノギムレット,15,2,2,,(美),松山将樹
新馬,202601240601080306,"2026. 1.24",中山,ターフクリスタル,牡,3,原優介, 57 ,16,16,ダ,1200,,良,1212,7.0,,,15,16,42.3,16,42.0,,45.57,44.2,,A03,0,,2023104958,(47.4),,,2.9,後方,後方,38.90,460,,47.4,中島牧場,浦河町,インカンテーション,シラヤマヒメ,サクラローレル,16,3,6,,(美),矢野英一
未勝利,202601240601080108,"2026. 1.24",中山,ワンダーバリエンス,牝,3,柴田大知, 55 ,16,９,ダ,1200,,良,1149,1.7,,,5,7,38.9,9,42.5,,45.57,45.7,牝,023,0,,2023105196,(506.2),,,0.2,中団,中団,36.00,468,-8,506.2,藤春修二,浦河町,フィレンツェファイア,ワンダープリマ,デヒア,16,4,8,,(美),畠山吉宏
1勝,202601180801071205,"2026. 1.18",京都,スイッチビスケット,牡,4,田山旺佑,54▲,11,外,芝,1600,A,良,----,----,,,,,,0,,,54.80,53.8,,003,0,,2022106295,,,,,,,,474,0,,シンユウフアーム,新冠町,サトノクラウン,ジュエルトウショウ,アグネスタキオン,8,5,5,,(栗),森田直行
2勝,202601180801071006,"2026. 1.18",京都,スマートカイロス,牡,4,坂井瑠星, 57 ,16,10,ダ,1800,,良,1545,0.9,3,5,6,6,37.7,11,51.9,*,54.37,51.9,,A03,0,    0.0,2022102735,(7.1),,,0.6,中団,中団,38.40,508,+4,7.1,杵臼牧場,浦河町,シニスターミニスター,スマートバベル,サウスヴィグラス,16,3,6,,(栗),矢作芳人
2勝,202601180801070905,"2026. 1.18",京都,エルサトアナ,牝,4,太宰啓介, 55 ,16,16,ダ,1400,,良,1284,3.8,,,2,2,41.2,16,35.9,,48.37,44.2,牝,023,0,    0.0,2022100933,(320.0),,,0.1,先行,先行,35.40,420,+6,320.0,三石川上牧場,新ひだか町,カリフォルニアクローム,クイーンハーツ,キングカメハメハ,16,3,5,,(栗),本田優
1勝,202601180801070809,"2026. 1.18",京都,ルージュスティーズ,牝,4,団野大成, 55 ,12,５,芝,2400,A,良,2274,0.8,6,5,3,2,36.5,8,51.3,*,54.83,52.4,,A03,82,,2022103063,(9.2),,,0.3,先行,先行,36.97,496,0,9.2,富田牧場,浦河町,ハービンジャー,レッドコルディス,ハーツクライ,12,7,9,,(栗),斉藤崇史
1勝,202601180801070805,"2026. 1.18",京都,サイモンイロハニー,牝,4,田口貫太, 55 ,12,10,芝,2400,A,良,2282,1.6,7,7,10,10,36.4,7,52.4,,54.83,52.4,,A03,0,,2022104164,(169.4),,,1.2,後方,後方,37.27,422,+2,169.4,千代田牧場,新ひだか町,ゴールドシップ,ブライテストリング,ダノンシャンティ,12,5,5,,(栗),谷潔
未勝利,202601180801070315,"2026. 1.18",京都,ジューンマーチ,牡,3,松若風馬, 57 ,16,８,ダ,1400,,良,1280,1.7,,,11,12,39.0,9,44.2,,44.63,43.6,,A03,0,,2023101848,(163.0),,,1.1,後方,後方,36.75,450,+4,163.0,ヒダカフアーム,浦河町,ミッキーアイル,ヒイナヅキ,トビーズコーナー,16,8,15,*,(栗),松下武士
未勝利,202601180801070204,"2026. 1.18",京都,アンリミテッド,牡,3,岩田望来, 57 ,12,６,ダ,1800,,良,1566,0.8,5,5,5,5,38.5,5,51.4,*,53.47,51.6,,A03,0,,2023104417,(3.5),,,0.5,中団,中団,39.05,504,+6,3.5,ノースヒルズ,新冠町,キズナ,ラルムドランジュ,Dansili,12,4,4,,(栗),高野友和
未勝利,202601180801070111,"2026. 1.18",京都,ミスジェイド,牝,3,長岡禎仁, 55 ,16,５,ダ,1200,,良,1145,1.0,,,6,6,37.2,7,50.3,*,50.20,49.2,牝,023,59,,2023104199,(142.0),,,0.7,中団,中団,37.30,446,+10,142.0,大栄牧場,新冠町,Blame,アッシャー,"Harlan's Holiday",16,6,11,,(栗),杉山佳明
未勝利,202601180801070112,"2026. 1.18",京都,クレスコフェーヴ,牝,3,中井裕二, 55 ,16,13,ダ,1200,,良,1153,1.8,,,6,6,38.0,13,48.2,,50.20,49.2,牝,023,0,,2023103829,(512.3),,,0.7,中団,中団,37.30,406,+4,512.3,青藍牧場,登別市,オルフェーヴル,ティイ,エイシンフラッシュ,16,6,12,,(栗),羽月友彦
未勝利,202601180801070108,"2026. 1.18",京都,タマモビスケット,牝,3,柴田裕一,53△,16,16,ダ,1200,,良,1161,2.6,,,3,6,39.1,15,44.6,,50.20,49.2,牝,023,0,,2023102448,(77.2),,,0.4,中団,中団,37.00,470,+6,77.2,岡田猛,新ひだか町,マインドユアビスケッツ,タマモサーティーン,ジョーカプチーノ,16,4,8,,(栗),中竹和也
未勝利,202601180601071202,"2026. 1.18",中山,ノーブルラホーヤ,牝,3,長浜鴻緒,53△,16,10,芝,1600,C,良,1352,1.0,,3,5,3,36.3,13,47.4,*,50.53,48.3,牝,023,0,,2023103195,(157.3),,,0.4,先行,先行,35.34,396,+14,157.3,藤原牧場,新ひだか町,ダノンキングリー,ラホーヤビーチ,タイキシャトル,16,1,2,*,(美),深山雅史
Ｇ３,202601180601071115,"2026. 1.18",中山,アクセス,牡,3,北村友一, 57 ,15,９,芝,2000,C,良,1599,0.6,8,9,7,8,34.7,8,55.2,*,56.00,54.5,,N04,0,    0.0,2023100947,(4.8),,,0.6,中団,中団,36.51,486,+6,4.8,下河辺牧場,日高町,キセキ,トリニティプレイス,マンハッタンカフェ,15,8,15,,(栗),上村洋行
Ｇ３,202601180601071105,"2026. 1.18",中山,ショウグンマサムネ,牡,3,荻野極, 57 ,15,13,芝,2000,C,良,2004,1.1,6,5,4,4,35.5,15,52.5,,56.00,54.5,,N04,0,    0.0,2023103897,(33.9),,,0.3,先行,先行,36.39,474,+2,33.9,レイクヴィラファーム,洞爺湖町,スワーヴリチャード,ナオミノユメ,ジャングルポケット,15,3,5,,(栗),佐藤悠太
2勝,202601180601070702,"2026. 1.18",中山,オールマイデイズ,牡,6,荻野極, 58 ,16,４,芝,2200,C,良,2150,0.5,5,5,5,8,34.1,7,61.0,*,60.67,60.8,,A04,180,,2020103718,(53.9),,,0.4,中団,差し,37.84,504,+2,53.9,ノーザンファーム,安平町,リアルスティール,ロザリンド,シンボリクリスエス,16,1,2,,(美),矢嶋大樹
2勝,202601180601070708,"2026. 1.18",中山,ズイウンゴサイ,牡,5,丸田恭介, 58 ,16,６,芝,2200,C,良,2152,0.7,16,16,15,11,33.6,1,63.4,*,60.67,60.8,,A04,0,,2021100597,(126.9),,,1.1,後方,後方,38.10,474,+2,126.9,エムエム、ヤマダファーム,浦河町,シュヴァルグラン,ブルーインザスカイ,チチカステナンゴ,16,4,8,,(美),武市康男
2勝,202601180601070716,"2026. 1.18",中山,セイウンパシュート,牡,6,杉原誠人, 58 ,16,15,芝,2200,C,良,2163,1.8,5,5,5,4,35.4,15,56.9,,60.67,60.8,,A04,0,,2020100233,(293.4),,,0.4,先行,先行,37.84,482,+8,293.4,田上徹,新ひだか町,ハーツクライ,シーソルティキッス,キングカメハメハ,16,8,16,,(美),上原博之
2勝,202601180601070713,"2026. 1.18",中山,ブラックボイス,牡,7,斎藤新, 58 ,16,16,芝,2200,C,良,2167,2.2,13,13,9,6,35.7,16,56.1,,60.67,60.8,,A04,0,,2019105276,(369.3),,,0.5,中団,中団,37.88,530,+4,369.3,ノーザンファーム,安平町,ブラックタイド,ソングライティング,"Giant's Causeway",16,7,13,,(美),浅利英明
未勝利,202601180601070107,"2026. 1.18",中山,ツクバヴァンガード,牡,3,内田博幸, 57 ,16,４,ダ,1200,,良,1137,0.6,,,1,2,40.2,10,33.3,*,37.83,34.6,,A03,89,,2023101037,(5.7),,,0.0,逃げ,逃げ,33.50,478,+6,5.7,シンボリ牧場,日高町,リーチザクラウン,キャプテンガール,キャプテンスティーヴ,16,4,7,,(美),奥平雅士
未勝利,202601180601070111,"2026. 1.18",中山,リナシタ,牝,3,丹内祐次, 55 ,16,10,ダ,1200,,良,1150,1.9,,,8,7,40.3,11,36.1,,37.83,34.6,,A03,0,,2023100290,(14.8),,,1.2,中団,中団,34.70,438,-4,14.8,広田牧場,新ひだか町,ダノンスマッシュ,エポキシ,ディープインパクト,16,6,11,,(美),清水英克
3勝,202601170801061113,"2026. 1.17",京都,ヴェロクオーレ,牝,5,高杉吏麒, 56 ,16,６,ダ,1400,,良,1250,1.1,,,1,2,37.3,13,45.9,,52.23,48.8,,A04,0,    0.0,2021101397,(4.3),,,0.0,逃げ,逃げ,35.78,480,+4,4.3,下河辺牧場,日高町,ドゥラメンテ,サトノジョリー,Bernardini,16,7,13,,(栗),石坂公一
1勝,202601170801060711,"2026. 1.17",京都,ザングウィル,牡,6,ハマーハ, 58 ,16,７,ダ,1400,,良,1259,0.9,,,10,9,36.6,5,51.0,*,50.87,49.2,,A03,0,,2020110051,(43.9),,,0.9,中団,中団,36.98,502,0,43.9,"J. Lenihan",愛,"Dandy Man",Zaaqya,Nayef,15,6,11,,(栗),佐藤悠太
未勝利,202601170801060502,"2026. 1.17",京都,パンチャマハブータ,牝,3,大久保友,52▲,18,４,芝,2000,A,良,2013,0.2,18,18,17,14,35.1,1,55.3,*,50.03,48.2,牝,023,89,,2023101404,(143.6),,,1.9,後方,追込,36.94,406,-8,143.6,碧雲牧場,日高町,アドマイヤマーズ,ツキノサバク,"Oasis Dream",18,1,2,,(栗),吉田直弘
未勝利,202601170801060505,"2026. 1.17",京都,ノヴァレジーナ,牝,3,柴田裕一,53△,18,６,芝,2000,A,良,2013,0.2,12,11,11,13,35.9,2,51.9,*,50.03,48.2,牝,023,0,,2023105587,(465.7),,,1.1,後方,後方,36.60,448,-2,465.7,岡野牧場,新ひだか町,アメリカンペイトリオット,ヴァーチュスター,"Symboli Kris S",18,3,5,,(栗),中尾秀正
未勝利,202601170801060306,"2026. 1.17",京都,アティラン,牝,3,川又賢治, 55 ,13,７,ダ,1900,,良,2041,2.0,5,5,5,5,39.7,9,48.1,,50.33,49.8,,003,0,,2023105641,(360.1),,,0.9,中団,中団,38.95,458,-8,360.1,笠松牧場,浦河町,ヴァンゴッホ,ジーニアル,キングカメハメハ,13,5,6,,(栗),寺島良
未勝利,202601170801060206,"2026. 1.17",京都,メイワキラリ,牡,3,鮫島良太, 57 ,16,４,ダ,1200,,良,1142,0.5,,,1,1,38.5,11,42.7,*,45.60,43.9,,003,89,,2023103746,(164.4),,,0.0,逃げ,逃げ,35.70,476,+10,164.4,笹川大晃牧場,森町,ミスターメロディ,リュウメイ,コロナドズクエスト,16,3,6,,(栗),河嶋宏樹
未勝利,202601170801060201,"2026. 1.17",京都,ザキノフレンズ,牡,3,松若風馬, 57 ,16,６,ダ,1200,,良,1143,0.6,,,6,6,37.9,7,46.0,*,45.60,43.9,,003,0,,2023104433,(482.0),,,0.7,中団,中団,36.40,502,-6,482.0,ハクレイファーム,新冠町,モーニン,ザデイ,シンボリクリスエス,16,1,1,,(栗),東田明士
未勝利,202601170801060202,"2026. 1.17",京都,ソニックブーム,牝,3,長岡禎仁, 55 ,16,12,ダ,1200,,良,1152,1.5,,,6,6,38.8,14,43.8,,45.60,43.9,,003,0,,2023102008,(18.1),,,0.7,中団,中団,36.40,458,+2,18.1,鎌田正嗣,浦河町,リアルスティール,ルソンデュレーヴ,キングカメハメハ,16,1,2,,(栗),杉山晴紀
2勝,202601170601061202,"2026. 1.17",中山,スムースベルベット,牝,6,嶋田純次, 56 ,16,３,芝,1200,C,良,1081,0.1,,,5,5,33.5,6,53.3,*,54.63,51.8,,A03,300,,2020106987,(23.0),450,,0.3,中団,差し,34.60,504,0,23.0,ミルファーム,浦河町,ディスクリートキャット,ローブドヴルール,サウスヴィグラス,16,1,2,,(美),南田美知
未勝利,202601170601060515,"2026. 1.17",中山,キリスパークル,牝,3,石橋脩, 55 ,18,12,芝,2000,C,良,2014,0.7,7,7,12,10,35.3,4,54.5,*,54.90,52.9,,A03,0,,2023100312,(323.9),,,0.9,中団,中団,36.90,432,-6,323.9,本桐牧場,新ひだか町,ディーマジェスティ,カエデ,タイキシャトル,18,7,15,,(美),勢司和浩
新馬,202601170601060314,"2026. 1.17",中山,インディヴァイン,牡,3,舟山瑠泉,54▲,16,２,ダ,1800,,良,1570,0.1,7,7,2,2,40.2,5,45.5,*,47.70,45.4,,A03,260,,2023107090,(4.8),210,3090,0.1,先行,先行,38.40,536,,4.8,ノーザンファーム,安平町,インディチャンプ,ソーディヴァイン,キンシャサノキセキ,16,7,14,*,(美),林徹
新馬,202601170601060306,"2026. 1.17",中山,モロノカガヤキ,牡,3,津村明秀, 57 ,16,３,ダ,1800,,良,1570,0.1,5,5,7,6,39.5,3,48.1,*,47.70,45.4,,A03,160,,2023106060,(11.3),340,,0.8,中団,差し,38.75,484,,11.3,チェスナットファーム,浦河町,ゴールドドリーム,グレイスキッパー,カレンブラックヒル,16,3,6,*,(美),林徹
新馬,202601170601060315,"2026. 1.17",中山,ロードクローザー,牡,3,横山和生, 57 ,16,４,ダ,1800,,良,1571,0.2,1,1,1,1,40.4,8,44.9,*,47.70,45.4,,A03,98,,2023105060,(3.8),,,0.0,逃げ,逃げ,38.35,524,,3.8,宮内牧場,浦河町,ナダル,バケットリスト,シンボリクリスエス,16,8,15,,(美),田村康仁
未勝利,202601170601060204,"2026. 1.17",中山,ブラックパロット,牡,3,内田博幸, 57 ,16,５,ダ,1800,,良,1580,2.5,12,12,12,11,40.3,3,46.4,*,45.17,45.8,,003,59,,2023107307,(18.0),,,1.8,後方,後方,38.85,524,-16,18.0,ノーザンファーム,安平町,アドマイヤマーズ,リアアントニア,"Rockport Harbor",16,2,4,,(美),国枝栄
未勝利,202601170601060202,"2026. 1.17",中山,ザンテソーロ,牡,3,原優介, 57 ,16,６,ダ,1800,,良,1582,2.7,4,4,5,6,41.7,8,41.7,,45.17,45.8,,003,0,,2023106733,(37.9),,,0.6,中団,中団,38.25,448,+2,37.9,リョーケンファーム,日高町,オルフェーヴル,アオイテソーロ,ルーラーシップ,16,1,2,,(美),畠山吉宏
未勝利,202601170601060214,"2026. 1.17",中山,ショウナンバーボン,牡,3,戸崎圭太, 57 ,16,９,ダ,1800,,良,1586,3.1,2,3,2,2,42.6,12,39.2,,45.17,45.8,,003,0,,2023106620,(5.0),,,0.1,先行,先行,38.00,464,+4,5.0,信岡牧場,浦河町,サートゥルナーリア,レッドアルジーヌ,ハーツクライ,16,7,14,,(美),加藤士津
未勝利,202601170601060114,"2026. 1.17",中山,エバーラスト,牡,3,石神深道,54▲,16,５,ダ,1200,,良,1140,1.0,,,5,7,39.0,6,39.7,*,40.37,39.1,,003,59,,2023104764,(4.2),,,0.6,中団,中団,35.00,498,+10,4.2,芳住鉄兵,新冠町,ミスターメロディ,インダルジミー,Shamardal,16,7,14,,(美),和田正一
Ｇ３,202601120801051107,"2026. 1.12",京都,カクウチ,牡,3,藤岡佑介, 57 ,16,11,芝,1600,A,良,1345,1.1,,,4,4,35.7,11,48.8,,53.73,49.7,,N04,0,    0.0,2023101405,(98.5),,,0.5,先行,先行,35.28,460,+8,98.5,碧雲牧場,日高町,アドマイヤマーズ,トウカイファイン,フレンチデピュティ,16,4,7,,(栗),小崎憲
1勝,202601120801050713,"2026. 1.12",京都,エイシンマールス,牡,4,松山弘平, 57 ,16,２,ダ,1400,,良,1252,0.1,,,5,5,36.5,6,50.1,*,50.17,48.4,,003,330,,2022102624,(8.2),280,3450,0.4,中団,差し,36.53,470,+2,8.2,栄進牧場,浦河町,エイシンヒカリ,エーシンアマゾーン,ファルブラヴ,16,7,13,,(栗),今野貞一
1勝,202601120801050716,"2026. 1.12",京都,セボンサデッセ,牡,4,菱田裕二, 57 ,16,４,ダ,1400,,良,1254,0.3,,,2,2,37.0,11,48.1,*,50.17,48.4,,003,120,,2022104903,(3.0),,,0.1,先行,先行,36.30,500,0,3.0,ノーザンファーム,安平町,ルヴァンスレーヴ,チャームクォーク,クロフネ,16,8,16,,(栗),橋口慎介
新馬,202601120801050505,"2026. 1.12",京都,ソルトアイリス,牝,3,藤岡佑介, 55 ,18,２,芝,1600,A,良,1368,0.9,,,8,10,34.9,3,56.4,*,57.40,55.3,,A03,260,,2023104169,(4.6),180,710,0.8,中団,差し,37.14,460,,4.6,隆栄牧場,新冠町,アドマイヤマーズ,ファインアイリス,ルーラーシップ,18,3,5,,(栗),四位洋文
新馬,202601120801050514,"2026. 1.12",京都,ルナカカオ,牝,3,北村友一, 55 ,18,４,芝,1600,A,良,1370,1.1,,,2,2,35.6,7,53.5,*,57.40,55.3,,A03,98,,2023107432,(38.5),,,0.3,先行,先行,36.84,434,,38.5,モリナガファーム,日高町,モズアスコット,リボーン,ドゥラメンテ,18,7,14,*,(栗),前川恭子
未勝利,202601120801050208,"2026. 1.12",京都,ロードステラート,牡,3,ルメール, 57 ,16,９,ダ,1800,,良,1567,2.4,2,2,1,1,40.6,11,43.7,,50.50,49.6,,003,0,,2023105838,(9.3),,,0.0,逃げ,逃げ,38.05,494,-6,9.3,ケイアイファーム,新ひだか町,キタサンブラック,ブリュネット,ダイワメジャー,16,4,8,,(栗),武英智
未勝利,202601120801050214,"2026. 1.12",京都,アイルトン,牡,3,団野大成, 57 ,16,13,ダ,1800,,良,1585,4.2,1,1,2,5,42.4,15,39.7,,50.50,49.6,,003,0,,2023102920,(42.6),,,0.0,逃げ,逃げ,38.05,502,-4,42.6,千代田牧場,新ひだか町,ダノンスマッシュ,ダノングラシアス,マンハッタンカフェ,16,7,14,,(栗),佐々木晶
1勝,202601120601051209,"2026. 1.12",中山,ピースヒロフェイス,牝,5,木幡巧也, 56 ,18,６,芝,2000,C,良,1595,0.3,10,10,12,7,34.4,3,56.0,*,54.93,53.5,,A03,0,,2021105769,(117.8),,,0.8,中団,中団,36.47,468,0,117.8,ノーザンファーム,安平町,サトノダイヤモンド,ペルヴィアンリリー,フレンチデピュティ,18,5,9,,(美),牧光二
1勝,202601120601051204,"2026. 1.12",中山,ビップチェイス,牡,5,荻野極, 58 ,18,14,芝,2000,C,良,2008,1.6,5,5,6,5,36.1,15,50.6,,54.93,53.5,,A03,0,,2021105763,(51.4),,,0.4,中団,中団,36.30,460,-4,51.4,ノーザンファーム,安平町,アルアイン,ベッラレイア,ナリタトップロード,18,2,4,,(美),田島俊明
3勝,202601120601051007,"2026. 1.12",中山,ゲキザル,牡,7,小林脩斗, 56 ,16,８,ダ,1200,,良,1116,1.3,,,12,11,36.2,5,47.8,*,44.47,41.0,,A03,0,    0.0,2019102102,(8.9),,,1.9,後方,後方,35.40,486,+2,8.9,広富牧場,日高町,ザファクター,トゥモローズライト,アフリート,16,4,7,,(美),青木孝文
3勝,202601120601051009,"2026. 1.12",中山,ビバップ,牡,5,荻野極, 55 ,16,16,ダ,1200,,良,1135,3.2,,,1,1,40.0,16,33.8,,44.47,41.0,,A03,0,    0.0,2021102700,(13.6),,,0.0,逃げ,逃げ,33.50,504,+12,13.6,杵臼斉藤牧場,浦河町,モーニン,カプリースレディー,ジャングルポケット,16,5,9,,(栗),清水久詞
1勝,202601120601050810,"2026. 1.12",中山,ヤマメライズ,牡,3,戸崎圭太, 57 ,11,８,芝,1200,C,良,1088,0.6,,,6,6,34.1,7,51.8,*,51.00,50.6,,A04,0,,2023105128,(27.1),,,0.5,中団,中団,34.70,422,-6,27.1,小島牧場,浦河町,サートゥルナーリア,ヴァルドワーズ,ダノンシャンティ,11,8,10,,(美),田島俊明
1勝,202601120601050811,"2026. 1.12",中山,コックオーヴァン,牝,3,松岡正海, 55 ,11,11,芝,1200,C,良,1093,1.1,,,6,6,34.6,11,50.3,,51.00,50.6,,A04,0,,2023106405,(130.0),,,0.5,中団,中団,34.70,452,-2,130.0,金石牧場,浦河町,ウインブライト,コスモミール,ヘクタープロテクター,11,8,11,,(美),伊藤伸一
未勝利,202601120601050404,"2026. 1.12",中山,シャンデルナゴル,牡,6,中村将之, 60 ,14,２,ダ,2880,,良,3154,0.2,2,2,4,3,13.6,,,,,,,A00,340,,2020103193,(2.5),130,2570,,先行,先行,,496,0,2.5,ノーザンファーム,安平町,サトノダイヤモンド,アガルタ,キングカメハメハ,14,3,4,,(栗),石坂公一
未勝利,202601120601050301,"2026. 1.12",中山,ジェイエルモーダル,牡,3,田辺裕信, 57 ,16,１,ダ,1800,,良,1562,-0.6,16,16,11,2,39.3,1,47.8,*,45.80,44.9,,003,590,,2023106313,1170,440,5340,0.8,ﾏｸﾘ,ﾏｸﾘ,38.45,456,-2,11.7,ナカノファーム,日高町,デクラレーションオブウォー,ジェイエルノブレス,ヨハネスブルグ,16,1,1,,(美),小西一男
未勝利,202601120601050104,"2026. 1.12",中山,ニンジャトットリ,牡,3,木幡育也, 57 ,16,４,ダ,1200,,良,1133,0.5,,,9,8,37.5,1,45.5,*,43.37,43.1,,003,89,,2023106658,(20.9),,,0.7,中団,差し,35.80,466,0,20.9,へいはた牧場,新ひだか町,ミッキーアイル,ディアデム,シンボリクリスエス,16,2,4,,(美),松永康利
未勝利,202601120601050112,"2026. 1.12",中山,ジーティーソレイユ,牝,3,杉原誠人, 55 ,16,６,ダ,1200,,良,1138,1.0,,,5,5,38.3,8,42.7,*,43.37,43.1,,003,0,,2023103728,(44.4),,,0.4,中団,中団,35.50,420,-4,44.4,追分ファーム,安平町,キタサンブラック,リメンバーユー,"Invincible Spirit",16,6,12,,(美),千葉直人
未勝利,202601110801041204,"2026. 1.11",京都,キミガスキダ,牝,3,松若風馬, 55 ,18,16,芝,1800,A,良,1525,3.3,,,11,12,36.9,17,52.4,,57.97,56.4,,A03,0,,2023100605,(232.0),,,1.3,中団,中団,37.80,428,-10,232.0,天羽牧場,日高町,ドレフォン,セシリア,アグネスタキオン,18,2,4,,(栗),牧田和弥
1勝,202601110801040704,"2026. 1.11",京都,サミダレナイツ,牡,4,岩田康誠, 57 ,14,５,芝,2000,A,良,2025,0.6,10,10,10,10,34.2,2,60.7,*,57.73,57.3,,003,82,,2022101605,(3.3),,,1.2,中団,中団,37.84,492,0,3.3,竹島幸治,日高町,トーホウジャッカル,トーホウビスカヤ,ストリートセンス,14,3,4,,(栗),谷潔
1勝,202601110801040708,"2026. 1.11",京都,テレプシコーラ,牝,4,団野大成, 55 ,14,14,芝,2000,A,良,2034,1.5,7,6,8,8,35.5,13,56.1,,57.73,57.3,,003,0,,2022100457,(33.5),,,0.8,中団,中団,37.67,412,-6,33.5,吉田ファーム,浦河町,ルーラーシップ,キスオンザグリーン,オルフェーヴル,14,5,8,,(栗),坂口智康
1勝,202601110801040508,"2026. 1.11",京都,エブリデイ,牡,3,高杉吏麒, 57 ,10,６,ダ,1400,,良,1276,0.6,,,8,7,37.5,3,50.2,*,48.83,47.6,,A03,0,,2023102902,(18.2),,,0.9,後方,後方,37.58,514,+12,18.2,千代田牧場,新ひだか町,フォーウィールドライブ,コハルビヨリ,マンハッタンカフェ,10,7,8,,(栗),北出成人
1勝,202601110801040509,"2026. 1.11",京都,シュテフィ,牝,3,吉村誠之, 55 ,10,８,ダ,1400,,良,1288,1.8,,,8,7,38.9,7,46.2,,48.83,47.6,,A03,0,,2023105301,(18.1),,,0.7,後方,後方,37.43,458,+12,18.1,ノーザンファーム,安平町,ルヴァンスレーヴ,スプレンダークラン,ルーラーシップ,10,8,9,,(栗),牧田和弥
未勝利,202601110801040314,"2026. 1.11",京都,アニマレイ,牡,3,川田将雅, 57 ,16,６,ダ,1400,,良,1274,1.3,,,3,2,39.2,9,42.2,,48.27,44.5,,A03,0,,2023105279,(4.3),,,0.2,先行,先行,36.15,480,-2,4.3,ノーザンファーム,安平町,ニューイヤーズデイ,ガルデルスリール,ダイワメジャー,16,7,14,,(栗),須貝尚介
未勝利,202601110801040312,"2026. 1.11",京都,サンオブザサン,牡,3,田山旺佑,54▲,16,７,ダ,1400,,良,1276,1.5,,,14,14,38.0,3,47.9,*,48.27,44.5,,A03,0,,2023101979,(165.7),,,1.6,後方,後方,37.20,504,+8,165.7,岡部雅樹,浦河町,タニノフランケル,ソレイユフルール,マツリダゴッホ,16,6,12,*,(栗),高橋一哉
未勝利,202601110801040304,"2026. 1.11",京都,メイショウサッソウ,牡,3,加藤祥太, 57 ,16,８,ダ,1400,,良,1279,1.8,,,7,10,39.1,8,43.6,,48.27,44.5,,A03,0,,2023101953,(20.5),,,0.8,中団,中団,36.60,428,+2,20.5,赤田牧場,浦河町,ダノンキングリー,メイショウヨソユキ,シニスターミニスター,16,2,4,,(栗),庄野靖志
新馬,202601110801040211,"2026. 1.11",京都,ルージュエテルナ,牝,3,岩田望来, 55 ,16,９,ダ,1800,,良,1572,2.0,1,1,1,1,42.1,16,39.2,,47.83,43.6,牝,023,0,,2023103330,(6.6),,,0.0,逃げ,逃げ,37.55,490,,6.6,社台ファーム,千歳市,エピファネイア,インデリブル,Tiznow,16,6,11,,(栗),友道康夫
新馬,202601110801040208,"2026. 1.11",京都,アティラン,牝,3,川又賢治, 55 ,16,14,ダ,1800,,良,1579,2.7,11,13,13,14,40.8,10,44.5,,47.83,43.6,牝,023,0,,2023105641,(203.2),,,2.0,後方,後方,38.55,466,,203.2,笠松牧場,浦河町,ヴァンゴッホ,ジーニアル,キングカメハメハ,16,4,8,,(栗),寺島良
2勝,202601110601041212,"2026. 1.11",中山,スプランドゥール,牡,5,石神深道,55▲,16,１,ダ,1200,,良,1109,-0.2,,,13,12,36.0,1,46.9,*,41.80,37.6,,003,1190,,2021100623,2640,540,4440,1.8,後方,追込,34.90,472,-6,26.4,荻伏服部牧場,浦河町,シルバーステート,チェリーシェル,サクラバクシンオー,16,6,12,,(美),和田雄二
2勝,202601110601041214,"2026. 1.11",中山,スノーサイレンス,牝,4,西村淳也, 56 ,16,４,ダ,1200,,良,1118,0.9,,,2,2,38.6,13,36.0,*,41.80,37.6,,003,180,,2022101675,(3.8),,,0.1,先行,先行,33.20,464,-2,3.8,ダーレー・ジャパン・ファーム,日高町,サンダースノー,ハッシュ,コマンズ,16,7,14,,(栗),小栗実
未勝利,202601110601040606,"2026. 1.11",中山,グランドスウェル,牡,3,丸田恭介, 57 ,18,11,芝,2200,C,良,2150,1.2,9,11,13,11,36.2,8,52.3,,51.73,51.5,,A03,0,,2023102833,(165.8),,,1.1,中団,中団,37.05,512,+8,165.8,高橋陵,新ひだか町,サトノダイヤモンド,ホットスウェル,"Fusaichi Pegasus",17,3,6,,(美),畠山吉宏
新馬,202601110601040515,"2026. 1.11",中山,ウインガネーシャ,牡,3,菊沢一樹, 57 ,16,７,ダ,1800,,良,1574,1.5,6,4,7,6,39.5,7,48.6,,50.23,50.5,,003,0,,2023105870,(65.4),,,0.5,中団,中団,38.95,468,,65.4,コスモヴューファーム,新冠町,ゴールドドリーム,ウインメディウム,ヘニーヒューズ,16,8,15,*,(美),高木登
新馬,202601110601040503,"2026. 1.11",中山,パワポケグッド,牡,3,小林凌大, 57 ,16,９,ダ,1800,,良,1583,2.4,7,7,8,8,40.2,8,47.1,,50.23,50.5,,003,0,,2023106198,(171.8),,,0.7,中団,中団,39.05,430,,171.8,HARUNOファーム,浦河町,インカンテーション,パワポケエリ,ローエングリン,16,2,3,,(美),大和田成
1勝,202601110601040404,"2026. 1.11",中山,モンサンゴールデン,牡,3,柴田裕一,55△,16,８,ダ,1200,,良,1141,2.0,,,2,2,39.2,11,39.0,,43.63,43.3,,A04,0,,2023104044,(4.8),,,0.1,先行,先行,34.90,470,-4,4.8,川島牧場,新冠町,シルバーステート,ウインアンジェラス,Bertolini,16,2,4,,(栗),中竹和也
未勝利,202601110601040212,"2026. 1.11",中山,イデアクリスタル,牝,3,横山和生, 55 ,16,６,ダ,1800,,良,1589,2.0,16,16,9,7,40.5,6,46.8,,48.70,49.1,牝,023,0,,2023102033,(3.7),,,0.7,中団,中団,39.20,472,-6,3.7,グランデファーム,浦河町,ホークビル,トゥルヴァーユ,ダイワメジャー,16,6,12,,(美),小西一男
未勝利,202601110601040110,"2026. 1.11",中山,ショウナンタヅナ,牡,3,荻野極, 57 ,16,10,ダ,1200,,良,1156,1.7,,,15,14,37.3,1,52.7,*,43.53,44.0,,003,0,,2023100531,(11.3),,,2.5,後方,後方,38.30,466,-2,11.3,二風谷ファーム,平取町,ドレフォン,ウインフロレゾン,フジキセキ,16,5,10,,(美),武市康男
2勝,202601100801031003,"2026. 1.10",京都,モズトキキ,牝,5,和田陽希, 54 ,18,10,芝,1200,A,良,1086,1.2,,,8,8,34.1,11,51.2,,50.10,50.0,,A03,0,    0.0,2021102914,(42.1),,,0.8,中団,中団,34.50,560,-2,42.1,谷川牧場,浦河町,グランプリボス,モズジャカランダ,Congrats,18,2,3,,(栗),平田修
2勝,202601100801030904,"2026. 1.10",京都,モズカトレア,牝,4,坂井瑠星, 55 ,8,１,ダ,1800,,良,1525,-0.8,1,1,1,1,37.5,1,50.0,*,50.50,50.0,牝,023,1580,   19.6,2022102123,130,110,240,0.0,逃げ,逃げ,37.50,482,-6,1.3,目黒牧場,日高町,モズアスコット,ビューティーモズ,ネオユニヴァース,8,4,4,,(栗),井上智史
1勝,202601100801030702,"2026. 1.10",京都,ミルミナーヴァ,牝,5,和田陽希,53▲,15,止,ダ,1200,,良,----,----,,,,,,0,,,51.40,47.5,,A03,0,,2021106332,(14.3),,,,,,,486,+2,14.3,高瀬牧場,新冠町,ヘニーヒューズ,ランミネルバ,アグネスタキオン,15,2,2,*,(栗),西園正都
未勝利,202601100801030610,"2026. 1.10",京都,フローマジック,牝,3,吉田隼人, 55 ,18,７,芝,2400,A,良,2278,0.6,6,6,7,6,35.6,5,55.1,*,55.20,54.5,,003,0,,2023105252,(12.2),,,0.6,中団,中団,37.40,456,-2,12.2,社台ファーム,千歳市,リアルスティール,メジャーマジック,ダイワメジャー,18,5,10,,(栗),辻野泰之
未勝利,202601100801030518,"2026. 1.10",京都,ビケイムフリー,牝,3,吉村誠之, 55 ,18,18,芝,1600,A,良,1387,3.5,,,16,16,38.0,16,45.8,,51.70,50.4,牝,023,0,,2023104381,(172.4),,,1.1,後方,後方,36.42,418,+12,172.4,ノースヒルズ,新冠町,サートゥルナーリア,エレーデ,ディープインパクト,18,8,18,,(栗),吉村圭司
1勝,202601100801030409,"2026. 1.10",京都,インシオン,牡,3,坂井瑠星, 57 ,11,10,ダ,1800,,良,1561,2.3,2,3,3,4,38.5,9,50.8,,56.77,55.9,,003,0,,2023107203,(28.0),,,0.3,先行,先行,38.80,504,0,28.0,ノーザンファーム,安平町,ドレフォン,プラウドスペル,"Proud Citizen",11,7,9,,(栗),藤原英昭
未勝利,202601100801030211,"2026. 1.10",京都,ポップアップ,セ,3,小崎綾也, 57 ,14,８,ダ,1900,,良,2037,1.1,11,10,10,11,38.5,8,52.1,,52.70,50.8,,A03,0,,2023105444,(62.2),,,1.1,後方,後方,39.32,488,+12,62.2,白井牧場,日高町,ロジャーバローズ,ネガイ,ルーラーシップ,14,7,11,,(栗),寺島良
1勝,202601100601030907,"2026. 1.10",中山,ハイライトニング,牡,3,横山和生, 57 ,10,７,ダ,1800,,良,1556,1.5,1,1,3,3,40.3,8,43.4,,46.53,46.3,,A03,0,    0.0,2023105381,(33.4),,,0.2,逃げ,逃げ,37.65,478,0,33.4,千代田牧場,新ひだか町,リアルスティール,マニクール,ヘニーヒューズ,10,7,7,,(美),嘉藤貴行
2勝,202601100601030806,"2026. 1.10",中山,スマートカイロス,牡,4,古川奈穂,54▲,13,６,ダ,1800,,良,1549,1.2,3,4,6,8,38.4,9,49.6,,50.93,50.8,,A03,0,,2022102735,(4.5),,,0.5,中団,中団,38.25,504,-4,4.5,杵臼牧場,浦河町,シニスターミニスター,スマートバベル,サウスヴィグラス,13,5,6,,(栗),矢作芳人
2勝,202601100601030805,"2026. 1.10",中山,トルショー,牡,4,長浜鴻緒,55△,13,９,ダ,1800,,良,1551,1.4,13,12,3,2,38.9,11,47.9,,50.93,50.8,,A03,0,,2022103766,(18.2),,,0.2,ﾏｸﾘ,ﾏｸﾘ,38.10,470,+8,18.2,グランド牧場,新ひだか町,シニスターミニスター,ハヤブサエミネンス,"Medaglia d'Oro",13,4,5,,(美),伊藤圭三
未勝利,202601100601030713,"2026. 1.10",中山,シャルムグリーン,牡,3,津村明秀, 57 ,16,２,芝,1600,C,良,1341,0.1,,5,5,3,34.4,3,54.1,*,54.20,52.5,,003,240,,2023101459,(4.1),140,510,0.4,先行,先行,35.82,486,0,4.1,本間牧場,日高町,スワーヴリチャード,ファータグリーン,タニノギムレット,16,7,13,,(美),相沢郁
未勝利,202601100601030712,"2026. 1.10",中山,カドドゥディエ,牝,3,遠藤汰月,52▲,16,４,芝,1600,C,良,1347,0.7,,13,14,13,33.9,1,57.6,*,54.20,52.5,,003,89,,2023100812,(170.1),,,1.5,後方,追込,36.48,428,+2,170.1,クラウン日高牧場,日高町,クラウンレガーロ,マリノルシアーナ,エピファネイア,16,6,12,,(美),西田雄一
1勝,202601100601030606,"2026. 1.10",中山,プロスペクトパーク,牡,4,荻野極, 57 ,16,６,ダ,1800,,良,1551,0.8,1,1,1,1,39.5,9,45.7,*,48.63,47.7,,003,0,,2022105548,(5.8),,,0.0,逃げ,逃げ,37.80,502,+2,5.8,社台ファーム,千歳市,キズナ,ラブリーベルナデット,Wilburn,16,3,6,,(美),高柳瑞樹
1勝,202601100601030603,"2026. 1.10",中山,タリスマン,牡,5,伊藤工真, 58 ,16,８,ダ,1800,,良,1554,1.1,6,6,8,6,39.1,7,47.6,,48.63,47.7,,003,0,,2021104618,(130.9),,,0.7,中団,中団,38.15,478,0,130.9,リトルブルーファーム,清水町,タリスマニック,クロエチャン,スパイキュール,16,2,3,,(美),金成貴史
新馬,202601100601030506,"2026. 1.10",中山,バルドル,牡,3,原優介, 57 ,15,６,芝,2000,C,良,2035,1.3,8,7,7,7,35.6,5,55.8,*,58.07,58.1,,A03,0,,2023104920,(120.5),,,0.4,中団,中団,37.67,454,,120.5,辻牧場,浦河町,リオンリオン,アドマイヤルミナス,エピファネイア,15,4,6,,(美),池上昌和
未勝利,202601100601030307,"2026. 1.10",中山,ダイユウサルターレ,牡,3,佐々木大, 57 ,16,15,ダ,1200,,良,1154,2.7,,,7,8,39.2,15,42.3,,46.17,46.5,,A03,0,,2023102809,(13.9),,,0.5,中団,中団,36.20,514,+2,13.9,タイヘイ牧場,新ひだか町,サートゥルナーリア,ラストワルツ,ゼンノロブロイ,16,4,7,,(美),松永康利
未勝利,202601100601030215,"2026. 1.10",中山,ニシノロッドマン,牡,3,野中悠太, 57 ,16,７,ダ,1800,,良,1581,1.7,3,3,5,6,41.5,12,42.3,,46.40,45.1,,003,0,,2023104706,(10.5),,,0.3,中団,中団,38.30,506,-6,10.5,メイタイファーム,新冠町,リーチザクラウン,ニシノミウ,スマートファルコン,16,8,15,,(美),矢嶋大樹
1勝,202601050801021205,"2026. 1. 5",京都,サリーチェ,牝,4,西村淳也, 55 ,15,９,芝,1600,A,良,1355,0.8,,,3,5,34.6,12,55.6,*,58.40,56.6,,A03,0,,2022104794,(24.3),,,0.3,中団,中団,36.54,484,-2,24.3,ノーザンファーム,安平町,ドゥラメンテ,サロミナ,Lomitas,15,3,5,,(栗),池添学
3勝,202601050801021006,"2026. 1. 5",京都,エンヤラヴフェイス,牡,5,団野大成, 58 ,16,４,ダ,1200,,良,1115,0.3,,,12,12,35.2,2,53.1,*,49.27,46.1,,A04,280,    0.0,2021101737,(29.5),,,1.4,後方,追込,36.30,512,-2,29.5,チャンピオンズファーム,新ひだか町,エイシンヒカリ,タイキアプローズ,"Devil's Bag",16,3,6,,(栗),森田直行
2勝,202601050801020806,"2026. 1. 5",京都,イリフィ,牝,4,西村淳也, 56 ,15,１,ダ,1200,,良,1125,-0.2,,,8,7,36.0,2,51.4,*,50.27,47.5,,A03,1190,,2022110077,570,180,2190,0.7,中団,差し,36.50,428,-2,5.7,"Stonethorn Stud Farm Ltd.",愛,"Too Darn Hot",Trethias,"Invincible Spirit",15,4,6,,(栗),高野友和
未勝利,202601050801020603,"2026. 1. 5",京都,エアヴァイブス,牝,3,高杉吏麒, 55 ,15,２,芝,1600,A,良,1355,0.2,,,4,6,35.3,3,52.3,*,51.80,50.6,,003,240,,2023106910,(17.5),530,19250,0.5,中団,差し,36.12,428,-18,17.5,ノーザンファーム,安平町,コントレイル,エアジーン,ハービンジャー,14,2,3,,(栗),福永祐一
未勝利,202601050801020501,"2026. 1. 5",京都,マイネルシュラハト,牡,3,小崎綾也, 57 ,17,７,芝,2000,A,良,2029,0.6,9,8,7,8,36.0,4,53.5,*,53.60,52.7,,A03,0,,2023106436,(270.3),,,0.6,中団,中団,37.24,486,0,270.3,ビッグレッドファーム,新冠町,ベンバトル,クードヴァン,ディープインパクト,17,1,1,,(美),畠山吉宏
新馬,202601050801020313,"2026. 1. 5",京都,スマートレイナ,牝,3,吉村誠之, 55 ,14,５,ダ,1200,,良,1146,1.1,,,13,12,36.2,1,56.1,*,47.17,46.5,,A03,65,,2023106000,(8.7),,,2.3,後方,後方,38.40,472,,8.7,能登浩,えりも町,イスラボニータ,スマートグランダム,"Tale of the Cat",14,8,13,,(美),加藤征弘
2勝,202601050601020908,"2026. 1. 5",中山,アイウィル,牡,5,丹内祐次, 58 ,12,３,ダ,1800,,稍,1535,0.8,5,5,6,3,38.9,4,45.9,*,45.60,45.6,,A04,400,    4.3,2021103502,(9.5),220,,0.6,先行,先行,37.30,516,+2,9.5,岡田スタツド,新ひだか町,ドレフォン,ジュリーハーツ,ハーツクライ,12,6,8,,(美),高木登
新馬,202601050601020503,"2026. 1. 5",中山,トルークマクト,牝,3,吉田隼人, 55 ,16,３,芝,1600,B,良,1357,0.4,,7,10,9,34.9,1,54.5,*,52.37,49.7,,A03,160,,2023101088,(12.0),200,,1.3,中団,差し,36.48,444,,12.0,タバタファーム,日高町,ドレフォン,エトピリカ,キングカメハメハ,16,2,3,,(栗),福永祐一
未勝利,202601050601020306,"2026. 1. 5",中山,ザンテソーロ,牡,3,原優介, 57 ,12,６,ダ,1800,,稍,1576,1.7,11,11,11,9,40.0,4,47.0,*,46.27,46.7,,A03,0,,2023106733,(153.5),,,1.2,後方,後方,38.80,446,0,153.5,リョーケンファーム,日高町,オルフェーヴル,アオイテソーロ,ルーラーシップ,12,5,6,,(美),畠山吉宏
未勝利,202601050601020312,"2026. 1. 5",中山,サンタピア,牡,3,柴田大知, 57 ,12,７,ダ,1800,,稍,1584,2.5,9,9,8,7,41.4,8,43.0,,46.27,46.7,,A03,0,,2023102804,(161.4),,,0.6,中団,中団,38.50,452,-4,161.4,タイヘイ牧場,新ひだか町,ルヴァンスレーヴ,ドリームバラード,タニノギムレット,12,8,12,,(美),松山将樹
未勝利,202601050601020112,"2026. 1. 5",中山,フレンチブラッサム,牝,3,野中悠太, 55 ,16,10,ダ,1200,,稍,1141,1.7,,,5,6,38.9,12,40.5,,44.33,42.6,,A03,0,,2023105062,(11.5),,,0.4,中団,中団,35.20,444,+2,11.5,宮内牧場,浦河町,ホッコータルマエ,ピッパレジーナ,ゴールドアリュール,16,6,12,,(美),柄崎将寿
3勝,202601040801011008,"2026. 1. 4",京都,バッデレイト,牡,5,岩田望来, 58 ,9,６,芝,2000,A,良,2016,0.5,5,5,7,7,33.9,3,60.9,*,61.17,59.8,,A04,0,    0.0,2021102728,(3.7),,,0.6,後方,後方,37.59,482,+6,3.7,杵臼牧場,浦河町,サトノダイヤモンド,ビーウインド,スピニングワールド,9,8,8,,(栗),上村洋行
1勝,202601040801010707,"2026. 1. 4",京都,キャットテイル,牝,4,西塚洸二,54☆,10,５,ダ,1800,,良,1544,0.9,1,1,1,1,38.2,8,49.7,*,53.53,52.1,牝,023,82,,2022101678,(24.6),,,0.0,逃げ,逃げ,38.10,426,-4,24.6,ダーレー・ジャパン・ファーム,日高町,ディスクリートキャット,ピクシープリンセス,ディープインパクト,10,7,7,,(栗),野中賢二
新馬,202601040801010514,"2026. 1. 4",京都,エイカイコバチ,牝,3,西塚洸二,54☆,18,５,芝,1800,A,良,1512,0.7,,,3,3,35.0,7,58.9,*,59.63,59.2,,A03,65,,2023107144,(41.1),,,0.4,先行,先行,38.10,452,,41.1,ノーザンファーム,安平町,エピファネイア,ノーブルスコア,ディープインパクト,18,7,14,,(栗),藤原英昭
新馬,202601040801010406,"2026. 1. 4",京都,ウインモンクール,牡,3,松山弘平, 57 ,12,３,ダ,1800,,良,1562,1.0,5,5,5,4,39.8,4,46.0,*,46.67,45.5,,003,160,,2023105889,(4.6),200,,0.8,先行,先行,38.20,480,,4.6,コスモヴューファーム,新冠町,ルヴァンスレーヴ,ベリーフ,スペシャルウィーク,12,5,6,,(栗),新谷功一
未勝利,202601040801010304,"2026. 1. 4",京都,アニマレイ,牡,3,川田将雅, 57 ,16,５,ダ,1400,,良,1271,0.5,,,3,1,38.5,9,44.7,*,46.50,45.0,,003,59,,2023105279,(3.1),,,0.2,先行,先行,36.45,482,+8,3.1,ノーザンファーム,安平町,ニューイヤーズデイ,ガルデルスリール,ダイワメジャー,16,2,4,,(栗),須貝尚介
未勝利,202601040801010213,"2026. 1. 4",京都,サマーナジュム,牡,3,松本大輝,56☆,16,13,ダ,1800,,良,1575,4.0,7,8,13,15,39.6,8,48.4,,51.57,49.3,,A03,0,,2023104379,(107.9),,,2.4,後方,後方,38.95,490,+4,107.9,ノースヒルズ,新冠町,キズナ,ヴォルドニュイ,"Sky Mesa",16,7,13,,(栗),角田晃一
未勝利,202601040601010409,"2026. 1. 4",中山,ニシノロッドマン,牡,3,野中悠太, 57 ,12,４,ダ,1800,,稍,1560,0.8,10,10,10,9,40.4,2,43.6,*,42.57,41.5,,003,89,,2023104706,(63.8),,,1.1,後方,追込,37.80,512,+6,63.8,メイタイファーム,新冠町,リーチザクラウン,ニシノミウ,スマートファルコン,12,7,9,,(美),矢嶋大樹
未勝利,202601040601010105,"2026. 1. 4",中山,メインテーマ,牝,3,内田博幸, 55 ,16,９,ダ,1200,,稍,1144,1.7,,,1,2,40.6,12,33.3,,38.17,36.9,牝,023,0,,2023103571,(43.3),,,0.0,逃げ,逃げ,33.80,488,+6,43.3,社台ファーム,千歳市,サートゥルナーリア,メインターゲット,ダイワメジャー,16,3,5,,(美),小手川準
3勝,202512280905081201,2025.12.28,阪神,ヒーローインチーフ,セ,4,富田暁, 58 ,10,７,芝,1200,B,良,1089,0.5,,,5,5,33.5,7,55.7,*,56.53,54.2,,A04,0,    0.0,2021106661,(22.8),,,0.5,中団,中団,35.40,446,-2,22.8,ハクツ牧場,新冠町,ディスクリートキャット,カクテルラウンジ,タニノギムレット,10,1,1,,(栗),吉田直弘
3勝,202512280905081005,2025.12.28,阪神,ドットクルー,牡,5,高杉吏麒, 58 ,11,４,芝,2000,B,良,2006,0.5,5,5,7,7,34.6,4,56.5,*,56.27,55.9,,A04,280,    0.0,2020101486,(14.3),,,0.5,中団,差し,36.86,472,+2,14.3,佐々木牧場,日高町,ディーマジェスティ,スターオブロゼッタ,ロードカナロア,11,5,5,,(栗),笹田和秀
3勝,202512280905081008,2025.12.28,阪神,キーパフォーマー,牝,4,岩田望来, 56 ,11,５,芝,2000,B,良,2007,0.6,9,8,4,5,34.8,5,55.8,*,56.27,55.9,,A04,184,    0.0,2021104948,(3.8),,,0.4,中団,中団,36.81,462,-2,3.8,社台ファーム,千歳市,キタサンブラック,アンコールピース,ネオユニヴァース,11,7,8,,(栗),佐々木晶
1勝,202512280905080715,2025.12.28,阪神,ザングウィル,牡,5,ジェルー, 58 ,16,５,ダ,1400,,良,1249,1.0,,,9,7,37.4,4,45.3,*,44.37,43.7,,A03,80,,2020110051,(167.6),,,0.9,中団,中団,35.63,502,-2,167.6,"J. Lenihan",愛,"Dandy Man",Zaaqya,Nayef,16,8,15,,(栗),佐藤悠太
新馬,202512280905080604,2025.12.28,阪神,レジェルテ,牡,2,小沢大仁, 56 ,16,16,芝,1600,B,良,1374,2.0,,,3,3,36.5,16,50.1,,56.63,55.0,,A03,0,,2023107303,(59.8),,,0.2,先行,先行,36.54,460,,59.8,ノーザンファーム,安平町,シュヴァルグラン,ラリズ,Bernstein,16,2,4,,(栗),杉山晴紀
未勝利,202512280905080306,2025.12.28,阪神,クライナリーゼ,牡,2,橋木太希,53▲,18,11,芝,1800,B,良,1475,1.3,,,10,11,35.6,11,51.0,,53.27,50.9,,A03,0,,2023104192,(614.1),,,0.9,中団,中団,35.95,376,0,614.1,田端牧場,新冠町,カレンブラックヒル,ウェルアウェイ,Monsun,18,3,6,,(栗),高橋康之
未勝利,202512280905080204,2025.12.28,阪神,ソニックブーム,牝,2,長岡禎仁, 55 ,17,12,芝,1400,B,良,1221,0.7,,,4,5,36.0,12,46.0,*,50.50,47.0,,003,0,,2023102008,(52.0),,,0.2,中団,中団,34.58,456,-2,52.0,鎌田正嗣,浦河町,リアルスティール,ルソンデュレーヴ,キングカメハメハ,17,2,4,,(栗),杉山晴紀
未勝利,202512280905080110,2025.12.28,阪神,ジューンセクレタ,牡,2,富田暁, 56 ,13,２,ダ,1800,,良,1553,0.0,2,2,2,1,38.6,3,49.4,*,50.00,49.0,,A03,220,,2023110029,(3.5),140,430,0.1,先行,先行,38.35,518,+2,3.5,"Town & Country Farms LLC",米,"Maclean's Music","Bazinga Baby","Afleet Alex",13,7,10,,(栗),武英智
3勝,202512280605081009,2025.12.28,中山,ワークソング,牡,4,マーカン, 58 ,16,13,ダ,1200,,良,1127,1.8,,,6,8,38.8,13,37.4,,45.17,39.1,,A03,0,    0.0,2021102462,(8.3),,,0.5,中団,中団,33.90,482,-4,8.3,雅牧場,平取町,モーニン,ハッピーラン,フレンチデピュティ,16,5,9,,(栗),牧浦充徳
2勝,202512280605080907,2025.12.28,中山,セイウンパシュート,牡,5,プーシャ, 55 ,14,12,芝,2500,A,良,2348,1.2,5,5,7,9,36.8,10,51.3,,54.07,52.8,,A03,0,    0.0,2020100233,(70.1),,,0.5,中団,中団,37.26,474,-2,70.1,田上徹,新ひだか町,ハーツクライ,シーソルティキッス,キングカメハメハ,14,5,7,,(美),上原博之
新馬,202512280605080607,2025.12.28,中山,ミッキーファルコン,牡,2,松山弘平, 56 ,18,３,芝,2000,A,良,2037,0.1,10,9,10,7,34.9,2,59.0,*,58.57,55.1,,A03,190,,2023107259,(5.0),150,,1.0,中団,差し,38.06,426,,5.0,ノーザンファーム,安平町,エピファネイア,ミッキークイーン,ディープインパクト,18,4,7,,(美),堀宣行
未勝利,202512280605080307,2025.12.28,中山,リュウセイコウテイ,牡,2,石神深道,53▲,16,７,芝,1200,A,良,1098,0.7,,,7,6,35.5,8,46.6,*,45.67,45.2,,A03,0,,2023106437,(22.6),,,0.6,中団,中団,34.30,454,+12,22.6,ビッグレッドファーム,新冠町,ウインブライト,ケイティラブ,スキャン,16,4,7,,(美),奥平雅士
未勝利,202512280605080215,2025.12.28,中山,タイセツナヒ,牡,2,マーカン, 56 ,16,１,ダ,1800,,良,1569,-0.1,8,10,4,4,39.4,1,48.4,*,47.97,46.5,,003,560,,2023102352,670,120,3110,0.5,先行,先行,38.75,480,+2,6.7,岡田スタツド,新ひだか町,ホッコータルマエ,アイアムキャツアイ,アイルハヴアナザー,16,8,15,,(美),杉浦宏昭
未勝利,202512280605080212,2025.12.28,中山,イデアクリスタル,牝,2,横山和生, 55 ,16,２,ダ,1800,,良,1570,0.1,16,16,4,2,39.4,1,48.5,*,47.97,46.5,,003,220,,2023102033,(11.5),150,3110,0.6,ﾏｸﾘ,ﾏｸﾘ,38.80,478,+2,11.5,グランデファーム,浦河町,ホークビル,トゥルヴァーユ,ダイワメジャー,16,6,12,,(美),小西一男
未勝利,202512280605080110,2025.12.28,中山,クルビデンス,牡,2,佐々木大, 56 ,16,12,ダ,1200,,良,1147,1.6,,,16,16,37.8,2,47.6,*,38.80,37.4,,A03,0,,2023104001,(69.2),,,2.8,後方,後方,36.90,452,+6,69.2,大林ファーム,新冠町,アメリカンペイトリオット,シャインレジーナ,アグネスタキオン,16,5,10,,(美),菊川正達
1勝,202512270905070705,2025.12.27,阪神,スイッチビスケット,牡,3,柴田裕一,55△,15,９,芝,1800,B,良,1471,0.9,,,14,12,34.2,5,56.6,*,57.07,55.3,,A03,0,,2022106295,(534.8),,,0.9,後方,後方,36.45,474,-12,534.8,シンユウフアーム,新冠町,サトノクラウン,ジュエルトウショウ,アグネスタキオン,15,3,5,,(栗),森田直行
新馬,202512270905070514,2025.12.27,阪神,フローマジック,牝,2,ルメール, 55 ,14,３,芝,2000,B,良,2032,0.6,9,9,2,2,34.6,7,59.7,*,61.47,61.2,,A03,190,,2023105252,(6.2),160,,0.1,先行,先行,37.97,458,,6.2,社台ファーム,千歳市,リアルスティール,メジャーマジック,ダイワメジャー,14,8,14,,(栗),辻野泰之
未勝利,202512270905070203,2025.12.27,阪神,ロードステラート,牡,2,富田暁, 56 ,11,４,ダ,1800,,稍,1560,2.7,2,2,2,2,40.3,5,43.9,,49.77,50.7,,003,84,,2023105838,(1.8),,,0.0,先行,先行,37.85,500,0,1.8,ケイアイファーム,新ひだか町,キタサンブラック,ブリュネット,ダイワメジャー,11,3,3,,(栗),武英智
未勝利,202512270905070101,2025.12.27,阪神,ザキノフレンズ,牡,2,富田暁, 56 ,15,15,ダ,1200,,稍,1163,3.5,,,13,13,39.5,13,43.2,,46.80,45.2,,003,0,,2023104433,(91.2),,,1.3,後方,後方,36.80,508,+6,91.2,ハクレイファーム,新冠町,モーニン,ザデイ,シンボリクリスエス,15,1,1,,(栗),東田明士
Ｇ１,202512270605071102,2025.12.27,中山,アーレムアレス,牡,2,菱田裕二, 56 ,16,４,芝,2000,A,良,2014,0.4,9,9,10,10,34.5,1,58.0,*,56.47,54.5,牡牝,N41,1100,    0.0,2023105223,(16.0),,,1.1,中団,差し,37.24,494,+6,16.0,社台コーポレーション白老ファーム,白老町,ハービンジャー,スターズインヘヴン,ワークフォース,16,1,2,,(栗),橋口慎介
ＪＧ１,202512270605071009,2025.12.27,中山,プラチナドリーム,牡,6,石神深一, 63 ,10,５,芝,4100,A,良,4497,2.9,8,7,5,5,14.1,,,,,,,N00,700,    0.0,2019106330,(73.6),,,,中団,中団,,484,0,73.6,千代田牧場,新ひだか町,ホッコータルマエ,サティーヌアロム,シンボリクリスエス,10,8,9,,(美),菊川正達
ＪＧ１,202512270605071003,2025.12.27,中山,ピーターサイト,牡,5,森一馬, 63 ,10,６,芝,4100,A,良,4498,3.0,4,4,6,6,14.1,,,,,,,N00,0,    0.0,2020105611,(29.7),,,,中団,中団,,478,-2,29.7,ノースヒルズ,新冠町,ワンアンドオンリー,ヴィクトリアアイ,ブライアンズタイム,10,3,3,,(美),村田一誠
2勝,202512270605070915,2025.12.27,中山,スムースベルベット,牝,5,嶋田純次, 56 ,16,２,芝,1200,A,良,1085,0.7,,,5,5,34.6,5,48.0,*,48.27,46.0,,A03,620,   10.4,2020106987,(295.3),4350,159030,0.7,中団,差し,33.90,504,-4,295.3,ミルファーム,浦河町,ディスクリートキャット,ローブドヴルール,サウスヴィグラス,16,8,15,,(美),南田美知
2勝,202512270605070906,2025.12.27,中山,ミニョンマルーン,牝,3,丹内祐次, 55 ,16,８,芝,1200,A,良,1088,1.0,,,1,1,35.6,15,43.3,*,48.27,46.0,,A03,0,    0.0,2022103151,(7.7),,,0.0,逃げ,逃げ,33.20,474,-2,7.7,ビクトリーホースランチ,浦河町,ミスターメロディ,タイキマロン,ファスリエフ,16,3,6,,(美),伊藤圭三
2勝,202512270605070914,2025.12.27,中山,ムチャスグラシアス,牝,4,佐々木大, 56 ,16,13,芝,1200,A,良,1093,1.5,,,12,12,34.9,9,48.6,,48.27,46.0,,A03,0,    0.0,2021104217,(86.0),,,1.2,後方,後方,34.40,438,-6,86.0,友田牧場,新ひだか町,カリフォルニアクローム,ロスグラシアレス,シンボリクリスエス,16,7,14,,(美),菊川正達
1勝,202512270605070716,2025.12.27,中山,ビップチェイス,牡,4,江田照男, 58 ,18,18,芝,2200,A,良,2175,2.8,1,1,4,3,38.5,18,46.4,,54.97,53.2,,A03,0,,2021105763,(27.3),,,0.2,逃げ,逃げ,37.13,464,+10,27.3,ノーザンファーム,安平町,アルアイン,ベッラレイア,ナリタトップロード,18,8,16,,(美),田島俊明
Ｇ１,202512210905061111,2025.12.21,阪神,カクウチ,牡,2,岩田望来, 56 ,14,12,芝,1600,A,重,1348,1.6,,,2,2,36.4,14,46.3,,51.53,49.8,牡牝,N41,0,    0.0,2023101405,(82.9),,,0.2,先行,先行,35.04,452,+4,82.9,碧雲牧場,日高町,アドマイヤマーズ,トウカイファイン,フレンチデピュティ,14,7,11,,(栗),小崎憲
3勝,202512210905060905,2025.12.21,阪神,プロミシングスター,牡,4,川田将雅, 58 ,16,11,ダ,1400,,重,1235,1.0,,,2,2,37.7,13,41.1,*,47.00,43.1,,A04,0,    0.0,2021103073,(5.9),,,0.1,先行,先行,34.35,458,-2,5.9,富田牧場,浦河町,マジェスティックウォリアー,ファインチョイス,アドマイヤムーン,16,3,5,,(栗),高橋義忠
2勝,202512210905060805,2025.12.21,阪神,ビービーバザーク,牡,3,太宰啓介, 57 ,15,２,ダ,1800,,重,1508,0.4,8,8,8,8,37.3,4,48.5,*,49.90,47.6,,A03,460,,2022102397,(179.1),2450,26840,0.5,中団,差し,36.75,480,-2,179.1,坂東牧場,平取町,シニスターミニスター,カリビアンロマンス,コマンズ,15,3,5,,(栗),武幸四郎
2勝,202512210905060804,2025.12.21,阪神,スマートカイロス,牡,3,田口貫太, 57 ,15,５,ダ,1800,,重,1512,0.8,2,2,2,1,38.1,9,45.9,*,49.90,47.6,,A03,114,,2022102735,(20.7),,,0.1,先行,先行,36.55,508,-2,20.7,杵臼牧場,浦河町,シニスターミニスター,スマートバベル,サウスヴィグラス,15,3,4,,(栗),矢作芳人
1勝,202512210905060709,2025.12.21,阪神,サミダレナイツ,牡,3,岩田康誠, 56 ,18,２,芝,2200,A,重,2128,0.1,16,17,16,7,35.5,1,52.8,*,52.80,50.0,,A03,320,,2022101605,(14.0),370,4420,0.8,中団,差し,36.49,492,+4,14.0,竹島幸治,日高町,トーホウジャッカル,トーホウビスカヤ,ストリートセンス,18,5,9,,(栗),谷潔
新馬,202512210905060610,2025.12.21,阪神,ミラキュラスアース,牝,2,Ｃ．デム, 55 ,11,２,芝,1200,A,重,1108,0.3,,,8,7,33.7,1,60.1,*,57.93,54.9,,A03,300,,2023107074,(6.7),160,810,1.0,中団,差し,37.10,472,,6.7,ノーザンファーム,安平町,ミスターメロディ,スピークソフトリー,アルカセット,11,8,10,,(栗),奥村豊
新馬,202512210905060609,2025.12.21,阪神,ジューンマーチ,牡,2,松若風馬, 56 ,11,９,芝,1200,A,重,1137,3.2,,,10,10,36.1,7,54.2,,57.93,54.9,,A03,0,,2023101848,(37.7),,,1.5,後方,後方,37.60,446,,37.7,ヒダカフアーム,浦河町,ミッキーアイル,ヒイナヅキ,トビーズコーナー,11,7,9,,(栗),松下武士
未勝利,202512210905060408,2025.12.21,阪神,ケイアイアマゾン,牡,2,藤懸貴志, 56 ,12,１,ダ,1800,,稍,1551,-0.0,4,3,3,4,38.5,3,49.5,*,49.67,48.3,,003,560,,2023105762,11920,1910,15850,0.3,先行,先行,38.30,474,-8,119.2,新冠橋本牧場,新冠町,マインドユアビスケッツ,クインズヌーサ,ゴールドアリュール,12,6,8,,(栗),秋山真一
未勝利,202512210905060310,2025.12.21,阪神,モカプウイング,牝,2,西村淳也, 55 ,18,９,芝,1800,A,稍,1484,0.9,,,3,3,35.9,11,51.0,*,56.43,52.3,牝,023,0,,2023103334,(35.8),,,0.3,先行,先行,36.25,450,-4,35.8,社台ファーム,千歳市,マインドユアビスケッツ,ウイングドウィール,シンボリクリスエス,18,5,10,*,(栗),加藤公太
未勝利,202512210905060209,2025.12.21,阪神,クレスコフェーヴ,牝,2,藤懸貴志, 55 ,16,９,ダ,1200,,稍,1147,1.8,,,13,13,37.8,9,47.6,,46.67,45.4,,A03,0,,2023103829,(466.4),,,1.3,後方,後方,36.90,402,-4,466.4,青藍牧場,登別市,オルフェーヴル,ティイ,エイシンフラッシュ,16,5,9,,(栗),羽月友彦
2勝,202512210705061008,2025.12.21,中京,バンフィエルド,牡,6,長岡禎仁, 58 ,10,９,芝,2000,A,稍,2035,0.6,7,8,3,3,36.0,9,54.2,*,56.67,54.7,,A04,0,    0.0,2019104531,(54.8),,,0.3,ﾏｸﾘ,ﾏｸﾘ,37.50,426,-4,54.8,社台コーポレーション白老ファーム,白老町,オルフェーヴル,エヴィータアルゼンティーナ,"Candy Ride",10,7,8,,(栗),緒方努
1勝,202512210705060916,2025.12.21,中京,キーンセンス,牡,2,亀田温心, 56 ,16,13,ダ,1400,,稍,1265,2.0,,,7,9,38.7,13,42.6,,47.20,44.9,,A04,0,    0.0,2023110036,(21.2),,,0.6,中団,中団,35.85,514,+4,21.2,"Stonehaven Steadings",米,Munnings,Canny,"Big Brown",16,8,16,,(栗),松永幹夫
1勝,202512210705060813,2025.12.21,中京,プチプランス,牡,3,高杉吏麒, 57 ,16,10,芝,1600,A,稍,1366,0.8,,3,5,5,36.0,13,51.0,*,51.27,48.3,,A03,0,,2022101565,(7.6),,,1.1,中団,中団,36.36,494,-4,7.6,スマイルファーム,日高町,リアルスティール,シャイスター,"Equal Stripes",16,7,13,,(栗),藤岡健一
1勝,202512210705060714,2025.12.21,中京,ペレグリン,牝,4,高杉吏麒, 56 ,16,３,ダ,1200,,稍,1120,0.3,,,12,11,36.0,1,50.0,*,48.33,45.9,,002,200,,2021100906,(4.0),170,,0.9,後方,追込,36.00,434,+2,4.0,バンブー牧場,浦河町,バンブーエール,フラミンゴ,マルカシェンク,16,7,14,,(栗),河嶋宏樹
1勝,202512210705060602,2025.12.21,中京,フェルシナ,牝,3,斎藤新, 55 ,16,２,芝,1600,A,稍,1363,0.2,,2,3,3,35.5,8,52.8,*,55.33,51.5,牝,023,320,,2022105831,(13.0),320,1970,0.4,先行,先行,36.48,456,-4,13.0,社台コーポレーション白老ファーム,白老町,ルーラーシップ,ヒルダ,ダイワメジャー,16,1,2,,(栗),西園翔太
新馬,202512210705060502,2025.12.21,中京,メイショウサッソウ,牡,2,加藤祥太, 56 ,15,２,ダ,1400,,稍,1262,0.2,,,4,4,37.5,3,47.4,*,48.60,47.0,,A03,300,,2023101953,(34.6),830,10700,0.2,先行,先行,36.53,426,,34.6,赤田牧場,浦河町,ダノンキングリー,メイショウヨソユキ,シニスターミニスター,15,2,2,,(栗),庄野靖志
新馬,202512210705060515,2025.12.21,中京,ソニックブーム,牝,2,長岡禎仁, 55 ,15,５,ダ,1400,,稍,1269,0.9,,,5,5,38.1,4,46.1,*,48.60,47.0,,A03,75,,2023102008,(11.8),,,0.3,中団,中団,36.60,458,,11.8,鎌田正嗣,浦河町,リアルスティール,ルソンデュレーヴ,キングカメハメハ,15,8,15,,(栗),杉山晴紀
新馬,202512210705060513,2025.12.21,中京,タマモビスケット,牝,2,小林美駒,52▲,15,12,ダ,1400,,稍,1285,2.5,,,6,7,39.3,12,43.9,,48.60,47.0,,A03,0,,2023102448,(5.9),,,0.7,中団,中団,36.90,464,,5.9,岡田猛,新ひだか町,マインドユアビスケッツ,タマモサーティーン,ジョーカプチーノ,15,7,13,,(栗),中竹和也
未勝利,202512210705060404,2025.12.21,中京,リアンマカ,牡,2,永島まな,54◇,18,17,芝,1400,A,稍,1246,2.7,,,15,15,36.2,17,50.3,,52.17,50.5,,A03,0,,2023105253,(294.9),,,1.5,後方,後方,36.30,436,+2,294.9,社台ファーム,千歳市,マインドユアビスケッツ,モノポリーアイズ,"Le Havre",17,2,4,,(栗),高橋一哉
1勝,202512210705060307,2025.12.21,中京,プロスペクトパーク,牡,3,高杉吏麒, 57 ,16,５,ダ,1800,,稍,1540,0.9,2,2,3,6,38.8,9,46.9,*,49.23,47.3,,A03,80,,2022105548,(15.3),,,0.5,中団,中団,37.60,500,+2,15.3,社台ファーム,千歳市,キズナ,ラブリーベルナデット,Wilburn,16,4,7,,(美),高柳瑞樹
1勝,202512210705060204,2025.12.21,中京,スプランドゥール,牡,4,石神深道,55▲,16,１,ダ,1200,,稍,1125,-0.2,,,6,6,36.3,2,49.7,*,50.60,47.0,,003,800,,2021100623,340,150,910,0.5,中団,差し,36.20,478,+8,3.4,荻伏服部牧場,浦河町,シルバーステート,チェリーシェル,サクラバクシンオー,16,2,4,,(美),和田雄二
1勝,202512210605060806,2025.12.21,中山,ミスティマウンテン,牡,3,プーシャ, 57 ,16,11,ダ,1800,,重,1525,1.2,3,3,5,6,38.6,12,45.7,,48.77,47.2,,003,0,,2022101684,(46.4),,,0.4,中団,中団,36.95,450,-4,46.4,ダーレー・ジャパン・ファーム,日高町,サンダースノー,ブルーミスト,スクリーンヒーロー,15,3,6,,(美),池上昌和
1勝,202512210605060816,2025.12.21,中山,ファンタイムギフト,牡,3,石川裕紀, 57 ,16,13,ダ,1800,,重,1527,1.4,9,9,7,4,38.5,11,46.4,,48.77,47.2,,003,0,,2022102378,(13.1),,,0.7,先行,先行,37.10,512,+10,13.1,二風谷ファーム,平取町,ドレフォン,トウカイシェーン,ダイワメジャー,15,8,16,,(美),相沢郁
未勝利,202512210605060404,2025.12.21,中山,シャンデルナゴル,牡,5,中村将之, 60 ,14,３,ダ,2880,,重,3183,2.1,4,4,4,3,13.8,,,,,,,A00,210,,2020103193,(86.4),1860,,,先行,先行,,496,+2,86.4,ノーザンファーム,安平町,サトノダイヤモンド,アガルタ,キングカメハメハ,14,3,4,,(栗),石坂公一
未勝利,202512210605060109,2025.12.21,中山,ダイユウサルターレ,牡,2,佐々木大, 56 ,16,３,ダ,1200,,不,1124,1.1,,,2,2,37.8,4,41.5,*,43.57,43.8,,003,140,,2023102809,(11.4),270,,0.1,先行,先行,34.60,512,+2,11.4,タイヘイ牧場,新ひだか町,サートゥルナーリア,ラストワルツ,ゼンノロブロイ,16,5,9,,(美),松永康利
2勝,202512200905051215,2025.12.20,阪神,モズトキキ,牝,4,和田陽希,53▲,16,４,芝,1200,A,良,1084,0.2,,,4,5,34.3,11,49.4,*,51.60,45.4,,A03,170,,2021102914,(146.7),,,0.8,中団,差し,34.10,562,+12,146.7,谷川牧場,浦河町,グランプリボス,モズジャカランダ,Congrats,16,8,15,,(栗),平田修
2勝,202512200905051216,2025.12.20,阪神,エルサトアナ,牝,3,太宰啓介, 55 ,16,11,芝,1200,A,良,1093,1.1,,,6,6,35.0,12,48.0,,51.60,45.4,,A03,0,,2022100933,(35.2),,,1.0,中団,中団,34.30,414,-10,35.2,三石川上牧場,新ひだか町,カリフォルニアクローム,クイーンハーツ,キングカメハメハ,16,8,16,,(栗),本田優
2勝,202512200905051204,2025.12.20,阪神,ファイツオン,牡,4,吉村誠之, 58 ,16,14,芝,1200,A,良,1096,1.4,,,2,2,36.2,14,42.3,,51.60,45.4,,A03,0,,2021100476,(7.1),,,0.1,先行,先行,33.40,510,0,7.1,村上牧場,新ひだか町,アルアイン,ソラコマチ,サクラバクシンオー,16,2,4,,(栗),藤岡健一
1勝,202512200905050812,2025.12.20,阪神,ミルミナーヴァ,牝,4,和田陽希,53▲,13,３,ダ,1200,,良,1120,0.3,,,2,2,36.9,8,45.1,*,45.63,45.4,,003,200,,2021106332,(32.4),530,,0.1,先行,先行,35.10,484,-4,32.4,高瀬牧場,新冠町,ヘニーヒューズ,ランミネルバ,アグネスタキオン,13,8,12,*,(栗),西園正都
1勝,202512200905050809,2025.12.20,阪神,ララバッカナール,牝,4,川田将雅, 56 ,13,６,ダ,1200,,良,1124,0.7,,,8,8,36.5,3,48.4,*,45.63,45.4,,003,0,,2021107097,(3.6),,,0.9,中団,中団,35.90,470,-6,3.6,森永聡,新冠町,ヘニーヒューズ,ゴッドダンシング,ダンスインザダーク,13,6,9,,(栗),佐藤悠太
1勝,202512200905050701,2025.12.20,阪神,マンオブザマッチ,牡,3,川田将雅, 57 ,16,２,ダ,1800,,良,1535,0.0,2,2,2,2,36.8,2,54.2,*,54.27,53.8,,A03,320,,2022101677,(23.5),320,1510,0.1,先行,先行,38.35,490,0,23.5,ダーレー・ジャパン・ファーム,日高町,ファインニードル,パテントジョイ,Pivotal,16,1,1,,(栗),高橋義忠
新馬,202512200905050614,2025.12.20,阪神,サマーナジュム,牡,2,吉村誠之, 56 ,16,12,ダ,1800,,良,1581,3.2,5,5,6,9,39.6,10,49.1,,54.80,54.0,,003,0,,2023104379,(43.4),,,0.9,中団,中団,39.25,486,,43.4,ノースヒルズ,新冠町,キズナ,ヴォルドニュイ,"Sky Mesa",16,7,14,,(栗),角田晃一
ｵｰﾌﾟﾝ,202512200905050401,2025.12.20,阪神,アメリカンピース,セ,7,小坂忠士, 60 ,14,３,ダ,3110,,良,3343,0.8,2,2,3,3,13.8,,,,,,,A00,360,,2018110131,(39.2),870,,,先行,先行,,450,-2,39.2,"Don Alberto Corporation",米,Tapit,"La Cloche",Ghostzapper,14,1,1,,(栗),東田明士
1勝,202512200705051204,2025.12.20,中京,パリコレジェンヌ,牝,3,丸田恭介, 55 ,18,８,芝,1400,A,稍,1212,0.4,,,6,5,35.4,13,47.0,*,49.97,43.3,,003,0,,2022104501,(54.5),,,1.0,中団,中団,34.35,470,+2,54.5,前谷牧場,新ひだか町,ミスターメロディ,ビオレイメル,ワイルドラッシュ,18,2,4,*,(栗),鈴木孝志
2勝,202512200705051013,2025.12.20,中京,クリノオリーブ,牝,4,高杉吏麒, 56 ,16,４,ダ,1400,,稍,1254,0.1,,,2,2,37.7,8,44.9,*,46.13,44.7,,A03,230,    0.0,2021102259,(2.8),,,0.1,先行,先行,35.78,468,+2,2.8,横井哲,日高町,ニューイヤーズデイ,クリノラホール,ダイワメジャー,16,7,13,,(栗),谷潔
ｵｰﾌﾟﾝ,202512200705050909,2025.12.20,中京,フォーゲル,牡,2,亀田温心, 57 ,9,９,芝,1200,A,稍,1100,1.0,,,2,2,35.8,9,45.5,*,52.53,47.7,,N04,0,    0.0,2023105273,(3.3),,,0.1,先行,先行,34.20,528,-4,3.3,ノーザンファーム,安平町,アルアイン,エリカポンシャン,ロードカナロア,9,8,9,,(栗),斉藤崇史
1勝,202512200705050809,2025.12.20,中京,メイショウビストロ,牡,3,谷内貫太, 57 ,16,13,芝,2000,A,稍,2015,1.4,12,12,12,12,35.8,9,52.6,,52.30,50.5,,A03,0,    0.0,2022103251,(7.1),,,1.5,後方,後方,36.73,444,-2,7.1,三嶋牧場,浦河町,カリフォルニアクローム,メイショウオワラ,ディープブリランテ,16,5,9,,(栗),岡田稲男
1勝,202512200705050705,2025.12.20,中京,ザングウィル,牡,5,西塚洸二,57☆,16,外,ダ,1400,,稍,----,----,,,,,,0,,,48.60,47.0,,A03,0,,2020110051,,,,,,,,504,0,,"J. Lenihan",愛,"Dandy Man",Zaaqya,Nayef,15,3,5,,(栗),佐藤悠太
未勝利,202512200705050401,2025.12.20,中京,アンディムジーク,牝,2,西塚洸二,54☆,16,１,芝,1600,A,稍,1353,-0.1,,8,6,8,35.0,2,53.4,*,52.43,50.2,牝,023,560,,2023103797,290,150,570,0.7,中団,差し,36.18,446,+10,2.9,社台コーポレーション白老ファーム,白老町,アドマイヤマーズ,ターフェルムジーク,ノヴェリスト,16,1,1,,(栗),渡辺薫彦
未勝利,202512200705050414,2025.12.20,中京,グッデイ,牝,2,秋山稔樹, 55 ,16,８,芝,1600,A,稍,1363,1.0,,9,6,6,36.2,11,49.6,*,52.43,50.2,牝,023,0,,2023106988,(150.4),,,0.5,中団,中団,36.06,430,+2,150.4,ノーザンファーム,安平町,フィエールマン,グランワルツ,ロードカナロア,16,7,14,*,(栗),河嶋宏樹
未勝利,202512200705050406,2025.12.20,中京,モーブプリエール,牝,2,横山琉人, 55 ,16,９,芝,1600,A,稍,1363,1.0,,15,14,11,35.7,8,51.8,*,52.43,50.2,牝,023,0,,2023107282,(47.4),,,1.0,後方,後方,36.36,420,-6,47.4,ノーザンファーム,安平町,サートゥルナーリア,モーベット,オルフェーヴル,16,3,6,,(美),鈴木慎太
2勝,202512200605051208,2025.12.20,中山,スノーサイレンス,牝,3,戸崎圭太, 55 ,16,２,ダ,1200,,良,1107,0.3,,,2,2,36.4,4,44.2,*,44.57,44.5,,A03,460,,2022101675,(4.5),200,3490,0.1,先行,先行,34.30,466,0,4.5,ダーレー・ジャパン・ファーム,日高町,サンダースノー,ハッシュ,コマンズ,16,4,8,,(栗),小栗実
1勝,202512200605050906,2025.12.20,中山,エレクトロン,牡,2,嶋田純次, 56 ,12,12,芝,1600,A,良,1372,4.3,,6,11,11,37.4,12,45.9,,52.73,52.0,,A04,0,    0.0,2023106608,(507.2),,,1.3,後方,後方,35.88,434,0,507.2,ミルファーム,浦河町,ビーチパトロール,ヨイミヤ,マツリダゴッホ,12,5,6,,(美),佐藤吉勝
未勝利,202512200605050704,2025.12.20,中山,ジェイエルモーダル,牡,2,吉田豊, 56 ,16,６,ダ,1800,,良,1572,1.9,7,11,13,13,38.7,2,51.4,*,49.03,50.1,,A03,0,,2023106313,(28.8),,,1.6,後方,後方,39.25,458,-6,28.8,ナカノファーム,日高町,デクラレーションオブウォー,ジェイエルノブレス,ヨハネスブルグ,16,2,4,,(美),小西一男
新馬,202512200605050605,2025.12.20,中山,サウンドファミリエ,牝,2,石川裕紀, 55 ,16,11,芝,1800,A,良,1521,2.2,15,15,16,15,35.3,6,58.8,,57.43,57.0,牝,023,0,,2023104254,(311.0),,,1.9,後方,後方,38.40,406,,311.0,飛渡牧場,新冠町,シルバーステート,サウンドマジック,トビーズコーナー,16,3,5,,(美),和田正一
新馬,202512200605050411,2025.12.20,中山,ザンテソーロ,牡,2,木幡巧也, 56 ,13,７,ダ,1800,,良,1571,1.9,9,9,7,8,39.8,7,47.1,,49.03,46.9,,A03,0,,2023106733,(214.9),,,1.3,中団,中団,38.65,446,,214.9,リョーケンファーム,日高町,オルフェーヴル,アオイテソーロ,ルーラーシップ,13,7,11,,(美),畠山吉宏
未勝利,202512200605050311,2025.12.20,中山,ショウナンバーボン,牡,2,横山和生, 56 ,16,10,芝,1800,A,良,1491,1.5,14,14,11,9,35.2,8,55.0,,55.70,56.4,,A03,0,,2023106620,(32.6),,,0.7,中団,中団,36.95,460,+12,32.6,信岡牧場,浦河町,サートゥルナーリア,レッドアルジーヌ,ハーツクライ,16,6,11,,(美),加藤士津
未勝利,202512200605050316,2025.12.20,中山,ヒロイックヴァース,牡,2,戸崎圭太, 56 ,16,11,芝,1800,A,良,1491,1.5,5,5,4,4,35.6,13,53.2,,55.70,56.4,,A03,0,,2023102418,(19.2),,,0.3,先行,先行,36.75,486,-2,19.2,岡田スタツド,新ひだか町,ベンバトル,ポップシンガー,スマートファルコン,16,8,16,,(美),浅利英明
未勝利,202512200605050211,2025.12.20,中山,ヤマヤロード,牝,2,原田和真, 55 ,16,16,ダ,1800,,良,1595,4.9,11,11,14,16,43.2,16,38.3,,45.87,43.6,牝,023,0,,2023100351,(108.4),,,1.6,後方,後方,38.15,480,0,108.4,前田ファーム,新ひだか町,アルアイン,スワンレーク,ロードカナロア,16,6,11,*,(美),上原博之
未勝利,202512200605050111,2025.12.20,中山,ニンジャトットリ,牡,2,木幡育也, 56 ,16,３,ダ,1200,,良,1130,0.5,,,10,9,37.8,2,43.1,*,41.17,39.8,,003,140,,2023106658,(6.3),180,,0.9,中団,差し,35.20,466,+2,6.3,へいはた牧場,新ひだか町,ミッキーアイル,ディアデム,シンボリクリスエス,16,6,11,,(美),松永康利
未勝利,202512200605050116,2025.12.20,中山,メインテーマ,牝,2,丹内祐次, 55 ,16,６,ダ,1200,,良,1137,1.2,,,7,6,38.7,8,40.4,,41.17,39.8,,003,0,,2023103571,(6.6),,,0.7,中団,中団,35.00,482,0,6.6,社台ファーム,千歳市,サートゥルナーリア,メインターゲット,ダイワメジャー,16,8,16,,(美),小手川準
2勝,202512140905041202,2025.12.14,阪神,ブライティアダイヤ,牝,4,岩田康誠, 56 ,10,９,芝,1600,A,良,1353,0.9,,,4,4,35.3,8,52.0,*,55.20,52.8,,A04,0,    0.0,2021102468,(111.4),,,0.4,先行,先行,36.00,464,0,111.4,雅牧場,平取町,サトノアラジン,ブライティアナイル,アドマイヤベガ,10,2,2,,(美),稲垣幸雄
3勝,202512140905041001,2025.12.14,阪神,キュールエフウジン,牡,6,松若風馬, 55 ,16,14,ダ,2000,,良,2063,1.7,16,16,16,16,37.9,4,50.0,*,49.97,48.0,,A03,0,    0.0,2019102983,(84.4),,,1.7,後方,後方,37.89,496,0,84.4,木下牧場,新ひだか町,ホッコータルマエ,キュールエアリス,ウォーエンブレム,16,1,1,,(栗),中尾秀正
1勝,202512140905040601,2025.12.14,阪神,モンサンゴールデン,牡,2,松山弘平, 56 ,7,２,ダ,1200,,良,1121,0.4,,,1,1,36.2,3,49.2,*,49.83,50.3,,A04,320,,2023104044,(2.3),130,230,0.0,逃げ,逃げ,35.90,474,+4,2.3,川島牧場,新冠町,シルバーステート,ウインアンジェラス,Bertolini,7,1,1,,(栗),中竹和也
1勝,202512140905040605,2025.12.14,阪神,シラヌイ,牝,2,吉村誠之,54☆,7,６,ダ,1200,,良,1138,2.1,,,5,5,37.3,6,47.9,,49.83,50.3,,A04,0,,2023105668,(7.4),,,0.6,後方,後方,36.50,446,-4,7.4,木田牧場,新ひだか町,フィレンツェファイア,ミスティック,キンシャサノキセキ,7,5,5,,(栗),高橋亮
未勝利,202512140905040104,2025.12.14,阪神,タケルフォーカス,牡,2,津村明秀, 56 ,11,３,ダ,1800,,稍,1546,1.0,10,10,9,6,38.6,2,48.4,*,46.33,45.3,,003,140,,2023106077,(41.8),380,,1.5,中団,差し,38.00,430,+4,41.8,チャンピオンズファーム,新ひだか町,サトノダイヤモンド,オスカーステージ,キングカメハメハ,11,4,4,,(栗),四位洋文
1勝,202512140705041210,2025.12.14,中京,ストレイトアスク,牝,4,河原田菜,52★,16,７,芝,1600,A,稍,1359,0.3,,5,5,5,34.6,9,56.3,*,57.40,54.4,,003,0,,2021102312,(23.5),,,0.6,中団,中団,36.78,442,+12,23.5,"ASK STUD",平取町,ロードカナロア,ストレイトガール,フジキセキ,16,5,10,,(栗),藤原英昭
1勝,202512140705041209,2025.12.14,中京,シャインバオバブ,牡,3,黛弘人, 57 ,16,12,芝,1600,A,稍,1363,0.7,,15,15,13,34.4,6,58.0,*,57.40,54.4,,003,0,,2022106180,(17.2),,,1.2,後方,後方,37.14,508,+16,17.2,川島牧場,新冠町,シルバーステート,レユシット,ルーラーシップ,16,5,9,,(栗),本田優
2勝,202512140705041010,2025.12.14,中京,バンフィエルド,牡,6,国分恭介, 58 ,10,４,芝,2200,A,稍,2151,1.1,1,1,1,1,36.0,7,53.2,,57.00,56.5,,A04,230,    0.0,2019104531,(21.4),,,0.0,逃げ,逃げ,37.16,430,+4,21.4,社台コーポレーション白老ファーム,白老町,オルフェーヴル,エヴィータアルゼンティーナ,"Candy Ride",10,8,10,,(栗),緒方努
1勝,202512140705040910,2025.12.14,中京,タリスマン,牡,4,黛弘人, 58 ,12,８,ダ,1800,,稍,1559,1.7,4,4,7,6,40.7,6,42.4,,43.90,43.5,,A03,0,    0.0,2021104618,(98.5),,,0.8,中団,中団,37.60,478,+12,98.5,リトルブルーファーム,清水町,タリスマニック,クロエチャン,スパイキュール,12,7,10,,(美),金成貴史
1勝,202512140705040806,2025.12.14,中京,バルミラクル,牡,3,鮫島良太, 57 ,16,12,ダ,1400,,稍,1271,2.0,,,4,4,39.3,16,41.2,,47.50,44.7,,003,0,,2022106177,(8.7),,,0.3,先行,先行,35.85,454,-4,8.7,川島牧場,新冠町,マクフィ,ミラクルクロス,フジキセキ,16,3,6,,(栗),河嶋宏樹
1勝,202512140705040618,2025.12.14,中京,フィオレストラーダ,牝,3,泉谷楓真, 55 ,18,３,芝,2000,A,稍,2015,0.3,6,6,4,4,34.9,5,56.3,*,57.50,56.0,牝,023,200,,2022100626,(12.6),300,,0.3,先行,先行,37.11,458,0,12.6,ケイアイファーム,新ひだか町,エピファネイア,キャトルフィーユ,ディープインパクト,18,8,18,,(栗),杉山晴紀
未勝利,202512140705040211,2025.12.14,中京,ザキノフレンズ,牡,2,富田暁, 56 ,13,11,ダ,1400,,稍,1282,2.3,,,12,11,39.5,8,42.5,,41.53,39.8,,A03,0,,2023104433,(159.0),,,1.9,後方,後方,36.53,502,-4,159.0,ハクレイファーム,新冠町,モーニン,ザデイ,シンボリクリスエス,13,7,11,,(栗),東田明士
1勝,202512140605040713,2025.12.14,中山,ハイライトニング,牡,2,吉田豊, 56 ,16,12,ダ,1800,,稍,1560,1.7,11,12,14,14,39.2,11,48.0,,50.17,49.2,,A04,0,,2023105381,(31.6),,,0.8,後方,後方,38.40,478,+6,31.6,千代田牧場,新ひだか町,リアルスティール,マニクール,ヘニーヒューズ,16,7,13,,(美),嘉藤貴行
1勝,202512140605040715,2025.12.14,中山,ナリノシャーウッド,牡,2,丹内祐次, 56 ,16,15,ダ,1800,,稍,1565,2.2,4,1,1,2,40.5,16,43.8,,50.17,49.2,,A04,0,,2023105963,(39.6),,,0.0,逃げ,逃げ,38.00,472,0,39.6,社台コーポレーション白老ファーム,白老町,マインドユアビスケッツ,ナリノメジャー,ダイワメジャー,16,8,15,,(美),田村康仁
新馬,202512140605040512,2025.12.14,中山,ランウェイミューズ,牝,2,戸崎圭太, 55 ,16,２,芝,1600,A,稍,1373,0.7,,2,3,4,36.2,6,51.3,*,51.40,51.9,,003,300,,2023107304,(5.2),170,700,0.3,先行,先行,36.66,392,,5.2,ノーザンファーム,安平町,シルバーステート,ランウェイデビュー,ストロングリターン,16,6,12,,(美),竹内正洋
新馬,202512140605040511,2025.12.14,中山,キコリータ,牝,2,石田拓郎,52▲,16,７,芝,1600,A,稍,1379,1.3,,13,11,10,35.7,3,54.5,*,51.40,51.9,,003,0,,2023103321,(38.5),,,1.4,中団,中団,37.32,416,,38.5,社台ファーム,千歳市,レイデオロ,アルマンド,ディープインパクト,16,6,11,,(美),田中勝春
新馬,202512140605040510,2025.12.14,中山,コスモペンタス,牝,2,原優介, 55 ,16,８,芝,1600,A,稍,1379,1.3,,7,9,9,35.9,5,53.6,*,51.40,51.9,,003,0,,2023106482,(31.7),,,1.2,中団,中団,37.20,410,,31.7,ビッグレッドファーム,新冠町,ベンバトル,モエレカトリーナ,ゴールドヘイロー,16,5,10,,(美),西田雄一
未勝利,202512140605040311,2025.12.14,中山,セキテイリノ,牡,2,江田照男, 56 ,18,６,芝,2000,A,稍,2049,1.9,2,3,3,2,38.1,13,47.6,,52.87,51.6,,A03,0,,2023103447,(2.9),,,0.3,先行,先行,37.20,472,-2,2.9,社台ファーム,千歳市,サトノダイヤモンド,ステイアライヴ,Iffraaj,18,6,11,,(美),田中剛
1勝,202512130905030902,2025.12.13,阪神,ジャストビート,牝,2,岩田望来, 55 ,9,７,芝,2000,A,良,2033,1.4,3,4,4,5,34.1,7,62.1,,65.57,63.6,,A04,0,    0.0,2023101090,(155.8),,,0.7,中団,中団,38.23,426,+2,155.8,タバタファーム,日高町,デクラレーションオブウォー,ステルス,ディープインパクト,9,2,2,,(栗),安達昭夫
1勝,202512130905030804,2025.12.13,阪神,セボンサデッセ,牡,3,菱田裕二, 57 ,16,２,ダ,1400,,良,1246,0.6,,,3,3,37.4,6,44.7,*,46.80,44.4,,A03,320,,2022104903,(3.1),130,480,0.4,先行,先行,35.40,500,+4,3.1,ノーザンファーム,安平町,ルヴァンスレーヴ,チャームクォーク,クロフネ,16,2,4,,(栗),橋口慎介
未勝利,202512130905030705,2025.12.13,阪神,ヨカオウ,牡,2,岩田康誠, 56 ,8,１,芝,2000,A,良,2009,-0.5,1,1,1,1,35.3,1,53.9,*,53.57,53.9,,003,560,,2023102707,820,180,9010,0.0,逃げ,逃げ,36.69,466,+2,8.2,サンデーヒルズ,新ひだか町,キズナ,ヨカヨカ,スクワートルスクワート,8,5,5,,(栗),谷潔
新馬,202512130905030605,2025.12.13,阪神,キタノサリスカ,牝,2,長岡禎仁, 55 ,13,６,ダ,1400,,良,1281,1.5,,,12,12,37.5,4,51.2,*,50.33,49.6,,A03,0,,2023105977,(148.5),,,1.2,後方,後方,37.95,426,,148.5,高山牧場,日高町,タイセイレジェンド,ブラウンキャビア,Kodiac,13,4,5,*,(栗),羽月友彦
新馬,202512130905030611,2025.12.13,阪神,サンオブザサン,牡,2,菱田裕二, 56 ,13,９,ダ,1400,,良,1288,2.2,,,3,2,39.1,11,45.3,,50.33,49.6,,A03,0,,2023101979,(31.1),,,0.3,先行,先行,37.28,496,,31.1,岡部雅樹,浦河町,タニノフランケル,ソレイユフルール,マツリダゴッホ,13,7,11,,(栗),高橋一哉
未勝利,202512130905030106,2025.12.13,阪神,リーガルスプレンダ,牝,2,加藤祥太, 55 ,15,10,ダ,1400,,良,1272,1.7,,,3,3,39.9,12,38.9,,45.47,41.6,牝,023,0,,2023103685,(354.9),,,0.3,先行,先行,35.48,466,0,354.9,追分ファーム,安平町,サトノアラジン,クイーンカトリーン,Acclamation,15,4,6,,(栗),庄野靖志
未勝利,202512130905030115,2025.12.13,阪神,アンガーザガール,牝,2,吉村誠之,54☆,15,12,ダ,1400,,良,1275,2.0,,,1,2,40.4,14,37.4,,45.47,41.6,牝,023,0,,2023106856,(8.1),,,0.1,逃げ,逃げ,35.33,456,+10,8.1,ノーザンファーム,安平町,リオンディーズ,アンソロジー,サクラバクシンオー,15,8,15,,(栗),東田明士
未勝利,202512130905030114,2025.12.13,阪神,ナムラティアラ,牝,2,高杉吏麒, 55 ,15,13,ダ,1400,,良,1277,2.2,,,8,9,39.8,11,40.3,,45.47,41.6,牝,023,0,,2023106228,(9.6),,,0.9,中団,中団,35.93,468,+4,9.6,森政巳,新ひだか町,ジョーカプチーノ,ナムラテンゲル,トゥザグローリー,15,8,14,,(栗),牧田和弥
1勝,202512130705031208,2025.12.13,中京,グランテレーズ,牝,4,小沢大仁, 56 ,18,４,芝,1200,A,良,1085,0.2,,,1,1,33.8,14,52.7,*,55.03,53.3,,A03,120,,2021102401,(40.4),,,0.0,逃げ,逃げ,34.70,452,+4,40.4,坂東牧場,平取町,シュヴァルグラン,アドマイヤテレサ,エリシオ,18,4,8,*,(栗),渡辺薫彦
1勝,202512130705030901,2025.12.13,中京,ベレーバスク,牝,2,丹内祐次, 55 ,11,９,芝,1400,A,良,1208,0.9,,,4,3,35.1,9,47.6,*,49.13,46.2,牝,A24,0,    0.0,2023106477,(2.8),,,0.8,先行,先行,34.28,456,-2,2.8,ビッグレッドファーム,新冠町,ベンバトル,マイネサヴァラン,マンハッタンカフェ,11,1,1,,(美),清水英克
1勝,202512130705030816,2025.12.13,中京,エイシンマールス,牡,3,松山弘平, 57 ,16,３,ダ,1400,,良,1249,0.4,,,5,6,37.1,3,46.6,*,45.83,44.0,,003,200,,2022102624,(4.3),160,,0.8,中団,差し,35.85,468,-6,4.3,栄進牧場,浦河町,エイシンヒカリ,エーシンアマゾーン,ファルブラヴ,16,8,16,,(栗),今野貞一
1勝,202512130705030807,2025.12.13,中京,ラブミーナッソー,牝,3,古川吉洋, 55 ,16,７,ダ,1400,,良,1253,0.8,,,8,7,37.3,6,46.5,*,45.83,44.0,,003,0,,2022103453,(35.8),,,1.0,中団,中団,36.00,450,-6,35.8,伊藤敏明,新ひだか町,コパノリッキー,バックアタック,アグネスデジタル,16,4,7,,(栗),宮徹
1勝,202512130705030802,2025.12.13,中京,ハレアカラフラ,牝,5,池添謙一, 56 ,16,14,ダ,1400,,良,1264,1.9,,,7,7,38.5,14,43.3,,45.83,44.0,,003,0,,2020103292,(36.2),,,0.9,中団,中団,35.93,466,-12,36.2,ノーザンファーム,安平町,ラブリーデイ,オーキッドレイ,ディープインパクト,16,1,2,,(栗),吉田直弘
1勝,202512130705030717,2025.12.13,中京,テレプシコーラ,牝,3,国分優作, 54 ,18,６,芝,2200,A,良,2121,1.1,6,5,5,5,34.9,13,54.4,,56.97,54.1,,003,0,,2022100457,(23.9),,,0.9,中団,中団,36.45,418,+4,23.9,吉田ファーム,浦河町,ルーラーシップ,キスオンザグリーン,オルフェーヴル,18,8,17,,(栗),坂口智康
1勝,202512130705030701,2025.12.13,中京,ジーティートシオー,牡,3,吉田隼人, 56 ,18,９,芝,2200,A,良,2122,1.2,12,12,12,13,34.0,2,58.3,*,56.97,54.1,,003,0,,2022104661,(117.9),,,1.9,後方,後方,36.83,466,0,117.9,ノーザンファーム,安平町,バゴ,ウォークロニクル,ウォーエンブレム,18,1,1,,(栗),西村真幸
1勝,202512130705030713,2025.12.13,中京,ビップチェイス,牡,4,丸山元気, 58 ,18,12,芝,2200,A,良,2127,1.7,1,1,1,1,36.4,18,49.2,,56.97,54.1,,003,0,,2021105763,(16.7),,,0.0,逃げ,逃げ,36.11,454,-12,16.7,ノーザンファーム,安平町,アルアイン,ベッラレイア,ナリタトップロード,18,7,13,,(美),田島俊明
新馬,202512130705030501,2025.12.13,中京,パンチャマハブータ,牝,2,松本大輝,54☆,12,６,芝,2000,A,良,2023,0.9,6,4,4,5,34.2,7,60.4,*,63.33,62.0,,003,0,,2023101404,(112.9),,,0.3,中団,中団,37.76,414,,112.9,碧雲牧場,日高町,アドマイヤマーズ,ツキノサバク,"Oasis Dream",12,1,1,,(栗),吉田直弘
未勝利,202512130705030406,2025.12.13,中京,イージーライダー,牡,2,西村淳也, 56 ,13,１,芝,1600,A,良,1343,-0.1,,7,4,4,34.4,3,54.5,*,52.63,51.7,,003,560,,2023102814,210,130,1050,0.6,先行,先行,35.94,464,0,2.1,高橋フアーム,新ひだか町,キズナ,エセンテペ,Oratorio,13,5,6,,(栗),杉山晴紀
未勝利,202512130705030402,2025.12.13,中京,フォーエバーラブ,牡,2,小崎綾也, 56 ,13,８,芝,1600,A,良,1352,0.9,,7,8,9,34.7,4,54.6,*,52.63,51.7,,003,0,,2023102941,(345.4),,,1.2,後方,後方,36.30,458,+2,345.4,千代田牧場,新ひだか町,ミスターメロディ,プレシャスメイト,ステイゴールド,13,2,2,,(美),金成貴史
1勝,202512130705030214,2025.12.13,中京,ミルミナーヴァ,牝,4,丸山元気, 56 ,16,８,ダ,1200,,良,1134,1.0,,,9,12,37.0,6,48.4,*,48.73,47.3,牝,023,0,,2021106332,(5.6),,,0.7,後方,後方,36.40,488,+4,5.6,高瀬牧場,新冠町,ヘニーヒューズ,ランミネルバ,アグネスタキオン,16,7,14,,(栗),西園正都
未勝利,202512130705030105,2025.12.13,中京,インシオン,牡,2,松山弘平, 56 ,14,１,ダ,1800,,良,1554,-0.3,1,1,1,2,37.4,1,54.3,*,53.83,54.3,,003,560,,2023107203,200,110,550,0.0,逃げ,逃げ,39.00,504,+2,2.0,ノーザンファーム,安平町,ドレフォン,プラウドスペル,"Proud Citizen",14,4,5,,(栗),藤原英昭
未勝利,202512130705030111,2025.12.13,中京,ロードステラート,牡,2,富田暁, 56 ,14,３,ダ,1800,,良,1559,0.5,2,2,2,1,37.9,5,52.9,*,53.83,54.3,,003,140,,2023105838,(6.5),160,,0.0,先行,先行,39.00,500,-4,6.5,ケイアイファーム,新ひだか町,キタサンブラック,ブリュネット,ダイワメジャー,14,7,11,,(栗),武英智
未勝利,202512130705030104,2025.12.13,中京,ナブッコ,牡,2,柴田裕一,54△,14,６,ダ,1800,,良,1566,1.2,3,3,4,3,38.3,9,52.2,,53.83,54.3,,003,0,,2023104377,(216.8),,,0.3,先行,先行,39.15,490,0,216.8,ノースヒルズ,新冠町,モーリス,ヴェルディアーナ,"Perfect Soul",14,3,4,,(栗),中竹和也
3勝,202512130605031008,2025.12.13,中山,ゲキザル,牡,6,小林脩斗, 55 ,15,２,ダ,1200,,良,1110,0.1,,,8,8,36.1,2,46.7,*,45.40,42.7,,A03,740,    9.8,2019102102,(19.8),530,19570,0.8,中団,差し,34.90,484,0,19.8,広富牧場,日高町,ザファクター,トゥモローズライト,アフリート,15,5,8,,(美),青木孝文
3勝,202512130605031012,2025.12.13,中山,エンヤラヴフェイス,牡,4,横山琉人, 56 ,15,６,ダ,1200,,良,1112,0.3,,,15,13,35.5,1,50.6,*,45.40,42.7,,A03,0,    0.0,2021101737,(7.9),,,1.6,後方,後方,35.70,514,0,7.9,チャンピオンズファーム,新ひだか町,エイシンヒカリ,タイキアプローズ,"Devil's Bag",15,7,12,,(栗),森田直行
1勝,202512130605030904,2025.12.13,中山,コックオーヴァン,牝,2,松岡正海, 55 ,13,７,芝,1200,A,良,1089,0.7,,,2,2,34.4,13,50.3,*,51.80,51.2,,A04,0,    0.0,2023106405,(37.2),,,0.2,先行,先行,34.50,454,-10,37.2,金石牧場,浦河町,ウインブライト,コスモミール,ヘクタープロテクター,13,4,4,,(美),伊藤伸一
1勝,202512130605030909,2025.12.13,中山,ヤマメライズ,牡,2,戸崎圭太, 56 ,13,10,芝,1200,A,良,1091,0.9,,,10,10,33.9,4,53.8,*,51.80,51.2,,A04,0,    0.0,2023105128,(5.7),,,0.9,後方,後方,35.20,428,+8,5.7,小島牧場,浦河町,サートゥルナーリア,ヴァルドワーズ,ダノンシャンティ,13,6,9,*,(美),田島俊明
2勝,202512130605030806,2025.12.13,中山,スマートカイロス,牡,3,プーシャ, 57 ,15,10,ダ,1800,,良,1557,1.4,1,1,1,1,39.9,13,45.0,,50.90,48.4,,004,0,,2022102735,(9.6),,,0.0,逃げ,逃げ,37.90,510,-8,9.6,杵臼牧場,浦河町,シニスターミニスター,スマートバベル,サウスヴィグラス,15,4,6,,(栗),矢作芳人
新馬,202512130605030602,2025.12.13,中山,アンタレス,牡,2,高田潤, 56 ,15,11,ダ,1800,,良,2029,6.6,14,14,14,13,41.2,8,49.2,,47.70,49.1,,003,0,,2023100017,(28.3),,,4.4,後方,後方,40.85,496,,28.3,猪野毛牧場,新ひだか町,キズナ,マサノバルサー,エンパイアメーカー,15,2,2,,(栗),藤野健太
新馬,202512130605030504,2025.12.13,中山,セットエトワール,牝,2,荻野極, 55 ,13,５,芝,1800,A,良,1492,0.7,13,13,11,9,34.3,1,59.2,*,57.97,57.2,,A03,75,,2023103792,(15.2),,,0.9,後方,後方,37.45,476,,15.2,社台コーポレーション白老ファーム,白老町,シルバーステート,セブンスセンス,キングカメハメハ,13,4,4,,(美),鹿戸雄一
未勝利,202512130605030412,2025.12.13,中山,タイセツナヒ,牡,2,マーカン, 56 ,16,３,ダ,1800,,良,1570,0.9,14,15,13,12,38.5,1,51.9,*,49.37,48.5,,003,140,,2023102352,(11.0),260,,1.5,後方,追込,39.25,478,+26,11.0,岡田スタツド,新ひだか町,ホッコータルマエ,アイアムキャツアイ,アイルハヴアナザー,16,6,12,,(美),杉浦宏昭
未勝利,202512130605030416,2025.12.13,中山,サンタピア,牡,2,柴田大知, 56 ,16,12,ダ,1800,,良,1588,2.7,6,8,6,6,41.3,11,43.8,,49.37,48.5,,003,0,,2023102804,(68.1),,,0.5,中団,中団,38.75,456,-2,68.1,タイヘイ牧場,新ひだか町,ルヴァンスレーヴ,ドリームバラード,タニノギムレット,16,8,16,,(美),松山将樹
未勝利,202512130605030310,2025.12.13,中山,シャルムグリーン,牡,2,津村明秀, 56 ,16,２,芝,1600,A,良,1340,0.2,,4,4,2,34.7,2,52.5,*,52.53,51.3,,A03,220,,2023101459,(11.6),220,1540,0.4,先行,先行,35.58,486,+8,11.6,本間牧場,日高町,スワーヴリチャード,ファータグリーン,タニノギムレット,16,5,10,,(美),相沢郁
未勝利,202512130605030315,2025.12.13,中山,ショウナンタヅナ,牡,2,荻野極, 56 ,16,９,芝,1600,A,良,1351,1.3,,4,4,4,35.8,13,49.4,,52.53,51.3,,A03,0,,2023100531,(185.8),,,0.4,先行,先行,35.58,468,+10,185.8,二風谷ファーム,平取町,ドレフォン,ウインフロレゾン,フジキセキ,16,8,15,,(美),武市康男
未勝利,202512130605030302,2025.12.13,中山,ヴェントベローチェ,牡,2,北村宏司, 56 ,16,12,芝,1600,A,良,1356,1.8,,15,15,14,35.0,4,53.9,*,52.53,51.3,,A03,0,,2023103133,(60.1),,,1.7,後方,後方,36.36,464,0,60.1,藤沢牧場,新ひだか町,ダノンプレミアム,ケイココサージュ,ヘニーヒューズ,16,1,2,,(美),勢司和浩
2勝,202512070905021204,"2025.12. 7",阪神,インフローレ,牝,3,今村聖奈,53◇,17,11,芝,1400,A,良,1207,0.8,,,16,15,34.3,3,51.5,*,49.83,46.2,,A03,0,,2022102729,(49.3),,,1.5,後方,後方,34.80,440,-2,49.3,杵臼牧場,浦河町,リオンディーズ,キュイキュイ,ハービンジャー,17,2,4,,(栗),寺島良
3勝,202512070905021007,"2025.12. 7",阪神,ノーブルスカイ,牡,4,松若風馬, 54 ,18,５,芝,1800,A,良,1451,0.4,,,7,7,33.3,9,57.8,*,58.57,56.7,,A03,184,    0.0,2021102256,(35.6),,,0.5,中団,中団,35.90,486,+2,35.6,エトルタファーム,日高町,ネオユニヴァース,ホウショウワールド,"Sky Classic",18,4,7,,(栗),高柳大輔
3勝,202512070905021010,"2025.12. 7",阪神,ドットクルー,牡,5,高杉吏麒, 55 ,18,12,芝,1800,A,良,1456,0.9,,,13,12,33.5,11,57.6,*,58.57,56.7,,A03,0,    0.0,2020101486,(20.6),,,0.8,中団,中団,36.05,470,+2,20.6,佐々木牧場,日高町,ディーマジェスティ,スターオブロゼッタ,ロードカナロア,18,5,10,,(栗),笹田和秀
1勝,202512070905020704,"2025.12. 7",阪神,モンテディアーナ,牝,3,吉村誠之,54☆,11,１,ダ,1200,,良,1126,-0.1,,,4,3,37.3,2,44.6,*,45.50,42.1,牝,023,800,,2022104597,290,130,590,0.5,先行,先行,35.30,468,-2,2.9,ノーザンファーム,安平町,ドレフォン,アズールムーン,"Malibu Moon",11,4,4,,(栗),四位洋文
1勝,202512070905020702,"2025.12. 7",阪神,ペレグリン,牝,4,鮫島克駿, 56 ,11,４,ダ,1200,,良,1128,0.2,,,6,5,37.4,5,44.7,*,45.50,42.1,牝,023,120,,2021100906,(14.7),,,0.6,中団,差し,35.40,432,-2,14.7,バンブー牧場,浦河町,バンブーエール,フラミンゴ,マルカシェンク,11,2,2,,(栗),河嶋宏樹
新馬,202512070905020606,"2025.12. 7",阪神,マルベック,牝,2,団野大成, 55 ,10,４,ダ,1800,,良,1555,1.5,4,4,3,2,38.9,5,48.5,,51.73,51.6,,003,110,,2023105155,(3.1),,,0.2,先行,先行,38.30,496,,3.1,大北牧場,浦河町,ホッコータルマエ,ダイワバーガンディ,ブライアンズタイム,9,6,6,,(栗),坂口智康
未勝利,202512070905020408,"2025.12. 7",阪神,ダンツウルス,牡,2,田口貫太, 56 ,8,３,芝,2000,A,良,2021,0.1,5,5,5,5,33.9,1,61.5,*,60.97,58.3,,A03,140,,2023102901,(2.7),120,,0.8,中団,差し,37.80,464,-4,2.7,千代田牧場,新ひだか町,リアルスティール,コゴメユキ,"Liam's Map",8,8,8,,(栗),谷潔
未勝利,202512070905020314,"2025.12. 7",阪神,クライナリーゼ,牡,2,酒井学, 56 ,18,14,芝,1400,A,良,1224,2.2,,,18,16,35.0,6,51.6,,48.67,46.9,,A03,0,,2023104192,(301.6),,,2.2,後方,後方,35.55,376,+2,301.6,田端牧場,新冠町,カレンブラックヒル,ウェルアウェイ,Monsun,18,7,14,,(栗),高橋康之
1勝,202512070705021204,"2025.12. 7",中京,サミダレナイツ,牡,3,岩田康誠, 56 ,10,２,芝,2200,A,良,2121,0.0,2,2,2,2,34.6,6,55.7,*,56.53,54.4,,A03,440,    8.2,2022101605,(29.0),550,7860,0.3,先行,先行,36.56,488,+6,29.0,竹島幸治,日高町,トーホウジャッカル,トーホウビスカヤ,ストリートセンス,10,4,4,,(栗),谷潔
1勝,202512070705021209,"2025.12. 7",中京,サリーチェ,牝,3,西村淳也, 54 ,10,７,芝,2200,A,良,2130,0.9,1,1,1,1,35.8,10,51.8,*,56.53,54.4,,A03,0,    0.0,2022104794,(24.4),,,0.0,逃げ,逃げ,36.45,486,0,24.4,ノーザンファーム,安平町,ドゥラメンテ,サロミナ,Lomitas,10,8,9,,(栗),池添学
1勝,202512070705020817,"2025.12. 7",中京,ハルオーブ,牡,5,柴田裕一,56△,18,７,芝,1400,A,良,1207,0.3,,,7,7,34.1,10,52.5,*,53.07,50.3,,A03,0,,2020104732,(181.7),,,0.6,中団,中団,34.95,482,+4,181.7,藤沢牧場,新ひだか町,ディーマジェスティ,ハルダヨリ,ファルブラヴ,18,8,17,,(美),武井亮
1勝,202512070705020603,"2025.12. 7",中京,レーヴドアンジュ,牝,3,佐々木大, 55 ,16,12,ダ,1400,,良,1260,1.4,,,9,9,38.5,9,42.5,,48.60,41.5,,A03,0,,2022110157,(125.5),,,1.0,中団,中団,35.63,428,-4,125.5,"Michael E. Pegram Paul Weitman & Karl Watson",米,"Maximum Security","Tiz Midnight","Midnight Lute",16,2,3,,(栗),河嶋宏樹
未勝利,202512070705020406,"2025.12. 7",中京,ベンティガオルサ,牡,2,ジェルー, 56 ,14,６,芝,1600,A,良,1344,0.3,,13,13,13,33.7,1,58.1,*,54.40,52.7,,A03,0,,2023101582,(11.0),,,1.3,後方,後方,36.42,500,-10,11.0,ヤナガワ牧場,日高町,シルバーステート,テーオーメーテル,ゴールドアリュール,14,4,6,,(栗),清水久詞
1勝,202512070705020303,"2025.12. 7",中京,マンオブザマッチ,牡,3,川田将雅, 57 ,14,６,ダ,1800,,良,1541,0.7,3,3,3,4,38.3,8,49.0,*,49.93,49.2,,A03,0,,2022101677,(13.0),,,0.4,先行,先行,37.90,490,+6,13.0,ダーレー・ジャパン・ファーム,日高町,ファインニードル,パテントジョイ,Pivotal,14,3,3,,(栗),高橋義忠
1勝,202512070705020212,"2025.12. 7",中京,ララバッカナール,牝,4,川田将雅, 56 ,16,２,ダ,1400,,良,1253,0.1,,,6,6,37.3,2,46.5,*,48.03,44.9,牝,023,320,,2021107097,(5.1),260,3420,0.4,中団,差し,36.00,476,+30,5.1,森永聡,新冠町,ヘニーヒューズ,ゴッドダンシング,ダンスインザダーク,16,6,12,,(栗),佐藤悠太
1勝,202512070605021208,"2025.12. 7",中山,プロスペクトパーク,牡,3,荻野極, 57 ,16,６,ダ,1800,,良,1544,1.7,4,4,4,4,38.6,12,48.2,,50.40,51.1,,A03,0,,2022105548,(12.3),,,0.4,先行,先行,37.90,498,-4,12.3,社台ファーム,千歳市,キズナ,ラブリーベルナデット,Wilburn,16,4,8,,(美),高柳瑞樹
1勝,202512070605021211,"2025.12. 7",中山,ミスティマウンテン,牡,3,横山武史, 57 ,16,11,ダ,1800,,良,1550,2.3,11,11,9,10,38.5,11,49.4,,50.40,51.1,,A03,0,,2022101684,(22.9),,,1.1,中団,中団,38.25,454,+8,22.9,ダーレー・ジャパン・ファーム,日高町,サンダースノー,ブルーミスト,スクリーンヒーロー,16,6,11,,(美),池上昌和
2勝,202512070605020710,"2025.12. 7",中山,オールマイデイズ,牡,5,荻野極, 58 ,11,３,芝,2500,A,良,2316,1.1,8,8,9,8,34.5,4,57.2,*,57.60,57.8,,A04,290,,2020103718,(34.3),490,,0.7,中団,差し,36.98,502,0,34.3,ノーザンファーム,安平町,リアルスティール,ロザリンド,シンボリクリスエス,11,8,10,,(美),矢嶋大樹
新馬,202512070605020508,"2025.12. 7",中山,リナシタ,牝,2,丹内祐次, 55 ,16,３,芝,1200,A,良,1097,0.3,,,1,1,34.9,6,49.7,*,52.83,50.6,,A03,190,,2023100290,(5.0),210,,0.0,逃げ,逃げ,34.80,442,,5.0,広田牧場,新ひだか町,ダノンスマッシュ,エポキシ,ディープインパクト,16,4,8,,(美),清水英克
新馬,202512070605020514,"2025.12. 7",中山,ミヤカグラ,牝,2,菊沢一樹, 55 ,16,６,芝,1200,A,良,1105,1.1,,,4,4,35.1,8,50.9,,52.83,50.6,,A03,0,,2023105567,(164.4),,,0.6,先行,先行,35.40,412,,164.4,ディアレストクラブ,浦河町,イスラボニータ,フィンランディア,Singspiel,16,7,14,,(美),田村康仁
新馬,202512070605020309,"2025.12. 7",中山,ダイユウサルターレ,牡,2,菊沢一樹, 56 ,13,10,ダ,1800,,良,1590,3.3,1,1,1,3,40.9,11,45.5,,53.13,53.9,,A03,0,,2023102809,(24.3),,,0.0,逃げ,逃げ,39.05,510,,24.3,タイヘイ牧場,新ひだか町,サートゥルナーリア,ラストワルツ,ゼンノロブロイ,13,6,9,,(美),松永康利
1勝,202512060905011215,"2025.12. 6",阪神,ラガークイン,牝,4,大久保友,53▲,15,７,芝,1600,A,良,1349,0.4,,,7,5,33.7,8,59.0,*,60.20,58.8,,A03,0,,2021105416,(22.7),,,0.3,中団,中団,36.72,428,+10,22.7,ノーザンファーム,安平町,リアルインパクト,ウォークロニクル,ウォーエンブレム,15,8,15,,(栗),大久保龍
1勝,202512060905010903,"2025.12. 6",阪神,フォーゲル,牡,2,西村淳也, 56 ,8,１,芝,1200,A,良,1091,-0.0,,,2,2,33.7,1,55.0,*,54.60,53.8,,A04,1110,   17.5,2023105273,210,110,290,0.2,先行,先行,35.40,532,+10,2.1,ノーザンファーム,安平町,アルアイン,エリカポンシャン,ロードカナロア,8,3,3,,(栗),斉藤崇史
1勝,202512060905010904,"2025.12. 6",阪神,トップアタック,牡,2,松山弘平, 56 ,8,２,芝,1200,A,良,1091,0.0,,,1,1,33.9,2,53.8,*,54.60,53.8,,A04,440,    5.0,2023104528,(3.3),110,290,0.0,逃げ,逃げ,35.20,460,-4,3.3,細川農場,新冠町,サトノダイヤモンド,レッドアマルフィ,ロードカナロア,8,4,4,,(栗),小椋研介
新馬,202512060905010502,"2025.12. 6",阪神,グランドスウェル,牡,2,丸田恭介, 56 ,10,８,芝,2000,A,良,2063,1.9,7,7,8,9,35.4,7,60.0,,62.87,62.6,,003,0,,2023102833,(160.3),,,0.8,後方,後方,38.96,504,,160.3,高橋陵,新ひだか町,サトノダイヤモンド,ホットスウェル,"Fusaichi Pegasus",10,2,2,,(美),畠山吉宏
未勝利,202512060905010316,"2025.12. 6",阪神,スワトウ,牝,2,田口貫太, 55 ,17,11,芝,1600,A,良,1352,1.6,,,11,9,34.5,12,55.6,,56.50,56.2,牝,023,0,,2023103333,(27.8),,,0.9,中団,中団,36.42,446,+10,27.8,社台ファーム,千歳市,アルアイン,インランジェリー,"Empire Maker",17,8,16,,(栗),牧田和弥
未勝利,202512060905010205,"2025.12. 6",阪神,ケイアイアマゾン,牡,2,藤懸貴志, 56 ,16,８,ダ,1800,,良,1559,2.2,16,16,15,13,38.0,4,52.5,*,51.87,52.0,,003,0,,2023105762,(243.3),,,1.6,後方,後方,38.95,482,+8,243.3,新冠橋本牧場,新冠町,マインドユアビスケッツ,クインズヌーサ,ゴールドアリュール,16,3,5,,(栗),秋山真一
未勝利,202512060905010211,"2025.12. 6",阪神,アーサーバローズ,牡,2,高杉吏麒, 56 ,16,11,ダ,1800,,良,1564,2.7,4,6,6,5,39.4,12,47.7,,51.87,52.0,,003,0,,2023105468,(15.3),,,0.7,中団,中団,38.50,496,+2,15.3,静内フジカワ牧場,新ひだか町,キセキ,シーカーマ,"Exchange Rate",16,6,11,,(栗),寺島良
未勝利,202512060905010116,"2025.12. 6",阪神,チョウスター,牝,2,国分優作, 55 ,16,10,ダ,1200,,良,1145,1.6,,,13,12,38.4,10,44.0,,43.17,42.9,,003,0,,2023104226,(146.9),,,1.0,後方,後方,36.10,468,+2,146.9,対馬正,新冠町,エスポワールシチー,アラモアナワヒネ,グラスワンダー,16,8,16,,(栗),羽月友彦
1勝,202512060705011202,"2025.12. 6",中京,フェルシナ,牝,3,斎藤新, 55 ,16,３,芝,1600,A,良,1333,0.3,,4,3,3,34.4,11,52.7,*,53.30,52.7,,003,200,,2022105831,(22.6),760,,0.2,先行,先行,35.34,460,+8,22.6,社台コーポレーション白老ファーム,白老町,ルーラーシップ,ヒルダ,ダイワメジャー,16,1,2,,(栗),西園翔太
1勝,202512060705011209,"2025.12. 6",中京,マルモア,牝,4,永島まな,54◇,16,14,芝,1600,A,良,1342,1.2,,15,16,16,33.4,1,59.2,*,53.30,52.7,,003,0,,2021105245,(71.0),,,2.1,後方,後方,36.48,418,+4,71.0,社台ファーム,千歳市,エピファネイア,マーブルカテドラル,ダイワメジャー,16,5,9,,(栗),松永幹夫
2勝,202512060705011002,"2025.12. 6",中京,アメリカンチケット,セ,4,西塚洸二, 58 ,13,４,ダ,1200,,良,1116,0.7,,,1,1,36.8,10,44.6,*,48.70,46.4,,A03,230,    0.0,2021110122,(23.6),,,0.0,逃げ,逃げ,34.80,504,0,23.6,"Triemore Stud",米,Justify,"A Z Warrior",Bernardini,13,2,2,,(栗),藤原英昭
1勝,202512060705010808,"2025.12. 6",中京,ダノンジャイアン,牡,3,斎藤新, 57 ,18,４,芝,2000,A,良,1596,0.6,5,6,6,7,34.1,8,57.5,*,56.97,55.8,,003,120,,2022105399,(5.6),,,0.8,中団,差し,36.64,456,+10,5.6,社台ファーム,千歳市,ブリックスアンドモルタル,ダノンジャンヌ,ディープインパクト,18,4,8,,(栗),茶木太樹
1勝,202512060705010815,"2025.12. 6",中京,メイショウビストロ,牡,3,小沢大仁, 57 ,18,10,芝,2000,A,良,1599,0.9,14,12,11,12,34.0,4,58.3,*,56.97,55.8,,003,0,,2022103251,(17.5),,,1.2,中団,中団,36.81,446,-4,17.5,三嶋牧場,浦河町,カリフォルニアクローム,メイショウオワラ,ディープブリランテ,18,7,15,,(栗),岡田稲男
1勝,202512060705010703,"2025.12. 6",中京,ビービーバザーク,牡,3,森田誠也,54▲,16,５,ダ,1800,,良,1547,1.0,7,7,5,6,38.5,6,49.0,*,51.57,48.8,,002,80,,2022102397,(18.5),,,0.7,中団,中団,38.10,482,-8,18.5,坂東牧場,平取町,シニスターミニスター,カリビアンロマンス,コマンズ,16,2,3,*,(栗),武幸四郎
未勝利,202512060705010502,"2025.12. 6",中京,マイネルシュラハト,牡,2,武藤雅, 56 ,14,12,芝,2000,A,良,2029,1.6,13,13,12,12,34.6,4,59.4,*,58.83,58.3,,003,0,,2023106436,(159.1),,,1.4,後方,後方,37.84,486,+4,159.1,ビッグレッドファーム,新冠町,ベンバトル,クードヴァン,ディープインパクト,14,2,2,,(美),畠山吉宏
1勝,202512060705010303,"2025.12. 6",中京,キャットテイル,牝,3,西塚洸二,54☆,15,４,ダ,1800,,良,1545,0.3,1,1,1,1,38.9,12,47.2,*,51.10,47.9,牝,023,120,,2022101678,(133.3),,,0.0,逃げ,逃げ,37.80,430,+8,133.3,ダーレー・ジャパン・ファーム,日高町,ディスクリートキャット,ピクシープリンセス,ディープインパクト,15,2,3,,(栗),野中賢二
1勝,202512060705010202,"2025.12. 6",中京,スプランドゥール,牡,4,石神深道,55▲,13,２,ダ,1200,,良,1122,0.3,,,10,10,35.7,2,52.2,*,51.53,45.4,,003,320,,2021100623,(3.8),150,2280,1.4,後方,追込,36.50,470,-6,3.8,荻伏服部牧場,浦河町,シルバーステート,チェリーシェル,サクラバクシンオー,13,2,2,,(美),和田雄二
2勝,202512060605011209,"2025.12. 6",中山,ミニョンマルーン,牝,3,谷原柚希,51★,16,５,芝,1200,A,良,1078,0.3,,,4,5,33.5,5,52.4,*,52.20,50.9,,A03,114,,2022103151,(10.9),,,0.4,中団,中団,34.30,476,+4,10.9,ビクトリーホースランチ,浦河町,ミスターメロディ,タイキマロン,ファスリエフ,13,5,9,,(美),伊藤圭三
1勝,202512060605010902,"2025.12. 6",中山,オブラプリーマ,牝,2,石橋脩, 55 ,11,３,芝,2000,A,良,1589,0.7,10,10,8,7,35.0,3,52.7,*,52.37,50.6,,A04,280,    3.3,2023100237,(21.9),380,,1.0,中団,差し,35.96,428,+12,21.9,土居牧場,新ひだか町,ヴァンゴッホ,マナローラ,ハーツクライ,11,2,2,,(美),上原佑紀
ｵｰﾌﾟﾝ,202512060605010804,"2025.12. 6",中山,ピーターサイト,牡,5,上野翔, 60 ,12,１,芝,3570,A,良,4023,-0.2,1,1,1,1,13.6,,,,,,,A00,1750,   25.2,2020105611,1790,270,1720,,逃げ,逃げ,,480,-2,17.9,ノースヒルズ,新冠町,ワンアンドオンリー,ヴィクトリアアイ,ブライアンズタイム,12,4,4,,(美),村田一誠
1勝,202512060605010712,"2025.12. 6",中山,ベニシア,牝,4,柴田大知, 56 ,16,７,ダ,1200,,良,1124,1.2,,,11,10,36.8,4,46.7,*,44.67,40.9,,A03,0,,2021100662,(103.6),,,1.7,中団,中団,35.60,444,+4,103.6,上山牧場,浦河町,ヘニーヒューズ,フクシア,ゴールドアリュール,16,6,12,,(美),粕谷昌央
新馬,202512060605010506,"2025.12. 6",中山,ベストブラザーズ,牡,2,津村明秀, 56 ,18,６,芝,2000,A,良,2023,1.2,13,13,11,8,35.2,6,56.0,,55.77,55.9,,A03,0,,2023101087,(15.8),,,0.9,中団,中団,37.33,498,,15.8,竹島幸治,日高町,キセキ,トーホウロゼリア,ハーツクライ,18,3,6,,(美),辻哲英
新馬,202512060605010517,"2025.12. 6",中山,キリスパークル,牝,2,北村宏司, 55 ,18,10,芝,2000,A,良,2027,1.6,17,16,17,17,34.4,1,60.0,*,55.77,55.9,,A03,0,,2023100312,(372.0),,,2.1,後方,後方,37.84,438,,372.0,本桐牧場,新ひだか町,ディーマジェスティ,カエデ,タイキシャトル,18,8,17,,(美),勢司和浩
新馬,202512060605010516,"2025.12. 6",中山,アルティーノ,牡,2,石田拓郎,53▲,18,13,芝,2000,A,良,2034,2.3,13,15,15,15,35.4,9,56.5,,55.77,55.9,,A03,0,,2023106062,(361.7),,,1.8,後方,後方,37.71,472,,361.7,チェスナットファーム,浦河町,アルアイン,ティノ,キンシャサノキセキ,18,8,16,,(美),伊坂重信
未勝利,202512060605010202,"2025.12. 6",中山,イデアクリスタル,牝,2,石田拓郎,52▲,13,４,ダ,1800,,良,1568,0.4,11,11,12,10,39.5,1,47.8,*,45.97,44.4,牝,023,84,,2023102033,(23.7),,,1.2,後方,追込,38.65,476,-4,23.7,グランデファーム,浦河町,ホークビル,トゥルヴァーユ,ダイワメジャー,13,2,2,,(美),小西一男
3勝,202511300804081013,2025.11.30,京都,レーウィン,セ,4,高杉吏麒, 58 ,16,３,ダ,1800,,良,1511,0.4,10,10,9,9,37.5,4,48.1,*,48.43,46.0,,A04,460,    5.0,2021100734,(62.2),1210,,0.8,中団,差し,36.80,510,-6,62.2,高昭牧場,浦河町,ヘニーヒューズ,フジインザスカイ,ディープスカイ,16,7,13,,(栗),上村洋行
1勝,202511300804080715,2025.11.30,京都,セボンサデッセ,牡,3,菱田裕二, 56 ,16,４,ダ,1800,,良,1526,0.8,6,5,3,2,38.0,10,48.2,*,49.73,48.7,,A03,120,,2022104903,(2.1),,,0.4,先行,先行,37.30,496,+2,2.1,ノーザンファーム,安平町,ルヴァンスレーヴ,チャームクォーク,クロフネ,16,8,15,,(栗),橋口慎介
1勝,202511300804080416,2025.11.30,京都,バルミラクル,牡,3,鮫島良太, 57 ,16,４,ダ,1400,,良,1257,0.5,,,6,4,38.0,5,44.1,*,45.07,43.2,,003,120,,2022106177,(65.2),,,0.5,先行,先行,35.78,458,+8,65.2,川島牧場,新冠町,マクフィ,ミラクルクロス,フジキセキ,16,8,16,,(栗),河嶋宏樹
1勝,202511300804080412,2025.11.30,京都,プチプランス,牡,3,西村淳也, 57 ,16,10,ダ,1400,,良,1270,1.8,,,10,8,39.0,10,42.3,,45.07,43.2,,003,0,,2022101565,(12.0),,,0.8,中団,中団,36.00,498,+6,12.0,スマイルファーム,日高町,リアルスティール,シャイスター,"Equal Stripes",16,6,12,,(栗),藤岡健一
未勝利,202511300804080112,2025.11.30,京都,アーディアイリ,牝,2,田山旺佑,52▲,16,２,ダ,1200,,良,1133,0.2,,,4,4,37.2,3,47.0,*,46.17,44.9,,A03,220,,2023102460,(3.3),140,760,0.5,先行,先行,36.10,436,+2,3.3,岡田牧場,新ひだか町,クリソベリル,オースミマコ,フレンチデピュティ,16,6,12,,(栗),緒方努
1勝,202511300505080807,2025.11.30,東京,マイリトルヒーロー,牡,2,坂井瑠星, 56 ,8,止,芝,1600,C,良,----,----,,,8,8,,0,,,55.83,53.8,,A04,0,    0.0,2023106785,(21.8),,,,,,,464,0,21.8,上野正恵,新ひだか町,イスラボニータ,プレシャスガール,Speightstown,8,7,7,,(栗),高橋康之
新馬,202511300505080508,2025.11.30,東京,アンシュウマト,牡,2,岩部純二, 56 ,16,６,ダ,1600,,良,1406,1.3,,,11,12,38.2,1,48.0,*,43.97,42.8,,003,0,,2023101929,(83.0),,,2.1,後方,後方,37.44,452,,83.0,高村伸一,様似町,マクフィ,オクシペタルム,シンボリクリスエス,16,4,8,,(美),中川公成
未勝利,202511300505080209,2025.11.30,東京,エレクトロン,牡,2,嶋田純次, 56 ,13,８,芝,1600,C,良,1361,1.4,,,5,8,34.6,7,56.6,,59.13,57.6,,A03,0,,2023106608,(269.5),,,0.7,中団,中団,36.90,434,+2,269.5,ミルファーム,浦河町,ビーチパトロール,ヨイミヤ,マツリダゴッホ,13,6,9,,(美),佐藤吉勝
未勝利,202511300505080207,2025.11.30,東京,フラワーフェアリー,牝,2,丹内祐次, 55 ,13,13,芝,1600,C,良,1373,2.6,,,10,10,35.5,13,54.5,,59.13,57.6,,A03,0,,2023102361,(90.3),,,1.0,後方,後方,37.08,448,-6,90.3,岡田スタツド,新ひだか町,ヴァンセンヌ,アンローランサン,フサイチコンコルド,13,5,7,*,(美),畠山吉宏
未勝利,202511300505080113,2025.11.30,東京,ニンジャトットリ,牡,2,木幡育也, 56 ,16,６,ダ,1400,,良,1276,0.8,,,3,2,38.5,8,45.6,*,47.33,46.3,,A03,0,,2023106658,(25.7),,,0.3,先行,先行,36.83,464,+14,25.7,へいはた牧場,新ひだか町,ミッキーアイル,ディアデム,シンボリクリスエス,16,7,13,,(美),松永康利
2勝,202511290804071214,2025.11.29,京都,ヒーローインチーフ,セ,4,富田暁, 58 ,16,６,芝,1200,C,良,1090,0.6,,,13,12,33.6,2,55.4,*,50.27,46.6,,A04,0,,2021106661,(7.6),,,1.8,後方,後方,35.40,448,0,7.6,ハクツ牧場,新冠町,ディスクリートキャット,カクテルラウンジ,タニノギムレット,16,7,14,,(栗),吉田直弘
2勝,202511290804071213,2025.11.29,京都,ベビーズブレス,牝,3,武豊, 55 ,16,７,芝,1200,C,良,1090,0.6,,,7,7,34.4,10,50.6,*,50.27,46.6,,A04,0,,2022106351,(14.0),,,1.0,中団,中団,34.60,426,-12,14.0,隆栄牧場,新冠町,アドマイヤマーズ,レディーガリレオ,Galileo,16,7,13,,(栗),千田輝彦
2勝,202511290804071215,2025.11.29,京都,ハリウッドメモリー,牝,3,西村淳也, 55 ,16,10,芝,1200,C,良,1092,0.8,,,11,12,33.9,4,54.1,*,50.27,46.6,,A04,0,,2022100632,(7.7),,,1.7,後方,後方,35.30,464,+8,7.7,ケイアイファーム,新ひだか町,ロードカナロア,スピニングワイルドキャット,"Hard Spun",16,8,15,*,(栗),長谷川浩
2勝,202511290804071211,2025.11.29,京都,ブライティアダイヤ,牝,4,岩田康誠, 56 ,16,11,芝,1200,C,良,1092,0.8,,,11,10,34.1,6,52.9,*,50.27,46.6,,A04,0,,2021102468,(110.6),,,1.5,中団,中団,35.10,464,-4,110.6,雅牧場,平取町,サトノアラジン,ブライティアナイル,アドマイヤベガ,16,6,11,,(美),稲垣幸雄
2勝,202511290804070808,2025.11.29,京都,クリノオリーブ,牝,4,永島まな,54◇,16,３,ダ,1200,,良,1120,0.1,,,3,3,36.5,10,47.3,*,49.40,46.4,,003,290,,2021102259,(25.7),690,,0.2,先行,先行,35.50,466,-4,25.7,横井哲,日高町,ニューイヤーズデイ,クリノラホール,ダイワメジャー,16,4,8,,(栗),谷潔
新馬,202511290804070602,2025.11.29,京都,マーチンゲール,牡,2,団野大成, 56 ,13,４,ダ,1800,,良,1547,0.9,4,3,3,4,38.4,3,49.3,*,51.33,50.5,,A03,110,,2023102580,(13.1),,,0.3,先行,先行,38.15,478,,13.1,グランド牧場,新ひだか町,シニスターミニスター,ジェセニア,サウスヴィグラス,12,2,2,,(栗),斉藤崇史
未勝利,202511290804070308,2025.11.29,京都,イージーライダー,牡,2,西村淳也, 56 ,14,３,芝,1600,C,良,1348,0.2,,,5,5,35.0,2,52.5,*,52.33,51.2,,A03,140,,2023102814,(6.0),180,,0.4,中団,差し,35.88,464,+8,6.0,高橋フアーム,新ひだか町,キズナ,エセンテペ,Oratorio,14,5,8,,(栗),杉山晴紀
未勝利,202511290804070310,2025.11.29,京都,ハピネスサンライズ,牝,2,鮫島克駿, 55 ,14,４,芝,1600,C,良,1349,0.3,,,8,8,34.9,1,53.2,*,52.33,51.2,,A03,84,,2023100910,(18.8),,,0.6,中団,差し,36.00,470,+10,18.8,下河辺牧場,日高町,ダノンスマッシュ,オークヴィル,タニノギムレット,14,6,10,,(栗),東田明士
未勝利,202511290804070307,2025.11.29,京都,ノヴァレジーナ,牝,2,柴田裕一,53△,14,10,芝,1600,C,良,1358,1.2,,,12,13,35.5,7,51.9,,52.33,51.2,,A03,0,,2023105587,(489.0),,,0.9,後方,後方,36.18,450,0,489.0,岡野牧場,新ひだか町,アメリカンペイトリオット,ヴァーチュスター,"Symboli Kris S",14,5,7,,(栗),中尾秀正
未勝利,202511290804070201,2025.11.29,京都,インシオン,牡,2,松山弘平, 56 ,11,３,ダ,1800,,良,1537,0.1,1,1,1,2,38.0,4,49.6,*,51.13,49.9,,A03,140,,2023107203,(4.3),140,,0.0,逃げ,逃げ,37.85,502,0,4.3,ノーザンファーム,安平町,ドレフォン,プラウドスペル,"Proud Citizen",11,1,1,,(栗),藤原英昭
3勝,202511290505071007,2025.11.29,東京,ゲキザル,牡,6,小林脩斗, 58 ,16,13,ダ,1400,,良,1252,1.2,,,15,16,36.1,7,52.0,,50.37,48.6,,N04,0,    0.0,2019102102,(9.2),,,1.4,後方,後方,36.83,484,0,9.2,広富牧場,日高町,ザファクター,トゥモローズライト,アフリート,16,4,7,,(美),青木孝文
1勝,202511290505070714,2025.11.29,東京,エリナ,牝,3,武藤雅, 54 ,16,15,芝,2400,C,良,2268,3.3,9,10,12,14,37.1,14,48.6,,56.40,49.9,,A03,0,,2022101492,(537.6),,,2.1,後方,後方,36.57,422,+12,537.6,白井牧場,日高町,カリフォルニアクローム,ヒーラ,ディープインパクト,16,7,14,,(美),戸田博文
未勝利,202511290505070214,2025.11.29,東京,メーレスブリーゼ,牝,2,津村明秀, 55 ,18,14,芝,1400,C,良,1232,1.5,,,13,13,35.0,13,53.3,,53.93,52.1,,003,0,,2023106429,(41.4),,,1.1,後方,後方,36.15,424,0,41.4,ビッグレッドファーム,新冠町,ゴールドシップ,ヴォイスオブジョイ,Magician,18,7,14,,(美),水野貴広
未勝利,202511290505070107,2025.11.29,東京,ジェイエルモーダル,牡,2,吉田豊, 56 ,13,５,ダ,1600,,良,1401,0.7,,,9,10,37.7,2,49.3,*,47.63,46.9,,003,56,,2023106313,(48.6),,,1.0,後方,後方,37.44,464,-2,48.6,ナカノファーム,日高町,デクラレーションオブウォー,ジェイエルノブレス,ヨハネスブルグ,13,5,7,,(美),小西一男
2勝,202511240505060911,2025.11.24,東京,パッションリッチ,牡,3,マーカン, 56 ,12,８,芝,2400,C,良,2245,1.2,2,2,2,2,35.8,8,51.2,,56.17,54.7,,A04,0,    0.0,2022105390,(5.8),,,0.0,先行,先行,36.23,488,+2,5.8,社台ファーム,千歳市,ドゥラメンテ,セータコローナ,"Distorted Humor",12,8,11,*,(美),久保田貴
2勝,202511240505060807,2025.11.24,東京,パラサイコロジー,牝,3,レーン, 55 ,16,１,ダ,1400,,良,1232,-0.1,,,1,1,36.8,5,44.6,*,46.63,44.6,牝,023,1140,,2022104862,210,120,480,0.0,逃げ,逃げ,34.80,488,+10,2.1,ノーザンファーム,安平町,モズアスコット,スペルオンミー,ダイワメジャー,15,4,7,,(美),新開幸一
1勝,202511240505060515,2025.11.24,東京,タリスマン,牡,4,伊藤工真, 58 ,16,10,ダ,1400,,良,1265,2.0,,,5,6,37.6,11,47.5,,50.47,49.6,,003,0,,2021104618,(80.9),,,0.7,中団,中団,36.68,466,-4,80.9,リトルブルーファーム,清水町,タリスマニック,クロエチャン,スパイキュール,16,8,15,,(美),金成貴史
未勝利,202511240505060301,2025.11.24,東京,セキテイリノ,牡,2,江田照男, 56 ,16,２,芝,2000,C,良,2005,0.4,,1,1,1,35.1,9,54.3,*,56.43,55.5,,A03,220,,2023103447,(4.8),130,260,0.0,逃げ,逃げ,36.60,474,+6,4.8,社台ファーム,千歳市,サトノダイヤモンド,ステイアライヴ,Iffraaj,16,1,1,,(美),田中剛
未勝利,202511240505060312,2025.11.24,東京,ヒロイックヴァース,牡,2,レーン, 56 ,16,３,芝,2000,C,良,2006,0.5,,10,11,11,34.3,1,57.8,*,56.43,55.5,,A03,140,,2023102418,(13.1),190,,0.9,後方,追込,36.99,488,0,13.1,岡田スタツド,新ひだか町,ベンバトル,ポップシンガー,スマートファルコン,16,6,12,,(美),浅利英明
未勝利,202511240505060218,2025.11.24,東京,コンフィアンサ,牝,2,佐々木大, 55 ,18,９,芝,1400,C,良,1227,1.4,,,6,6,35.0,15,52.2,,55.27,54.3,,A03,0,,2023102342,(47.0),,,0.4,中団,中団,35.78,440,0,47.0,上野正恵,新ひだか町,ミスターメロディ,ロマネクイーン,マイネルラヴ,18,8,18,*,(美),菊川正達
未勝利,202511240505060113,2025.11.24,東京,ノーブルクロンヌ,牝,2,団野大成, 55 ,15,６,ダ,1600,,良,1404,2.7,,,5,3,39.5,11,42.5,,47.63,46.7,,A03,0,,2023103657,(137.4),,,0.6,先行,先行,36.54,446,-2,137.4,上水牧場,むかわ町,フィエールマン,ステファニーラン,スウェプトオーヴァーボード,15,7,13,,(美),高柳瑞樹
1勝,202511240303060903,2025.11.24,福島,メリザンド,牝,3,吉村誠之, 54 ,16,10,芝,2600,B,良,2407,0.9,2,3,2,2,36.3,12,52.8,*,55.57,55.0,,003,0,    0.0,2022105182,(15.3),,,0.1,先行,先行,37.32,462,+8,15.3,ノーザンファーム,安平町,サトノダイヤモンド,ロザリンド,シンボリクリスエス,16,2,3,,(美),小手川準
1勝,202511240303060915,2025.11.24,福島,ペリプルス,牡,5,舟山瑠泉, 58 ,16,16,芝,2600,B,良,2415,1.7,16,14,10,15,36.5,15,52.7,,55.57,55.0,,003,0,    0.0,2020105796,(45.9),,,0.7,後方,後方,37.50,450,+4,45.9,ビッグレッドファーム,新冠町,ゴールドシップ,マイネリベルタス,コンデュイット,16,8,15,,(美),佐藤吉勝
未勝利,202511240303060615,2025.11.24,福島,ミスターマーボー,牡,2,菊沢一樹, 56 ,16,２,芝,1200,B,良,1090,0.0,,,3,2,34.8,5,48.3,*,48.20,47.7,,A03,220,,2023100831,(6.5),230,2360,0.1,先行,先行,34.20,448,0,6.5,グッドラック・ファーム,日高町,シュヴァルグラン,ハタノサンドリヨン,ヨハネスブルグ,16,8,15,,(美),青木孝文
新馬,202511240303060507,2025.11.24,福島,マーゴットデウス,牡,2,小沢大仁, 56 ,16,16,芝,1800,B,良,1559,5.3,9,9,14,15,38.3,16,51.3,,61.43,60.3,,003,0,,2023103289,(116.9),,,1.5,後方,後方,38.80,514,,116.9,矢野牧場,新ひだか町,ドレフォン,スターリーウインド,ゼンノロブロイ,16,4,7,,(栗),今野貞一
1勝,202511240303060311,2025.11.24,福島,マンオブザマッチ,牡,3,舟山瑠泉,53▲,15,４,ダ,1700,,良,1474,0.5,13,13,14,13,37.9,1,50.0,*,47.33,47.3,,002,120,,2022101677,(13.1),,,1.0,後方,追込,37.91,484,0,13.1,ダーレー・ジャパン・ファーム,日高町,ファインニードル,パテントジョイ,Pivotal,15,6,11,,(栗),高橋義忠
1勝,202511240303060202,2025.11.24,福島,ノーブルアクト,牝,5,水沼元輝,53▲,15,10,ダ,1700,,良,1478,1.0,7,7,10,12,39.1,6,45.8,*,46.27,44.4,牝,023,0,,2020104744,(14.8),,,1.0,後方,後方,37.47,522,+2,14.8,フジワラフアーム,新ひだか町,マクフィ,クイーンロイド,ゼンノロブロイ,15,2,2,,(美),上原博之
未勝利,202511240303060103,2025.11.24,福島,エレクトロン,牡,2,嶋田純次, 56 ,16,14,ダ,1150,,良,1123,3.0,,,15,15,38.7,9,44.7,,41.97,41.4,,003,0,,2023106608,(60.2),,,2.0,後方,後方,36.65,432,+2,60.2,ミルファーム,浦河町,ビーチパトロール,ヨイミヤ,マツリダゴッホ,16,2,3,,(美),佐藤吉勝
3勝,202511230804061011,2025.11.23,京都,ヴェロクオーレ,牝,4,高杉吏麒, 56 ,16,３,ダ,1400,,良,1238,0.1,,,2,1,36.6,7,46.7,*,48.40,46.5,,A04,460,    5.0,2021101397,(5.0),240,,0.1,先行,先行,35.40,476,0,5.0,下河辺牧場,日高町,ドゥラメンテ,サトノジョリー,Bernardini,16,6,11,,(栗),石坂公一
3勝,202511230804061007,2025.11.23,京都,プロミシングスター,牡,4,団野大成, 58 ,16,５,ダ,1400,,良,1240,0.3,,,8,10,36.3,4,48.6,*,48.40,46.5,,A04,184,    0.0,2021103073,(5.8),,,0.6,中団,中団,35.78,460,+6,5.8,富田牧場,浦河町,マジェスティックウォリアー,ファインチョイス,アドマイヤムーン,16,4,7,,(栗),高橋義忠
1勝,202511230804060717,2025.11.23,京都,テイクザクラウン,牡,4,川又賢治, 58 ,18,10,芝,2400,C,良,2249,1.0,11,11,9,12,34.6,5,56.3,*,56.37,55.7,,003,0,,2021102379,(23.3),,,0.9,中団,中団,36.77,450,+6,23.3,二風谷ファーム,平取町,サトノクラウン,アムールレジェンド,ディープインパクト,18,8,17,,(栗),吉村圭司
1勝,202511230804060713,2025.11.23,京都,ジーティートシオー,牡,3,鮫島克駿, 56 ,18,11,芝,2400,C,良,2249,1.0,10,9,9,9,34.8,6,55.5,*,56.37,55.7,,003,0,,2022104661,(102.9),,,0.7,中団,中団,36.70,466,0,102.9,ノーザンファーム,安平町,バゴ,ウォークロニクル,ウォーエンブレム,18,7,13,,(栗),西村真幸
未勝利,202511230804060311,2025.11.23,京都,モンシーク,牡,2,松山弘平, 56 ,16,４,芝,2000,C,良,2008,0.4,1,2,1,1,36.1,7,50.6,*,52.77,51.7,,003,84,,2023105000,(1.9),,,0.0,逃げ,逃げ,36.30,462,-2,1.9,三嶋牧場,浦河町,スクリーンヒーロー,エピックガール,ディープインパクト,16,6,11,,(栗),橋口慎介
未勝利,202511230804060208,2025.11.23,京都,ナブッコ,牡,2,柴田裕一,54△,13,７,ダ,1800,,良,1560,2.0,1,1,1,2,40.3,10,43.9,,49.17,48.8,,003,0,,2023104377,(36.0),,,0.0,逃げ,逃げ,37.85,490,-4,36.0,ノースヒルズ,新冠町,モーリス,ヴェルディアーナ,"Perfect Soul",13,6,8,,(栗),中竹和也
1勝,202511230505050901,2025.11.23,東京,スタートレイン,牝,2,佐々木大, 55 ,8,４,芝,1600,C,良,1342,0.6,,,2,3,34.0,4,56.2,*,57.83,56.2,牝,A24,170,    0.0,2023103146,(10.5),,,0.4,先行,先行,36.12,448,+6,10.5,藤沢牧場,新ひだか町,キタサンブラック,レポゼッション,"War Front",8,1,1,,(美),黒岩陽一
2勝,202511230505050806,2025.11.23,東京,トルショー,牡,3,長浜鴻緒,55△,16,11,ダ,1600,,良,1395,1.0,,,10,9,35.9,8,56.3,*,58.97,56.0,,A03,0,,2022103766,(42.4),,,0.7,中団,中団,38.16,462,+4,42.4,グランド牧場,新ひだか町,シニスターミニスター,ハヤブサエミネンス,"Medaglia d'Oro",16,3,6,,(美),伊藤圭三
新馬,202511230505050410,2025.11.23,東京,サンタピア,牡,2,柴田大知, 56 ,15,８,ダ,1600,,良,1405,1.7,,,7,7,38.0,8,48.7,,50.33,49.4,,A03,0,,2023102804,(109.1),,,0.9,中団,中団,37.50,458,,109.1,タイヘイ牧場,新ひだか町,ルヴァンスレーヴ,ドリームバラード,タニノギムレット,15,6,10,,(美),松山将樹
未勝利,202511230505050315,2025.11.23,東京,シャルムグリーン,牡,2,津村明秀, 56 ,18,４,芝,1600,C,良,1345,0.6,,,8,9,34.1,3,56.3,*,56.13,54.3,,003,84,,2023101459,(42.1),,,0.8,中団,差し,36.24,478,+2,42.1,本間牧場,日高町,スワーヴリチャード,ファータグリーン,タニノギムレット,17,7,15,,(美),相沢郁
未勝利,202511230505050312,2025.11.23,東京,ダイユウヴェンティ,牝,2,内田博幸, 55 ,18,６,芝,1600,C,良,1348,0.9,,,10,7,34.6,8,54.4,*,56.13,54.3,,003,0,,2023105102,(40.6),,,0.6,中団,中団,36.12,428,-4,40.6,上山牧場,浦河町,サートゥルナーリア,クールアンフルール,サクラバクシンオー,17,6,12,,(美),松永康利
2勝,202511220804051213,2025.11.22,京都,バンフィエルド,牡,6,長岡禎仁, 58 ,15,８,芝,2000,C,良,2003,1.1,4,5,8,9,34.8,7,55.3,,56.63,55.2,,A04,0,,2019104531,(185.0),,,0.8,中団,中団,36.64,426,-4,185.0,社台コーポレーション白老ファーム,白老町,オルフェーヴル,エヴィータアルゼンティーナ,"Candy Ride",15,7,13,,(栗),緒方努
新馬,202511220804050501,2025.11.22,京都,ロングジーニアス,牝,2,長岡禎仁, 55 ,17,９,芝,1600,C,良,1356,1.2,,,3,3,36.1,13,48.9,,51.90,50.5,,A03,0,,2023103159,(64.8),,,0.4,先行,先行,35.70,408,,64.8,フジワラフアーム,新ひだか町,ベンバトル,ジニアスミノル,ディープインパクト,17,1,1,,(栗),高橋亮
未勝利,202511220804050411,2025.11.22,京都,ブラックオリンピア,牡,2,川田将雅, 56 ,11,３,芝,1800,C,良,1471,0.2,,,3,2,34.9,4,53.4,*,54.57,53.6,,A03,140,,2023107168,(1.8),110,,0.1,先行,先行,36.10,516,-8,1.8,ノーザンファーム,安平町,キタサンブラック,ピノ,Pierro,11,8,11,,(栗),友道康夫
未勝利,202511220804050305,2025.11.22,京都,トップアタック,牡,2,西村淳也, 56 ,18,１,芝,1200,C,良,1086,-0.1,,,1,1,35.0,6,46.0,*,47.03,46.0,,A03,560,,2023104528,430,180,1800,0.0,逃げ,逃げ,33.60,464,+6,4.3,細川農場,新冠町,サトノダイヤモンド,レッドアマルフィ,ロードカナロア,18,3,5,,(栗),小椋研介
未勝利,202511220804050303,2025.11.22,京都,ノヴァレジーナ,牝,2,団野大成, 55 ,18,12,芝,1200,C,良,1114,2.8,,,13,13,35.9,11,48.9,,47.03,46.0,,A03,0,,2023105587,(126.8),,,1.9,後方,後方,35.50,450,+6,126.8,岡野牧場,新ひだか町,アメリカンペイトリオット,ヴァーチュスター,"Symboli Kris S",18,2,3,,(栗),中尾秀正
1勝,202511220303051211,2025.11.22,福島,ガットネロ,牝,5,斎藤新, 56 ,16,１,芝,1200,B,良,1091,-0.2,,,2,2,34.5,8,50.3,*,51.27,48.6,,003,800,,2020105073,1960,600,56780,0.3,先行,先行,34.60,496,-2,19.6,大狩部牧場,新冠町,アメリカンペイトリオット,ブラックシュガー,ブラックタイド,16,6,11,,(栗),東田明士
1勝,202511220303051216,2025.11.22,福島,セイプリーズ,牝,3,古川吉洋, 55 ,16,４,芝,1200,B,良,1094,0.3,,,3,3,34.6,11,50.6,*,51.27,48.6,,003,120,,2022105583,(19.8),,,0.5,先行,先行,34.80,438,+16,19.8,社台ファーム,千歳市,ダイワメジャー,レディトゥプリーズ,"More Than Ready",16,8,16,,(栗),宮徹
1勝,202511220303050904,2025.11.22,福島,ポタリング,セ,3,武藤雅, 56 ,16,５,芝,1800,B,良,1487,0.2,5,5,4,3,34.6,10,57.1,*,57.90,56.3,,A03,111,    0.0,2022101191,(10.8),,,0.3,先行,先行,37.05,440,0,10.8,オリオンファーム,日高町,ノーブルミッション,ウインルキア,ディープインパクト,16,2,4,,(美),武藤善則
未勝利,202511220303050714,2025.11.22,福島,マイネルシュラハト,牡,2,佐々木大, 56 ,16,16,芝,1800,B,良,1520,3.9,13,13,14,16,38.2,16,46.6,,54.17,52.3,,003,0,,2023106436,(11.1),,,1.2,後方,後方,36.90,482,-2,11.1,ビッグレッドファーム,新冠町,ベンバトル,クードヴァン,ディープインパクト,16,7,14,,(美),畠山吉宏
ｵｰﾌﾟﾝ,202511220303050514,2025.11.22,福島,アメリカンピース,セ,7,森一馬, 60 ,14,６,芝,3380,B,良,3458,1.7,2,2,3,4,13.4,,,,,,,A00,0,,2018110131,(20.0),,,,先行,先行,,452,-8,20.0,"Don Alberto Corporation",米,Tapit,"La Cloche",Ghostzapper,14,8,14,,(栗),東田明士
ｵｰﾌﾟﾝ,202511220303050510,2025.11.22,福島,パープルアドミラル,牡,5,金子光希, 60 ,14,10,芝,3380,B,良,3460,1.9,13,13,10,11,13.4,,,,,,,A00,0,,2020104328,(58.1),,,,後方,後方,,440,-6,58.1,聖心台牧場,新ひだか町,シビルウォー,ママノヨリミチ,マンハッタンカフェ,14,6,10,,(美),堀内岳志
ｵｰﾌﾟﾝ,202511220303050509,2025.11.22,福島,ローンウルフ,牡,4,大江原圭, 60 ,14,12,芝,3380,B,良,3478,3.7,8,10,12,12,13.5,,,,,,,A00,0,,2021104112,(88.0),,,,後方,後方,,496,+6,88.0,千代田牧場,新ひだか町,リアルインパクト,シェリレーヌ,Mineshaft,14,6,9,,(美),武市康男
未勝利,202511220303050305,2025.11.22,福島,ロードアマルフィ,牡,2,丹内祐次, 56 ,15,２,ダ,1700,,良,1484,0.5,1,2,2,2,40.2,3,42.5,*,45.10,43.7,,A03,220,,2023105786,(3.0),160,460,0.0,先行,先行,37.20,512,-2,3.0,ケイアイファーム,新ひだか町,ルヴァンスレーヴ,アルセナーレ,クロフネ,15,3,5,,(栗),中村直也
未勝利,202511220303050313,2025.11.22,福島,パノラマステージ,牝,2,プーシャ, 55 ,15,７,ダ,1700,,良,1499,2.0,3,4,4,6,41.3,9,40.6,,45.10,43.7,,A03,0,,2023107072,(17.2),,,0.4,中団,中団,37.42,458,0,17.2,ノーザンファーム,安平町,レイデオロ,スターリーステージ,ディープインパクト,15,7,13,,(栗),牧浦充徳
未勝利,202511220303050303,2025.11.22,福島,ショウナンタヅナ,牡,2,津村明秀, 56 ,15,８,ダ,1700,,良,1504,2.5,5,4,4,3,41.9,12,39.2,,45.10,43.7,,A03,0,,2023100531,(42.6),,,0.3,先行,先行,37.36,458,-4,42.6,二風谷ファーム,平取町,ドレフォン,ウインフロレゾン,フジキセキ,15,2,3,,(美),武市康男
3勝,202511160804041202,2025.11.16,京都,ノーブルスカイ,牡,4,鮫島克駿, 54 ,12,５,芝,1800,B,良,1461,0.5,,,7,7,33.5,5,58.4,*,56.93,55.8,,A03,184,    0.0,2021102256,(38.9),,,0.9,中団,中団,36.30,484,0,38.9,エトルタファーム,日高町,ネオユニヴァース,ホウショウワールド,"Sky Classic",12,2,2,,(栗),高柳大輔
1勝,202511160804040904,2025.11.16,京都,アーレムアレス,牡,2,菱田裕二, 56 ,8,２,芝,2000,B,良,2013,0.0,7,7,5,5,34.3,1,58.7,*,57.30,56.5,,A04,440,    5.0,2023105223,(4.4),320,3080,0.5,中団,差し,37.29,488,+4,4.4,社台コーポレーション白老ファーム,白老町,ハービンジャー,スターズインヘヴン,ワークフォース,8,4,4,,(栗),橋口慎介
1勝,202511160804040905,2025.11.16,京都,ジャストビート,牝,2,丹内祐次, 55 ,8,６,芝,2000,B,良,2022,0.9,6,6,5,7,35.2,6,55.9,*,57.30,56.5,,A04,0,    0.0,2023101090,(144.9),,,0.5,後方,後方,37.29,424,+6,144.9,タバタファーム,日高町,デクラレーションオブウォー,ステルス,ディープインパクト,8,5,5,,(栗),安達昭夫
1勝,202511160804040609,2025.11.16,京都,フェニーチェドーロ,牝,3,菱田裕二, 55 ,16,12,ダ,1200,,良,1129,1.5,,,16,16,36.1,5,51.9,*,49.17,47.2,,A03,0,,2022101408,(77.5),,,1.6,後方,後方,36.80,456,+14,77.5,下河辺牧場,日高町,ナダル,ゴッドフェニックス,ブライアンズタイム,16,5,9,,(栗),宮本博
新馬,202511160804040506,2025.11.16,京都,アクセス,牡,2,北村友一, 56 ,9,１,芝,2000,B,良,2019,-0.5,8,8,3,2,35.1,1,56.0,*,54.50,54.7,,003,750,,2023100947,200,110,270,0.3,ﾏｸﾘ,ﾏｸﾘ,37.20,480,,2.0,下河辺牧場,日高町,キセキ,トリニティプレイス,マンハッタンカフェ,9,6,6,,(栗),上村洋行
未勝利,202511160804040312,2025.11.16,京都,エイシンティザー,牡,2,ルメール, 56 ,15,１,芝,1600,B,良,1339,-0.3,,,2,1,35.5,3,48.7,*,49.50,48.7,,A03,560,,2023105516,580,150,300,0.0,先行,先行,35.04,484,-12,5.8,木田牧場,新ひだか町,モズアスコット,エイシンソルティー,Tapit,15,7,12,,(栗),吉村圭司
未勝利,202511160804040306,2025.11.16,京都,ナムラロダン,牡,2,西村淳也, 56 ,15,７,芝,1600,B,良,1354,1.5,,,4,4,36.7,9,46.0,,49.50,48.7,,A03,0,,2023106223,(12.3),,,0.3,先行,先行,35.22,472,0,12.3,谷川牧場,浦河町,ミッキーアイル,サンクイーン2,"Storm Cat",15,4,6,,(栗),長谷川浩
未勝利,202511160804040106,2025.11.16,京都,アーガイルショア,牝,2,西村淳也, 55 ,14,３,ダ,1400,,良,1247,0.0,,,4,3,37.2,3,45.8,*,45.47,43.9,牝,023,140,,2023103718,(4.6),150,,0.4,先行,先行,35.63,504,0,4.6,追分ファーム,安平町,ナダル,ベルプラージュ,キングカメハメハ,14,4,6,,(栗),安田翔伍
未勝利,202511160804040103,2025.11.16,京都,コイバナ,牝,2,戸崎圭太, 55 ,14,７,ダ,1400,,良,1260,1.3,,,10,10,37.9,6,45.2,,45.47,43.9,牝,023,0,,2023102700,(34.8),,,1.0,中団,中団,36.08,448,-10,34.8,サンデーヒルズ,新ひだか町,モズアスコット,タイムピース,ルーラーシップ,14,3,3,,(栗),渡辺薫彦
3勝,202511160505040907,2025.11.16,東京,フウセツ,牡,3,マーカン, 55 ,14,７,ダ,1400,,良,1246,1.2,,,2,2,37.3,11,45.1,,49.07,47.8,,A03,0,    0.0,2022101626,(4.8),,,0.1,先行,先行,35.48,496,+4,4.8,ダーレー・ジャパン・ファーム,日高町,サンダースノー,アプト,アドマイヤムーン,14,5,7,,(美),鈴木慎太
3勝,202511160505040914,2025.11.16,東京,レーウィン,セ,4,横山和生, 55 ,14,10,ダ,1400,,良,1247,1.3,,,9,9,36.3,6,50.0,,49.07,47.8,,A03,0,    0.0,2021100734,(11.6),,,1.2,中団,中団,36.30,516,+2,11.6,高昭牧場,浦河町,ヘニーヒューズ,フジインザスカイ,ディープスカイ,14,8,14,,(栗),上村洋行
新馬,202511160505040507,2025.11.16,東京,イデアクリスタル,牝,2,横山和生, 55 ,12,７,芝,1600,B,良,1362,1.3,,,10,9,34.6,2,56.8,*,54.67,51.8,,A03,0,,2023102033,(70.8),,,1.9,後方,後方,36.96,480,,70.8,グランデファーム,浦河町,ホークビル,トゥルヴァーユ,ダイワメジャー,12,6,7,,(美),小西一男
未勝利,202511160505040317,2025.11.16,東京,ジーティーソレイユ,牝,2,杉原誠人, 55 ,18,６,芝,1400,B,良,1225,0.4,,,18,18,33.9,1,57.5,*,53.17,50.9,牝,023,0,,2023103728,(71.8),,,1.5,後方,後方,36.45,424,0,71.8,追分ファーム,安平町,キタサンブラック,リメンバーユー,"Invincible Spirit",18,8,17,*,(美),千葉直人
2勝,202511150804030907,2025.11.15,京都,イリフィ,牝,3,西村淳也, 55 ,15,５,ダ,1200,,良,1115,0.5,,,4,4,36.2,10,47.5,*,49.07,45.1,,A03,155,    0.0,2022110077,(4.1),,,0.7,先行,先行,35.30,430,0,4.1,"Stonethorn Stud Farm Ltd.",愛,"Too Darn Hot",Trethias,"Invincible Spirit",15,4,7,,(栗),高野友和
2勝,202511150804030903,2025.11.15,京都,エルサトアナ,牝,3,武豊, 55 ,15,８,ダ,1200,,良,1118,0.8,,,9,8,35.6,6,51.7,*,49.07,45.1,,A03,0,    0.0,2022100933,(16.8),,,1.6,中団,中団,36.20,424,-2,16.8,三石川上牧場,新ひだか町,カリフォルニアクローム,クイーンハーツ,キングカメハメハ,15,2,3,,(栗),本田優
2勝,202511150804030806,2025.11.15,京都,キーパフォーマー,牝,4,西村淳也, 56 ,7,１,芝,2000,B,良,1595,-0.6,6,6,2,2,35.6,1,51.0,*,50.37,50.2,牝,023,1140,,2021104948,370,150,320,0.2,ﾏｸﾘ,ﾏｸﾘ,35.96,464,-4,3.7,社台ファーム,千歳市,キタサンブラック,アンコールピース,ネオユニヴァース,7,6,6,,(栗),佐々木晶
新馬,202511150804030610,2025.11.15,京都,アーディアイリ,牝,2,田山旺佑,52▲,16,２,ダ,1200,,良,1128,0.5,,,5,5,36.5,3,49.5,*,48.93,48.1,,A03,300,,2023102460,(206.2),2130,14100,0.5,中団,差し,36.30,434,,206.2,岡田牧場,新ひだか町,クリソベリル,オースミマコ,フレンチデピュティ,16,5,10,,(栗),緒方努
新馬,202511150804030606,2025.11.15,京都,チョウスター,牝,2,国分優作, 55 ,16,６,ダ,1200,,良,1138,1.5,,,8,7,37.5,9,46.8,,48.93,48.1,,A03,0,,2023104226,(171.0),,,0.5,中団,中団,36.30,466,,171.0,対馬正,新冠町,エスポワールシチー,アラモアナワヒネ,グラスワンダー,16,3,6,,(栗),羽月友彦
未勝利,202511150804030405,2025.11.15,京都,ウォーターコトノハ,牝,2,高杉吏麒, 55 ,12,８,芝,2000,B,良,2044,2.8,7,7,6,9,37.1,8,50.8,,55.23,56.0,,003,0,,2023101666,(99.2),,,0.7,後方,後方,37.41,406,+2,99.2,王蔵牧場,浦河町,ゴールドアクター,ウォーターハミング,ハーツクライ,12,5,5,,(栗),岡田稲男
未勝利,202511150804030108,2025.11.15,京都,ベンティガオルサ,牡,2,武豊, 56 ,11,５,ダ,1800,,良,1543,0.9,2,2,3,3,38.2,6,49.6,*,51.83,50.8,,003,56,,2023101582,(3.6),,,0.3,先行,先行,38.05,510,+10,3.6,ヤナガワ牧場,日高町,シルバーステート,テーオーメーテル,ゴールドアリュール,11,7,8,,(栗),清水久詞
未勝利,202511150804030101,2025.11.15,京都,アーサーバローズ,牡,2,高杉吏麒, 56 ,11,６,ダ,1800,,良,1544,1.0,5,3,4,4,38.1,5,50.1,*,51.83,50.8,,003,0,,2023105468,(5.9),,,0.5,先行,先行,38.15,494,+8,5.9,静内フジカワ牧場,新ひだか町,キセキ,シーカーマ,"Exchange Rate",11,1,1,,(栗),寺島良
1勝,202511150505030708,2025.11.15,東京,スプランドゥール,牡,4,柴田大知, 58 ,16,６,ダ,1400,,良,1255,0.8,,,7,8,36.2,6,52.1,*,50.60,47.6,,003,0,,2021100623,(20.9),,,1.4,中団,中団,36.98,476,0,20.9,荻伏服部牧場,浦河町,シルバーステート,チェリーシェル,サクラバクシンオー,16,4,8,,(美),和田雄二
新馬,202511150505030605,2025.11.15,東京,スタンダールロマン,牝,2,松岡正海, 55 ,14,７,芝,1600,B,良,1358,1.0,,,3,3,34.6,9,56.1,*,61.23,58.8,牝,023,0,,2023105725,(76.1),,,0.1,先行,先行,36.72,428,,76.1,木村牧場,日高町,キタサンブラック,レッドムーヴ,"Rock of Gibraltar",14,4,5,,(美),堀内岳志
新馬,202511150505030601,2025.11.15,東京,メインテーマ,牝,2,原優介, 55 ,14,８,芝,1600,B,良,1361,1.3,,,1,1,35.0,11,54.7,,61.23,58.8,牝,023,0,,2023103571,(83.3),,,0.0,逃げ,逃げ,36.66,482,,83.3,社台ファーム,千歳市,サートゥルナーリア,メインターゲット,ダイワメジャー,14,1,1,,(美),小手川準
新馬,202511150505030602,2025.11.15,東京,フラワーフェアリー,牝,2,横山和生, 55 ,14,14,芝,1600,B,良,1388,4.0,,,10,12,35.9,14,55.1,,61.23,58.8,牝,023,0,,2023102361,(23.7),,,1.8,後方,後方,37.74,454,,23.7,岡田スタツド,新ひだか町,ヴァンセンヌ,アンローランサン,フサイチコンコルド,14,2,2,,(美),畠山吉宏
未勝利,202511150505030405,2025.11.15,東京,ヨカオウ,牡,2,岩田康誠, 56 ,13,２,芝,2000,B,良,2011,0.3,,1,1,1,34.4,8,58.0,*,59.87,59.0,,003,220,,2023102707,(35.2),550,3390,0.0,逃げ,逃げ,37.16,464,-6,35.2,サンデーヒルズ,新ひだか町,キズナ,ヨカヨカ,スクワートルスクワート,13,4,5,,(栗),谷潔
未勝利,202511150505030306,2025.11.15,東京,ブラックパロット,牡,2,プーシャ, 56 ,15,９,ダ,1600,,良,1414,1.7,,,11,10,38.7,9,47.2,,47.87,46.6,,A03,0,,2023107307,(5.6),,,1.2,中団,中団,37.62,540,+4,5.6,ノーザンファーム,安平町,アドマイヤマーズ,リアアントニア,"Rockport Harbor",14,4,6,,(美),黒岩陽一
未勝利,202511150505030303,2025.11.15,東京,ショウナンライラ,牡,2,菅原明良, 56 ,15,11,ダ,1600,,良,1424,2.7,,,11,10,39.7,11,44.8,,47.87,46.6,,A03,0,,2023100277,(44.2),,,1.2,中団,中団,37.62,496,+16,44.2,ヒサイファーム,新ひだか町,サートゥルナーリア,ブルーイリュージョン,Dubawi,14,2,3,,(美),戸田博文
未勝利,202511150505030208,2025.11.15,東京,フェイスリフト,牡,2,原優介, 56 ,17,10,芝,1600,B,良,1356,0.7,,,13,10,34.2,4,57.7,*,57.07,56.0,,A03,0,,2023106605,(136.9),,,0.8,中団,中団,36.84,456,-2,136.9,ミルファーム,浦河町,フォーウィールドライブ,ポンポン,ブラックタイド,17,4,8,*,(美),嘉藤貴行
1勝,202511150303031210,2025.11.15,福島,グランテレーズ,牝,4,永島まな,54◇,16,４,芝,1200,A,良,1094,0.2,,,4,4,35.6,8,44.9,*,45.87,43.8,牝,023,120,,2021102401,(48.2),,,0.3,先行,先行,33.80,448,-10,48.2,坂東牧場,平取町,シュヴァルグラン,アドマイヤテレサ,エリシオ,16,5,10,*,(栗),渡辺薫彦
3勝,202511150303031113,2025.11.15,福島,ワークソング,牡,4,国分恭介, 58 ,16,４,ダ,1150,,良,1088,0.2,,,8,6,36.3,4,47.7,*,46.13,43.7,,A04,280,    0.0,2021102462,(5.9),,,0.8,中団,差し,35.45,486,0,5.9,雅牧場,平取町,モーニン,ハッピーラン,フレンチデピュティ,16,7,13,,(栗),牧浦充徳
1勝,202511150303030816,2025.11.15,福島,エリナ,牝,3,武藤雅, 54 ,16,13,芝,2600,A,良,2449,4.3,4,4,10,12,40.4,13,42.5,,52.57,49.2,,A03,0,,2022101492,(334.6),,,1.2,後方,後方,37.35,410,+12,334.6,白井牧場,日高町,カリフォルニアクローム,ヒーラ,ディープインパクト,16,8,16,,(美),戸田博文
1勝,202511150303030605,2025.11.15,福島,ルシタニア,牡,3,森田誠也,53▲,16,５,ダ,2400,,良,2357,1.1,5,5,5,7,40.3,6,45.5,*,47.57,45.5,,A03,80,,2022104640,(15.6),,,0.8,中団,中団,38.47,478,-6,15.6,ノーザンファーム,安平町,レイデオロ,イスパニダ,"Pure Prize",16,3,5,,(栗),武幸四郎
新馬,202511150303030509,2025.11.15,福島,ショウグンマサムネ,牡,2,荻野極, 56 ,16,１,芝,2000,A,良,2029,-0.1,5,5,6,4,36.5,3,51.4,*,52.63,49.9,,A03,750,,2023103897,460,170,38080,0.4,先行,先行,37.03,472,,4.6,レイクヴィラファーム,洞爺湖町,スワーヴリチャード,ナオミノユメ,ジャングルポケット,16,5,9,,(栗),佐藤悠太
1勝,202511150303030209,2025.11.15,福島,ベニシア,牝,4,菊沢一樹, 56 ,16,６,ダ,1150,,良,1099,0.9,,,6,6,37.6,10,43.7,*,41.73,41.6,,003,0,,2021100662,(147.2),,,0.8,中団,中団,35.24,440,-8,147.2,上山牧場,浦河町,ヘニーヒューズ,フクシア,ゴールドアリュール,16,5,9,,(美),粕谷昌央
3勝,202511090804021011,"2025.11. 9",京都,エンヤラヴフェイス,牡,4,北村友一, 58 ,12,６,ダ,1200,,不,1104,0.5,,,6,5,35.6,8,47.8,*,48.43,45.3,,A04,0,    0.0,2021101737,(14.3),,,0.7,中団,中団,34.80,514,+8,14.3,チャンピオンズファーム,新ひだか町,エイシンヒカリ,タイキアプローズ,"Devil's Bag",12,8,11,,(栗),森田直行
2勝,202511090804020813,"2025.11. 9",京都,モズカトレア,牝,3,松若風馬, 54 ,16,２,ダ,1800,,重,1498,0.1,3,3,3,2,36.9,6,48.8,*,48.90,47.8,牝,023,460,,2022102123,(3.3),150,4190,0.3,先行,先行,36.45,488,-4,3.3,目黒牧場,日高町,モズアスコット,ビューティーモズ,ネオユニヴァース,16,7,13,,(栗),井上智史
未勝利,202511090804020304,"2025.11. 9",京都,ダンツウルス,牡,2,田口貫太, 56 ,8,２,芝,2000,B,稍,2043,0.0,2,2,1,2,35.5,2,57.2,*,57.33,57.2,,A03,220,,2023102901,(6.7),140,570,0.0,逃げ,逃げ,38.06,468,0,6.7,千代田牧場,新ひだか町,リアルスティール,コゴメユキ,"Liam's Map",8,4,4,,(栗),谷潔
1勝,202511090505020907,"2025.11. 9",東京,アスクケンタッキー,牡,2,プーシャ, 56 ,16,14,ダ,1400,,稍,1270,3.8,,,2,3,40.4,14,36.5,,44.23,42.3,,A04,0,    0.0,2023110100,(7.9),,,0.7,先行,先行,34.95,470,-4,7.9,"Bedouin Bloodstock LLC",米,"Good Magic",Entirely,"Point of Entry",15,4,7,,(栗),藤原英昭
2勝,202511090505020813,"2025.11. 9",東京,スムースベルベット,牝,5,松岡正海, 56 ,16,12,ダ,1300,,稍,1201,2.6,,,6,7,38.2,12,44.0,,48.73,46.3,,A03,0,,2020106987,(97.9),,,0.9,中団,中団,35.91,508,-2,97.9,ミルファーム,浦河町,ディスクリートキャット,ローブドヴルール,サウスヴィグラス,16,7,13,*,(美),南田美知
2勝,202511090505020803,"2025.11. 9",東京,ムチャスグラシアス,牝,4,木幡巧也, 56 ,16,13,ダ,1300,,稍,1203,2.8,,,14,15,37.1,10,49.8,,48.73,46.3,,A03,0,,2021104217,(15.9),,,2.2,後方,後方,37.03,444,-4,15.9,友田牧場,新ひだか町,カリフォルニアクローム,ロスグラシアレス,シンボリクリスエス,16,2,3,,(美),菊川正達
新馬,202511090505020609,"2025.11. 9",東京,ワンダーバリエンス,牝,2,柴田大知, 55 ,15,15,ダ,1600,,稍,1438,4.8,,,3,4,41.7,15,39.4,,50.13,49.7,,A03,0,,2023105196,(166.7),,,0.3,先行,先行,37.26,476,,166.7,藤春修二,浦河町,フィレンツェファイア,ワンダープリマ,デヒア,15,5,9,,(美),畠山吉宏
新馬,202511090505020501,"2025.11. 9",東京,ゴールデンパゴーダ,牝,2,荻野極, 55 ,6,４,芝,2000,B,良,2017,0.9,,2,2,2,34.7,6,57.5,*,60.60,59.0,,003,110,,2023101116,(41.9),,,0.3,先行,先行,37.29,394,,41.9,ダーレー・ジャパン・ファーム,日高町,バゴ,カリビアンゴールド,ステイゴールド,6,1,1,,(美),上原佑紀
未勝利,202511090505020403,"2025.11. 9",東京,スノーエルヴァ,牝,2,菅原明良, 55 ,14,10,芝,1800,B,良,1485,1.4,,12,11,11,35.5,8,52.8,,55.20,52.1,,003,0,,2023106145,(16.3),,,1.1,後方,後方,36.50,454,-2,16.3,ディアレストクラブ,浦河町,フィエールマン,カスタディーヴァ,"High Chaparral",14,3,3,,(美),田村康仁
未勝利,202511090505020410,"2025.11. 9",東京,ラグアイリータ,牝,2,津村明秀, 55 ,14,14,芝,1800,B,良,1492,2.1,,1,1,1,37.3,14,46.4,,55.20,52.1,,003,0,,2023106463,(9.1),,,0.0,逃げ,逃げ,35.95,432,-4,9.1,ビッグレッドファーム,新冠町,ウインブライト,バルタ,"Crimson Tide",14,6,10,,(美),岩戸孝樹
未勝利,202511090505020305,"2025.11. 9",東京,コンフィアンサ,牝,2,吉田豊, 55 ,18,５,芝,1400,B,良,1220,0.5,,,9,10,34.6,5,52.7,*,52.27,50.6,,A03,56,,2023102342,(270.9),,,0.7,中団,中団,35.55,440,0,270.9,上野正恵,新ひだか町,ミスターメロディ,ロマネクイーン,マイネルラヴ,18,3,5,,(美),菊川正達
未勝利,202511090505020301,"2025.11. 9",東京,フェイスリフト,牡,2,内田博幸, 56 ,18,12,芝,1400,B,良,1228,1.3,,,17,17,34.3,3,56.0,*,52.27,50.6,,A03,0,,2023106605,(15.0),,,1.8,後方,後方,36.38,458,+8,15.0,ミルファーム,浦河町,フォーウィールドライブ,ポンポン,ブラックタイド,18,1,1,*,(美),嘉藤貴行
未勝利,202511090505020313,"2025.11. 9",東京,リーデレクオーレ,牝,2,柴田大知, 55 ,18,16,芝,1400,B,良,1230,1.5,,,1,1,36.3,17,46.5,,52.27,50.6,,A03,0,,2023104425,(209.4),,,0.0,逃げ,逃げ,35.03,418,+2,209.4,ハクツ牧場,新冠町,アルアイン,ゴルトメーネ,バゴ,18,7,13,,(美),土田稔
未勝利,202511090505020209,"2025.11. 9",東京,ニシノロッドマン,牡,2,野中悠太, 56 ,16,13,ダ,1600,,稍,1425,4.9,,,11,14,40.6,13,41.5,,47.33,47.4,,003,0,,2023104706,(214.1),,,1.5,後方,後方,37.14,506,+6,214.1,メイタイファーム,新冠町,リーチザクラウン,ニシノミウ,スマートファルコン,16,5,9,,(美),矢嶋大樹
1勝,202511090303021216,"2025.11. 9",福島,スターチスブーケ,牝,4,丸山元気, 56 ,16,11,芝,1200,A,良,1103,1.2,,,15,14,35.2,5,49.7,*,47.00,45.8,,A03,0,,2021110075,(130.7),,,1.3,後方,後方,35.10,500,+2,130.7,"Gerty Bloodstock",米,"Practical Joke","Sovereign Halo",Haynesfield,16,8,16,,(美),田中勝春
1勝,202511090303020806,"2025.11. 9",福島,キングズトゥルー,牡,3,丹内祐次, 56 ,16,３,芝,2600,A,良,2427,0.2,12,12,2,1,35.3,6,58.3,*,59.83,58.9,,003,200,,2022103510,(2.7),160,,0.0,ﾏｸﾘ,ﾏｸﾘ,38.22,450,+8,2.7,岡田スタツド,新ひだか町,ウインブライト,クイーンズトゥルー,キングカメハメハ,16,3,6,,(美),大竹正博
1勝,202511090303020802,"2025.11. 9",福島,ペリプルス,牡,5,舟山瑠泉,55▲,16,４,芝,2600,A,良,2429,0.4,15,15,6,4,35.3,6,58.4,*,59.83,58.9,,003,120,,2020105796,(33.4),,,0.2,ﾏｸﾘ,ﾏｸﾘ,38.28,446,-2,33.4,ビッグレッドファーム,新冠町,ゴールドシップ,マイネリベルタス,コンデュイット,16,1,2,,(美),佐藤吉勝
新馬,202511090303020601,"2025.11. 9",福島,レオスキーム,牡,2,小林脩斗, 56 ,15,９,ダ,1700,,良,1508,2.3,3,3,7,7,40.9,9,43.2,,47.40,47.2,,A03,0,,2023104893,(100.9),,,0.4,中団,中団,38.13,470,,100.9,惣田英幸,浦河町,ベストウォーリア,キャラメルフレンチ,タイキシャトル,15,1,1,,(美),萱野浩二
未勝利,202511090303020402,"2025.11. 9",福島,ローンウルフ,牡,4,大江原圭, 60 ,10,１,芝,2750,A,良,3033,-0.3,1,1,1,1,13.3,,,,,,,000,840,,2021104112,560,160,640,,逃げ,逃げ,,490,+14,5.6,千代田牧場,新ひだか町,リアルインパクト,シェリレーヌ,Mineshaft,10,2,2,,(美),武市康男
1勝,202511090303020305,"2025.11. 9",福島,ノーブルアクト,牝,5,水沼元輝,53▲,15,５,ダ,1700,,良,1467,1.0,7,7,7,5,37.8,4,49.4,*,48.20,48.4,,002,80,,2020104744,(9.9),,,0.9,中団,中団,37.58,520,+6,9.9,フジワラフアーム,新ひだか町,マクフィ,クイーンロイド,ゼンノロブロイ,15,3,5,,(美),上原博之
1勝,202511090303020304,"2025.11. 9",福島,ブレイジングスター,牡,3,角田大和, 56 ,15,７,ダ,1700,,良,1472,1.5,14,12,3,3,38.8,9,46.2,,48.20,48.4,,002,0,,2022103644,(5.2),,,0.4,ﾏｸﾘ,ﾏｸﾘ,37.31,478,+2,5.2,岡野牧場,新ひだか町,モーニン,ヴァーチュスター,"Symboli Kris S",15,3,4,,(栗),高橋康之
1勝,202511080804011205,"2025.11. 8",京都,フィオレストラーダ,牝,3,団野大成, 54 ,14,６,芝,2000,B,良,2015,0.6,2,2,2,2,35.0,10,55.9,*,59.80,57.8,,A03,0,,2022100626,(4.2),,,0.0,先行,先行,37.07,458,+6,4.2,ケイアイファーム,新ひだか町,エピファネイア,キャトルフィーユ,ディープインパクト,14,4,5,,(栗),杉山晴紀
1勝,202511080804011209,"2025.11. 8",京都,ルージュスティーズ,牝,3,高杉吏麒, 54 ,14,７,芝,2000,B,良,2017,0.8,7,7,4,3,34.9,8,56.6,*,59.80,57.8,,A03,0,,2022103063,(10.3),,,0.3,先行,先行,37.20,496,-6,10.3,富田牧場,浦河町,ハービンジャー,レッドコルディス,ハーツクライ,14,6,9,,(栗),斉藤崇史
1勝,202511080804011210,"2025.11. 8",京都,サイモンイロハニー,牝,3,菱田裕二, 54 ,14,12,芝,2000,B,良,2021,1.2,14,14,14,14,34.3,5,59.7,*,59.80,57.8,,A03,0,,2022104164,(82.4),,,1.3,後方,後方,37.63,420,+4,82.4,千代田牧場,新ひだか町,ゴールドシップ,ブライテストリング,ダノンシャンティ,14,6,10,,(栗),谷潔
ＪＧ３,202511080804010803,"2025.11. 8",京都,ローディアマント,セ,5,伴啓太, 60 ,10,１,芝,3170,B,良,3373,-0.1,2,2,2,2,13.7,,,,,,,A00,3000,   35.0,2020101429,1780,280,1370,,先行,先行,,484,0,17.8,クラウン日高牧場,日高町,サトノダイヤモンド,ブロッサムレーン,"New Approach",10,3,3,,(美),尾関知人
1勝,202511080804010709,"2025.11. 8",京都,モンテディアーナ,牝,3,Ｃ．デム, 55 ,16,４,ダ,1400,,良,1243,0.4,,,2,2,37.6,10,43.2,*,44.20,43.2,牝,023,120,,2022104597,(3.0),,,0.2,先行,先行,35.03,470,-4,3.0,ノーザンファーム,安平町,ドレフォン,アズールムーン,"Malibu Moon",16,5,9,,(栗),四位洋文
新馬,202511080804010611,"2025.11. 8",京都,ハピネスサンライズ,牝,2,鮫島克駿, 55 ,11,３,芝,1400,B,良,1230,0.3,,,10,8,34.5,1,55.4,*,53.87,51.2,,A03,190,,2023100910,(19.7),380,,1.0,中団,差し,36.38,460,,19.7,下河辺牧場,日高町,ダノンスマッシュ,オークヴィル,タニノギムレット,11,8,11,,(栗),東田明士
新馬,202511080804010503,"2025.11. 8",京都,アドマイヤシュラ,牝,2,Ｃ．デム, 55 ,9,１,芝,1800,B,良,1472,-0.1,,,4,3,34.2,1,56.7,*,55.70,55.4,,A03,750,,2023106840,240,110,590,0.3,先行,先行,36.50,432,,2.4,ノーザンファーム,安平町,エピファネイア,アドマイヤミヤビ,ハーツクライ,9,3,3,,(栗),友道康夫
未勝利,202511080804010304,"2025.11. 8",京都,キミガスキダ,牝,2,菱田裕二, 55 ,10,消,芝,1800,B,良,----,----,,,,,,0,,,57.03,56.3,,003,0,,2023100605,,,,,,,,,,,天羽牧場,日高町,ドレフォン,セシリア,アグネスタキオン,9,4,4,,(栗),牧田和弥
未勝利,202511080804010206,"2025.11. 8",京都,パトローナス,牡,2,Ｃ．デム, 56 ,15,４,芝,1400,B,良,1213,0.4,,,2,2,34.6,7,51.2,*,52.53,51.9,,A03,84,,2023106931,(3.8),,,0.1,先行,先行,35.03,492,+6,3.8,ノーザンファーム,安平町,フィエールマン,エルビッシュ,キングカメハメハ,15,4,6,,(栗),高橋亮
未勝利,202511080804010213,"2025.11. 8",京都,アイルトン,牡,2,団野大成, 56 ,15,10,芝,1400,B,良,1221,1.2,,,2,3,35.3,12,49.4,,52.53,51.9,,A03,0,,2023102920,(8.5),,,0.2,先行,先行,35.10,506,+4,8.5,千代田牧場,新ひだか町,ダノンスマッシュ,ダノングラシアス,マンハッタンカフェ,15,7,13,,(栗),佐々木晶
Ｇ２,202511080505011102,"2025.11. 8",東京,シャオママル,牡,2,プーシャ, 56 ,16,４,芝,1400,B,良,1214,0.5,,,8,6,33.6,4,56.7,*,57.60,55.0,,N01,570,    0.0,2023100776,(14.6),,,0.6,中団,差し,35.85,432,-4,14.6,木部ファーム,日高町,アルアイン,ジレーネ,キングカメハメハ,16,1,2,,(美),加藤士津
Ｇ２,202511080505011106,"2025.11. 8",東京,シュペルリング,牡,2,津村明秀, 56 ,16,10,芝,1400,B,良,1220,1.1,,,6,6,34.3,11,54.3,,57.60,55.0,,N01,0,    0.0,2023104450,(7.6),,,0.5,中団,中団,35.78,428,-6,7.6,ハシモトフアーム,新冠町,シスキン,ラプソディーア,ディープブリランテ,16,3,6,,(美),嘉藤貴行
Ｇ２,202511080505011113,"2025.11. 8",東京,フェーダーローター,牝,2,原優介, 55 ,16,15,芝,1400,B,良,1224,1.5,,,3,3,35.0,16,51.6,,57.60,55.0,,N01,0,    0.0,2023106484,(64.5),,,0.2,先行,先行,35.55,444,0,64.5,ビッグレッドファーム,新冠町,ベンバトル,リープフラウミルヒ,ステイゴールド,16,7,13,,(美),天間昭一
Ｇ２,202511080505011109,"2025.11. 8",東京,コックオーヴァン,牝,2,松岡正海, 55 ,16,16,芝,1400,B,良,1229,2.0,,,12,12,34.8,15,53.7,,57.60,55.0,,N01,0,    0.0,2023106405,(90.3),,,0.9,後方,後方,36.08,464,+4,90.3,金石牧場,浦河町,ウインブライト,コスモミール,ヘクタープロテクター,16,5,9,,(美),伊藤伸一
1勝,202511080505010705,"2025.11. 8",東京,ザングウィル,牡,5,長岡禎仁, 58 ,16,８,ダ,1300,,良,1192,1.3,,,13,13,36.5,5,50.3,*,48.80,47.2,,A03,0,,2020110051,(64.7),,,1.3,後方,後方,36.60,504,-10,64.7,"J. Lenihan",愛,"Dandy Man",Zaaqya,Nayef,16,3,5,,(栗),佐藤悠太
新馬,202511080505010605,"2025.11. 8",東京,メーレスブリーゼ,牝,2,津村明秀, 55 ,13,５,芝,1400,B,良,1236,0.7,,,11,11,33.7,1,61.1,*,57.47,57.3,,A03,75,,2023106429,(68.9),,,1.1,後方,後方,37.43,424,,68.9,ビッグレッドファーム,新冠町,ゴールドシップ,ヴォイスオブジョイ,Magician,13,4,5,,(美),水野貴広
新馬,202511080505010415,"2025.11. 8",東京,ジェイエルモーダル,牡,2,吉田豊, 56 ,16,４,ダ,1300,,良,1215,1.2,,,10,7,36.3,2,56.7,*,52.93,52.9,,A03,110,,2023106313,(65.1),,,1.4,中団,差し,38.74,466,,65.1,ナカノファーム,日高町,デクラレーションオブウォー,ジェイエルノブレス,ヨハネスブルグ,14,8,15,,(美),小西一男
新馬,202511080505010409,"2025.11. 8",東京,ヴェントベローチェ,牡,2,北村宏司, 56 ,16,５,ダ,1300,,良,1218,1.5,,,12,12,35.8,1,60.1,*,52.93,52.9,,A03,75,,2023103133,(99.8),,,2.2,後方,後方,39.43,464,,99.8,藤沢牧場,新ひだか町,ダノンプレミアム,ケイココサージュ,ヘニーヒューズ,14,5,9,,(美),勢司和浩
未勝利,202511080505010303,"2025.11. 8",東京,ノーブルクロンヌ,牝,2,黛弘人, 55 ,12,８,芝,2000,B,良,2027,1.5,,4,3,4,34.1,9,61.4,,63.83,65.0,,003,0,,2023103657,(506.6),,,0.3,先行,先行,37.97,448,+4,506.6,上水牧場,むかわ町,フィエールマン,ステファニーラン,スウェプトオーヴァーボード,12,3,3,,(美),高柳瑞樹
1勝,202511080303010708,"2025.11. 8",福島,ガットネロ,牝,5,斎藤新, 56 ,16,４,芝,1200,A,良,1082,0.2,,,2,2,34.8,9,46.0,*,47.03,46.0,,000,120,,2020105073,(73.7),,,0.1,先行,先行,33.40,498,+12,73.7,大狩部牧場,新冠町,アメリカンペイトリオット,ブラックシュガー,ブラックタイド,16,4,8,,(栗),東田明士
1勝,202511080303010611,"2025.11. 8",福島,ポタリング,セ,3,柴田裕一,54△,16,４,芝,1800,A,良,1465,0.5,4,4,5,4,35.7,7,49.2,*,50.33,48.9,,002,120,,2022101191,(13.3),,,0.4,先行,先行,35.40,440,-2,13.3,オリオンファーム,日高町,ノーブルミッション,ウインルキア,ディープインパクト,16,6,11,,(美),武藤善則
1勝,202511080303010610,"2025.11. 8",福島,レインオンミー,牡,3,大久保友,53▲,16,13,芝,1800,A,良,1474,1.4,5,4,6,6,36.5,14,47.1,,50.33,48.9,,002,0,,2022104117,(46.4),,,0.5,中団,中団,35.45,484,+2,46.4,千代田牧場,新ひだか町,リアルスティール,アルマリンピア,タイキシャトル,16,5,10,,(栗),福永祐一
1勝,202511080303010616,"2025.11. 8",福島,ニシノエピカリ,牝,3,横山琉人, 54 ,16,15,芝,1800,A,良,1477,1.7,8,9,9,12,36.5,14,47.5,,50.33,48.9,,002,0,,2022100724,(32.3),,,0.8,後方,後方,35.60,396,-6,32.3,田上徹,新ひだか町,フィエールマン,シーソルティキッス,キングカメハメハ,16,8,16,,(美),手塚貴久
1勝,202511080303010410,"2025.11. 8",福島,ペレグリン,牝,4,石川裕紀, 56 ,16,３,ダ,1150,,良,1089,0.4,,,13,8,35.9,1,50.3,*,45.10,41.8,牝,020,200,,2021100906,(7.1),210,,1.7,中団,差し,36.00,434,-2,7.1,バンブー牧場,浦河町,バンブーエール,フラミンゴ,マルカシェンク,16,5,10,,(栗),河嶋宏樹
未勝利,202511080303010314,"2025.11. 8",福島,ルーナディサングエ,牡,2,菅原隆一, 56 ,15,４,ダ,1700,,良,1477,1.2,4,6,5,5,39.2,4,45.3,*,44.43,44.8,,A00,84,,2023103013,(125.9),,,0.9,中団,差し,37.36,452,0,125.9,西川富岡牧場,新ひだか町,リアルスティール,ブラッディムーン,アドマイヤムーン,15,8,14,,(美),天間昭一
未勝利,202511080303010308,"2025.11. 8",福島,ナブッコ,牡,2,柴田裕一,54△,15,６,ダ,1700,,良,1483,1.8,10,12,7,7,39.3,5,45.8,*,44.43,44.8,,A00,0,,2023104377,(272.0),,,1.4,中団,中団,37.64,494,-6,272.0,ノースヒルズ,新冠町,モーリス,ヴェルディアーナ,"Perfect Soul",15,5,8,,(栗),中竹和也
未勝利,202511080303010209,"2025.11. 8",福島,ニシノシャルム,牝,2,今村聖奈,53◇,16,13,芝,1800,A,良,1497,2.1,10,9,2,2,38.2,14,43.6,,48.87,48.2,,A00,0,,2023105138,(160.4),,,0.2,先行,先行,35.75,442,0,160.4,鮫川啓一,浦河町,キタサンブラック,チャームクォーク,クロフネ,16,5,9,,(美),栗田徹
1勝,202511020803110907,"2025.11. 2",京都,シュテフィ,牝,2,田口貫太, 55 ,16,15,ダ,1800,,稍,1552,3.6,9,8,7,9,40.2,14,43.3,,51.87,49.6,,A04,0,    0.0,2023105301,(38.4),,,0.7,中団,中団,37.50,446,-4,38.4,ノーザンファーム,安平町,ルヴァンスレーヴ,スプレンダークラン,ルーラーシップ,16,4,7,,(栗),牧田和弥
2勝,202511020803110801,"2025.11. 2",京都,クリノオリーブ,牝,4,永島まな,54◇,16,８,ダ,1200,,稍,1123,1.1,,,1,1,37.1,13,44.9,,51.53,47.8,,A03,0,,2021102259,(27.2),,,0.0,逃げ,逃げ,35.20,470,+2,27.2,横井哲,日高町,ニューイヤーズデイ,クリノラホール,ダイワメジャー,15,1,1,,(栗),谷潔
2勝,202511020803110808,"2025.11. 2",京都,タミゼ,牝,4,和田陽希,53▲,16,14,ダ,1200,,稍,1133,2.1,,,11,13,36.9,12,48.6,,51.53,47.8,,A03,0,,2021100650,(105.1),,,1.2,後方,後方,36.40,472,-16,105.1,笠松牧場,浦河町,リオンディーズ,フレンチトースト,フレンチデピュティ,15,4,8,,(栗),平田修
1勝,202511020803110710,"2025.11. 2",京都,テレプシコーラ,牝,3,西村淳也, 54 ,16,８,芝,2200,B,良,2138,0.5,7,8,8,7,34.4,7,58.4,*,59.37,57.8,,A03,0,,2022100457,(9.3),,,0.5,中団,中団,37.28,414,+10,9.3,吉田ファーム,浦河町,ルーラーシップ,キスオンザグリーン,オルフェーヴル,16,5,10,,(栗),坂口智康
1勝,202511020803110606,"2025.11. 2",京都,バルミラクル,牡,3,鮫島良太, 56 ,15,10,ダ,1800,,稍,1551,3.2,2,2,5,6,40.9,13,40.7,,47.30,46.5,,003,0,,2022106177,(53.1),,,0.5,中団,中団,37.10,450,+6,53.1,川島牧場,新冠町,マクフィ,ミラクルクロス,フジキセキ,14,4,6,,(栗),河嶋宏樹
新馬,202511020803110501,"2025.11. 2",京都,エレーデサンライズ,牝,2,藤懸貴志, 55 ,15,11,芝,1600,B,良,1373,1.4,,,14,15,35.1,5,56.3,*,55.43,54.9,,A03,0,,2023100912,(8.0),,,1.2,後方,後方,37.32,450,,8.0,下河辺牧場,日高町,エピファネイア,カラズマッチポイント,Curlin,15,1,1,,(栗),平田修
新馬,202511020803110303,"2025.11. 2",京都,クレスコフェーヴ,牝,2,中井裕二, 55 ,16,８,ダ,1400,,稍,1279,3.1,,,8,7,38.4,7,46.7,,48.00,50.7,,A03,0,,2023103829,(183.2),,,0.9,中団,中団,37.13,406,,183.2,青藍牧場,登別市,オルフェーヴル,ティイ,エイシンフラッシュ,16,2,3,*,(栗),羽月友彦
未勝利,202511020803110109,"2025.11. 2",京都,ロードステラート,牡,2,富田暁, 56 ,15,２,ダ,1800,,稍,1538,0.2,3,3,3,2,38.5,3,47.8,*,47.47,47.2,,003,220,,2023105838,(7.9),170,890,0.3,先行,先行,37.65,504,+2,7.9,ケイアイファーム,新ひだか町,キタサンブラック,ブリュネット,ダイワメジャー,15,5,9,*,(栗),武英智
未勝利,202511020803110115,"2025.11. 2",京都,ロードアマルフィ,牡,2,岩田望来, 56 ,15,３,ダ,1800,,稍,1538,0.2,2,2,2,2,38.6,4,47.4,*,47.47,47.2,,003,140,,2023105786,(2.9),150,,0.2,先行,先行,37.60,514,+24,2.9,ケイアイファーム,新ひだか町,ルヴァンスレーヴ,アルセナーレ,クロフネ,15,8,15,,(栗),中村直也
1勝,202511020504110707,"2025.11. 2",東京,ファンタイムギフト,牡,3,レーン, 57 ,16,７,ダ,1600,,重,1371,1.3,,,7,6,37.3,8,46.2,,49.00,46.2,,003,0,,2022102378,(14.2),,,0.8,中団,中団,35.88,502,+2,14.2,二風谷ファーム,平取町,ドレフォン,トウカイシェーン,ダイワメジャー,15,4,7,,(美),相沢郁
新馬,202511020504110503,"2025.11. 2",東京,アドマイヤフク,牝,2,プーシャ, 55 ,9,３,芝,2000,B,良,2040,0.4,,5,5,5,33.8,2,64.4,*,64.23,62.9,,A03,190,,2023101048,(15.1),190,,0.6,中団,差し,38.66,428,,15.1,スマイルファーム,日高町,アドマイヤマーズ,アドマイヤナイト,アドマイヤムーン,9,3,3,,(美),加藤征弘
1勝,202511010803101202,"2025.11. 1",京都,ハレアカラフラ,牝,5,池添謙一, 56 ,15,14,芝,1600,B,良,1345,0.8,,,1,1,34.9,14,52.5,*,57.23,54.9,,A03,0,,2020103292,(66.4),,,0.0,逃げ,逃げ,35.76,478,-4,66.4,ノーザンファーム,安平町,ラブリーデイ,オーキッドレイ,ディープインパクト,15,2,2,,(栗),吉田直弘
Ｇ３,202511010803101106,"2025.11. 1",京都,ベレーバスク,牝,2,丹内祐次, 55 ,12,５,芝,1400,B,良,1211,0.2,,,6,6,33.6,5,56.0,*,57.40,53.5,牝,N21,290,    0.0,2023106477,(7.3),,,0.6,中団,中団,35.63,458,+8,7.3,ビッグレッドファーム,新冠町,ベンバトル,マイネサヴァラン,マンハッタンカフェ,12,5,6,,(美),清水英克
Ｇ３,202511010803101112,"2025.11. 1",京都,シラヌイ,牝,2,吉村誠之, 55 ,12,11,芝,1400,B,良,1223,1.4,,,3,3,35.3,12,49.9,,57.40,53.5,牝,N21,0,    0.0,2023105668,(46.6),,,0.1,先行,先行,35.25,450,-2,46.6,木田牧場,新ひだか町,フィレンツェファイア,ミスティック,キンシャサノキセキ,12,8,12,,(栗),高橋亮
3勝,202511010803101009,"2025.11. 1",京都,キュールエフウジン,牡,6,松若風馬, 58 ,14,10,ダ,1800,,重,1520,2.6,13,13,13,13,36.1,10,55.1,,56.93,56.7,,A04,0,    0.0,2019102983,(93.2),,,1.4,後方,後方,37.95,496,-6,93.2,木下牧場,新ひだか町,ホッコータルマエ,キュールエアリス,ウォーエンブレム,13,6,9,,(栗),中尾秀正
2勝,202511010504100902,"2025.11. 1",東京,ズイウンゴサイ,牡,4,丸田恭介, 55 ,8,６,芝,2400,B,良,2255,0.7,8,8,8,7,33.5,3,61.4,*,60.77,59.5,,A03,0,    0.0,2021100597,(16.1),,,1.0,後方,後方,37.33,472,+6,16.1,エムエム、ヤマダファーム,浦河町,シュヴァルグラン,ブルーインザスカイ,チチカステナンゴ,8,2,2,,(美),武市康男
2勝,202511010504100806,"2025.11. 1",東京,ゲキザル,牡,6,小林脩斗, 58 ,14,１,ダ,1400,,重,1231,-0.0,,,6,7,35.4,3,51.1,*,51.00,48.1,,003,1140,,2019102102,2130,540,5790,0.6,中団,差し,35.78,484,+4,21.3,広富牧場,日高町,ザファクター,トゥモローズライト,アフリート,14,4,6,,(美),青木孝文
新馬,202511010504100502,"2025.11. 1",東京,インナーパッション,牡,2,横山武史, 56 ,13,７,芝,1600,B,稍,1375,0.6,,,5,6,33.9,5,62.6,*,63.40,61.5,,A03,0,,2023103714,(21.3),,,0.6,中団,中団,38.16,512,,21.3,追分ファーム,安平町,キズナ,ブラインドラック,"Pollard's Vision",13,2,2,,(美),斎藤誠
未勝利,202510260803090303,2025.10.26,京都,ヨカオウ,牡,2,岩田康誠, 56 ,10,４,芝,2000,A,稍,2032,0.7,5,5,5,5,36.0,4,53.8,*,54.23,54.2,,A03,84,,2023102707,(14.8),,,0.4,中団,差し,37.37,470,-2,14.8,サンデーヒルズ,新ひだか町,キズナ,ヨカヨカ,スクワートルスクワート,10,3,3,,(栗),谷潔
未勝利,202510260803090210,2025.10.26,京都,マイリトルヒーロー,牡,2,坂井瑠星, 56 ,10,１,芝,1600,A,稍,1350,-0.2,,,5,5,36.4,2,46.6,*,45.83,44.1,,A03,560,,2023106785,280,120,400,0.6,中団,差し,35.16,464,+6,2.8,上野正恵,新ひだか町,イスラボニータ,プレシャスガール,Speightstown,10,8,10,,(栗),高橋康之
新馬,202510260504090608,2025.10.26,東京,ヤマヤロード,牝,2,原田和真, 55 ,18,８,芝,1400,A,稍,1242,0.9,,,6,6,35.2,12,54.4,*,56.97,54.0,,A03,0,,2023100351,(18.6),,,0.6,中団,中団,36.75,480,,18.6,前田ファーム,新ひだか町,アルアイン,スワンレーク,ロードカナロア,18,4,8,,(美),上原博之
新馬,202510260504090515,2025.10.26,東京,ヒロイックヴァース,牡,2,浜中俊, 56 ,16,４,芝,1800,A,稍,1499,0.3,,7,6,6,34.1,4,61.1,*,62.60,59.3,,A03,110,,2023102418,(17.9),,,0.6,中団,差し,37.90,488,,17.9,岡田スタツド,新ひだか町,ベンバトル,ポップシンガー,スマートファルコン,16,8,15,,(美),浅利英明
2勝,202510260404041002,2025.10.26,新潟,パッションリッチ,牡,3,斎藤新, 56 ,16,２,芝,2000,A,稍,2005,0.1,,,4,4,35.3,3,53.4,*,53.73,52.1,,A04,620,   11.0,2022105390,(5.0),220,2860,0.4,先行,先行,36.51,486,-4,5.0,社台ファーム,千歳市,ドゥラメンテ,セータコローナ,"Distorted Humor",16,1,2,,(美),久保田貴
1勝,202510260404040702,2025.10.26,新潟,ダノンジャイアン,牡,3,斎藤新, 56 ,15,３,芝,2000,A,稍,2017,0.2,,,3,3,34.6,6,57.9,*,58.20,57.2,,A03,200,,2022105399,(13.6),290,,0.3,先行,先行,37.33,446,-4,13.6,社台ファーム,千歳市,ブリックスアンドモルタル,ダノンジャンヌ,ディープインパクト,15,2,2,,(栗),茶木太樹
新馬,202510260404040507,2025.10.26,新潟,ノーブルクロンヌ,牝,2,丹内祐次, 55 ,18,10,芝,1600,A,稍,1394,1.7,,,10,10,34.8,9,61.4,,64.00,62.9,,A03,0,,2023103657,(28.8),,,0.8,中団,中団,38.76,444,,28.8,上水牧場,むかわ町,フィエールマン,ステファニーラン,スウェプトオーヴァーボード,18,4,7,,(美),高柳瑞樹
1勝,202510260404040405,2025.10.26,新潟,ヴァーナリー,牝,3,舟山瑠泉,51▲,16,10,芝,1800,A,稍,1501,0.8,,,3,3,35.4,14,55.5,*,59.50,55.7,牝,023,0,,2022104977,(17.4),,,0.5,先行,先行,37.35,438,+18,17.4,ノーザンファーム,安平町,キタサンブラック,ピュアブリーゼ,Monsun,16,3,5,,(美),古賀慎明
未勝利,202510260404040201,2025.10.26,新潟,エイシンティザー,牡,2,西塚洸二,55☆,13,２,芝,1400,A,良,1232,0.0,,,7,6,35.8,1,49.3,*,47.73,46.4,,A03,220,,2023105516,(76.9),1330,12110,0.6,中団,差し,35.55,496,-2,76.9,木田牧場,新ひだか町,モズアスコット,エイシンソルティー,Tapit,13,1,1,,(栗),吉村圭司
未勝利,202510260404040207,2025.10.26,新潟,ミスターマーボー,牡,2,杉原誠人, 56 ,13,４,芝,1400,A,良,1236,0.4,,,2,2,36.7,6,45.8,*,47.73,46.4,,A03,84,,2023100831,(11.3),,,0.1,先行,先行,35.18,448,+12,11.3,グッドラック・ファーム,日高町,シュヴァルグラン,ハタノサンドリヨン,ヨハネスブルグ,13,5,7,,(美),青木孝文
2勝,202510250803080808,2025.10.25,京都,アラタマフェーヴル,牡,4,北村友一, 58 ,12,７,芝,1800,A,良,1463,0.6,,,4,4,34.8,10,52.7,*,55.77,53.6,,A04,0,,2021102115,(60.6),,,0.2,先行,先行,35.75,496,0,60.6,槇本牧場,日高町,オルフェーヴル,アラタマクリスエス,シンボリクリスエス,12,6,8,,(栗),浜田多実
2勝,202510250803080807,2025.10.25,京都,プリズマジコ,牡,4,秋山稔樹, 58 ,12,８,芝,1800,A,良,1463,0.6,,,10,11,34.1,2,55.9,*,55.77,53.6,,A04,0,,2021106077,(18.6),,,0.9,後方,後方,36.10,444,0,18.6,大狩部牧場,新冠町,キズナ,グラントリノ,グランデラ,12,6,7,,(栗),高橋義忠
1勝,202510250803080701,2025.10.25,京都,プチプランス,牡,3,藤岡佑介, 56 ,11,10,ダ,1800,,良,1543,1.6,9,8,8,7,39.6,9,44.3,,48.73,46.0,,A03,0,,2022101565,(5.5),,,0.6,中団,中団,37.35,492,-6,5.5,スマイルファーム,日高町,リアルスティール,シャイスター,"Equal Stripes",11,1,1,,(栗),藤岡健一
新馬,202510250803080610,2025.10.25,京都,コイバナ,牝,2,小崎綾也, 55 ,16,６,ダ,1400,,良,1264,0.8,,,9,9,38.3,6,44.2,*,44.07,43.1,牝,023,0,,2023102700,(97.3),,,0.7,中団,中団,36.08,458,,97.3,サンデーヒルズ,新ひだか町,モズアスコット,タイムピース,ルーラーシップ,16,5,10,,(栗),渡辺薫彦
新馬,202510250803080501,2025.10.25,京都,ビケイムフリー,牝,2,吉村誠之,54☆,14,４,芝,1600,A,良,1359,1.1,,,7,6,35.5,5,52.1,*,54.07,53.4,,003,110,,2023104381,(114.5),,,0.4,中団,差し,36.24,406,,114.5,ノースヒルズ,新冠町,サートゥルナーリア,エレーデ,ディープインパクト,14,1,1,*,(栗),吉村圭司
未勝利,202510250803080310,2025.10.25,京都,ペプチドブッドレア,牝,2,川又賢治, 55 ,12,４,芝,1400,A,良,1216,0.3,,,10,9,34.9,2,50.4,*,47.93,47.2,牝,023,84,,2023105720,(10.7),,,0.8,後方,追込,35.03,472,+4,10.7,木村牧場,日高町,イスラボニータ,ペプチドセマム,エンパイアメーカー,12,7,10,,(栗),吉村圭司
未勝利,202510250803080303,2025.10.25,京都,ナムラオリガミ,牝,2,小崎綾也, 55 ,12,６,芝,1400,A,良,1219,0.6,,,6,6,35.6,7,47.5,*,47.93,47.2,牝,023,0,,2023106236,(225.5),,,0.4,中団,中団,34.73,448,+2,225.5,滝本健二,日高町,アルアイン,ナムラチヨガミ,ヨハネスブルグ,12,3,3,,(栗),高橋一哉
未勝利,202510250803080311,2025.10.25,京都,モカプウイング,牝,2,岩田望来, 55 ,12,７,芝,1400,A,良,1220,0.7,,,7,7,35.6,7,47.8,*,47.93,47.2,牝,023,0,,2023103334,(43.5),,,0.5,中団,中団,34.80,454,-4,43.5,社台ファーム,千歳市,マインドユアビスケッツ,ウイングドウィール,シンボリクリスエス,12,8,11,,(栗),加藤公太
未勝利,202510250803080205,2025.10.25,京都,アンリミテッド,牡,2,岩田望来, 56 ,11,３,ダ,1800,,良,1563,0.7,6,4,4,5,37.9,4,53.4,*,54.27,53.3,,003,140,,2023104417,(2.0),110,,0.5,中団,差し,39.20,498,+2,2.0,ノースヒルズ,新冠町,キズナ,ラルムドランジュ,Dansili,11,5,5,,(栗),高野友和
未勝利,202510250803080110,2025.10.25,京都,メイショウシンガン,牡,2,岩田望来, 56 ,14,10,ダ,1400,,良,1285,2.2,,,4,4,41.5,10,34.9,,40.70,38.4,,003,0,,2023104988,(5.5),,,0.3,先行,先行,35.25,462,0,5.5,まるとみ冨岡牧場,浦河町,ニューイヤーズデイ,コンゴウレイワ,アイルハヴアナザー,14,6,10,,(栗),高橋義忠
未勝利,202510250803080105,2025.10.25,京都,メイワキラリ,牡,2,高杉吏麒, 56 ,14,13,ダ,1400,,良,1299,3.6,,,4,9,42.9,13,32.2,,40.70,38.4,,003,0,,2023103746,(29.0),,,0.3,中団,中団,35.25,466,+10,29.0,笹川大晃牧場,森町,ミスターメロディ,リュウメイ,コロナドズクエスト,14,4,5,,(栗),河嶋宏樹
2勝,202510250504081201,2025.10.25,東京,フウセツ,牡,3,大野拓弥, 56 ,13,１,ダ,1400,,稍,1241,-0.3,,,1,1,35.4,4,53.2,*,53.00,53.2,,A03,1140,,2022101626,270,130,550,0.0,逃げ,逃げ,36.53,492,+4,2.7,ダーレー・ジャパン・ファーム,日高町,サンダースノー,アプト,アドマイヤムーン,13,1,1,,(美),鈴木慎太
1勝,202510250504080711,2025.10.25,東京,スプランドゥール,牡,4,柴田大知, 58 ,16,７,ダ,1400,,稍,1245,1.8,,,10,12,35.9,3,51.5,*,48.30,49.2,,003,0,,2021100623,(8.2),,,1.5,後方,後方,36.45,476,-2,8.2,荻伏服部牧場,浦河町,シルバーステート,チェリーシェル,サクラバクシンオー,16,6,11,,(美),和田雄二
新馬,202510250504080505,2025.10.25,東京,ブラックオリンピア,牡,2,川田将雅, 56 ,9,２,芝,2000,A,良,2031,0.0,,5,3,4,33.9,2,62.8,*,62.67,61.4,,003,300,,2023107168,(2.9),110,490,0.3,先行,先行,38.23,524,,2.9,ノーザンファーム,安平町,キタサンブラック,ピノ,Pierro,9,5,5,,(栗),友道康夫
新馬,202510250504080410,2025.10.25,東京,クルビデンス,牡,2,佐々木大, 56 ,16,８,ダ,1400,,稍,1279,1.0,,,2,2,38.5,12,46.2,*,49.00,48.3,,A03,0,,2023104001,(36.9),,,0.1,先行,先行,37.05,446,,36.9,大林ファーム,新冠町,アメリカンペイトリオット,シャインレジーナ,アグネスタキオン,16,5,10,,(美),菊川正達
未勝利,202510250504080205,2025.10.25,東京,ダイユウヴェンティ,牝,2,内田博幸, 55 ,10,２,芝,1600,A,良,1350,0.1,,,5,5,34.8,1,53.8,*,53.23,51.8,牝,023,220,,2023105102,(46.8),1400,6330,0.5,中団,差し,36.12,432,-6,46.8,上山牧場,浦河町,サートゥルナーリア,クールアンフルール,サクラバクシンオー,10,5,5,,(美),松永康利
1勝,202510250404031201,2025.10.25,新潟,ハルオーブ,牡,5,今村聖奈,56◇,17,７,芝,1400,A,良,1219,0.6,,,6,5,35.2,8,49.5,*,50.03,48.2,,003,0,,2020104732,(65.8),,,0.6,中団,中団,35.03,478,+8,65.8,藤沢牧場,新ひだか町,ディーマジェスティ,ハルダヨリ,ファルブラヴ,17,1,1,,(美),武井亮
1勝,202510250404031216,2025.10.25,新潟,ストレイトアスク,牝,4,西塚洸二,55☆,17,15,芝,1400,A,良,1230,1.7,,,6,8,36.3,15,46.5,,50.03,48.2,,003,0,,2021102312,(9.3),,,0.6,中団,中団,35.03,430,-6,9.3,"ASK STUD",平取町,ロードカナロア,ストレイトガール,フジキセキ,17,8,16,,(栗),藤原英昭
3勝,202510250404031111,2025.10.25,新潟,シャンデルナゴル,牡,5,舟山瑠泉, 58 ,18,17,芝,2000,A,良,2004,2.2,,,2,2,35.4,16,52.9,,60.93,58.8,,A04,0,    0.0,2020103193,(231.4),,,0.2,先行,先行,36.43,494,-4,231.4,ノーザンファーム,安平町,サトノダイヤモンド,アガルタ,キングカメハメハ,18,6,11,,(栗),石坂公一
2勝,202510250404031010,2025.10.25,新潟,アイウィル,牡,4,西塚洸二, 58 ,15,８,ダ,1800,,良,1525,1.8,8,8,7,8,37.7,8,49.2,,52.03,50.8,,003,0,    0.0,2021103502,(15.4),,,0.8,中団,中団,37.40,514,+2,15.4,岡田スタツド,新ひだか町,ドレフォン,ジュリーハーツ,ハーツクライ,15,6,10,,(美),高木登
1勝,202510250404030918,2025.10.25,新潟,スターチスブーケ,牝,4,丸山元気, 56 ,18,12,芝,1000,A,良,0560,1.0,,,,11,32.6,9,57.7,*,55.37,55.4,,A03,0,    0.0,2021110075,(13.7),,,0.7,中団,中団,35.10,498,-6,13.7,"Gerty Bloodstock",米,"Practical Joke","Sovereign Halo",Haynesfield,18,8,18,,(美),田中勝春
1勝,202510250404030610,2025.10.25,新潟,シャインバオバブ,牡,3,松本大輝,55☆,15,４,芝,1800,A,良,1469,0.3,,,13,13,33.5,2,59.6,*,59.57,57.7,,002,120,,2022106180,(17.4),,,0.6,後方,追込,36.70,492,-6,17.4,川島牧場,新冠町,シルバーステート,レユシット,ルーラーシップ,15,6,10,,(栗),本田優
1勝,202510250404030601,2025.10.25,新潟,レインオンミー,牡,3,大久保友,53▲,15,７,芝,1800,A,良,1474,0.8,,,4,4,34.3,7,56.6,*,59.57,57.7,,002,0,,2022104117,(59.3),,,0.3,先行,先行,36.55,482,0,59.3,千代田牧場,新ひだか町,リアルスティール,アルマリンピア,タイキシャトル,15,1,1,,(栗),福永祐一
未勝利,202510250404030206,2025.10.25,新潟,フレンチブラッサム,牝,2,野中悠太, 55 ,15,５,ダ,1200,,良,1142,2.1,,,9,7,38.9,4,40.7,*,40.97,41.8,,003,56,,2023105062,(26.5),,,0.8,中団,中団,35.30,442,-2,26.5,宮内牧場,浦河町,ホッコータルマエ,ピッパレジーナ,ゴールドアリュール,15,4,6,,(美),柄崎将寿
未勝利,202510250404030102,2025.10.25,新潟,ヒャクレツケン,牡,2,河原田菜,52★,15,11,芝,1200,A,良,1108,0.7,,,10,10,35.7,9,48.3,*,48.33,45.8,,003,0,,2023106687,(91.5),,,0.8,中団,中団,35.10,450,+2,91.5,大狩部牧場,新冠町,タリスマニック,ペスカネラ,ブラックタイド,15,2,2,,(美),青木孝文
3勝,202510190803071005,2025.10.19,京都,プロミシングスター,牡,4,団野大成, 56 ,16,５,ダ,1400,,良,1236,0.4,,,8,7,35.2,2,53.1,*,51.70,51.3,,A03,184,    0.0,2021103073,(7.9),,,0.6,中団,中団,36.30,454,-6,7.9,富田牧場,浦河町,マジェスティックウォリアー,ファインチョイス,アドマイヤムーン,16,3,5,,(栗),高橋義忠
3勝,202510190803071016,2025.10.19,京都,レーウィン,セ,4,岩田康誠, 55 ,16,６,ダ,1400,,良,1240,0.8,,,15,14,34.9,1,55.5,*,51.70,51.3,,A03,0,    0.0,2021100734,(53.9),,,1.3,後方,後方,36.83,514,+14,53.9,高昭牧場,浦河町,ヘニーヒューズ,フジインザスカイ,ディープスカイ,16,8,16,,(栗),上村洋行
3勝,202510190803071014,2025.10.19,京都,イノセントキャット,牝,4,横山武史, 53 ,16,８,ダ,1400,,良,1242,1.0,,,2,2,36.3,12,49.0,*,51.70,51.3,,A03,0,    0.0,2021104745,(19.1),,,0.1,先行,先行,35.93,454,0,19.1,追分ファーム,安平町,シュヴァルグラン,イルーシヴキャット,キングカメハメハ,16,7,14,,(美),久保田貴
1勝,202510190803070709,2025.10.19,京都,イリフィ,牝,3,西村淳也, 55 ,12,１,ダ,1200,,良,1114,-0.3,,,8,6,35.6,1,50.6,*,49.00,47.2,,A03,800,,2022110077,1750,330,8780,0.6,中団,差し,35.80,430,+8,17.5,"Stonethorn Stud Farm Ltd.",愛,"Too Darn Hot",Trethias,"Invincible Spirit",12,7,9,,(栗),高野友和
新馬,202510190803070414,2025.10.19,京都,ナムラロダン,牡,2,西村淳也, 56 ,17,７,芝,1400,A,良,1229,0.7,,,5,4,35.2,7,51.6,*,52.40,51.1,,A03,0,,2023106223,(7.2),,,0.5,先行,先行,35.78,472,,7.2,谷川牧場,浦河町,ミッキーアイル,サンクイーン2,"Storm Cat",17,7,14,,(栗),長谷川浩
未勝利,202510190803070202,2025.10.19,京都,ダンツウルス,牡,2,田口貫太, 56 ,6,３,芝,1800,A,良,1476,0.2,,,6,5,34.3,1,56.9,*,55.67,53.9,,003,140,,2023102901,(8.5),,,0.8,後方,追込,36.65,468,-6,8.5,千代田牧場,新ひだか町,リアルスティール,コゴメユキ,"Liam's Map",6,2,2,,(栗),谷潔
未勝利,202510190803070108,2025.10.19,京都,アーガイルショア,牝,2,西村淳也, 55 ,12,２,ダ,1400,,稍,1260,0.6,,,5,4,38.4,2,43.0,*,42.60,42.7,牝,023,220,,2023103718,(3.3),110,210,0.4,先行,先行,35.70,504,+10,3.3,追分ファーム,安平町,ナダル,ベルプラージュ,キングカメハメハ,12,6,8,,(栗),安田翔伍
未勝利,202510190803070107,2025.10.19,京都,ナムラティアラ,牝,2,高杉吏麒, 55 ,12,３,ダ,1400,,稍,1262,0.8,,,3,2,38.7,3,42.1,*,42.60,42.7,牝,023,140,,2023106228,(19.6),190,,0.3,先行,先行,35.63,464,-4,19.6,森政巳,新ひだか町,ジョーカプチーノ,ナムラテンゲル,トゥザグローリー,12,6,7,,(栗),牧田和弥
未勝利,202510190803070104,2025.10.19,京都,ベルフィーノ,牝,2,菱田裕二, 55 ,12,12,ダ,1400,,稍,1316,6.2,,,9,9,43.6,12,32.6,,42.60,42.7,牝,023,0,,2023101013,(40.2),,,0.8,後方,後方,36.00,442,-4,40.2,白瀬盛雄,日高町,カレンブラックヒル,ハナズルナピエナ,アドマイヤムーン,12,4,4,,(栗),宮本博
2勝,202510190504071005,2025.10.19,東京,トルショー,牡,3,長浜鴻緒, 56 ,13,12,ダ,1600,,良,1393,1.8,,,1,1,38.1,12,46.4,,53.17,51.2,,003,0,    0.0,2022103766,(21.0),,,0.0,逃げ,逃げ,36.72,458,+1,21.0,グランド牧場,新ひだか町,シニスターミニスター,ハヤブサエミネンス,"Medaglia d'Oro",13,4,5,,(美),伊藤圭三
ＪＧ２,202510190504070904,2025.10.19,東京,プラチナドリーム,牡,6,石神深一, 60 ,10,５,芝,3110,A,良,3284,1.6,5,4,3,3,13.4,,,,,,,A00,450,    0.0,2019106330,(15.0),,,,先行,先行,,484,-2,15.0,千代田牧場,新ひだか町,ホッコータルマエ,サティーヌアロム,シンボリクリスエス,10,4,4,,(美),菊川正達
1勝,202510190504070608,2025.10.19,東京,コックオーヴァン,牝,2,松岡正海, 55 ,8,５,芝,1400,A,良,1231,0.4,,,1,1,34.1,7,57.8,*,62.53,59.1,,A04,80,,2023106405,(21.3),,,0.0,逃げ,逃げ,36.75,460,+6,21.3,金石牧場,浦河町,ウインブライト,コスモミール,ヘクタープロテクター,8,8,8,,(美),伊藤伸一
新馬,202510190504070511,2025.10.19,東京,スノーエルヴァ,牝,2,長浜鴻緒,53△,18,２,芝,1800,A,良,1504,0.2,,2,2,2,34.1,7,61.9,*,61.77,62.1,,003,300,,2023106145,(51.9),1120,19000,0.1,先行,先行,38.15,456,,51.9,ディアレストクラブ,浦河町,フィエールマン,カスタディーヴァ,"High Chaparral",18,6,11,,(美),田村康仁
未勝利,202510190504070306,2025.10.19,東京,フェイスリフト,牡,2,内田博幸, 56 ,13,６,芝,1400,A,良,1228,0.7,,,9,9,33.7,2,59.3,*,57.17,48.5,,A03,0,,2023106605,(6.4),,,2.5,後方,後方,36.83,450,0,6.4,ミルファーム,浦河町,フォーウィールドライブ,ポンポン,ブラックタイド,13,5,6,,(美),嘉藤貴行
未勝利,202510190504070303,2025.10.19,東京,リーデレクオーレ,牝,2,柴田大知, 55 ,13,９,芝,1400,A,良,1232,1.1,,,1,2,36.5,12,46.0,,57.17,48.5,,A03,0,,2023104425,(56.8),,,0.1,逃げ,逃げ,35.03,416,-2,56.8,ハクツ牧場,新冠町,アルアイン,ゴルトメーネ,バゴ,13,3,3,,(美),土田稔
1勝,202510190404021210,2025.10.19,新潟,スノーサイレンス,牝,3,鮫島克駿, 55 ,14,１,ダ,1200,,稍,1110,-0.7,,,1,1,36.0,2,47.2,*,49.20,47.2,,003,800,,2022101675,230,120,1050,0.0,逃げ,逃げ,35.00,466,+6,2.3,ダーレー・ジャパン・ファーム,日高町,サンダースノー,ハッシュ,コマンズ,14,6,10,,(栗),小栗実
2勝,202510190404021005,2025.10.19,新潟,ブルボンクイーン,牝,4,松本大輝, 56 ,18,10,芝,1000,A,良,0561,1.1,,,,6,33.8,11,49.0,,50.87,48.5,,A03,0,    0.0,2021100297,(83.9),,,0.5,中団,中団,33.45,490,+8,83.9,土居牧場,新ひだか町,キズナ,セレブラール,ボストンハーバー,18,3,5,,(栗),角田晃一
1勝,202510190404020801,2025.10.19,新潟,ルシタニア,牡,3,森田誠也,52▲,15,４,ダ,2500,,重,2434,1.6,5,6,5,4,39.6,7,48.7,*,50.23,49.8,,003,120,,2022104640,(5.7),,,0.9,先行,先行,39.09,484,+2,5.7,ノーザンファーム,安平町,レイデオロ,イスパニダ,"Pure Prize",15,1,1,,(栗),武幸四郎
1勝,202510190404020611,2025.10.19,新潟,エイシンマールス,牡,3,河原田菜,52★,15,２,ダ,1800,,重,1535,0.8,5,3,3,3,38.5,8,47.4,*,48.53,48.3,,002,320,,2022102624,(9.1),300,3290,0.3,先行,先行,37.50,474,+6,9.1,栄進牧場,浦河町,エイシンヒカリ,エーシンアマゾーン,ファルブラヴ,15,6,11,,(栗),今野貞一
1勝,202510190404020313,2025.10.19,新潟,インフローレ,牝,3,今村聖奈,53◇,18,１,芝,1200,A,稍,1098,-0.0,,,9,7,34.5,4,52.3,*,54.30,47.7,,A03,800,,2022102729,3360,960,317570,0.8,中団,差し,35.30,442,+2,33.6,杵臼牧場,浦河町,リオンディーズ,キュイキュイ,ハービンジャー,18,7,13,,(栗),寺島良
未勝利,202510190404020207,2025.10.19,新潟,モンサンゴールデン,牡,2,柴田裕一,53▲,15,１,ダ,1200,,重,1111,-1.0,,,2,2,36.2,1,46.4,*,45.57,44.8,,A03,560,,2023104044,240,110,490,0.3,先行,先行,34.90,470,-2,2.4,川島牧場,新冠町,シルバーステート,ウインアンジェラス,Bertolini,15,4,7,,(栗),中竹和也
未勝利,202510190404020109,2025.10.19,新潟,パノラマステージ,牝,2,小沢大仁, 55 ,12,７,芝,2000,A,稍,2027,1.1,3,3,3,3,37.2,10,48.5,,50.70,50.3,,A03,0,,2023107072,(47.3),,,0.3,先行,先行,36.64,458,+16,47.3,ノーザンファーム,安平町,レイデオロ,スターリーステージ,ディープインパクト,12,7,9,,(栗),牧浦充徳
2勝,202510180803060910,2025.10.18,京都,ヴェロクオーレ,牝,4,高杉吏麒, 56 ,13,１,ダ,1400,,稍,1231,-0.4,,,2,1,36.2,3,47.2,*,48.03,47.2,牝,023,1140,,2021101397,260,120,1510,0.0,先行,先行,35.18,476,+4,2.6,下河辺牧場,日高町,ドゥラメンテ,サトノジョリー,Bernardini,12,7,10,,(栗),石坂公一
1勝,202510180803060804,2025.10.18,京都,キーンセンス,牡,2,西村淳也, 56 ,7,４,ダ,1400,,稍,1259,1.2,,,2,2,37.2,5,48.2,,51.20,50.5,,A04,170,    0.0,2023110036,(3.4),,,0.2,先行,先行,36.53,510,-6,3.4,"Stonehaven Steadings",米,Munnings,Canny,"Big Brown",7,4,4,,(栗),松永幹夫
1勝,202510180803060707,2025.10.18,京都,ルージュスティーズ,牝,3,森田誠也,51▲,8,３,芝,2000,A,良,2006,0.3,6,6,2,5,35.8,3,51.5,*,52.30,50.8,,A03,200,,2022103063,(2.6),110,,0.4,中団,差し,36.34,502,+10,2.6,富田牧場,浦河町,ハービンジャー,レッドコルディス,ハーツクライ,8,7,7,,(栗),斉藤崇史
1勝,202510180803060704,2025.10.18,京都,サイモンイロハニー,牝,3,菱田裕二, 54 ,8,４,芝,2000,A,良,2006,0.3,8,8,8,8,35.1,1,54.4,*,52.30,50.8,,A03,120,,2022104164,(40.8),,,1.1,後方,追込,36.64,416,+4,40.8,千代田牧場,新ひだか町,ゴールドシップ,ブライテストリング,ダノンシャンティ,8,4,4,,(栗),谷潔
新馬,202510180803060508,2025.10.18,京都,キミガスキダ,牝,2,松若風馬, 55 ,13,９,芝,1600,A,良,1369,2.1,,,6,8,36.1,10,51.1,,54.70,54.4,牝,023,0,,2023100605,(63.2),,,0.6,中団,中団,36.48,438,,63.2,天羽牧場,日高町,ドレフォン,セシリア,アグネスタキオン,13,6,8,,(栗),牧田和弥
未勝利,202510180803060303,2025.10.18,京都,イージーライダー,牡,2,西村淳也, 56 ,7,２,芝,1600,A,良,1357,0.3,,,3,2,34.1,3,58.4,*,57.93,57.9,,003,220,,2023102814,(10.5),290,780,0.3,先行,先行,36.96,456,-2,10.5,高橋フアーム,新ひだか町,キズナ,エセンテペ,Oratorio,7,3,3,,(栗),杉山晴紀
未勝利,202510180803060102,2025.10.18,京都,デルニエジョイ,牡,2,和田竜二, 56 ,9,７,ダ,1400,,稍,1259,0.7,,,1,1,38.8,7,41.0,*,46.63,42.7,,003,0,,2023101973,(5.1),,,0.0,逃げ,逃げ,35.33,458,-10,5.1,浦河日成牧場,浦河町,シスキン,グランジョイ,ダンスインザダーク,9,2,2,,(栗),鈴木孝志
2勝,202510180504061212,2025.10.18,東京,ハクサンアイリス,牡,3,小崎綾也, 56 ,14,６,ダ,1400,,良,1256,0.9,,,9,9,36.9,4,49.0,*,48.87,47.6,,A03,0,,2022100328,(3.1),,,0.8,中団,中団,36.53,488,+4,3.1,中村雅明,浦河町,ハクサンムーン,キャメロンロード,デュランダル,14,7,12,,(栗),高橋一哉
1勝,202510180504060713,2025.10.18,東京,モティスフォント,牡,3,戸崎圭太, 56 ,17,３,芝,1400,A,良,1207,0.6,,,13,11,33.3,2,56.8,*,54.23,52.2,,A03,200,,2022104953,(14.6),490,,1.2,中団,差し,35.55,494,+2,14.6,ノーザンファーム,安平町,モーリス,バンゴール,キングカメハメハ,17,7,13,,(美),田村康仁
新馬,202510180504060501,2025.10.18,東京,カドドゥディエ,牝,2,遠藤汰月,52▲,16,９,芝,1600,A,良,1352,1.1,,,12,13,33.9,2,58.5,*,56.73,56.1,,A03,0,,2023100812,(312.0),,,1.2,後方,後方,36.78,426,,312.0,クラウン日高牧場,日高町,クラウンレガーロ,マリノルシアーナ,エピファネイア,16,1,1,,(美),西田雄一
新馬,202510180504060406,2025.10.18,東京,モーブプリエール,牝,2,内田博幸, 55 ,18,14,芝,1400,A,良,1247,1.4,,,14,15,33.5,4,64.6,*,60.80,59.8,牝,023,0,,2023107282,(33.3),,,1.7,後方,後方,38.40,426,,33.3,ノーザンファーム,安平町,サートゥルナーリア,モーベット,オルフェーヴル,18,3,6,,(美),鈴木慎太
未勝利,202510180504060301,2025.10.18,東京,ラグアイリータ,牝,2,津村明秀, 55 ,8,２,芝,1800,A,良,1476,0.1,,1,1,1,35.2,3,52.8,*,54.03,53.1,,A03,220,,2023106463,(9.5),200,780,0.0,逃げ,逃げ,36.20,436,-2,9.5,ビッグレッドファーム,新冠町,ウインブライト,バルタ,"Crimson Tide",8,1,1,,(美),岩戸孝樹
1勝,202510180404010905,2025.10.18,新潟,ドマーネ,牝,3,国分恭介, 53 ,15,２,芝,2200,A,良,2129,0.1,12,12,12,10,35.1,2,54.5,*,52.23,50.1,,A00,440,   12.6,2022103271,(8.5),230,3950,1.2,中団,差し,36.68,434,-4,8.5,三嶋牧場,浦河町,ゴールドシップ,ランドネ,Blame,15,3,5,,(栗),辻野泰之
1勝,202510180404010914,2025.10.18,新潟,ビップチェイス,牡,4,江田照男, 58 ,15,５,芝,2200,A,良,2130,0.2,1,1,1,1,36.4,10,49.5,*,52.23,50.1,,A00,111,    0.0,2021105763,(9.9),,,0.0,逃げ,逃げ,36.23,466,0,9.9,ノーザンファーム,安平町,アルアイン,ベッラレイア,ナリタトップロード,15,8,14,,(美),田島俊明
1勝,202510180404010910,2025.10.18,新潟,ペリプルス,牡,5,国分優作, 58 ,15,９,芝,2200,A,良,2136,0.8,13,13,11,10,35.9,7,52.1,*,52.23,50.1,,A00,0,    0.0,2020105796,(159.7),,,1.1,中団,中団,36.64,448,+2,159.7,ビッグレッドファーム,新冠町,ゴールドシップ,マイネリベルタス,コンデュイット,15,6,10,,(美),佐藤吉勝
1勝,202510180404010710,2025.10.18,新潟,ポタリング,セ,3,江田照男, 56 ,18,13,芝,1800,A,良,1466,1.0,,,10,10,34.1,9,56.3,*,58.70,55.8,,000,0,,2022101191,(19.2),,,0.8,中団,中団,36.25,442,+16,19.2,オリオンファーム,日高町,ノーブルミッション,ウインルキア,ディープインパクト,18,5,10,,(美),武藤善則
新馬,202510180404010507,2025.10.18,新潟,サンライズロイ,牡,2,国分恭介, 56 ,15,８,ダ,1200,,良,1146,1.5,,,3,3,38.5,11,43.8,,46.10,45.5,,A00,0,,2023106556,(4.5),,,0.4,先行,先行,36.10,464,,4.5,ヤナガワ牧場,日高町,フォーウィールドライブ,サンデーローズ,ブライアンズタイム,15,4,7,,(栗),牧浦充徳
未勝利,202510180404010212,2025.10.18,新潟,ニシノロッドマン,牡,2,今村聖奈,54◇,14,10,ダ,1800,,良,1574,2.7,6,7,7,8,40.9,9,43.5,,46.63,47.1,,000,0,,2023104706,(17.1),,,0.8,中団,中団,38.25,500,+2,17.1,メイタイファーム,新冠町,リーチザクラウン,ニシノミウ,スマートファルコン,14,7,12,,(美),矢嶋大樹
未勝利,202510180404010103,2025.10.18,新潟,ヒャクレツケン,牡,2,石田拓郎,53▲,13,10,芝,1600,A,良,1355,1.6,,,4,3,35.1,12,53.2,,57.37,56.2,,000,0,,2023106687,(185.1),,,0.4,先行,先行,36.24,448,+10,185.1,大狩部牧場,新冠町,タリスマニック,ペスカネラ,ブラックタイド,13,3,3,,(美),青木孝文
1勝,202510130803051207,2025.10.13,京都,モンテディアーナ,牝,3,坂井瑠星, 55 ,16,５,ダ,1200,,良,1123,0.9,,,7,8,36.6,7,47.5,*,48.33,47.2,,003,80,,2022104597,(4.0),,,0.5,中団,中団,35.70,474,+14,4.0,ノーザンファーム,安平町,ドレフォン,アズールムーン,"Malibu Moon",16,4,7,,(栗),四位洋文
1勝,202510130803051205,2025.10.13,京都,ミルミナーヴァ,牝,4,菱田裕二, 56 ,16,12,ダ,1200,,良,1129,1.5,,,15,15,35.8,2,53.6,*,48.33,47.2,,003,0,,2021106332,(24.3),,,1.9,後方,後方,37.10,484,+2,24.3,高瀬牧場,新冠町,ヘニーヒューズ,ランミネルバ,アグネスタキオン,16,3,5,,(栗),西園正都
2勝,202510130803051009,2025.10.13,京都,アラタマフェーヴル,牡,4,国分優作, 58 ,10,８,芝,1800,A,良,1467,0.9,,,7,6,34.0,8,56.9,*,58.87,57.9,,A03,0,    0.0,2021102115,(69.6),,,0.4,中団,中団,36.35,496,+2,69.6,槇本牧場,日高町,オルフェーヴル,アラタマクリスエス,シンボリクリスエス,10,8,9,,(栗),浜田多実
2勝,202510130803050903,2025.10.13,京都,オールマイデイズ,牡,5,佐々木大, 58 ,12,７,ダ,1800,,良,1532,1.3,9,9,8,8,38.8,9,45.9,,47.47,45.7,,A04,0,    0.0,2020103718,(37.8),,,0.9,中団,中団,37.20,502,-6,37.8,ノーザンファーム,安平町,リアルスティール,ロザリンド,シンボリクリスエス,12,3,3,,(美),矢嶋大樹
1勝,202510130803050803,2025.10.13,京都,オーレアミスト,牡,3,岩田望来, 56 ,13,３,ダ,1900,,良,2004,0.6,10,10,11,10,37.8,1,50.9,*,48.60,47.1,,003,200,,2022104841,(5.6),190,,1.4,後方,追込,38.12,494,0,5.6,ノーザンファーム,安平町,ゴールドドリーム,ジンジャーミスト,Bernardini,13,3,3,,(栗),友道康夫
未勝利,202510130803050302,2025.10.13,京都,パトローナス,牡,2,亀田温心, 56 ,16,３,芝,1400,A,良,1212,0.3,,,10,9,35.2,1,48.0,*,47.47,43.5,,A03,140,,2023106931,(5.4),220,,1.1,中団,差し,34.50,486,+6,5.4,ノーザンファーム,安平町,フィエールマン,エルビッシュ,キングカメハメハ,16,1,2,,(栗),高橋亮
未勝利,202510130803050312,2025.10.13,京都,クライナリーゼ,牡,2,酒井学, 56 ,16,11,芝,1400,A,良,1223,1.4,,,15,15,35.4,4,49.4,*,47.47,43.5,,A03,0,,2023104192,(178.6),,,2.0,後方,後方,35.18,374,-6,178.6,田端牧場,新冠町,カレンブラックヒル,ウェルアウェイ,Monsun,16,6,12,,(栗),高橋康之
未勝利,202510130803050205,2025.10.13,京都,アンディムジーク,牝,2,吉村誠之,54☆,10,３,芝,1600,A,良,1347,0.1,,,4,2,34.6,2,54.2,*,53.53,53.1,牝,023,140,,2023103797,(2.6),110,,0.3,先行,先行,36.06,436,-8,2.6,社台コーポレーション白老ファーム,白老町,アドマイヤマーズ,ターフェルムジーク,ノヴェリスト,10,5,5,*,(栗),渡辺薫彦
未勝利,202510130803050203,2025.10.13,京都,ナムラオリガミ,牝,2,小崎綾也, 55 ,10,７,芝,1600,A,良,1350,0.4,,,4,5,34.9,6,53.3,*,53.53,53.1,牝,023,0,,2023106236,(132.3),,,0.3,中団,中団,36.06,446,+6,132.3,滝本健二,日高町,アルアイン,ナムラチヨガミ,ヨハネスブルグ,10,3,3,,(栗),高橋一哉
未勝利,202510130803050102,2025.10.13,京都,ケンフィールド,牡,2,古川吉洋, 56 ,8,７,ダ,1400,,良,1275,2.1,,,6,6,38.9,6,43.7,,41.37,41.8,,A03,0,,2023101694,(142.5),,,1.6,中団,中団,36.45,470,-8,142.5,ケンブリッジバレー,浦河町,タリスマニック,ケンブリッジハーツ,キングヘイロー,8,2,2,,(栗),大根田裕
1勝,202510130504050904,2025.10.13,東京,プチプランス,牡,3,西村淳也, 56 ,18,６,芝,1600,A,良,1334,0.3,,,3,4,34.1,10,54.3,*,56.87,54.3,,003,0,,2022101565,(17.1),,,0.2,先行,先行,35.58,498,+14,17.1,スマイルファーム,日高町,リアルスティール,シャイスター,"Equal Stripes",18,2,4,,(栗),藤岡健一
1勝,202510130504050908,2025.10.13,東京,ラガークイン,牝,4,丹内祐次, 56 ,18,13,芝,1600,A,良,1338,0.7,,,9,8,34.1,10,55.0,*,56.87,54.3,,003,0,,2021105416,(27.4),,,0.6,中団,中団,35.82,418,0,27.4,ノーザンファーム,安平町,リアルインパクト,ウォークロニクル,ウォーエンブレム,18,4,8,,(栗),大久保龍
1勝,202510130504050711,2025.10.13,東京,ロックウイズユー,牡,3,石橋脩, 56 ,16,12,ダ,2100,,良,2150,1.9,3,3,3,2,40.7,12,42.7,,47.87,46.2,,003,0,,2022103143,(22.0),,,0.3,先行,先行,37.72,450,0,22.0,ビクトリーホースランチ,浦河町,ダノンレジェンド,エステーラブ,マイネルラヴ,16,6,11,,(栗),西園正都
未勝利,202510130504050309,2025.10.13,東京,シャオママル,牡,2,ルメール, 56 ,12,１,芝,1400,A,良,1220,-0.2,,,9,8,33.6,1,58.0,*,57.67,52.7,,003,560,,2023100776,150,110,490,1.0,中団,差し,36.30,436,+2,1.5,木部ファーム,日高町,アルアイン,ジレーネ,キングカメハメハ,12,7,9,,(美),加藤士津
未勝利,202510130504050303,2025.10.13,東京,ミスターマーボー,牡,2,原優介, 56 ,12,４,芝,1400,A,良,1224,0.4,,,2,2,34.9,8,52.1,*,57.67,52.7,,003,84,,2023100831,(4.4),,,0.1,先行,先行,35.63,436,0,4.4,グッドラック・ファーム,日高町,シュヴァルグラン,ハタノサンドリヨン,ヨハネスブルグ,12,3,3,,(美),青木孝文
未勝利,202510130504050205,2025.10.13,東京,フレンチブラッサム,牝,2,野中悠太, 55 ,13,５,ダ,1400,,良,1276,1.1,,,3,2,38.4,7,46.1,,49.33,47.5,,003,56,,2023105062,(33.7),,,0.3,先行,先行,36.90,444,+4,33.7,宮内牧場,浦河町,ホッコータルマエ,ピッパレジーナ,ゴールドアリュール,13,4,5,,(美),柄崎将寿
1勝,202510120803041212,2025.10.12,京都,ハレアカラフラ,牝,5,池添謙一, 56 ,18,６,芝,1600,A,良,1332,0.5,,,2,2,34.4,16,52.6,*,54.60,52.2,,A03,0,,2020103292,(137.7),,,0.4,先行,先行,35.28,482,+8,137.7,ノーザンファーム,安平町,ラブリーデイ,オーキッドレイ,ディープインパクト,18,6,12,,(栗),吉田直弘
1勝,202510120803040705,2025.10.12,京都,ランツフート,牡,3,松本大輝,54☆,13,１,芝,2400,A,良,2264,-0.1,3,2,3,3,33.8,5,61.0,*,60.27,59.8,,003,800,,2022105577,2390,760,8010,0.3,先行,先行,37.53,462,+8,23.9,社台ファーム,千歳市,ブリックスアンドモルタル,レッドミラベル,ステイゴールド,13,4,5,,(栗),大久保龍
1勝,202510120803040709,2025.10.12,京都,シャインバオバブ,牡,3,太宰啓介, 55 ,13,９,芝,2400,A,良,2269,0.5,6,6,5,5,34.1,11,60.3,*,60.27,59.8,,003,0,,2022106180,(29.0),,,0.5,中団,中団,37.60,498,+6,29.0,川島牧場,新冠町,シルバーステート,レユシット,ルーラーシップ,13,6,9,,(栗),本田優
1勝,202510120803040702,2025.10.12,京都,テイクザクラウン,牡,4,斎藤新, 58 ,13,10,芝,2400,A,良,2270,0.6,9,9,10,10,33.7,3,62.1,*,60.27,59.8,,003,0,,2021102379,(9.1),,,1.0,後方,後方,37.77,444,+4,9.1,二風谷ファーム,平取町,サトノクラウン,アムールレジェンド,ディープインパクト,13,2,2,,(栗),吉村圭司
新馬,202510120803040505,2025.10.12,京都,ヨカオウ,牡,2,古川吉洋, 56 ,13,９,芝,2000,A,良,2016,1.1,11,10,11,11,34.2,5,59.5,,59.90,53.4,,003,0,,2023102707,(17.9),,,2.2,後方,後方,37.46,472,,17.9,サンデーヒルズ,新ひだか町,キズナ,ヨカヨカ,スクワートルスクワート,13,4,5,,(栗),谷潔
未勝利,202510120803040205,2025.10.12,京都,ロードステラート,牡,2,富田暁, 56 ,7,６,ダ,1800,,良,1558,2.0,5,5,5,5,39.2,5,47.7,,50.67,50.9,,003,0,,2023105838,(3.4),,,0.5,後方,後方,38.30,502,+6,3.4,ケイアイファーム,新ひだか町,キタサンブラック,ブリュネット,ダイワメジャー,7,5,5,,(栗),武英智
1勝,202510120504040802,2025.10.12,東京,ピースヒロフェイス,牝,4,木幡巧也, 56 ,11,７,芝,2400,A,良,2256,0.7,4,4,6,7,34.5,6,57.3,*,59.57,57.5,,A03,0,,2021105769,(40.6),,,0.5,中団,中団,37.03,468,+8,40.6,ノーザンファーム,安平町,サトノダイヤモンド,ペルヴィアンリリー,フレンチデピュティ,11,2,2,,(美),牧光二
新馬,202510120504040501,2025.10.12,東京,モンシーク,牡,2,松山弘平, 56 ,12,２,芝,2000,A,良,2005,0.3,,3,4,4,34.0,2,59.0,*,59.93,58.2,,A03,300,,2023105000,(3.5),120,270,0.4,先行,先行,37.07,464,,3.5,三嶋牧場,浦河町,スクリーンヒーロー,エピックガール,ディープインパクト,12,1,1,,(栗),橋口慎介
新馬,202510120504040509,2025.10.12,東京,ベンティガオルサ,牡,2,武豊, 56 ,12,４,芝,2000,A,良,2009,0.7,,3,3,3,34.6,5,56.9,*,59.93,58.2,,A03,110,,2023101582,(10.1),,,0.2,先行,先行,36.99,500,,10.1,ヤナガワ牧場,日高町,シルバーステート,テーオーメーテル,ゴールドアリュール,12,7,9,,(栗),清水久詞
新馬,202510120504040408,2025.10.12,東京,スーホ,牡,2,戸崎圭太, 56 ,16,７,ダ,1300,,良,1214,0.6,,,4,4,38.2,9,46.9,*,52.90,47.0,,A03,0,,2023107249,(5.0),,,0.3,先行,先行,37.03,494,,5.0,ノーザンファーム,安平町,モーリス,マーブルケーキ,キングカメハメハ,16,4,8,,(美),上原佑紀
1勝,202510110803031216,2025.10.11,京都,レーヴドアンジュ,牝,3,吉村誠之,53☆,16,８,ダ,1400,,良,1244,1.2,,,15,14,37.0,4,46.1,*,43.93,42.7,,A03,0,,2022110157,(132.3),,,1.4,後方,後方,35.55,432,+16,132.3,"Michael E. Pegram Paul Weitman & Karl Watson",米,"Maximum Security","Tiz Midnight","Midnight Lute",16,8,16,,(栗),河嶋宏樹
3勝,202510110803031112,2025.10.11,京都,キュールエフウジン,牡,6,藤岡佑介, 56 ,16,16,ダ,1900,,良,2006,3.0,16,16,16,16,37.7,6,51.5,,49.70,47.8,,A03,0,    0.0,2019102983,(87.5),,,3.0,後方,後方,38.26,502,+2,87.5,木下牧場,新ひだか町,ホッコータルマエ,キュールエアリス,ウォーエンブレム,16,6,12,,(栗),中尾秀正
1勝,202510110803030904,2025.10.11,京都,スマートカイロス,牡,3,古川奈穂,53▲,12,１,ダ,1800,,良,1520,-0.0,2,2,2,1,37.0,4,51.4,*,52.50,50.9,,003,800,,2022102735,360,130,530,0.1,先行,先行,37.50,518,+6,3.6,杵臼牧場,浦河町,シニスターミニスター,スマートバベル,サウスヴィグラス,12,4,4,,(栗),矢作芳人
新馬,202510110803030515,2025.10.11,京都,グランビスタ,牝,2,吉村誠之,54☆,18,14,芝,1400,A,良,1224,2.2,,,13,14,34.4,9,54.7,,53.53,53.5,牝,023,0,,2023107190,(14.8),,,1.5,後方,後方,36.00,438,,14.8,ノーザンファーム,安平町,ドレフォン,ブエナビスタ,スペシャルウィーク,17,7,15,,(栗),池添学
ｵｰﾌﾟﾝ,202510110803030402,2025.10.11,京都,ビーンスターク,牡,4,田村太雅, 60 ,11,10,ダ,3170,,良,3424,6.9,10,10,10,10,14.0,,,,,,,A00,0,,2021103578,(126.6),,,,後方,後方,,482,-2,126.6,岡田牧場,新ひだか町,ロジャーバローズ,アートオブビーン,アグネスデジタル,10,2,2,,(栗),森田直行
未勝利,202510110803030107,2025.10.11,京都,リーガルスプレンダ,牝,2,加藤祥太, 55 ,16,10,ダ,1200,,良,1149,2.0,,,4,4,39.1,13,41.6,,44.07,43.9,,003,0,,2023103685,(27.2),,,0.5,先行,先行,35.80,466,+10,27.2,追分ファーム,安平町,サトノアラジン,クイーンカトリーン,Acclamation,16,4,7,,(栗),庄野靖志
2勝,202510110504030904,2025.10.11,東京,ズイウンゴサイ,牡,4,丸田恭介, 58 ,10,５,芝,2400,A,良,2288,0.5,6,6,5,5,33.8,5,63.4,*,63.83,62.1,,A04,155,    0.0,2021100597,(9.5),,,0.7,中団,中団,38.33,466,0,9.5,エムエム、ヤマダファーム,浦河町,シュヴァルグラン,ブルーインザスカイ,チチカステナンゴ,10,4,4,,(美),武市康男
2勝,202510110504030907,2025.10.11,東京,セイウンパシュート,牡,5,杉原誠人, 58 ,10,７,芝,2400,A,良,2291,0.8,1,1,3,3,34.3,9,61.6,*,63.83,62.1,,A04,0,    0.0,2020100233,(49.9),,,0.5,逃げ,逃げ,38.27,476,+6,49.9,田上徹,新ひだか町,ハーツクライ,シーソルティキッス,キングカメハメハ,10,7,7,,(美),上原博之
新馬,202510110504030602,2025.10.11,東京,ブロンザイト,牡,2,北村友一, 56 ,16,７,ダ,1600,,稍,1413,1.4,,,8,7,39.0,7,45.8,,50.50,46.5,,003,0,,2023106979,(6.7),,,0.7,中団,中団,37.38,494,,6.7,ノーザンファーム,安平町,クリソベリル,クルークハイト,クロフネ,16,1,2,,(栗),福永祐一
新馬,202510110504030512,2025.10.11,東京,シュペルリング,牡,2,津村明秀, 56 ,14,１,芝,1600,A,良,1365,-0.0,,,5,3,33.7,3,61.8,*,62.23,60.3,,003,750,,2023104450,530,180,1590,0.3,先行,先行,37.68,434,,5.3,ハシモトフアーム,新冠町,シスキン,ラプソディーア,ディープブリランテ,14,7,12,,(美),嘉藤貴行
未勝利,202510110504030204,2025.10.11,東京,ルーナディサングエ,牡,2,菅原隆一, 56 ,16,７,ダ,1300,,良,1218,1.7,,,8,11,38.0,4,48.8,*,46.70,46.4,,003,0,,2023103013,(71.6),,,1.4,後方,後方,37.54,452,-2,71.6,西川富岡牧場,新ひだか町,リアルスティール,ブラッディムーン,アドマイヤムーン,16,2,4,,(美),天間昭一
未勝利,202510110504030107,2025.10.11,東京,ダイユウヴェンティ,牝,2,内田博幸, 55 ,10,６,芝,1600,A,良,1366,0.7,,,7,8,34.4,3,58.5,*,58.53,56.8,牝,023,0,,2023105102,(17.2),,,0.8,後方,後方,37.32,438,+2,17.2,上山牧場,浦河町,サートゥルナーリア,クールアンフルール,サクラバクシンオー,10,7,7,,(美),松永康利
2勝,202510050803021201,"2025.10. 5",京都,エルサトアナ,牝,3,松本大輝,54☆,16,８,芝,1200,A,稍,1085,0.6,,,3,3,34.9,12,46.3,*,49.87,46.2,,A03,0,,2022100933,(9.2),,,0.3,先行,先行,33.60,426,-8,9.2,三石川上牧場,新ひだか町,カリフォルニアクローム,クイーンハーツ,キングカメハメハ,16,1,1,,(栗),本田優
2勝,202510050803021214,"2025.10. 5",京都,ファイツオン,牡,4,浜中俊, 58 ,16,15,芝,1200,A,稍,1114,3.5,,,2,2,38.0,15,37.9,,49.87,46.2,,A03,0,,2021100476,(20.5),,,0.1,先行,先行,33.40,510,-2,20.5,村上牧場,新ひだか町,アルアイン,ソラコマチ,サクラバクシンオー,16,7,14,,(栗),藤岡健一
3勝,202510050803020908,"2025.10. 5",京都,バッデレイト,牡,4,川田将雅, 58 ,9,５,芝,2000,A,稍,1599,0.5,5,5,6,6,34.4,6,56.5,*,57.13,56.3,,A04,184,    0.0,2021102728,(2.2),,,0.4,中団,中団,36.64,476,+8,2.2,杵臼牧場,浦河町,サトノダイヤモンド,ビーウインド,スピニングワールド,9,8,8,,(栗),上村洋行
1勝,202510050803020702,"2025.10. 5",京都,ダノンジャイアン,牡,3,横山武史, 56 ,12,４,芝,2000,A,稍,2006,0.5,3,3,2,4,35.1,6,54.4,*,56.70,54.2,,003,120,,2022105399,(7.0),,,0.4,先行,先行,36.64,450,+12,7.0,社台ファーム,千歳市,ブリックスアンドモルタル,ダノンジャンヌ,ディープインパクト,12,2,2,,(栗),茶木太樹
新馬,202510050803020502,"2025.10. 5",京都,グッデイ,牝,2,秋山稔樹, 55 ,13,８,芝,1800,A,稍,1497,0.9,,,9,7,35.1,7,56.3,*,56.97,56.8,,003,0,,2023106988,(105.1),,,0.5,中団,中団,37.30,428,,105.1,ノーザンファーム,安平町,フィエールマン,グランワルツ,ロードカナロア,13,2,2,,(栗),河嶋宏樹
新馬,202510050803020408,"2025.10. 5",京都,モカプウイング,牝,2,吉村誠之,54☆,12,５,芝,1200,A,稍,1108,0.8,,,8,8,34.7,2,54.0,*,51.70,51.1,,A03,75,,2023103334,(6.3),,,0.9,中団,中団,36.10,458,,6.3,社台ファーム,千歳市,マインドユアビスケッツ,ウイングドウィール,シンボリクリスエス,12,6,8,,(栗),加藤公太
新馬,202510050803020301,"2025.10. 5",京都,ナブッコ,牡,2,柴田裕一,53▲,16,11,ダ,1800,,重,1572,5.4,8,6,12,13,40.5,10,44.7,,50.50,49.9,,003,0,,2023104377,(157.3),,,2.2,後方,後方,38.35,500,,157.3,ノースヒルズ,新冠町,モーリス,ヴェルディアーナ,"Perfect Soul",16,1,1,,(栗),中竹和也
未勝利,202510050803020205,"2025.10. 5",京都,デルニエジョイ,牡,2,田口貫太, 56 ,7,５,芝,1600,A,稍,1349,1.0,,,2,2,36.1,5,47.7,*,49.90,49.6,,A03,56,,2023101973,(5.2),,,0.2,先行,先行,35.28,468,+8,5.2,浦河日成牧場,浦河町,シスキン,グランジョイ,ダンスインザダーク,7,5,5,,(栗),鈴木孝志
未勝利,202510050803020106,"2025.10. 5",京都,アンガーザガール,牝,2,吉村誠之,54☆,16,４,ダ,1400,,重,1255,1.0,,,11,9,37.2,3,47.4,*,45.80,45.8,,003,84,,2023106856,(31.3),,,0.9,中団,差し,36.23,446,-4,31.3,ノーザンファーム,安平町,リオンディーズ,アンソロジー,サクラバクシンオー,16,3,6,,(栗),東田明士
未勝利,202510050504020304,"2025.10. 5",東京,フェーダーローター,牝,2,原優介, 55 ,17,１,芝,1400,A,良,1216,-0.2,,,3,4,34.2,4,53.9,*,52.67,51.4,,A03,560,,2023106484,25740,4660,100020,0.5,先行,先行,35.55,444,+4,257.4,ビッグレッドファーム,新冠町,ベンバトル,リープフラウミルヒ,ステイゴールド,17,2,4,,(美),天間昭一
未勝利,202510050504020306,"2025.10. 5",東京,ノーブルラホーヤ,牝,2,長浜鴻緒,53△,17,６,芝,1400,A,良,1222,0.6,,,9,9,34.3,5,54.7,*,52.67,51.4,,A03,0,,2023103195,(79.2),,,1.0,中団,中団,35.93,382,-8,79.2,藤原牧場,新ひだか町,ダノンキングリー,ラホーヤビーチ,タイキシャトル,17,3,6,*,(美),深山雅史
未勝利,202510050504020313,"2025.10. 5",東京,エレクトロン,牡,2,杉原誠人, 56 ,17,９,芝,1400,A,良,1225,0.9,,,14,14,34.1,3,56.5,*,52.67,51.4,,A03,0,,2023106608,(17.5),,,1.5,後方,後方,36.30,430,+6,17.5,ミルファーム,浦河町,ビーチパトロール,ヨイミヤ,マツリダゴッホ,17,7,13,*,(美),佐藤吉勝
未勝利,202510050504020310,"2025.10. 5",東京,リュウセイコウテイ,牡,2,丹内祐次, 56 ,17,14,芝,1400,A,良,1232,1.6,,,6,6,35.5,15,50.8,,52.67,51.4,,A03,0,,2023106437,(9.6),,,0.8,中団,中団,35.78,442,+4,9.6,ビッグレッドファーム,新冠町,ウインブライト,ケイティラブ,スキャン,17,5,10,,(美),奥平雅士
未勝利,202510050504020201,"2025.10. 5",東京,セキテイリノ,牡,2,江田照男, 56 ,11,２,芝,1800,A,良,1464,0.4,,1,1,1,34.7,3,53.3,*,54.60,54.5,,A03,220,,2023103447,(9.5),190,830,0.0,逃げ,逃げ,35.85,468,+6,9.5,社台ファーム,千歳市,サトノダイヤモンド,ステイアライヴ,Iffraaj,11,1,1,,(美),田中剛
未勝利,202510050504020211,"2025.10. 5",東京,ルディドゥゲンジ,牝,2,黛弘人, 55 ,11,11,芝,1800,A,良,1496,3.6,,10,10,11,36.4,10,50.5,,54.60,54.5,,A03,0,,2023103934,(652.9),,,1.5,後方,後方,36.60,414,-8,652.9,安達牧場,新冠町,ファインニードル,ウルバーノ,"Heart's Cry",11,8,11,,(美),蛯名利弘
3勝,202510040803011003,"2025.10. 4",京都,ビバップ,牡,4,西塚洸二, 58 ,16,13,ダ,1200,,不,1108,1.7,,,2,4,36.9,14,41.9,,46.97,44.6,,A04,0,    0.0,2021102700,(22.0),,,0.3,先行,先行,33.90,492,0,22.0,杵臼斉藤牧場,浦河町,モーニン,カプリースレディー,ジャングルポケット,16,2,3,,(栗),清水久詞
1勝,202510040803010702,"2025.10. 4",京都,ストレイトアスク,牝,4,河原田菜,52★,18,２,芝,1200,A,重,1081,0.1,,,5,5,34.3,9,48.5,*,46.83,42.6,,A03,320,,2021102312,(18.8),480,9920,1.1,中団,差し,33.80,436,+6,18.8,"ASK STUD",平取町,ロードカナロア,ストレイトガール,フジキセキ,18,1,2,,(栗),藤原英昭
1勝,202510040803010708,"2025.10. 4",京都,パリコレジェンヌ,牝,3,田口貫太, 55 ,18,18,芝,1200,A,重,1094,1.4,,,14,14,34.6,12,50.6,,46.83,42.6,,A03,0,,2022104501,(16.7),,,2.1,後方,後方,34.80,468,+12,16.7,前谷牧場,新ひだか町,ミスターメロディ,ビオレイメル,ワイルドラッシュ,18,4,8,,(栗),鈴木孝志
新馬,202510040803010514,"2025.10. 4",京都,エアヴァイブス,牝,2,武豊, 55 ,14,10,芝,2000,A,重,2042,1.9,12,13,8,11,36.5,10,53.0,,56.73,56.5,,A03,0,,2023106910,(5.8),,,0.5,後方,後方,37.59,446,,5.8,ノーザンファーム,安平町,コントレイル,エアジーン,ハービンジャー,14,8,14,,(栗),福永祐一
新馬,202510040803010311,"2025.10. 4",京都,アスクケンタッキー,牡,2,坂井瑠星, 56 ,16,１,ダ,1400,,重,1244,-0.7,,,1,1,37.2,2,45.2,*,44.33,45.2,,A03,750,,2023110100,210,110,1140,0.0,逃げ,逃げ,35.40,474,,2.1,"Bedouin Bloodstock LLC",米,"Good Magic",Entirely,"Point of Entry",16,6,11,,(栗),藤原英昭
新馬,202510040803010301,"2025.10. 4",京都,ジューンセクレタ,牡,2,高倉稜, 56 ,16,９,ダ,1400,,重,1270,2.6,,,11,10,38.2,9,45.8,,44.33,45.2,,A03,0,,2023110029,(18.3),,,1.6,中団,中団,36.60,516,,18.3,"Town & Country Farms LLC",米,"Maclean's Music","Bazinga Baby","Afleet Alex",16,1,1,,(栗),武英智
未勝利,202510040803010112,"2025.10. 4",京都,アンリミテッド,牡,2,岩田望来, 56 ,14,３,ダ,1800,,重,1528,0.6,7,6,7,5,37.7,3,49.6,*,50.07,48.8,,A03,140,,2023104417,(7.8),290,,0.6,中団,差し,37.55,496,+2,7.8,ノースヒルズ,新冠町,キズナ,ラルムドランジュ,Dansili,14,7,12,,(栗),高野友和
未勝利,202510040803010105,"2025.10. 4",京都,ケンフィールド,牡,2,和田陽希,53▲,14,12,ダ,1800,,重,1559,3.7,4,4,3,7,41.1,14,41.0,,50.07,48.8,,A03,0,,2023101694,(87.5),,,0.3,中団,中団,37.40,478,+6,87.5,ケンブリッジバレー,浦河町,タリスマニック,ケンブリッジハーツ,キングヘイロー,14,4,5,,(栗),大根田裕
2勝,202510040504011201,"2025.10. 4",東京,フウセツ,牡,3,大野拓弥, 56 ,16,２,ダ,1400,,良,1249,0.1,,,5,3,36.6,6,49.0,*,49.07,47.8,,A03,460,,2022101626,(5.7),230,2680,0.3,先行,先行,36.23,488,+4,5.7,ダーレー・ジャパン・ファーム,日高町,サンダースノー,アプト,アドマイヤムーン,16,1,1,,(美),鈴木慎太
1勝,202510040504010807,"2025.10. 4",東京,ファンタイムギフト,牡,3,丹内祐次, 56 ,16,４,ダ,1600,,良,1386,0.5,,,2,2,37.2,6,49.0,*,54.43,49.9,,003,120,,2022102378,(10.0),,,0.1,先行,先行,36.84,500,+2,10.0,二風谷ファーム,平取町,ドレフォン,トウカイシェーン,ダイワメジャー,16,4,7,,(美),相沢郁
1勝,202510040504010705,"2025.10. 4",東京,ニシノエピカリ,牝,3,小林美駒,51▲,10,９,芝,2000,A,良,2019,1.1,,1,3,4,33.9,10,61.3,,65.10,63.1,牝,023,0,,2022100724,(28.6),,,0.4,逃げ,逃げ,37.71,402,-4,28.6,田上徹,新ひだか町,フィエールマン,シーソルティキッス,キングカメハメハ,10,5,5,,(美),手塚貴久
1勝,202510040504010610,"2025.10. 4",東京,ゲキザル,牡,6,小林脩斗, 58 ,16,１,ダ,1400,,良,1259,-0.1,,,11,11,36.3,1,52.5,*,50.70,47.7,,A03,800,,2019102102,2610,330,2320,1.0,後方,追込,37.20,480,+4,26.1,広富牧場,日高町,ザファクター,トゥモローズライト,アフリート,16,5,10,,(美),青木孝文
1勝,202510040504010609,"2025.10. 4",東京,スプランドゥール,牡,4,石神深道,55▲,16,５,ダ,1400,,良,1265,0.6,,,9,10,37.0,8,50.3,*,50.70,47.7,,A03,80,,2021100623,(5.3),,,0.9,中団,中団,37.13,478,+12,5.3,荻伏服部牧場,浦河町,シルバーステート,チェリーシェル,サクラバクシンオー,16,5,9,,(美),和田雄二
1勝,202510040504010616,"2025.10. 4",東京,シュガーハイ,牡,3,長浜鴻緒,54△,16,11,ダ,1400,,良,1269,1.0,,,6,5,37.7,10,47.9,*,50.70,47.7,,A03,0,,2022104177,(23.8),,,0.6,中団,中団,36.90,514,+6,23.8,千代田牧場,新ひだか町,リオンディーズ,ミリオンセラー2,"A.P. Indy",16,8,16,,(美),加藤士津
新馬,202510040504010516,"2025.10. 4",東京,ラグアイリータ,牝,2,丸山元気, 55 ,17,４,芝,1800,A,良,1488,0.5,,5,2,2,34.7,12,56.8,*,58.47,58.3,,A03,110,,2023106463,(280.8),,,0.0,先行,先行,37.05,438,,280.8,ビッグレッドファーム,新冠町,ウインブライト,バルタ,"Crimson Tide",17,8,16,,(美),岩戸孝樹
新馬,202510040504010512,"2025.10. 4",東京,ブラックパロット,牡,2,戸崎圭太, 56 ,17,10,芝,1800,A,良,1493,1.0,,13,11,11,34.2,5,59.8,*,58.47,58.3,,A03,0,,2023107307,(12.0),,,1.0,中団,中団,37.55,536,,12.0,ノーザンファーム,安平町,アドマイヤマーズ,リアアントニア,"Rockport Harbor",17,6,12,*,(美),黒岩陽一
ｵｰﾌﾟﾝ,202510040504010407,"2025.10. 4",東京,ピーターサイト,牡,5,上野翔, 60 ,11,３,ダ,3100,,良,3306,0.2,1,1,1,1,13.6,,,,,,,A00,360,,2020105611,(4.4),150,,,逃げ,逃げ,,482,+6,4.4,ノースヒルズ,新冠町,ワンアンドオンリー,ヴィクトリアアイ,ブライアンズタイム,11,6,7,,(美),村田一誠
ｵｰﾌﾟﾝ,202510040504010404,"2025.10. 4",東京,パープルアドミラル,牡,5,大江原圭, 60 ,11,11,ダ,3100,,良,3366,6.2,11,11,11,11,14.0,,,,,,,A00,0,,2020104328,(16.0),,,,後方,後方,,446,+8,16.0,聖心台牧場,新ひだか町,シビルウォー,ママノヨリミチ,マンハッタンカフェ,11,4,4,,(美),堀内岳志
1勝,202509280904090815,"2025. 9.28",阪神,フェルシナ,牝,3,今村聖奈,51◇,18,17,芝,1800,B,良,1476,2.2,,,14,15,35.2,13,52.8,,54.47,51.0,,A03,0,,2022105831,(51.4),,,1.9,後方,後方,36.20,452,-6,51.4,社台コーポレーション白老ファーム,白老町,ルーラーシップ,ヒルダ,ダイワメジャー,18,7,15,,(栗),西園翔太
新馬,202509280904090517,"2025. 9.28",阪神,ペプチドブッドレア,牝,2,川又賢治, 55 ,18,３,芝,1400,B,良,1243,0.0,,,6,7,35.0,2,55.6,*,55.10,53.1,,A03,190,,2023105720,(8.1),250,,0.5,中団,差し,36.98,468,,8.1,木村牧場,日高町,イスラボニータ,ペプチドセマム,エンパイアメーカー,18,8,17,,(栗),吉村圭司
新馬,202509280904090407,"2025. 9.28",阪神,ロードステラート,牡,2,富田暁, 55 ,9,２,ダ,1800,,良,1554,0.6,2,2,2,2,37.5,2,53.9,*,54.73,55.1,,A03,300,,2023105838,(20.8),420,3620,0.1,先行,先行,38.95,496,,20.8,ケイアイファーム,新ひだか町,キタサンブラック,ブリュネット,ダイワメジャー,9,7,7,,(栗),武英智
未勝利,202509280904090207,"2025. 9.28",阪神,ナムラティアラ,牝,2,菱田裕二, 55 ,14,13,芝,1400,B,良,1240,2.3,,,3,4,37.5,13,43.0,,48.83,47.6,牝,023,0,,2023106228,(20.2),,,0.3,先行,先行,34.88,468,0,20.2,森政巳,新ひだか町,ジョーカプチーノ,ナムラテンゲル,トゥザグローリー,14,5,7,,(栗),牧田和弥
3勝,202509280604091208,"2025. 9.28",中山,エンヤラヴフェイス,牡,4,丹内祐次, 56 ,16,３,ダ,1200,,良,1112,0.3,,,15,16,35.5,1,50.6,*,45.40,40.6,,A03,460,    5.4,2021101737,(20.0),420,,2.0,後方,追込,35.70,506,-4,20.0,チャンピオンズファーム,新ひだか町,エイシンヒカリ,タイキアプローズ,"Devil's Bag",16,4,8,,(栗),森田直行
1勝,202509280604090907,"2025. 9.28",中山,ベレーバスク,牝,2,丹内祐次, 55 ,8,２,芝,1600,C,良,1340,0.2,,3,3,2,34.0,4,55.9,*,56.80,54.6,牝,A24,440,    5.2,2023106477,(5.5),140,1390,0.4,先行,先行,36.00,450,+6,5.5,ビッグレッドファーム,新冠町,ベンバトル,マイネサヴァラン,マンハッタンカフェ,8,7,7,,(美),清水英克
2勝,202509280604090811,"2025. 9.28",中山,アイウィル,牡,4,丹内祐次, 58 ,16,２,ダ,1800,,良,1530,0.1,6,7,6,6,37.7,2,49.9,*,49.87,46.6,,A04,460,,2021103502,(42.3),720,10940,0.9,中団,差し,37.65,512,-6,42.3,岡田スタツド,新ひだか町,ドレフォン,ジュリーハーツ,ハーツクライ,16,6,11,,(美),高木登
1勝,202509280604090614,"2025. 9.28",中山,プロスペクトパーク,牡,3,荻野極, 55 ,16,２,ダ,1800,,良,1545,0.2,2,2,2,1,38.1,7,50.3,*,51.30,50.8,,A03,320,,2022105548,(6.2),250,1990,0.0,先行,先行,38.20,502,-2,6.2,社台ファーム,千歳市,キズナ,ラブリーベルナデット,Wilburn,16,7,14,,(美),高柳瑞樹
新馬,202509280604090416,"2025. 9.28",中山,ツクバヴァンガード,牡,2,内田博幸, 55 ,16,３,ダ,1200,,良,1133,0.7,,,2,2,38.0,6,42.9,*,43.90,44.1,,003,190,,2023101037,(19.2),460,,0.1,先行,先行,35.30,472,,19.2,シンボリ牧場,日高町,リーチザクラウン,キャプテンガール,キャプテンスティーヴ,16,8,16,,(美),奥平雅士
新馬,202509280604090401,"2025. 9.28",中山,ルーナディサングエ,牡,2,菅原隆一, 55 ,16,15,ダ,1200,,良,1167,4.1,,,15,15,37.5,3,54.5,*,43.90,44.1,,003,0,,2023103013,(265.6),,,4.0,後方,後方,39.20,454,,265.6,西川富岡牧場,新ひだか町,リアルスティール,ブラッディムーン,アドマイヤムーン,16,1,1,,(美),天間昭一
未勝利,202509280604090201,"2025. 9.28",中山,リーデレクオーレ,牝,2,柴田大知, 55 ,16,７,芝,1200,C,良,1097,1.0,,,3,5,35.1,15,48.6,*,51.90,50.3,,003,0,,2023104425,(34.2),,,0.2,中団,中団,34.60,418,-2,34.2,ハクツ牧場,新冠町,アルアイン,ゴルトメーネ,バゴ,16,1,1,*,(美),土田稔
未勝利,202509280604090210,"2025. 9.28",中山,フェイスリフト,牡,2,内田博幸, 55 ,16,10,芝,1200,C,良,1100,1.3,,,11,12,34.4,7,53.5,,51.90,50.3,,003,0,,2023106605,(9.6),,,1.2,後方,後方,35.60,450,+10,9.6,ミルファーム,浦河町,フォーウィールドライブ,ポンポン,ブラックタイド,16,5,10,,(美),嘉藤貴行
未勝利,202509280604090208,"2025. 9.28",中山,ルディドゥゲンジ,牝,2,黛弘人, 55 ,16,13,芝,1200,C,良,1102,1.5,,,8,8,35.0,14,50.6,,51.90,50.3,,003,0,,2023103934,(420.8),,,0.8,中団,中団,35.20,422,+6,420.8,安達牧場,新冠町,ファインニードル,ウルバーノ,"Heart's Cry",16,4,8,,(美),蛯名利弘
未勝利,202509280604090214,"2025. 9.28",中山,フォーエバーラブ,牡,2,丹内祐次, 55 ,16,15,芝,1200,C,良,1110,2.3,,,14,14,34.9,11,53.4,,51.90,50.3,,003,0,,2023102941,(57.5),,,1.7,後方,後方,36.10,456,+4,57.5,千代田牧場,新ひだか町,ミスターメロディ,プレシャスメイト,ステイゴールド,16,7,14,,(美),金成貴史
未勝利,202509280604090108,"2025. 9.28",中山,ハイライトニング,牡,2,戸崎圭太, 55 ,12,１,ダ,1800,,良,1546,-0.6,6,4,3,3,38.8,1,47.7,*,45.67,46.9,,A03,560,,2023105381,610,210,8000,0.2,先行,先行,37.90,472,-10,6.1,千代田牧場,新ひだか町,リアルスティール,マニクール,ヘニーヒューズ,12,6,8,,(美),嘉藤貴行
未勝利,202509280604090106,"2025. 9.28",中山,ショウナンタヅナ,牡,2,池添謙一, 55 ,12,７,ダ,1800,,良,1568,2.2,10,10,10,8,40.0,4,46.0,*,45.67,46.9,,A03,0,,2023100531,(105.4),,,1.2,中団,中団,38.40,462,-2,105.4,二風谷ファーム,平取町,ドレフォン,ウインフロレゾン,フジキセキ,12,5,6,,(美),武市康男
1勝,202509270904080906,"2025. 9.27",阪神,シュテフィ,牝,2,岩田康誠, 55 ,8,４,ダ,1400,,良,1258,0.3,,,8,8,36.6,2,50.8,*,48.80,47.4,,A04,170,    0.0,2023105301,(9.0),,,0.9,後方,追込,36.90,450,-10,9.0,ノーザンファーム,安平町,ルヴァンスレーヴ,スプレンダークラン,ルーラーシップ,8,6,6,,(栗),牧田和弥
1勝,202509270904080903,"2025. 9.27",阪神,キーンセンス,牡,2,坂井瑠星, 55 ,8,５,ダ,1400,,良,1258,0.3,,,2,2,37.5,5,46.6,*,48.80,47.4,,A04,111,    0.0,2023110036,(2.2),,,0.0,先行,先行,36.23,516,+2,2.2,"Stonehaven Steadings",米,Munnings,Canny,"Big Brown",8,3,3,,(栗),松永幹夫
1勝,202509270904080905,"2025. 9.27",阪神,エブリデイ,牡,2,和田竜二, 55 ,8,６,ダ,1400,,良,1261,0.6,,,3,3,37.6,6,46.7,*,48.80,47.4,,A04,0,    0.0,2023102902,(18.1),,,0.2,先行,先行,36.38,502,+10,18.1,千代田牧場,新ひだか町,フォーウィールドライブ,コハルビヨリ,マンハッタンカフェ,8,5,5,,(栗),北出成人
1勝,202509270904080714,"2025. 9.27",阪神,ドマーネ,牝,3,国分恭介, 53 ,16,２,芝,2200,B,良,2137,0.1,3,3,5,5,35.0,7,55.8,*,56.30,54.8,,A03,320,,2022103271,(29.9),590,6380,0.3,中団,差し,37.01,438,-6,29.9,三嶋牧場,浦河町,ゴールドシップ,ランドネ,Blame,16,7,14,,(栗),辻野泰之
1勝,202509270904080701,"2025. 9.27",阪神,シャインバオバブ,牡,3,太宰啓介, 55 ,16,７,芝,2200,B,良,2139,0.3,6,7,7,7,35.0,7,56.0,*,56.30,54.8,,A03,0,,2022106180,(49.1),,,0.5,中団,中団,37.09,492,-4,49.1,川島牧場,新冠町,シルバーステート,レユシット,ルーラーシップ,16,1,1,,(栗),本田優
1勝,202509270904080716,"2025. 9.27",阪神,サイモンイロハニー,牝,3,菱田裕二, 53 ,16,14,芝,2200,B,良,2146,1.0,14,13,12,13,35.1,9,56.3,*,56.30,54.8,,A03,0,,2022104164,(474.5),,,1.1,後方,後方,37.31,412,-2,474.5,千代田牧場,新ひだか町,ゴールドシップ,ブライテストリング,ダノンシャンティ,16,8,16,,(栗),谷潔
1勝,202509270904080603,"2025. 9.27",阪神,スマートカイロス,牡,3,川端海翼,52▲,13,５,ダ,1800,,良,1533,0.8,3,3,4,4,38.0,5,49.1,*,50.63,50.0,,003,80,,2022102735,(12.1),,,0.3,先行,先行,37.65,512,-6,12.1,杵臼牧場,浦河町,シニスターミニスター,スマートバベル,サウスヴィグラス,13,3,3,,(栗),矢作芳人
新馬,202509270904080510,"2025. 9.27",阪神,ダンツウルス,牡,2,団野大成, 55 ,11,４,芝,2000,B,良,2020,0.5,9,9,8,7,35.5,2,54.4,*,54.20,53.8,,003,110,,2023102901,(26.3),,,0.5,中団,差し,37.07,474,,26.3,千代田牧場,新ひだか町,リアルスティール,コゴメユキ,"Liam's Map",11,8,10,,(栗),谷潔
新馬,202509270904080508,"2025. 9.27",阪神,タケルフォーカス,牡,2,富田暁, 55 ,11,８,芝,2000,B,良,2034,1.9,2,3,3,3,37.2,8,49.3,,54.20,53.8,,003,0,,2023106077,(29.6),,,0.2,先行,先行,36.94,426,,29.6,チャンピオンズファーム,新ひだか町,サトノダイヤモンド,オスカーステージ,キングカメハメハ,11,7,8,,(栗),四位洋文
新馬,202509270904080407,"2025. 9.27",阪神,ベルフィーノ,牝,2,高杉吏麒,54☆,16,10,芝,1600,B,良,1360,1.4,,,8,8,35.6,11,51.8,,54.50,51.7,牝,023,0,,2023101013,(48.7),,,0.9,中団,中団,36.24,446,,48.7,白瀬盛雄,日高町,カレンブラックヒル,ハナズルナピエナ,アドマイヤムーン,16,4,7,,(栗),宮本博
未勝利,202509270904080312,"2025. 9.27",阪神,フォーゲル,牡,2,モレイラ, 55 ,15,１,芝,1200,B,良,1091,-0.3,,,6,5,34.5,1,50.3,*,49.93,46.9,,A03,560,,2023105273,210,120,9600,0.6,中団,差し,34.60,522,-8,2.1,ノーザンファーム,安平町,アルアイン,エリカポンシャン,ロードカナロア,14,7,12,,(栗),斉藤崇史
未勝利,202509270904080313,"2025. 9.27",阪神,トップアタック,牡,2,松山弘平, 55 ,15,３,芝,1200,B,良,1094,0.3,,,4,3,35.0,3,48.3,*,49.93,46.9,,A03,140,,2023104528,(21.4),390,,0.4,先行,先行,34.40,458,-2,21.4,細川農場,新冠町,サトノダイヤモンド,レッドアマルフィ,ロードカナロア,14,7,13,*,(栗),小椋研介
未勝利,202509270904080304,"2025. 9.27",阪神,ヒャクレツケン,牡,2,小林脩斗, 55 ,15,８,芝,1200,B,良,1102,1.1,,,8,10,35.1,5,50.0,*,49.93,46.9,,A03,0,,2023106687,(557.7),,,1.1,中団,中団,35.10,438,-2,557.7,大狩部牧場,新冠町,タリスマニック,ペスカネラ,ブラックタイド,14,3,4,,(美),青木孝文
未勝利,202509270904080315,"2025. 9.27",阪神,リーガルスプレンダ,牝,2,西村淳也, 55 ,15,外,芝,1200,B,良,----,----,,,,,,0,,,49.93,46.9,,A03,0,,2023103685,,,,,,,,466,+10,,追分ファーム,安平町,サトノアラジン,クイーンカトリーン,Acclamation,14,8,15,,(栗),庄野靖志
未勝利,202509270904080209,"2025. 9.27",阪神,アーサーバローズ,牡,2,高杉吏麒,54☆,9,２,ダ,1800,,良,1558,1.2,4,3,4,3,38.1,2,52.0,*,51.47,53.6,,003,220,,2023105468,(15.8),150,680,0.4,先行,先行,38.85,486,-6,15.8,静内フジカワ牧場,新ひだか町,キセキ,シーカーマ,"Exchange Rate",9,8,9,,(栗),寺島良
未勝利,202509270904080202,"2025. 9.27",阪神,メイショウシンガン,牡,2,岩田望来, 55 ,9,３,ダ,1800,,良,1564,1.8,1,1,1,2,39.1,5,48.8,*,51.47,53.6,,003,140,,2023104988,(3.6),110,,0.0,逃げ,逃げ,38.65,462,+2,3.6,まるとみ冨岡牧場,浦河町,ニューイヤーズデイ,コンゴウレイワ,アイルハヴアナザー,9,2,2,,(栗),高橋義忠
1勝,202509270604080702,"2025. 9.27",中山,ビップチェイス,牡,4,江田照男, 58 ,16,２,芝,2200,C,良,2126,0.1,1,1,1,1,34.6,6,56.2,*,57.10,56.5,,003,320,,2021105763,(38.1),740,14230,0.0,逃げ,逃げ,36.75,466,+4,38.1,ノーザンファーム,安平町,アルアイン,ベッラレイア,ナリタトップロード,16,1,2,,(美),田島俊明
1勝,202509270604080616,"2025. 9.27",中山,ココボロ,牝,4,土田真翔,53▲,16,11,ダ,1800,,良,1562,1.4,6,5,11,13,38.4,7,51.3,,55.13,51.9,牝,023,0,,2021106419,(657.0),,,0.8,後方,後方,38.90,528,+4,657.0,対馬正,新冠町,ビッグアーサー,シルクヴァルキリー,マーベラスサンデー,16,8,16,,(美),松山将樹
未勝利,202509270604080205,"2025. 9.27",中山,ジーティーソレイユ,牝,2,吉田隼人, 55 ,16,10,芝,1600,C,良,1355,1.6,,2,2,2,36.3,14,47.9,,52.37,51.9,,A03,0,,2023103728,(59.0),,,0.1,先行,先行,35.52,424,+2,59.0,追分ファーム,安平町,キタサンブラック,リメンバーユー,"Invincible Spirit",16,3,5,,(美),千葉直人
Ｇ２,202509210904071108,"2025. 9.21",阪神,パッションリッチ,牡,3,西村淳也, 57 ,10,９,芝,2400,B,良,2274,1.0,8,8,7,8,33.2,8,64.7,*,65.80,64.1,牡牝,N41,0,    0.0,2022105390,(83.0),,,0.9,後方,後方,38.07,490,-4,83.0,社台ファーム,千歳市,ドゥラメンテ,セータコローナ,"Distorted Humor",10,7,8,,(美),久保田貴
3勝,202509210904071004,"2025. 9.21",阪神,シャンデルナゴル,牡,5,富田暁, 53 ,9,９,芝,2200,B,良,2155,0.7,3,3,3,4,34.3,8,60.6,*,62.80,61.6,,A03,0,    0.0,2020103193,(54.4),,,0.3,先行,先行,37.95,498,0,54.4,ノーザンファーム,安平町,サトノダイヤモンド,アガルタ,キングカメハメハ,9,4,4,*,(栗),石坂公一
2勝,202509210904070909,"2025. 9.21",阪神,ヒーローインチーフ,セ,4,富田暁, 58 ,10,５,芝,1200,B,良,1086,0.4,,,8,7,33.3,1,56.0,*,52.60,50.6,,A04,155,    0.0,2021106661,(8.3),,,1.1,後方,後方,35.30,448,+2,8.3,ハクツ牧場,新冠町,ディスクリートキャット,カクテルラウンジ,タニノギムレット,10,8,9,,(栗),吉田直弘
1勝,202509210904070713,"2025. 9.21",阪神,キーパフォーマー,牝,4,西村淳也, 56 ,13,１,芝,2000,B,良,1595,-0.0,6,6,6,6,35.0,5,53.5,*,54.70,49.4,,003,800,,2021104948,600,180,1920,1.0,中団,差し,36.21,468,+8,6.0,社台ファーム,千歳市,キタサンブラック,アンコールピース,ネオユニヴァース,13,8,13,,(栗),佐々木晶
新馬,202509210904070509,"2025. 9.21",阪神,ウォーターコトノハ,牝,2,菱田裕二, 55 ,9,９,芝,1800,B,良,1487,1.5,,,3,3,35.5,9,53.1,,58.80,55.8,,A03,0,,2023101666,(22.9),,,0.4,先行,先行,36.60,404,,22.9,王蔵牧場,浦河町,ゴールドアクター,ウォーターハミング,ハーツクライ,9,8,9,,(栗),岡田稲男
未勝利,202509210904070408,"2025. 9.21",阪神,モンサンゴールデン,牡,2,池添謙一, 55 ,13,３,ダ,1400,,良,1265,0.1,,,2,2,38.8,4,42.2,*,43.17,41.6,,003,140,,2023104044,(4.2),120,,0.2,先行,先行,35.78,472,+6,4.2,川島牧場,新冠町,シルバーステート,ウインアンジェラス,Bertolini,13,6,8,,(栗),中竹和也
未勝利,202509210904070405,"2025. 9.21",阪神,アーサーバローズ,牡,2,小沢大仁, 55 ,13,８,ダ,1400,,良,1279,1.5,,,11,11,39.3,7,42.7,,43.17,41.6,,003,0,,2023105468,(16.4),,,1.1,後方,後方,36.45,492,+8,16.4,静内フジカワ牧場,新ひだか町,キセキ,シーカーマ,"Exchange Rate",13,4,5,,(栗),寺島良
未勝利,202509210904070305,"2025. 9.21",阪神,ケイアイアマゾン,牡,2,川須栄彦, 55 ,11,７,ダ,1800,,良,1580,1.9,11,10,11,10,39.4,5,49.7,,50.50,49.6,,003,0,,2023105762,(49.4),,,1.3,後方,後方,39.30,474,+2,49.4,新冠橋本牧場,新冠町,マインドユアビスケッツ,クインズヌーサ,ゴールドアリュール,11,5,5,,(栗),秋山真一
未勝利,202509210904070206,"2025. 9.21",阪神,パトローナス,牡,2,亀田温心, 55 ,13,５,芝,1600,B,良,1342,0.4,,,9,8,35.0,2,51.5,*,50.60,49.4,,A03,56,,2023106931,(14.9),,,0.7,中団,中団,35.52,480,-4,14.9,ノーザンファーム,安平町,フィエールマン,エルビッシュ,キングカメハメハ,13,5,6,,(栗),高橋亮
未勝利,202509210904070211,"2025. 9.21",阪神,リアンマカ,牡,2,田口貫太, 55 ,13,11,芝,1600,B,良,1358,2.0,,,6,10,36.4,11,47.9,,50.60,49.4,,A03,0,,2023105253,(349.4),,,0.9,後方,後方,35.64,434,0,349.4,社台ファーム,千歳市,マインドユアビスケッツ,モノポリーアイズ,"Le Havre",13,7,11,,(栗),高橋一哉
未勝利,202509210904070203,"2025. 9.21",阪神,クライナリーゼ,牡,2,酒井学, 55 ,13,12,芝,1600,B,良,1358,2.0,,,9,8,36.6,13,47.0,,50.60,49.4,,A03,0,,2023104192,(128.4),,,0.7,中団,中団,35.52,380,+4,128.4,田端牧場,新冠町,カレンブラックヒル,ウェルアウェイ,Monsun,13,3,3,,(栗),高橋康之
2勝,202509210604071207,"2025. 9.21",中山,モズカトレア,牝,3,岩田望来, 53 ,16,２,ダ,1800,,良,1536,0.1,3,3,2,2,39.0,3,45.6,*,46.83,45.5,牝,023,460,,2022102123,(3.6),180,8950,0.1,先行,先行,37.30,492,0,3.6,目黒牧場,日高町,モズアスコット,ビューティーモズ,ネオユニヴァース,16,4,7,,(栗),井上智史
新馬,202509210604070408,"2025. 9.21",中山,ナリノシャーウッド,牡,2,岩田望来, 55 ,16,１,ダ,1800,,稍,1554,-0.2,2,2,1,1,38.6,2,49.5,*,49.77,49.5,,A03,750,,2023105963,1630,400,2630,0.0,逃げ,逃げ,38.40,472,,16.3,社台コーポレーション白老ファーム,白老町,マインドユアビスケッツ,ナリノメジャー,ダイワメジャー,16,4,8,,(美),田村康仁
未勝利,202509210604070215,"2025. 9.21",中山,ラウンドヒル,牝,2,原優介, 55 ,16,９,ダ,1200,,稍,1146,1.3,,,2,2,40.9,13,32.4,,39.07,34.6,,A03,0,,2023105751,(3.8),,,0.1,先行,先行,33.70,456,-4,3.8,静内フアーム,新ひだか町,ベストウォーリア,レイテストバード,サマーバード,16,8,15,,(美),田島俊明
未勝利,202509210604070207,"2025. 9.21",中山,コンフィアンサ,牝,2,佐々木大, 55 ,16,15,ダ,1200,,稍,1159,2.6,,,7,9,40.9,13,35.6,,39.07,34.6,,A03,0,,2023102342,(10.4),,,1.4,中団,中団,35.00,440,+6,10.4,上野正恵,新ひだか町,ミスターメロディ,ロマネクイーン,マイネルラヴ,16,4,7,,(美),菊川正達
3勝,202509200904061101,"2025. 9.20",阪神,プロミシングスター,牡,4,川田将雅, 58 ,13,12,ダ,1400,,良,1251,0.8,,,4,5,37.0,10,47.5,*,50.27,47.7,,A04,0,    0.0,2021103073,(3.3),,,0.4,中団,中団,36.08,460,+6,3.3,富田牧場,浦河町,マジェスティックウォリアー,ファインチョイス,アドマイヤムーン,13,1,1,,(栗),高橋義忠
1勝,202509200904060908,"2025. 9.20",阪神,ハクサンアイリス,牡,3,小崎綾也, 56 ,16,１,ダ,1400,,良,1244,-0.0,,,11,9,36.5,1,48.4,*,46.00,42.0,,003,800,,2022100328,170,110,840,1.4,中団,差し,35.93,484,+6,1.7,中村雅明,浦河町,ハクサンムーン,キャメロンロード,デュランダル,16,4,8,,(栗),高橋一哉
1勝,202509200904060614,"2025. 9.20",阪神,オーレアミスト,牡,3,岩田望来, 55 ,16,８,ダ,1800,,良,1544,1.4,11,12,14,14,37.5,5,52.5,*,51.60,51.5,,A03,0,,2022104841,(4.9),,,1.2,後方,後方,38.45,494,-2,4.9,ノーザンファーム,安平町,ゴールドドリーム,ジンジャーミスト,Bernardini,16,7,14,,(栗),友道康夫
1勝,202509200904060609,"2025. 9.20",阪神,マンオブザマッチ,牡,3,吉村誠之,54☆,16,９,ダ,1800,,良,1544,1.4,8,8,9,7,37.9,7,50.9,,51.60,51.5,,A03,0,,2022101677,(29.9),,,0.8,中団,中団,38.25,484,-2,29.9,ダーレー・ジャパン・ファーム,日高町,ファインニードル,パテントジョイ,Pivotal,16,5,9,,(栗),高橋義忠
新馬,202509200904060512,"2025. 9.20",阪神,デルニエジョイ,牡,2,和田竜二, 55 ,14,４,芝,1600,B,良,1356,0.5,,,2,2,34.0,7,58.7,*,60.70,60.3,,A03,110,,2023101973,(15.8),,,0.0,先行,先行,36.96,460,,15.8,浦河日成牧場,浦河町,シスキン,グランジョイ,ダンスインザダーク,14,7,12,,(栗),鈴木孝志
ｵｰﾌﾟﾝ,202509200604060904,"2025. 9.20",中山,ヤマメライズ,牡,2,戸崎圭太, 55 ,13,３,芝,1200,C,良,1087,0.5,,,9,7,34.2,3,50.9,*,50.20,48.8,,N04,400,    3.9,2023105128,(24.1),530,,0.6,中団,差し,34.50,420,+2,24.1,小島牧場,浦河町,サートゥルナーリア,ヴァルドワーズ,ダノンシャンティ,13,4,4,,(美),田島俊明
新馬,202509200604060510,"2025. 9.20",中山,ダイユウヴェンティ,牝,2,内田博幸, 55 ,16,８,芝,1600,C,良,1355,0.7,,13,11,11,34.0,3,58.5,*,55.80,54.4,,003,0,,2023105102,(77.5),,,1.3,後方,後方,36.90,436,,77.5,上山牧場,浦河町,サートゥルナーリア,クールアンフルール,サクラバクシンオー,16,5,10,,(美),松永康利
未勝利,202509200604060102,"2025. 9.20",中山,タイセツナヒ,牡,2,原優介, 55 ,13,３,ダ,1800,,重,1570,1.3,11,12,9,9,39.6,1,47.7,*,45.47,43.9,,003,140,,2023102352,(14.6),280,,1.9,後方,追込,38.70,452,-10,14.6,岡田スタツド,新ひだか町,ホッコータルマエ,アイアムキャツアイ,アイルハヴアナザー,13,2,2,,(美),杉浦宏昭
未勝利,202509200604060103,"2025. 9.20",中山,ニシノロッドマン,牡,2,野中悠太, 55 ,13,４,ダ,1800,,重,1572,1.5,8,7,7,6,40.6,4,44.3,*,45.47,43.9,,003,84,,2023104706,(134.3),,,1.1,中団,差し,38.30,498,+6,134.3,メイタイファーム,新冠町,リーチザクラウン,ニシノミウ,スマートファルコン,13,3,3,*,(美),矢嶋大樹
新馬,202509150904050509,"2025. 9.15",阪神,ナムラティアラ,牝,2,松若風馬, 55 ,10,６,芝,1600,A,良,1371,0.6,,,2,2,34.3,8,59.9,*,62.57,61.8,,000,0,,2023106228,(39.3),,,0.0,先行,先行,37.68,468,,39.3,森政巳,新ひだか町,ジョーカプチーノ,ナムラテンゲル,トゥザグローリー,10,8,9,,(栗),牧田和弥
新馬,202509150904050510,"2025. 9.15",阪神,エイシンティザー,牡,2,武豊, 55 ,10,９,芝,1600,A,良,1388,2.3,,,3,3,35.8,9,55.6,,62.57,61.8,,000,0,,2023105516,(6.5),,,0.2,先行,先行,37.80,498,,6.5,木田牧場,新ひだか町,モズアスコット,エイシンソルティー,Tapit,10,8,10,,(栗),吉村圭司
未勝利,202509150904050205,"2025. 9.15",阪神,アンディムジーク,牝,2,吉村誠之,54☆,8,２,芝,1600,A,良,1355,0.1,,,4,4,33.2,1,62.6,*,62.13,61.4,牝,020,220,,2023103797,(2.7),160,880,0.3,先行,先行,37.38,444,+10,2.7,社台コーポレーション白老ファーム,白老町,アドマイヤマーズ,ターフェルムジーク,ノヴェリスト,8,5,5,,(栗),渡辺薫彦
1勝,202509150604050809,"2025. 9.15",中山,キングズトゥルー,牡,3,佐々木大, 55 ,14,１,芝,2500,B,良,2317,-0.5,6,7,1,1,35.3,2,54.1,*,54.73,54.1,,A03,800,,2022103510,780,190,480,0.0,先行,先行,36.76,442,-10,7.8,岡田スタツド,新ひだか町,ウインブライト,クイーンズトゥルー,キングカメハメハ,14,6,9,,(美),大竹正博
1勝,202509150604050810,"2025. 9.15",中山,ピースヒロフェイス,牝,4,木幡巧也, 56 ,14,４,芝,2500,B,良,2328,1.1,10,10,10,10,35.4,3,54.7,*,54.73,54.1,,A03,120,,2021105769,(5.5),,,1.0,中団,差し,37.07,460,0,5.5,ノーザンファーム,安平町,サトノダイヤモンド,ペルヴィアンリリー,フレンチデピュティ,14,6,10,,(美),牧光二
新馬,202509150604050505,"2025. 9.15",中山,フェーダーローター,牝,2,原優介, 55 ,13,12,芝,1600,B,良,1386,1.7,,8,9,11,35.8,12,55.3,,58.43,57.1,,A03,0,,2023106484,(110.0),,,0.7,後方,後方,37.68,440,,110.0,ビッグレッドファーム,新冠町,ベンバトル,リープフラウミルヒ,ステイゴールド,13,4,5,,(美),天間昭一
1勝,202509140904040702,"2025. 9.14",阪神,フェルシナ,牝,3,武豊, 54 ,14,10,芝,1600,A,良,1354,0.9,,,12,12,33.3,6,61.9,*,60.17,59.8,牝,023,0,,2022105831,(12.9),,,1.0,後方,後方,37.26,458,+18,12.9,社台コーポレーション白老ファーム,白老町,ルーラーシップ,ヒルダ,ダイワメジャー,14,2,2,,(栗),西園翔太
新馬,202509140904040604,"2025. 9.14",阪神,メイショウシンガン,牡,2,岩田望来, 55 ,12,３,ダ,1800,,良,1563,1.1,1,1,1,1,38.9,4,49.5,*,52.17,52.4,,A03,190,,2023104988,(18.4),290,,0.0,逃げ,逃げ,38.70,460,,18.4,まるとみ冨岡牧場,浦河町,ニューイヤーズデイ,コンゴウレイワ,アイルハヴアナザー,12,4,4,,(栗),高橋義忠
新馬,202509140904040605,"2025. 9.14",阪神,ケンフィールド,牡,2,吉村誠之,54☆,12,５,ダ,1800,,良,1573,2.1,8,7,6,4,39.6,6,48.1,,52.17,52.4,,A03,75,,2023101694,(154.9),,,0.3,先行,先行,38.85,472,,154.9,ケンブリッジバレー,浦河町,タリスマニック,ケンブリッジハーツ,キングヘイロー,12,5,5,,(栗),大根田裕
未勝利,202509140904040210,"2025. 9.14",阪神,フォーゲル,牡,2,モレイラ, 55 ,10,２,芝,1400,A,良,1212,0.5,,,1,1,35.2,4,48.0,*,49.67,49.4,,A03,220,,2023105273,(3.1),140,640,0.0,逃げ,逃げ,34.50,530,+10,3.1,ノーザンファーム,安平町,アルアイン,エリカポンシャン,ロードカナロア,10,8,10,,(栗),斉藤崇史
1勝,202509140604041212,"2025. 9.14",中山,モティスフォント,牡,3,戸崎圭太, 56 ,16,13,芝,1600,B,良,1339,1.4,,11,9,7,34.8,9,51.9,,50.37,49.9,,003,0,,2022104953,(3.0),,,1.3,中団,中団,35.46,492,+2,3.0,ノーザンファーム,安平町,モーリス,バンゴール,キングカメハメハ,16,6,12,,(美),田村康仁
未勝利,202509140604040406,"2025. 9.14",中山,ショウナンタヅナ,牡,2,佐々木大, 55 ,11,７,ダ,1800,,稍,1566,2.8,9,9,9,6,40.4,5,44.3,,45.87,47.4,,A03,0,,2023100531,(11.6),,,1.0,中団,中団,38.10,464,+6,11.6,二風谷ファーム,平取町,ドレフォン,ウインフロレゾン,フジキセキ,11,6,6,,(美),武市康男
未勝利,202509140604040203,"2025. 9.14",中山,リュウセイコウテイ,牡,2,野中悠太, 55 ,16,４,芝,1200,B,良,1092,0.4,,,1,1,35.0,9,47.7,*,52.37,48.8,,A03,84,,2023106437,(164.2),,,0.0,逃げ,逃げ,34.20,438,+4,164.2,ビッグレッドファーム,新冠町,ウインブライト,ケイティラブ,スキャン,16,2,3,*,(美),奥平雅士
未勝利,202509140604040213,"2025. 9.14",中山,エレクトロン,牡,2,杉原誠人, 55 ,16,６,芝,1200,B,良,1093,0.5,,,2,2,35.0,9,48.0,*,52.37,48.8,,A03,0,,2023106608,(24.3),,,0.1,先行,先行,34.30,424,+6,24.3,ミルファーム,浦河町,ビーチパトロール,ヨイミヤ,マツリダゴッホ,16,7,13,*,(美),佐藤吉勝
1勝,202509130904030917,"2025. 9.13",阪神,イリフィ,牝,3,吉村誠之,53☆,18,６,芝,1400,A,良,1207,0.4,,,11,10,34.7,7,49.4,*,49.70,46.1,,A03,0,,2022110077,(45.1),,,0.9,中団,中団,34.50,422,+6,45.1,"Stonethorn Stud Farm Ltd.",愛,"Too Darn Hot",Trethias,"Invincible Spirit",18,8,17,,(栗),高野友和
1勝,202509130904030806,"2025. 9.13",阪神,テイクザクラウン,牡,4,西村淳也, 58 ,6,２,芝,2400,A,良,2259,0.2,6,6,6,5,34.3,2,58.5,*,58.40,57.4,,003,440,    5.2,2021102379,(13.3),550,1460,0.4,後方,追込,37.20,440,+4,13.3,二風谷ファーム,平取町,サトノクラウン,アムールレジェンド,ディープインパクト,6,6,6,,(栗),吉村圭司
新馬,202509130904030608,"2025. 9.13",阪神,アンガーザガール,牝,2,モレイラ, 55 ,13,６,ダ,1400,,良,1276,1.8,,,6,5,39.7,8,40.5,,41.23,41.7,牝,023,0,,2023106856,(3.7),,,0.7,中団,中団,35.93,450,,3.7,ノーザンファーム,安平町,リオンディーズ,アンソロジー,サクラバクシンオー,13,6,8,,(栗),東田明士
新馬,202509130904030610,"2025. 9.13",阪神,シルフ,牝,2,鮫島克駿, 55 ,13,８,ダ,1400,,良,1285,2.7,,,8,8,40.4,10,39.3,,41.23,41.7,牝,023,0,,2023107214,(5.4),,,0.9,中団,中団,36.08,442,,5.4,ノーザンファーム,安平町,ルヴァンスレーヴ,プロミストリープ,ヘニーヒューズ,13,7,10,,(栗),藤野健太
新馬,202509130904030613,"2025. 9.13",阪神,ノヴァレジーナ,牝,2,川須栄彦, 55 ,13,13,ダ,1400,,良,1296,3.8,,,8,10,41.4,13,37.3,,41.23,41.7,牝,023,0,,2023105587,(22.5),,,1.0,後方,後方,36.15,444,,22.5,岡野牧場,新ひだか町,アメリカンペイトリオット,ヴァーチュスター,"Symboli Kris S",13,8,13,,(栗),中尾秀正
新馬,202509130904030505,"2025. 9.13",阪神,シラヌイ,牝,2,吉村誠之,54☆,11,１,芝,1200,A,良,1102,-0.0,,,3,3,35.2,3,49.4,*,50.30,48.3,,A03,750,,2023105668,480,170,2220,0.2,先行,先行,35.00,452,,4.8,木田牧場,新ひだか町,フィレンツェファイア,ミスティック,キンシャサノキセキ,11,5,5,*,(栗),高橋亮
新馬,202509130904030509,"2025. 9.13",阪神,トップアタック,牡,2,鮫島克駿, 55 ,11,２,芝,1200,A,良,1102,0.0,,,1,2,35.4,4,48.3,*,50.30,48.3,,A03,300,,2023104528,(12.4),260,2220,0.0,逃げ,逃げ,34.80,460,,12.4,細川農場,新冠町,サトノダイヤモンド,レッドアマルフィ,ロードカナロア,11,7,9,,(栗),小椋研介
未勝利,202509130904030413,"2025. 9.13",阪神,バルミラクル,牡,3,鮫島良太, 57 ,16,１,ダ,1800,,良,1543,-0.2,2,2,2,2,39.9,7,43.2,*,45.17,43.2,,003,560,,2022106177,720,240,4010,0.0,先行,先行,37.20,444,+2,7.2,川島牧場,新冠町,マクフィ,ミラクルクロス,フジキセキ,16,7,13,,(栗),河嶋宏樹
未勝利,202509130904030205,"2025. 9.13",阪神,ミスジェイド,牝,2,鮫島克駿, 55 ,8,５,ダ,1200,,良,1150,2.3,,,6,7,37.9,4,47.9,,48.63,48.1,,A03,56,,2023104199,(131.4),,,1.1,後方,後方,37.10,436,-8,131.4,大栄牧場,新冠町,Blame,アッシャー,"Harlan's Holiday",8,5,5,,(栗),杉山佳明
1勝,202509130604031203,"2025. 9.13",中山,メリザンド,牝,3,原優介, 53 ,16,３,芝,2000,B,稍,2009,0.5,2,2,1,2,34.5,11,57.3,*,59.17,58.9,,003,200,,2022105182,(51.3),850,,0.0,逃げ,逃げ,37.03,454,-12,51.3,ノーザンファーム,安平町,サトノダイヤモンド,ロザリンド,シンボリクリスエス,16,2,3,,(美),小手川準
2勝,202509130604030907,"2025. 9.13",中山,ロードブレイズ,牡,4,横山和生, 57 ,11,11,ダ,2400,,不,2397,3.6,5,6,6,8,39.3,11,52.1,,59.93,60.0,,003,0,    0.0,2021100162,(3.7),,,0.6,中団,中団,40.13,506,+6,3.7,ケイアイファーム,新ひだか町,ロードカナロア,ブリュネット,ダイワメジャー,11,6,7,,(美),稲垣幸雄
1勝,202509130604030806,"2025. 9.13",中山,ゲキザル,牡,6,小林脩斗, 58 ,16,４,ダ,1200,,不,1114,1.2,,,11,12,35.8,3,49.4,*,45.03,45.5,,003,120,,2019102102,(11.9),,,1.3,後方,追込,35.60,476,0,11.9,広富牧場,日高町,ザファクター,トゥモローズライト,アフリート,15,3,6,,(美),青木孝文
1勝,202509130604030805,"2025. 9.13",中山,ベニシア,牝,4,柴田大知, 56 ,16,14,ダ,1200,,不,1128,2.6,,,9,10,37.4,14,44.7,,45.03,45.5,,003,0,,2021100662,(178.2),,,1.1,中団,中団,35.40,448,+2,178.2,上山牧場,浦河町,ヘニーヒューズ,フクシア,ゴールドアリュール,15,3,5,,(美),粕谷昌央
未勝利,202509130604030711,"2025. 9.13",中山,ヨドノタイヨウ,牡,3,小林凌大, 57 ,16,３,ダ,1800,,不,1540,0.2,9,11,11,9,38.6,1,47.7,*,47.37,45.2,,A03,140,,2022100348,(17.0),310,,0.8,中団,差し,37.70,498,0,17.0,林農場,浦河町,ミッキーロケット,ストロベリーハーツ,ハーツクライ,16,6,11,,(美),小西一男
新馬,202509130604030503,"2025. 9.13",中山,スタートレイン,牝,2,佐々木大, 55 ,16,１,芝,1600,B,稍,1360,-0.0,,1,1,1,34.7,4,56.0,*,57.47,56.0,牝,023,750,,2023103146,340,130,460,0.0,逃げ,逃げ,36.78,442,,3.4,藤沢牧場,新ひだか町,キタサンブラック,レポゼッション,"War Front",16,2,3,,(美),黒岩陽一
未勝利,202509130604030205,"2025. 9.13",中山,シャオママル,牡,2,佐々木大, 55 ,11,２,芝,1600,B,稍,1350,0.0,,6,5,5,34.5,1,55.2,*,54.30,53.3,,003,220,,2023100776,(11.8),410,11090,0.4,中団,差し,36.30,434,-4,11.8,木部ファーム,日高町,アルアイン,ジレーネ,キングカメハメハ,11,5,5,,(美),加藤士津
未勝利,202509130604030209,"2025. 9.13",中山,ミスターマーボー,牡,2,原優介, 55 ,11,３,芝,1600,B,稍,1351,0.1,,4,4,2,34.7,2,54.4,*,54.30,53.3,,003,140,,2023100831,(13.2),330,,0.3,先行,先行,36.24,436,+8,13.2,グッドラック・ファーム,日高町,シュヴァルグラン,ハタノサンドリヨン,ヨハネスブルグ,11,7,9,,(美),青木孝文
未勝利,202509130604030210,"2025. 9.13",中山,ニシノシャルム,牝,2,今村聖奈,53◇,11,11,芝,1600,B,稍,1364,1.4,,7,5,8,35.9,11,51.1,,54.30,53.3,,003,0,,2023105138,(16.2),,,0.4,中団,中団,36.30,442,0,16.2,鮫川啓一,浦河町,キタサンブラック,チャームクォーク,クロフネ,11,8,10,,(美),栗田徹
1勝,202509070904020704,"2025. 9. 7",阪神,モズカトレア,牝,3,松若風馬, 53 ,9,１,ダ,1800,,良,1528,-0.4,2,2,2,2,38.9,2,45.0,*,45.40,43.9,,003,800,,2022102123,1210,220,1130,0.3,先行,先行,36.95,492,+6,12.1,目黒牧場,日高町,モズアスコット,ビューティーモズ,ネオユニヴァース,9,4,4,,(栗),井上智史
1勝,202509070904020613,"2025. 9. 7",阪神,ミルミナーヴァ,牝,4,吉村誠之,55☆,15,14,ダ,1400,,良,1262,2.2,,,13,11,38.9,10,41.2,,42.13,41.2,牝,023,0,,2021106332,(5.7),,,1.2,後方,後方,35.48,482,-6,5.7,高瀬牧場,新冠町,ヘニーヒューズ,ランミネルバ,アグネスタキオン,15,7,13,,(栗),西園正都
未勝利,202509070904020409,"2025. 9. 7",阪神,フィオレストラーダ,牝,3,団野大成, 55 ,16,１,芝,2000,A,良,1585,-0.3,2,2,3,2,35.9,2,48.6,*,48.53,46.3,,003,560,,2022100626,830,240,1330,0.6,先行,先行,35.40,452,0,8.3,ケイアイファーム,新ひだか町,エピファネイア,キャトルフィーユ,ディープインパクト,16,5,9,,(栗),杉山晴紀
未勝利,202509070904020203,"2025. 9. 7",阪神,カクウチ,牡,2,岩田望来, 55 ,7,１,芝,1600,A,良,1339,-0.1,,,1,1,34.9,3,51.4,*,52.80,51.4,,003,560,,2023101405,250,120,140,0.0,逃げ,逃げ,35.40,448,-6,2.5,碧雲牧場,日高町,アドマイヤマーズ,トウカイファイン,フレンチデピュティ,7,3,3,,(栗),小崎憲
未勝利,202509070904020204,"2025. 9. 7",阪神,パトローナス,牡,2,亀田温心, 55 ,7,３,芝,1600,A,良,1340,0.1,,,6,5,34.4,1,54.0,*,52.80,51.4,,003,140,,2023106931,(13.4),,,0.6,後方,追込,35.76,484,-4,13.4,ノーザンファーム,安平町,フィエールマン,エルビッシュ,キングカメハメハ,7,4,4,,(栗),高橋亮
Ｇ２,202509070604021102,"2025. 9. 7",中山,ドマーネ,牝,3,石川裕紀, 55 ,13,12,芝,2000,B,良,2002,1.1,10,11,12,12,33.9,6,59.1,,58.27,57.3,牝,N21,0,    0.0,2022103271,(90.7),,,1.2,後方,後方,36.99,444,+8,90.7,三嶋牧場,浦河町,ゴールドシップ,ランドネ,Blame,13,2,2,,(栗),辻野泰之
新馬,202509070604020604,"2025. 9. 7",中山,タイセツナヒ,牡,2,原優介, 55 ,16,５,ダ,1800,,良,1579,1.3,9,10,9,7,40.2,4,46.6,*,45.37,44.7,,003,75,,2023102352,(82.3),,,1.4,中団,中団,38.85,462,,82.3,岡田スタツド,新ひだか町,ホッコータルマエ,アイアムキャツアイ,アイルハヴアナザー,16,2,4,,(美),杉浦宏昭
新馬,202509070604020613,"2025. 9. 7",中山,ニシノロッドマン,牡,2,野中悠太, 55 ,16,11,ダ,1800,,良,1598,3.2,12,12,16,15,40.3,5,48.6,*,45.37,44.7,,003,0,,2023104706,(202.0),,,3.2,後方,後方,39.75,492,,202.0,メイタイファーム,新冠町,リーチザクラウン,ニシノミウ,スマートファルコン,16,7,13,,(美),矢嶋大樹
1勝,202509070102061205,"2025. 9. 7",札幌,スマートカイロス,牡,3,黛弘人, 55 ,14,２,ダ,1700,,稍,1462,0.5,6,7,4,4,39.0,3,44.0,*,46.17,44.0,,A03,320,,2022102735,(4.3),210,1740,0.3,先行,先行,36.65,518,+18,4.3,杵臼牧場,浦河町,シニスターミニスター,スマートバベル,サウスヴィグラス,14,4,5,,(栗),矢作芳人
1勝,202509070102061206,"2025. 9. 7",札幌,ザングウィル,牡,5,柴田裕一,55▲,14,７,ダ,1700,,稍,1480,2.3,13,12,12,12,40.1,6,42.4,,46.17,44.0,,A03,0,,2020110051,(70.4),,,1.0,後方,後方,37.04,514,0,70.4,"J. Lenihan",愛,"Dandy Man",Zaaqya,Nayef,14,4,6,,(栗),佐藤悠太
2勝,202509070102060901,"2025. 9. 7",札幌,アイウィル,牡,4,柴田裕一, 58 ,14,８,ダ,1700,,稍,1464,1.1,10,9,8,7,37.8,5,49.0,*,49.50,48.6,,A04,0,    0.0,2021103502,(30.7),,,0.8,中団,中団,37.42,518,+6,30.7,岡田スタツド,新ひだか町,ドレフォン,ジュリーハーツ,ハーツクライ,14,1,1,,(美),高木登
1勝,202509070102060811,"2025. 9. 7",札幌,ストレイトアスク,牝,4,荻野琢真, 56 ,16,４,芝,1200,C,稍,1104,0.4,,,4,2,35.7,8,47.2,*,48.43,46.1,,003,120,,2021102312,(51.4),,,0.4,先行,先行,34.70,430,-4,51.4,"ASK STUD",平取町,ロードカナロア,ストレイトガール,フジキセキ,16,6,11,,(栗),藤原英昭
1勝,202509070102060713,"2025. 9. 7",札幌,ニシノエピカリ,牝,3,小林美駒,50▲,13,３,芝,1800,C,稍,1511,0.3,3,3,4,5,38.5,5,44.3,*,45.47,40.6,牝,023,200,,2022100724,(4.3),190,,1.2,中団,差し,36.30,406,0,4.3,田上徹,新ひだか町,フィエールマン,シーソルティキッス,キングカメハメハ,13,8,13,,(美),手塚貴久
1勝,202509070102060710,"2025. 9. 7",札幌,エイトスターズ,牝,5,古川吉洋, 56 ,13,10,芝,1800,C,稍,1527,1.9,12,13,10,8,39.6,7,42.3,,45.47,40.6,牝,023,0,,2020103772,(5.9),,,1.7,中団,中団,36.55,480,+2,5.9,レイクヴィラファーム,洞爺湖町,ジャスタウェイ,インザスポットライト,"Exceed And Excel",13,7,10,,(栗),坂口智康
1勝,202509070102060605,"2025. 9. 7",札幌,ペレグリン,牝,4,古川吉洋, 56 ,12,５,ダ,1000,,稍,0593,0.4,,,4,6,35.3,5,52.0,*,52.77,49.6,,003,80,,2021100906,(8.5),,,0.5,中団,中団,36.00,436,-2,8.5,バンブー牧場,浦河町,バンブーエール,フラミンゴ,マルカシェンク,12,5,5,,(栗),河嶋宏樹
1勝,202509070102060601,"2025. 9. 7",札幌,ラブミーナッソー,牝,3,橋木太希,51▲,12,10,ダ,1000,,稍,1001,1.2,,,8,9,35.6,10,53.2,,52.77,49.6,,003,0,,2022103453,(29.3),,,1.0,後方,後方,36.75,456,+4,29.3,伊藤敏明,新ひだか町,コパノリッキー,バックアタック,アグネスデジタル,12,1,1,,(栗),宮徹
未勝利,202509070102060201,"2025. 9. 7",札幌,ハイライトニング,牡,2,舟山瑠泉,52▲,10,５,芝,2000,C,稍,2070,0.4,9,8,9,10,36.5,1,56.3,*,54.70,53.8,,A03,56,,2023105381,(9.2),,,0.9,後方,後方,38.79,482,+2,9.2,千代田牧場,新ひだか町,リアルスティール,マニクール,ヘニーヒューズ,10,1,1,,(美),嘉藤貴行
未勝利,202509060904010204,"2025. 9. 6",阪神,アンリミテッド,牡,2,岩田望来, 55 ,5,５,芝,2000,A,良,2029,2.0,2,3,3,3,37.0,5,49.5,,54.13,54.8,,A03,56,,2023104417,(8.4),,,0.1,先行,先行,36.81,494,+8,8.4,ノースヒルズ,新冠町,キズナ,ラルムドランジュ,Dansili,5,4,4,,(栗),高野友和
未勝利,202509060904010107,"2025. 9. 6",阪神,エブリデイ,牡,2,高杉吏麒,54☆,9,１,ダ,1400,,重,1252,-0.2,,,2,2,36.8,1,48.6,*,48.30,47.7,,003,560,,2023102902,740,190,17760,0.2,先行,先行,36.30,492,-6,7.4,千代田牧場,新ひだか町,フォーウィールドライブ,コハルビヨリ,マンハッタンカフェ,9,7,7,,(栗),北出成人
未勝利,202509060904010108,"2025. 9. 6",阪神,リアンマカ,牡,2,吉村誠之,54☆,9,８,ダ,1400,,重,1283,3.1,,,9,9,39.0,8,44.8,,48.30,47.7,,003,0,,2023105253,(39.8),,,1.1,後方,後方,36.98,434,-8,39.8,社台ファーム,千歳市,マインドユアビスケッツ,モノポリーアイズ,"Le Havre",9,8,8,,(栗),高橋一哉
1勝,202509060604011216,"2025. 9. 6",中山,ゲキザル,牡,6,小林脩斗, 58 ,16,６,ダ,1200,,稍,1124,1.0,,,8,11,36.5,7,48.4,*,47.80,48.3,,003,0,,2019102102,(17.5),,,0.5,後方,後方,35.90,476,+4,17.5,広富牧場,日高町,ザファクター,トゥモローズライト,アフリート,16,8,16,,(美),青木孝文
1勝,202509060604010803,"2025. 9. 6",中山,ココボロ,牝,4,土田真翔,53▲,7,７,ダ,1800,,稍,1555,2.4,6,6,7,7,38.9,7,48.5,,51.00,52.4,牝,023,0,,2021106419,(130.7),,,0.6,後方,後方,38.30,524,0,130.7,対馬正,新冠町,ビッグアーサー,シルクヴァルキリー,マーベラスサンデー,7,3,3,,(美),松山将樹
新馬,202509060604010503,"2025. 9. 6",中山,エバーラスト,牡,2,石神深道,52▲,16,４,芝,1200,B,良,1095,0.5,,,9,7,34.0,1,54.4,*,49.43,48.8,,003,110,,2023104764,(21.2),,,1.2,中団,差し,35.50,488,,21.2,芳住鉄兵,新冠町,ミスターメロディ,インダルジミー,Shamardal,16,2,3,,(美),和田正一
新馬,202509060604010515,"2025. 9. 6",中山,ノーブルラホーヤ,牝,2,菅原明良, 55 ,16,９,芝,1200,B,良,1104,1.4,,,8,9,35.0,10,51.1,,49.43,48.8,,003,0,,2023103195,(34.9),,,1.1,中団,中団,35.40,390,,34.9,藤原牧場,新ひだか町,ダノンキングリー,ラホーヤビーチ,タイキシャトル,16,8,15,,(美),深山雅史
新馬,202509060604010510,"2025. 9. 6",中山,ヒャクレツケン,牡,2,原優介, 55 ,16,11,芝,1200,B,良,1106,1.6,,,9,11,35.1,11,51.1,,49.43,48.8,,003,0,,2023106687,(58.5),,,1.2,後方,後方,35.50,440,,58.5,大狩部牧場,新冠町,タリスマニック,ペスカネラ,ブラックタイド,16,5,10,*,(美),青木孝文
1勝,202509060102051204,"2025. 9. 6",札幌,レボルシオン,牡,4,浜中俊, 58 ,14,４,ダ,1700,,良,1471,0.6,7,7,7,8,38.3,5,48.0,*,49.47,47.5,,003,120,,2021103500,(14.2),,,0.5,中団,差し,37.53,514,-6,14.2,岡田スタツド,新ひだか町,キタサンブラック,シルヴァーコード,スウェプトオーヴァーボード,14,3,4,,(美),蛯名正義
Ｇ３,202509060102051110,"2025. 9. 6",札幌,アーレムアレス,牡,2,菱田裕二, 55 ,12,４,芝,1800,C,良,1511,0.5,12,12,8,8,35.7,3,55.6,*,55.50,53.2,,N04,470,    0.0,2023105223,(4.2),,,0.9,中団,差し,37.70,484,+6,4.2,社台コーポレーション白老ファーム,白老町,ハービンジャー,スターズインヘヴン,ワークフォース,12,7,10,,(栗),橋口慎介
Ｇ３,202509060102051112,"2025. 9. 6",札幌,オブラプリーマ,牝,2,石橋脩, 55 ,12,７,芝,1800,C,良,1514,0.8,11,11,12,11,35.5,2,56.9,*,55.50,53.2,,N04,0,    0.0,2023100237,(25.9),,,1.4,後方,後方,37.95,416,+10,25.9,土居牧場,新ひだか町,ヴァンゴッホ,マナローラ,ハーツクライ,12,8,12,,(美),上原佑紀
2勝,202509060102051002,"2025. 9. 6",札幌,ハリウッドメモリー,牝,3,横山和生, 54 ,16,３,芝,1200,C,良,1095,0.2,,,7,7,34.5,3,51.4,*,51.27,48.0,,A03,390,    5.0,2022100632,(5.0),200,,0.7,中団,差し,35.00,456,+6,5.0,ケイアイファーム,新ひだか町,ロードカナロア,スピニングワイルドキャット,"Hard Spun",16,1,2,,(栗),長谷川浩
2勝,202509060102051015,"2025. 9. 6",札幌,ベビーズブレス,牝,3,丹内祐次, 54 ,16,５,芝,1200,C,良,1096,0.3,,,1,1,35.3,13,47.2,*,51.27,48.0,,A03,155,    0.0,2022106351,(4.5),,,0.0,逃げ,逃げ,34.30,438,+4,4.5,隆栄牧場,新冠町,アドマイヤマーズ,レディーガリレオ,Galileo,16,8,15,,(栗),千田輝彦
2勝,202509060102051007,"2025. 9. 6",札幌,ムチャスグラシアス,牝,4,石橋脩, 56 ,16,７,芝,1200,C,良,1099,0.6,,,3,3,35.4,14,47.5,*,51.27,48.0,,A03,0,    0.0,2021104217,(30.9),,,0.2,先行,先行,34.50,448,-2,30.9,友田牧場,新ひだか町,カリフォルニアクローム,ロスグラシアレス,シンボリクリスエス,16,4,7,,(美),菊川正達
2勝,202509060102051016,"2025. 9. 6",札幌,ブライティアダイヤ,牝,4,佐々木大, 56 ,16,９,芝,1200,C,良,1100,0.7,,,9,9,34.8,8,51.1,*,51.27,48.0,,A03,0,    0.0,2021102468,(20.2),,,0.9,中団,中団,35.20,468,0,20.2,雅牧場,平取町,サトノアラジン,ブライティアナイル,アドマイヤベガ,16,8,16,,(美),稲垣幸雄
1勝,202509060102050905,"2025. 9. 6",札幌,サリーチェ,牝,3,佐々木大, 53 ,15,11,芝,2000,C,良,2035,1.5,3,3,3,4,37.6,12,47.9,,52.67,51.2,,A04,0,    0.0,2022104794,(16.9),,,0.2,先行,先行,36.81,486,+12,16.9,ノーザンファーム,安平町,ドゥラメンテ,サロミナ,Lomitas,15,3,5,,(栗),池添学
未勝利,202509060102050614,"2025. 9. 6",札幌,ビービーバザーク,牡,3,武豊, 57 ,14,５,ダ,1700,,良,1473,0.6,5,5,4,2,39.8,5,42.5,*,44.93,43.2,,003,56,,2022102397,(2.3),,,0.2,先行,先行,36.82,490,-2,2.3,坂東牧場,平取町,シニスターミニスター,カリビアンロマンス,コマンズ,14,8,14,,(栗),武幸四郎
未勝利,202509060102050405,"2025. 9. 6",札幌,サイモンイロハニー,牝,3,鮫島克駿, 55 ,16,８,芝,2000,C,良,2034,1.0,15,14,14,12,36.7,5,51.2,*,51.27,49.3,,A03,0,,2022104164,(101.8),,,1.2,後方,後方,37.16,414,-4,101.8,千代田牧場,新ひだか町,ゴールドシップ,ブライテストリング,ダノンシャンティ,16,3,5,,(栗),谷潔
未勝利,202509060102050413,"2025. 9. 6",札幌,シャインフリーリー,牡,3,横山和生, 57 ,16,16,芝,2000,C,良,2060,3.6,16,16,10,15,39.6,15,43.5,,51.27,49.3,,A03,0,,2022101495,(11.8),,,0.9,後方,後方,37.03,468,+2,11.8,白井牧場,日高町,ウインブライト,フィールフリーリー,アグネスタキオン,16,7,13,,(美),矢嶋大樹
Ｇ３,202508310704041110,"2025. 8.31",中京,シュテフィ,牝,2,岩田康誠, 55 ,13,６,芝,1400,B,良,1210,1.6,,,12,12,35.0,3,48.6,*,48.30,45.6,,N04,0,    0.0,2023105301,(65.8),,,1.5,後方,後方,34.50,460,+12,65.8,ノーザンファーム,安平町,ルヴァンスレーヴ,スプレンダークラン,ルーラーシップ,13,7,10,,(栗),牧田和弥
Ｇ３,202508310704041103,"2025. 8.31",中京,アイルトン,牡,2,団野大成, 55 ,13,８,芝,1400,B,良,1213,1.9,,,10,10,35.6,6,46.3,,48.30,45.6,,N04,0,    0.0,2023102920,(9.9),,,1.2,後方,後方,34.28,502,0,9.9,千代田牧場,新ひだか町,ダノンスマッシュ,ダノングラシアス,マンハッタンカフェ,13,3,3,,(栗),佐々木晶
2勝,202508310704040908,"2025. 8.31",中京,バンフィエルド,牡,6,長岡禎仁, 58 ,8,５,芝,2200,B,良,2140,0.8,6,6,6,6,33.4,5,62.9,*,63.10,62.1,,A04,155,    0.0,2019104531,(10.6),,,0.8,中団,中団,37.73,430,+2,10.6,社台コーポレーション白老ファーム,白老町,オルフェーヴル,エヴィータアルゼンティーナ,"Candy Ride",8,8,8,,(栗),緒方努
1勝,202508310704040815,"2025. 8.31",中京,マルモア,牝,4,角田大和, 56 ,16,15,芝,1600,B,良,1340,2.7,,4,4,3,36.5,15,44.5,,51.00,49.2,,A04,0,,2021105245,(123.3),,,0.6,先行,先行,34.50,414,+4,123.3,社台ファーム,千歳市,エピファネイア,マーブルカテドラル,ダイワメジャー,16,8,15,,(栗),松永幹夫
1勝,202508310704040705,"2025. 8.31",中京,エイシンマールス,牡,3,松若風馬, 55 ,13,７,ダ,1800,,良,1544,1.0,1,1,1,1,39.0,11,46.7,*,50.50,49.2,,A03,0,,2022102624,(9.7),,,0.0,逃げ,逃げ,37.70,468,-4,9.7,栄進牧場,浦河町,エイシンヒカリ,エーシンアマゾーン,ファルブラヴ,13,4,5,,(栗),今野貞一
未勝利,202508310704040105,"2025. 8.31",中京,クライナリーゼ,牡,2,酒井学, 55 ,13,４,芝,1400,B,良,1218,0.5,,,13,11,35.3,3,48.8,*,47.73,44.8,,A03,84,,2023104192,(277.0),,,1.1,後方,追込,34.88,376,+6,277.0,田端牧場,新冠町,カレンブラックヒル,ウェルアウェイ,Monsun,13,4,5,,(栗),高橋康之
1勝,202508310403040906,"2025. 8.31",新潟,ビップチェイス,牡,4,江田照男, 58 ,12,５,芝,2200,A,良,2143,0.7,10,11,11,8,35.5,4,54.4,*,54.87,53.6,,A04,111,    0.0,2021105763,(34.3),,,0.7,中団,中団,37.05,462,-2,34.3,ノーザンファーム,安平町,アルアイン,ベッラレイア,ナリタトップロード,11,5,6,,(美),田島俊明
新馬,202508310403040615,"2025. 8.31",新潟,フレンチブラッサム,牝,2,野中悠太, 55 ,15,10,ダ,1800,,良,1587,3.5,7,5,7,9,40.0,10,48.4,,53.30,54.0,,A03,0,,2023105062,(59.1),,,0.9,中団,中団,39.35,440,,59.1,宮内牧場,浦河町,ホッコータルマエ,ピッパレジーナ,ゴールドアリュール,15,8,15,,(美),柄崎将寿
未勝利,202508310403040301,"2025. 8.31",新潟,フェイスリフト,牡,2,内田博幸, 55 ,18,２,芝,1400,A,良,1227,0.2,,,18,18,34.6,1,54.3,*,51.77,45.9,,A03,220,,2023106605,(65.2),1340,13700,1.8,後方,追込,36.08,440,+4,65.2,ミルファーム,浦河町,フォーウィールドライブ,ポンポン,ブラックタイド,18,1,1,,(美),嘉藤貴行
1勝,202508310102041212,"2025. 8.31",札幌,ブレイジングスター,牡,3,和田陽希,52▲,12,２,ダ,1700,,稍,1455,0.1,3,3,2,2,37.6,5,48.5,*,50.97,48.0,,004,320,,2022103644,(4.7),150,1030,0.2,先行,先行,37.04,476,+10,4.7,岡野牧場,新ひだか町,モーニン,ヴァーチュスター,"Symboli Kris S",12,8,12,,(栗),高橋康之
1勝,202508310102041203,"2025. 8.31",札幌,レボルシオン,牡,4,丹内祐次, 58 ,12,４,ダ,1700,,稍,1458,0.4,3,3,2,5,37.9,6,47.7,*,50.97,48.0,,004,120,,2021103500,(37.6),,,0.2,中団,差し,37.04,520,+4,37.6,岡田スタツド,新ひだか町,キタサンブラック,シルヴァーコード,スウェプトオーヴァーボード,12,3,3,,(美),蛯名正義
1勝,202508310102041207,"2025. 8.31",札幌,ザハント,牡,3,横山武史, 55 ,12,10,ダ,1700,,稍,1471,1.7,5,5,5,10,38.9,11,45.6,,50.97,48.0,,004,0,,2022102929,(3.8),,,0.5,後方,後方,37.20,488,0,3.8,谷口牧場,浦河町,マジェスティックウォリアー,フミノアマゾン,フジキセキ,12,6,7,,(栗),田中克典
2勝,202508310102041003,"2025. 8.31",札幌,ベビーズブレス,牝,3,武豊, 53 ,16,２,芝,1200,B,稍,1097,0.1,,,1,1,35.2,7,48.0,*,48.97,48.3,,A03,620,   11.0,2022106351,(5.3),210,1940,0.0,逃げ,逃げ,34.50,434,+14,5.3,隆栄牧場,新冠町,アドマイヤマーズ,レディーガリレオ,Galileo,16,2,3,,(栗),千田輝彦
1勝,202508310102040903,"2025. 8.31",札幌,シャインバオバブ,牡,3,松本大輝, 55 ,14,９,芝,2600,B,稍,2445,1.7,6,5,6,7,37.9,9,50.2,,52.97,52.0,,A04,0,    0.0,2022106180,(18.2),,,0.8,中団,中団,37.98,496,-10,18.2,川島牧場,新冠町,シルバーステート,レユシット,ルーラーシップ,14,3,3,,(栗),本田優
新馬,202508310102040508,"2025. 8.31",札幌,イージーライダー,牡,2,浜中俊, 55 ,8,５,芝,1800,B,稍,1534,1.8,7,4,2,3,37.0,5,53.2,,58.10,58.1,,003,75,,2023102814,(9.8),,,0.1,先行,先行,38.20,458,,9.8,高橋フアーム,新ひだか町,キズナ,エセンテペ,Oratorio,8,8,8,,(栗),杉山晴紀
1勝,202508300704030804,"2025. 8.30",中京,ピースヒロフェイス,牝,4,吉村誠之,55☆,8,６,芝,2000,B,良,2010,0.6,4,4,4,4,34.0,5,59.7,*,60.70,58.9,,A03,0,,2021105769,(10.5),,,0.6,先行,先行,37.29,460,0,10.5,ノーザンファーム,安平町,サトノダイヤモンド,ペルヴィアンリリー,フレンチデピュティ,8,4,4,,(美),牧光二
新馬,202508300704030506,"2025. 8.30",中京,パノラマステージ,牝,2,吉村誠之,54☆,10,８,芝,1400,B,良,1229,1.2,,,8,8,36.0,6,47.7,,48.80,47.1,牝,023,0,,2023107072,(16.0),,,0.8,後方,後方,35.18,442,,16.0,ノーザンファーム,安平町,レイデオロ,スターリーステージ,ディープインパクト,10,6,6,,(栗),牧浦充徳
未勝利,202508300704030414,"2025. 8.30",中京,バルミラクル,牡,3,鮫島良太, 57 ,16,５,ダ,1800,,良,1544,1.3,6,7,5,6,38.8,6,47.4,*,48.40,48.8,,003,56,,2022106177,(21.6),,,0.5,中団,中団,37.80,442,+4,21.6,川島牧場,新冠町,マクフィ,ミラクルクロス,フジキセキ,15,7,14,*,(栗),河嶋宏樹
未勝利,202508300704030210,"2025. 8.30",中京,ケイアイアマゾン,牡,2,川須栄彦, 55 ,14,５,ダ,1800,,良,1565,1.0,11,12,10,10,38.8,5,50.1,*,50.40,49.6,,A03,56,,2023105762,(435.0),,,0.8,中団,中団,38.85,472,0,435.0,新冠橋本牧場,新冠町,マインドユアビスケッツ,クインズヌーサ,ゴールドアリュール,14,6,10,*,(栗),秋山真一
未勝利,202508300704030106,"2025. 8.30",中京,チェルヴァーラ,牡,2,北村友一, 55 ,12,３,芝,2000,B,良,2008,0.3,11,11,6,7,33.2,2,63.1,*,62.37,60.8,,003,140,,2023107106,(2.0),110,,0.7,中団,差し,37.54,494,-8,2.0,ノーザンファーム,安平町,エピファネイア,チェッキーノ,キングカメハメハ,12,5,6,,(栗),松下武士
1勝,202508300403030905,"2025. 8.30",新潟,ウフドゥウフ,牡,3,木幡巧也, 55 ,18,７,芝,1400,A,良,1218,1.1,,,13,14,34.8,6,51.3,,49.30,47.9,,A03,0,    0.0,2022105257,(8.5),,,1.3,後方,後方,35.25,486,+6,8.5,社台ファーム,千歳市,エピファネイア,エッグドロップ,"Alphabet Soup",18,3,5,,(美),上原博之
1勝,202508300403030902,"2025. 8.30",新潟,ハルオーブ,牡,5,内田博幸, 58 ,18,16,芝,1400,A,良,1231,2.4,,,5,5,36.8,16,44.4,,49.30,47.9,,A03,0,    0.0,2020104732,(101.3),,,0.6,中団,中団,34.73,470,-2,101.3,藤沢牧場,新ひだか町,ディーマジェスティ,ハルダヨリ,ファルブラヴ,18,1,2,,(美),武井亮
新馬,202508300403030515,"2025. 8.30",新潟,ラウンドヒル,牝,2,原優介, 55 ,18,５,芝,1400,A,良,1237,0.6,,,2,2,36.2,13,48.4,*,50.07,49.6,,A03,75,,2023105751,(319.5),,,0.1,先行,先行,35.63,460,,319.5,静内フアーム,新ひだか町,ベストウォーリア,レイテストバード,サマーバード,18,7,15,,(美),田島俊明
新馬,202508300403030518,"2025. 8.30",新潟,シャオママル,牡,2,大野拓弥, 55 ,18,９,芝,1400,A,良,1242,1.1,,,17,17,34.8,1,56.5,*,50.07,49.6,,A03,0,,2023100776,(42.6),,,2.0,後方,後方,37.05,438,,42.6,木部ファーム,日高町,アルアイン,ジレーネ,キングカメハメハ,18,8,18,,(美),加藤士津
未勝利,202508300403030308,"2025. 8.30",新潟,ニンジャトットリ,牡,2,木幡育也, 55 ,11,８,芝,1800,A,良,1497,1.9,,,5,6,36.4,8,50.7,,55.67,54.9,,A03,0,,2023106658,(32.6),,,0.3,中団,中団,36.65,450,-4,32.6,へいはた牧場,新ひだか町,ミッキーアイル,ディアデム,シンボリクリスエス,11,7,8,,(美),松永康利
ｵｰﾌﾟﾝ,202508300403030112,"2025. 8.30",新潟,プラチナドリーム,牡,6,石神深一, 61 ,13,２,芝,3250,A,良,3356,0.3,5,6,2,2,13.3,,,,,,,A00,570,,2019106330,(6.4),230,2940,,先行,先行,,486,-2,6.4,千代田牧場,新ひだか町,ホッコータルマエ,サティーヌアロム,シンボリクリスエス,13,8,12,,(美),菊川正達
1勝,202508300102031216,"2025. 8.30",札幌,ムチャスグラシアス,牝,4,佐々木大, 56 ,16,１,芝,1200,B,稍,1102,-0.4,,,4,3,35.0,1,50.6,*,47.00,46.1,,A03,800,,2021104217,1800,530,13100,0.8,先行,先行,35.20,450,0,18.0,友田牧場,新ひだか町,カリフォルニアクローム,ロスグラシアレス,シンボリクリスエス,15,8,16,,(美),菊川正達
1勝,202508300102031207,"2025. 8.30",札幌,ザングウィル,牡,5,浜中俊, 58 ,16,12,芝,1200,B,稍,1119,1.7,,,14,14,35.5,8,52.5,,47.00,46.1,,A03,0,,2020110051,(34.1),,,2.0,後方,後方,36.40,514,+6,34.1,"J. Lenihan",愛,"Dandy Man",Zaaqya,Nayef,15,4,7,,(栗),佐藤悠太
1勝,202508300102031212,"2025. 8.30",札幌,グランテレーズ,牝,4,落合玄太, 56 ,16,13,芝,1200,B,稍,1121,1.9,,,3,3,37.1,14,44.3,,47.00,46.1,,A03,0,,2021102401,(42.8),,,0.6,先行,先行,35.00,458,+4,42.8,坂東牧場,平取町,シュヴァルグラン,アドマイヤテレサ,エリシオ,15,6,12,,(栗),渡辺薫彦
1勝,202508300102030810,"2025. 8.30",札幌,ミスティマウンテン,牡,3,横山武史, 55 ,11,２,ダ,1700,,重,1450,0.5,8,8,10,6,36.8,2,51.1,*,50.67,47.5,,003,320,,2022101684,(3.7),130,410,1.2,中団,差し,37.20,446,+2,3.7,ダーレー・ジャパン・ファーム,日高町,サンダースノー,ブルーミスト,スクリーンヒーロー,11,8,10,,(美),池上昌和
1勝,202508300102030707,"2025. 8.30",札幌,ミニョンマルーン,牝,3,小林美駒,51▲,12,１,ダ,1000,,重,0579,-0.1,,,2,2,34.6,3,51.0,*,51.77,50.3,,A03,800,,2022103151,260,130,2760,0.1,先行,先行,34.95,472,-4,2.6,ビクトリーホースランチ,浦河町,ミスターメロディ,タイキマロン,ファスリエフ,12,6,7,,(美),伊藤圭三
1勝,202508300102030710,"2025. 8.30",札幌,ペレグリン,牝,4,浜中俊, 56 ,12,３,ダ,1000,,重,0585,0.6,,,8,8,34.5,2,54.3,*,51.77,50.3,,A03,200,,2021100906,(13.1),250,,0.8,中団,差し,36.00,438,+4,13.1,バンブー牧場,浦河町,バンブーエール,フラミンゴ,マルカシェンク,12,7,10,,(栗),河嶋宏樹
未勝利,202508300102030607,"2025. 8.30",札幌,サイモンイロハニー,牝,3,川又賢治, 55 ,16,５,芝,2000,B,稍,2046,0.7,13,13,12,9,37.5,4,49.5,*,46.57,44.0,,003,56,,2022104164,(62.7),,,2.0,中団,中団,37.33,418,+2,62.7,千代田牧場,新ひだか町,ゴールドシップ,ブライテストリング,ダノンシャンティ,16,4,7,*,(栗),谷潔
新馬,202508300102030510,"2025. 8.30",札幌,インシオン,牡,2,丹内祐次, 55 ,13,５,ダ,1700,,重,1473,1.0,11,10,9,7,37.8,4,50.3,*,49.57,49.7,,A03,75,,2023107203,(8.4),,,0.8,中団,中団,37.91,502,,8.4,ノーザンファーム,安平町,ドレフォン,プラウドスペル,"Proud Citizen",13,7,10,,(栗),藤原英昭
未勝利,202508300102030307,"2025. 8.30",札幌,スイッチビスケット,牡,3,吉田隼人, 57 ,14,９,ダ,1700,,重,1472,2.1,8,7,7,7,39.8,9,42.4,,45.53,44.0,,003,0,,2022106295,(304.2),,,0.9,中団,中団,36.76,486,+14,304.2,シンユウフアーム,新冠町,サトノクラウン,ジュエルトウショウ,アグネスタキオン,14,5,7,,(栗),森田直行
未勝利,202508300102030201,"2025. 8.30",札幌,ショウナンバーボン,牡,2,横山和生, 55 ,7,３,芝,1800,B,稍,1531,0.9,1,1,1,1,37.6,3,50.4,*,53.17,52.9,,A03,140,,2023106620,(15.5),,,0.0,逃げ,逃げ,37.75,448,+4,15.5,信岡牧場,浦河町,サートゥルナーリア,レッドアルジーヌ,ハーツクライ,7,1,1,,(美),加藤士津
3勝,202508240704021105,"2025. 8.24",中京,ヒーローインチーフ,セ,4,富田暁, 58 ,9,３,芝,1200,B,良,1078,0.6,,,9,9,33.3,2,53.6,*,52.60,50.6,,A04,460,    3.1,2021106661,(23.1),330,,0.8,後方,追込,34.50,446,-2,23.1,ハクツ牧場,新冠町,ディスクリートキャット,カクテルラウンジ,タニノギムレット,9,5,5,,(栗),吉田直弘
新馬,202508240704020501,"2025. 8.24",中京,アーサーバローズ,牡,2,小沢大仁, 55 ,5,５,芝,2000,B,良,2069,1.0,2,2,2,2,34.6,5,64.3,*,66.63,67.3,,003,75,,2023105468,(3.8),,,0.1,先行,先行,39.56,484,,3.8,静内フジカワ牧場,新ひだか町,キセキ,シーカーマ,"Exchange Rate",5,1,1,,(栗),寺島良
未勝利,202508240704020305,"2025. 8.24",中京,カクウチ,牡,2,国分優作, 55 ,8,４,芝,1600,B,良,1338,0.4,,7,8,8,34.3,1,54.1,*,53.20,51.0,,A03,84,,2023101405,(6.7),,,0.9,後方,追込,35.70,454,-2,6.7,碧雲牧場,日高町,アドマイヤマーズ,トウカイファイン,フレンチデピュティ,8,5,5,,(栗),小崎憲
未勝利,202508240704020101,"2025. 8.24",中京,アメリカンピース,セ,7,小坂忠士, 60 ,11,１,芝,3000,B,良,3187,-0.5,1,1,1,2,13.2,,,,,,,A00,840,,2018110131,530,170,2080,,逃げ,逃げ,,460,+2,5.3,"Don Alberto Corporation",米,Tapit,"La Cloche",Ghostzapper,11,1,1,*,(栗),東田明士
1勝,202508240403020807,"2025. 8.24",新潟,ノーブルアクト,牝,5,水沼元輝,53▲,10,３,ダ,1800,,良,1530,0.5,5,5,5,5,38.0,2,48.7,*,49.37,47.3,牝,023,200,,2020104744,(7.6),190,,0.7,中団,差し,37.50,514,+8,7.6,フジワラフアーム,新ひだか町,マクフィ,クイーンロイド,ゼンノロブロイ,10,7,7,,(美),上原博之
新馬,202508240403020508,"2025. 8.24",新潟,ポップアップ,牡,2,小崎綾也, 55 ,14,10,芝,2000,A,良,2057,1.8,9,9,9,10,37.1,9,52.3,,55.37,52.2,,A03,0,,2023105444,(24.3),,,1.3,中団,中団,37.97,476,,24.3,白井牧場,日高町,ロジャーバローズ,ネガイ,ルーラーシップ,14,5,8,,(栗),寺島良
1勝,202508240102020908,"2025. 8.24",札幌,シンゼンカガ,牡,3,武豊, 55 ,13,２,芝,2000,B,良,2020,0.7,5,5,5,3,36.4,4,50.8,*,50.80,50.4,,A03,440,   10.6,2022105345,(3.1),130,3070,0.6,先行,先行,36.69,448,+6,3.1,社台ファーム,千歳市,トーセンラー,シアン,"Smart Strike",13,6,8,,(栗),荒川義之
1勝,202508240102020913,"2025. 8.24",札幌,メイショウビストロ,牡,3,松山弘平, 55 ,13,11,芝,2000,B,良,2037,2.4,8,10,9,9,37.6,11,48.1,,50.80,50.4,,A03,0,    0.0,2022103251,(7.0),,,1.1,後方,後方,36.90,450,+12,7.0,三嶋牧場,浦河町,カリフォルニアクローム,メイショウオワラ,ディープブリランテ,13,8,13,,(栗),岡田稲男
1勝,202508240102020707,"2025. 8.24",札幌,タミゼ,牝,4,和田陽希,53▲,11,１,ダ,1000,,良,0594,-0.1,,,2,2,35.6,1,50.3,*,49.63,49.6,,003,800,,2021100650,810,130,1840,0.1,先行,先行,35.70,488,-2,8.1,笠松牧場,浦河町,リオンディーズ,フレンチトースト,フレンチデピュティ,11,6,7,,(栗),平田修
1勝,202508240102020702,"2025. 8.24",札幌,ラブミーナッソー,牝,3,古川吉洋, 54 ,11,５,ダ,1000,,良,1003,0.9,,,9,7,35.9,4,51.9,*,49.63,49.6,,003,80,,2022103453,(16.4),,,0.7,中団,中団,36.60,452,-12,16.4,伊藤敏明,新ひだか町,コパノリッキー,バックアタック,アグネスデジタル,11,2,2,,(栗),宮徹
未勝利,202508240102020405,"2025. 8.24",札幌,キングズトゥルー,牡,3,池添謙一, 57 ,14,４,芝,2600,B,良,2430,0.5,11,11,1,2,39.0,5,45.4,*,47.63,46.6,,A03,84,,2022103510,(8.9),,,0.0,ﾏｸﾘ,ﾏｸﾘ,37.20,452,+4,8.9,岡田スタツド,新ひだか町,ウインブライト,クイーンズトゥルー,キングカメハメハ,13,4,5,,(美),大竹正博
未勝利,202508240102020404,"2025. 8.24",札幌,シャインフリーリー,牡,3,丹内祐次, 57 ,14,５,芝,2600,B,良,2435,1.0,3,3,3,3,39.2,6,45.1,*,47.63,46.6,,A03,56,,2022101495,(3.9),,,0.3,先行,先行,37.29,466,-4,3.9,白井牧場,日高町,ウインブライト,フィールフリーリー,アグネスタキオン,13,3,4,,(美),矢嶋大樹
未勝利,202508240102020304,"2025. 8.24",札幌,ビービーバザーク,牡,3,武豊, 57 ,14,２,ダ,1700,,良,1468,0.3,6,4,3,2,38.8,4,45.6,*,45.60,45.6,,003,220,,2022102397,(4.3),140,500,0.2,先行,先行,37.09,492,+2,4.3,坂東牧場,平取町,シニスターミニスター,カリビアンロマンス,コマンズ,14,3,4,,(栗),武幸四郎
未勝利,202508240102020212,"2025. 8.24",札幌,アニマレイ,牡,2,ティータ, 55 ,12,３,芝,1500,B,良,1300,0.2,,4,5,3,35.5,3,52.3,*,52.50,51.5,,A03,140,,2023105279,(4.0),120,,0.3,先行,先行,36.33,474,+6,4.0,ノーザンファーム,安平町,ニューイヤーズデイ,ガルデルスリール,ダイワメジャー,11,8,12,,(栗),須貝尚介
未勝利,202508240102020203,"2025. 8.24",札幌,シャルムグリーン,牡,2,丹内祐次, 55 ,12,６,芝,1500,B,良,1304,0.6,,10,8,6,35.6,4,52.6,*,52.50,51.5,,A03,0,,2023101459,(16.3),,,0.6,中団,中団,36.53,476,0,16.3,本間牧場,日高町,スワーヴリチャード,ファータグリーン,タニノギムレット,11,3,3,,(美),相沢郁
新馬,202508230704010611,"2025. 8.23",中京,モンサンゴールデン,牡,2,池添謙一, 55 ,12,２,ダ,1800,,良,1562,1.1,2,2,2,2,38.7,4,50.1,*,51.33,52.7,,A03,300,,2023104044,(4.4),160,2560,0.1,先行,先行,38.75,466,,4.4,川島牧場,新冠町,シルバーステート,ウインアンジェラス,Bertolini,12,8,11,,(栗),中竹和也
新馬,202508230704010607,"2025. 8.23",中京,ザキノフレンズ,牡,2,小沢大仁, 55 ,12,12,ダ,1800,,良,2077,12.6,6,6,6,10,49.7,12,28.5,,51.33,52.7,,A03,0,,2023104433,(14.6),,,0.6,後方,後方,39.00,506,,14.6,ハクレイファーム,新冠町,モーニン,ザデイ,シンボリクリスエス,12,6,7,*,(栗),東田明士
新馬,202508230704010504,"2025. 8.23",中京,マイリトルヒーロー,牡,2,永島まな,53◇,10,３,芝,1400,B,良,1225,0.2,,,4,4,34.7,1,53.3,*,52.50,51.9,,A03,190,,2023106785,(3.1),120,,0.4,先行,先行,35.85,458,,3.1,上野正恵,新ひだか町,イスラボニータ,プレシャスガール,Speightstown,10,4,4,,(栗),高橋康之
未勝利,202508230704010305,"2025. 8.23",中京,スワトウ,牝,2,松若風馬, 55 ,9,５,芝,1400,B,良,1214,0.2,,,9,7,33.6,2,56.7,*,55.33,53.6,牝,023,56,,2023103333,(61.3),,,0.7,後方,後方,35.85,436,+2,61.3,社台ファーム,千歳市,アルアイン,インランジェリー,"Empire Maker",9,5,5,,(栗),牧田和弥
ｵｰﾌﾟﾝ,202508230704010101,"2025. 8.23",中京,パープルアドミラル,牡,5,金子光希, 60 ,6,２,芝,3330,B,良,3393,1.6,4,4,3,3,13.2,,,,,,,A00,570,,2020104328,(26.8),880,1810,,先行,先行,,438,-6,26.8,聖心台牧場,新ひだか町,シビルウォー,ママノヨリミチ,マンハッタンカフェ,6,1,1,,(美),堀内岳志
2勝,202508230403010909,"2025. 8.23",新潟,パラサイコロジー,牝,3,大野拓弥, 54 ,15,５,ダ,1200,,良,1109,0.6,,,1,1,37.5,12,39.1,*,43.27,40.5,,A03,155,    0.0,2022104862,(1.7),,,0.0,逃げ,逃げ,33.40,478,+2,1.7,ノーザンファーム,安平町,モズアスコット,スペルオンミー,ダイワメジャー,15,5,9,,(美),新開幸一
新馬,202508230403010505,"2025. 8.23",新潟,ショウナンタヅナ,牡,2,岩田康誠, 55 ,13,10,芝,1600,A,良,1397,1.1,,,13,12,33.8,5,67.0,,67.90,65.0,,A03,0,,2023100531,(16.6),,,1.1,後方,後方,39.54,458,,16.6,二風谷ファーム,平取町,ドレフォン,ウインフロレゾン,フジキセキ,13,4,5,,(美),武市康男
未勝利,202508230403010209,"2025. 8.23",新潟,メリザンド,牝,3,岩田望来, 55 ,14,13,ダ,1800,,良,1577,2.9,8,9,9,11,41.8,13,40.8,,45.00,43.5,牝,023,0,,2022105182,(11.0),,,1.1,後方,後方,37.95,466,+10,11.0,ノーザンファーム,安平町,サトノダイヤモンド,ロザリンド,シンボリクリスエス,14,6,9,,(美),小手川準
1勝,202508230102010801,"2025. 8.23",札幌,ルシタニア,牡,3,バデル, 55 ,9,４,ダ,2400,,稍,2356,1.0,3,3,5,5,38.8,3,50.3,*,50.97,51.2,,A03,120,,2022104640,(9.7),,,0.5,中団,差し,38.93,482,+6,9.7,ノーザンファーム,安平町,レイデオロ,イスパニダ,"Pure Prize",9,1,1,,(栗),武幸四郎
新馬,202508230102010504,"2025. 8.23",札幌,グリオンヴール,牡,2,ルメール, 55 ,9,１,芝,1500,B,稍,1309,-1.2,,5,2,2,35.2,1,55.5,*,52.97,55.0,,003,750,,2023106883,120,100,1040,0.1,先行,先行,37.13,468,,1.2,ノーザンファーム,安平町,エピファネイア,イーデンキー,"No Nay Never",9,4,4,*,(美),宮田敬介
新馬,202508230102010509,"2025. 8.23",札幌,ミスジェイド,牝,2,鷲頭虎太,53△,9,７,芝,1500,B,稍,1352,4.3,,1,2,7,39.5,8,44.0,,52.97,55.0,,003,0,,2023104199,(10.8),,,0.1,逃げ,逃げ,37.13,444,,10.8,大栄牧場,新冠町,Blame,アッシャー,"Harlan's Holiday",9,8,9,,(栗),杉山佳明
1勝,202508170703080805,"2025. 8.17",中京,ピースヒロフェイス,牝,4,吉村誠之, 56 ,6,２,芝,2000,A,良,2042,0.1,5,4,2,2,33.3,2,67.0,*,67.20,66.4,,A04,440,    4.6,2021105769,(11.6),190,340,0.2,先行,先行,38.96,460,-4,11.6,ノーザンファーム,安平町,サトノダイヤモンド,ペルヴィアンリリー,フレンチデピュティ,6,5,5,,(美),牧光二
2勝,202508170703080614,"2025. 8.17",中京,ヴェロクオーレ,牝,4,高杉吏麒, 56 ,16,２,ダ,1400,,良,1242,0.0,,,1,1,36.5,3,48.0,*,48.37,48.0,,A03,620,    9.8,2021101397,(7.8),290,17070,0.0,逃げ,逃げ,35.78,472,0,7.8,下河辺牧場,日高町,ドゥラメンテ,サトノジョリー,Bernardini,16,7,14,,(栗),石坂公一
新馬,202508170703080209,"2025. 8.17",中京,キーンセンス,牡,2,坂井瑠星, 55 ,16,１,ダ,1400,,良,1261,-0.1,,,2,2,37.6,2,46.7,*,46.53,46.3,,A03,750,,2023110036,380,200,3900,0.1,先行,先行,36.38,514,,3.8,"Stonehaven Steadings",米,Munnings,Canny,"Big Brown",16,5,9,,(栗),松永幹夫
新馬,202508170703080215,"2025. 8.17",中京,エブリデイ,牡,2,高杉吏麒,54☆,16,３,ダ,1400,,良,1275,1.4,,,4,4,38.7,7,44.6,*,46.53,46.3,,A03,190,,2023102902,(20.2),600,,0.4,先行,先行,36.60,498,,20.2,千代田牧場,新ひだか町,フォーウィールドライブ,コハルビヨリ,マンハッタンカフェ,16,8,15,,(栗),北出成人
未勝利,202508170703080103,"2025. 8.17",中京,リントゥラウル,牡,2,酒井学, 55 ,7,４,芝,2000,A,良,2024,1.7,3,3,3,3,35.7,4,54.1,,57.93,54.5,,A03,84,,2023101735,(72.9),,,1.1,先行,先行,37.16,454,-8,72.9,高昭牧場,浦河町,キズナ,ノースパストラル,キングヘイロー,7,3,3,,(栗),秋山真一
1勝,202508170402081108,"2025. 8.17",新潟,ビップチェイス,牡,4,江田照男, 58 ,11,３,芝,2400,A,良,2258,0.4,5,5,5,3,36.0,3,51.7,*,52.07,50.6,,003,200,,2021105763,(34.7),510,,0.6,先行,先行,36.60,464,+6,34.7,ノーザンファーム,安平町,アルアイン,ベッラレイア,ナリタトップロード,11,7,8,,(美),田島俊明
1勝,202508170402081105,"2025. 8.17",新潟,ルージュスティーズ,牝,3,三浦皇成, 53 ,11,５,芝,2400,A,良,2261,0.7,5,5,6,6,36.2,4,51.2,*,52.07,50.6,,003,80,,2022103063,(6.8),,,0.7,中団,中団,36.63,492,+12,6.8,富田牧場,浦河町,ハービンジャー,レッドコルディス,ハーツクライ,11,5,5,,(栗),斉藤崇史
1勝,202508170402081104,"2025. 8.17",新潟,ダノンピクチャー,牡,3,戸崎圭太, 55 ,11,９,芝,2400,A,良,2277,2.3,3,3,3,6,38.0,9,46.2,,52.07,50.6,,003,0,,2022104980,(3.8),,,0.5,中団,中団,36.57,492,+16,3.8,ノーザンファーム,安平町,ドゥラメンテ,ファイナルスコア,"Dylan Thomas",11,4,4,,(美),田中博康
未勝利,202508170402080208,"2025. 8.17",新潟,ヨドノタイヨウ,牡,3,小林凌大, 57 ,15,４,ダ,1800,,良,1558,1.4,7,5,5,4,40.4,5,43.3,*,44.63,42.6,,003,84,,2022100348,(3.8),,,1.1,先行,先行,37.70,498,-4,3.8,林農場,浦河町,ミッキーロケット,ストロベリーハーツ,ハーツクライ,15,5,8,,(美),小西一男
未勝利,202508170402080101,"2025. 8.17",新潟,ローンウルフ,牡,4,大江原圭, 60 ,13,６,芝,2850,A,良,3092,1.3,2,2,1,2,13.3,,,,,,,A00,0,,2021104112,(13.1),,,,逃げ,逃げ,,476,-2,13.1,千代田牧場,新ひだか町,リアルインパクト,シェリレーヌ,Mineshaft,13,1,1,,(美),武市康男
1勝,202508170101080912,"2025. 8.17",札幌,ハリウッドメモリー,牝,3,横山和生, 54 ,16,１,芝,1200,A,稍,1101,-0.2,,,9,7,34.5,1,53.2,*,52.63,48.6,,A04,1110,   37.1,2022100632,730,280,10260,0.8,中団,差し,35.60,450,-8,7.3,ケイアイファーム,新ひだか町,ロードカナロア,スピニングワイルドキャット,"Hard Spun",16,6,12,,(栗),長谷川浩
1勝,202508170101080901,"2025. 8.17",札幌,グランテレーズ,牝,4,鮫島克駿, 56 ,16,４,芝,1200,A,稍,1103,0.2,,,1,1,35.5,12,48.0,*,52.63,48.6,,A04,170,    0.0,2021102401,(42.5),,,0.0,逃げ,逃げ,34.80,454,-12,42.5,坂東牧場,平取町,シュヴァルグラン,アドマイヤテレサ,エリシオ,16,1,1,,(栗),渡辺薫彦
1勝,202508170101080612,"2025. 8.17",札幌,ミニョンマルーン,牝,3,小林美駒,51▲,12,２,ダ,1000,,稍,0586,0.0,,,1,1,35.6,8,46.9,*,50.40,46.9,,003,320,,2022103151,(1.4),110,690,0.0,逃げ,逃げ,34.50,476,+4,1.4,ビクトリーホースランチ,浦河町,ミスターメロディ,タイキマロン,ファスリエフ,12,8,12,,(美),伊藤圭三
1勝,202508170101080602,"2025. 8.17",札幌,ペレグリン,牝,4,佐々木大, 56 ,12,６,ダ,1000,,稍,0595,0.9,,,10,9,34.5,1,58.7,*,50.40,46.9,,003,0,,2021100906,(9.7),,,2.0,後方,後方,37.50,434,-6,9.7,バンブー牧場,浦河町,バンブーエール,フラミンゴ,マルカシェンク,12,2,2,,(栗),河嶋宏樹
新馬,202508170101080504,"2025. 8.17",札幌,ショウナンバーボン,牡,2,池添謙一, 55 ,5,３,芝,1800,A,稍,1541,1.5,2,2,2,2,37.0,4,54.2,*,57.57,58.1,,003,190,,2023106620,(5.8),,,0.1,先行,先行,38.55,444,,5.8,信岡牧場,浦河町,サートゥルナーリア,レッドアルジーヌ,ハーツクライ,5,4,4,,(美),加藤士津
未勝利,202508170101080403,"2025. 8.17",札幌,ビービーバザーク,牡,3,武豊, 57 ,14,２,ダ,1700,,良,1478,1.0,7,6,7,6,38.0,2,50.2,*,49.23,48.8,,003,220,,2022102397,(2.8),150,810,1.0,中団,差し,38.07,490,+8,2.8,坂東牧場,平取町,シニスターミニスター,カリビアンロマンス,コマンズ,14,3,3,,(栗),武幸四郎
未勝利,202508170101080314,"2025. 8.17",札幌,シャインフリーリー,牡,3,キング, 57 ,16,２,芝,2000,A,良,2027,0.3,13,13,12,8,35.8,1,54.0,*,52.37,49.3,,A03,220,,2022101495,(4.4),150,1150,1.4,中団,差し,37.24,470,0,4.4,白井牧場,日高町,ウインブライト,フィールフリーリー,アグネスタキオン,15,7,14,,(美),矢嶋大樹
1勝,202508160703071205,"2025. 8.16",中京,ラガークイン,牝,4,高杉吏麒,55☆,10,３,芝,1600,A,良,1339,0.2,,3,3,3,33.7,5,57.2,*,57.60,55.4,,003,200,,2021105416,(5.6),150,,0.5,先行,先行,36.12,418,-2,5.6,ノーザンファーム,安平町,リアルインパクト,ウォークロニクル,ウォーエンブレム,10,5,5,,(栗),大久保龍
1勝,202508160703070906,"2025. 8.16",中京,ミルミナーヴァ,牝,4,坂井瑠星, 56 ,16,４,ダ,1200,,良,1120,1.1,,,2,2,36.9,9,45.1,*,47.17,47.5,,A03,120,,2021106332,(13.2),,,0.1,先行,先行,35.10,488,+6,13.2,高瀬牧場,新冠町,ヘニーヒューズ,ランミネルバ,アグネスタキオン,16,3,6,,(栗),西園正都
1勝,202508160703070902,"2025. 8.16",中京,フェニーチェドーロ,牝,3,菱田裕二, 54 ,16,７,ダ,1200,,良,1130,2.1,,,9,7,37.0,10,47.3,,47.17,47.5,,A03,0,,2022101408,(44.5),,,1.0,中団,中団,36.00,442,-8,44.5,下河辺牧場,日高町,ナダル,ゴッドフェニックス,ブライアンズタイム,16,1,2,,(栗),宮本博
3勝,202508160703070707,"2025. 8.16",中京,ドットクルー,牡,5,高杉吏麒, 55 ,9,３,芝,2000,A,良,1586,0.2,6,6,7,6,34.1,1,56.2,*,55.50,54.2,,A03,460,    2.7,2020101486,(16.0),300,,0.6,中団,差し,36.21,468,+4,16.0,佐々木牧場,日高町,ディーマジェスティ,スターオブロゼッタ,ロードカナロア,9,7,7,,(栗),笹田和秀
2勝,202508160703070611,"2025. 8.16",中京,ヒーローインチーフ,セ,4,西塚洸二, 58 ,13,12,芝,1200,A,良,1083,1.2,,,12,12,32.9,1,57.6,*,51.83,50.3,,A04,0,    0.0,2021106661,(13.9),,,1.8,後方,後方,35.40,448,-2,13.9,ハクツ牧場,新冠町,ディスクリートキャット,カクテルラウンジ,タニノギムレット,13,7,11,,(栗),吉田直弘
未勝利,202508160703070404,"2025. 8.16",中京,バルミラクル,牡,3,鮫島良太, 57 ,16,３,ダ,1800,,良,1550,0.5,5,4,5,4,38.6,2,49.0,*,48.73,48.3,,003,140,,2022106177,(8.5),170,,0.5,先行,先行,38.20,438,0,8.5,川島牧場,新冠町,マクフィ,ミラクルクロス,フジキセキ,16,2,4,,(栗),河嶋宏樹
未勝利,202508160703070316,"2025. 8.16",中京,テレプシコーラ,牝,3,団野大成, 55 ,18,１,芝,2200,A,良,2124,-0.4,7,8,8,8,34.3,1,57.3,*,56.17,54.0,,A03,560,,2022100457,1450,410,2320,0.8,中団,差し,36.79,404,-2,14.5,吉田ファーム,浦河町,ルーラーシップ,キスオンザグリーン,オルフェーヴル,18,8,16,,(栗),坂口智康
ＪＧ３,202508160402070906,"2025. 8.16",新潟,ローディアマント,セ,5,伴啓太, 60 ,14,４,芝,3250,A,良,3312,0.7,4,4,8,6,13.0,,,,,,,A00,450,    0.0,2020101429,(31.0),,,,中団,差し,,484,+4,31.0,クラウン日高牧場,日高町,サトノダイヤモンド,ブロッサムレーン,"New Approach",14,4,6,,(美),尾関知人
3勝,202508160402070701,"2025. 8.16",新潟,ワークソング,牡,4,三浦皇成, 58 ,15,４,ダ,1200,,良,1111,0.2,,,10,10,35.7,1,49.2,*,44.13,40.1,,A04,280,    0.0,2021102462,(36.7),,,1.8,中団,差し,35.40,486,+12,36.7,雅牧場,平取町,モーニン,ハッピーラン,フレンチデピュティ,15,1,1,,(栗),牧浦充徳
3勝,202508160402070703,"2025. 8.16",新潟,ビバップ,牡,4,石橋脩, 58 ,15,６,ダ,1200,,良,1116,0.7,,,1,1,38.0,14,38.4,*,44.13,40.1,,A04,0,    0.0,2021102700,(7.6),,,0.0,逃げ,逃げ,33.60,492,+4,7.6,杵臼斉藤牧場,浦河町,モーニン,カプリースレディー,ジャングルポケット,15,2,3,,(栗),清水久詞
3勝,202508160402070709,"2025. 8.16",新潟,イノセントキャット,牝,4,田辺裕信, 56 ,15,９,ダ,1200,,良,1119,1.0,,,7,7,36.7,8,45.9,*,44.13,40.1,,A04,0,    0.0,2021104745,(6.7),,,1.6,中団,中団,35.20,454,0,6.7,追分ファーム,安平町,シュヴァルグラン,イルーシヴキャット,キングカメハメハ,15,5,9,,(美),久保田貴
新馬,202508160402070517,"2025. 8.16",新潟,ベレーバスク,牝,2,石神深道,52▲,17,１,芝,1400,A,良,1217,-0.5,,,3,3,34.9,2,50.6,*,50.17,49.1,牝,023,750,,2023106477,500,190,1490,0.3,先行,先行,35.10,444,,5.0,ビッグレッドファーム,新冠町,ベンバトル,マイネサヴァラン,マンハッタンカフェ,17,8,17,,(美),清水英克
新馬,202508160402070511,"2025. 8.16",新潟,リーデレクオーレ,牝,2,柴田大知, 55 ,17,６,芝,1400,A,良,1229,1.2,,,3,4,36.0,10,47.7,,50.17,49.1,牝,023,0,,2023104425,(118.2),,,0.4,先行,先行,35.18,420,,118.2,ハクツ牧場,新冠町,アルアイン,ゴルトメーネ,バゴ,17,6,11,,(美),土田稔
新馬,202508160402070403,"2025. 8.16",新潟,ニンジャトットリ,牡,2,木幡育也, 55 ,11,４,芝,1600,A,良,1368,1.3,,,8,8,34.4,3,58.8,*,58.63,59.0,,003,110,,2023106658,(10.6),,,0.8,中団,差し,37.44,454,,10.6,へいはた牧場,新ひだか町,ミッキーアイル,ディアデム,シンボリクリスエス,11,3,3,,(美),松永康利
2勝,202508160101071007,"2025. 8.16",札幌,エルサトアナ,牝,3,松本大輝, 54 ,13,５,芝,1200,A,良,1088,0.2,,,1,2,34.3,13,50.6,*,55.03,51.2,牝,023,155,    0.0,2022100933,(7.7),,,0.0,逃げ,逃げ,34.50,434,+8,7.7,三石川上牧場,新ひだか町,カリフォルニアクローム,クイーンハーツ,キングカメハメハ,13,5,7,,(栗),本田優
2勝,202508160101071004,"2025. 8.16",札幌,スムースベルベット,牝,5,黛弘人, 56 ,13,９,芝,1200,A,良,1090,0.4,,,4,4,34.1,10,52.3,*,55.03,51.2,牝,023,0,    0.0,2020106987,(62.5),,,0.4,先行,先行,34.90,510,+2,62.5,ミルファーム,浦河町,ディスクリートキャット,ローブドヴルール,サウスヴィグラス,13,4,4,,(美),南田美知
1勝,202508160101070803,"2025. 8.16",札幌,ブレイジングスター,牡,3,和田陽希,52▲,14,４,ダ,1700,,良,1463,0.5,8,8,7,8,38.6,6,45.7,*,44.83,44.6,,003,120,,2022103644,(8.6),,,0.5,中団,差し,36.93,466,-12,8.6,岡野牧場,新ひだか町,モーニン,ヴァーチュスター,"Symboli Kris S",14,3,3,,(栗),高橋康之
1勝,202508160101070708,"2025. 8.16",札幌,サリーチェ,牝,3,佐々木大, 53 ,9,４,芝,2600,A,良,2427,0.3,2,2,2,2,35.7,6,56.7,*,57.97,57.2,,004,120,,2022104794,(5.6),,,0.1,先行,先行,38.10,474,+6,5.6,ノーザンファーム,安平町,ドゥラメンテ,サロミナ,Lomitas,9,8,8,,(栗),池添学
1勝,202508160101070705,"2025. 8.16",札幌,ペリプルス,牡,5,舟山瑠泉,55▲,9,８,芝,2600,A,良,2433,0.9,7,7,7,7,35.7,6,57.2,*,57.97,57.2,,004,0,,2020105796,(32.2),,,0.7,後方,後方,38.28,446,+4,32.2,ビッグレッドファーム,新冠町,ゴールドシップ,マイネリベルタス,コンデュイット,9,5,5,,(美),佐藤吉勝
未勝利,202508160101070610,"2025. 8.16",札幌,ミスティマウンテン,牡,3,横山武史, 57 ,14,１,ダ,1700,,良,1467,-0.2,4,5,3,3,38.2,1,47.8,*,47.33,46.6,,003,560,,2022101684,460,160,1050,0.3,先行,先行,37.36,444,+2,4.6,ダーレー・ジャパン・ファーム,日高町,サンダースノー,ブルーミスト,スクリーンヒーロー,14,6,10,,(美),池上昌和
未勝利,202508160101070101,"2025. 8.16",札幌,ハイライトニング,牡,2,横山和生, 55 ,7,４,芝,1800,A,良,1501,1.3,7,6,5,6,35.7,4,54.2,,55.90,55.9,,A03,84,,2023105381,(10.8),,,0.5,後方,追込,37.20,480,+6,10.8,千代田牧場,新ひだか町,リアルスティール,マニクール,ヘニーヒューズ,7,1,1,,(美),嘉藤貴行
1勝,202508100703061213,"2025. 8.10",中京,アスクムービーオン,牡,4,荻野極, 58 ,15,10,芝,1400,A,良,1215,1.3,,,15,15,34.0,4,54.8,*,52.07,48.3,,004,0,,2021102318,(32.0),,,2.0,後方,後方,35.63,470,-2,32.0,"ASK STUD",平取町,ドゥラメンテ,ハニートリップ,マンハッタンカフェ,15,7,13,,(栗),前川恭子
未勝利,202508100703061104,"2025. 8.10",中京,フィオレストラーダ,牝,3,団野大成, 55 ,16,７,芝,1600,A,良,1355,0.4,,6,5,7,33.7,5,60.0,*,58.90,58.3,牝,023,0,,2022100626,(4.2),,,0.6,中団,中団,37.08,452,-4,4.2,ケイアイファーム,新ひだか町,エピファネイア,キャトルフィーユ,ディープインパクト,15,2,4,,(栗),杉山晴紀
2勝,202508100703060607,"2025. 8.10",中京,バンフィエルド,牡,6,長岡禎仁, 58 ,9,３,芝,2000,A,良,1593,0.6,6,7,6,6,34.4,4,55.8,*,55.87,55.5,,A04,390,    2.9,2019104531,(38.9),360,,0.5,中団,差し,36.39,428,-4,38.9,社台コーポレーション白老ファーム,白老町,オルフェーヴル,エヴィータアルゼンティーナ,"Candy Ride",9,7,7,,(栗),緒方努
2勝,202508100703060605,"2025. 8.10",中京,プリズマジコ,牡,4,秋山稔樹, 58 ,9,４,芝,2000,A,良,1594,0.7,6,5,6,6,34.5,6,55.5,*,55.87,55.5,,A04,230,    0.0,2021106077,(4.8),,,0.5,中団,差し,36.39,444,-8,4.8,大狩部牧場,新冠町,キズナ,グラントリノ,グランデラ,9,5,5,,(栗),高橋義忠
未勝利,202508100703060311,"2025. 8.10",中京,フォーエバーラブ,牡,2,田口貫太, 55 ,12,９,芝,1600,A,良,1363,3.1,,5,3,2,37.8,12,42.9,,51.33,50.7,,003,0,,2023102941,(120.7),,,0.1,先行,先行,35.10,452,-6,120.7,千代田牧場,新ひだか町,ミスターメロディ,プレシャスメイト,ステイゴールド,12,8,11,,(美),金成貴史
1勝,202508100402061204,"2025. 8.10",新潟,ウフドゥウフ,牡,3,木幡巧也, 55 ,18,３,芝,1400,A,重,1240,0.0,,,10,8,35.5,3,52.5,*,50.37,48.1,,A04,200,,2022105257,(11.4),320,,0.9,中団,差し,36.38,480,-2,11.4,社台ファーム,千歳市,エピファネイア,エッグドロップ,"Alphabet Soup",18,2,4,,(美),上原博之
1勝,202508100402061207,"2025. 8.10",新潟,ハルオーブ,牡,5,石神深道,55▲,18,13,芝,1400,A,重,1249,0.9,,,10,11,36.4,10,49.9,*,50.37,48.1,,A04,0,,2020104732,(34.1),,,0.9,中団,中団,36.38,472,+10,34.1,藤沢牧場,新ひだか町,ディーマジェスティ,ハルダヨリ,ファルブラヴ,18,4,7,,(美),武井亮
1勝,202508100402061108,"2025. 8.10",新潟,ズイウンゴサイ,牡,4,丸田恭介, 58 ,14,１,芝,2000,A,重,2031,-0.0,,,11,11,33.5,1,64.6,*,62.23,59.2,,A03,800,,2021100597,790,200,2250,1.2,後方,追込,38.40,466,+8,7.9,エムエム、ヤマダファーム,浦河町,シュヴァルグラン,ブルーインザスカイ,チチカステナンゴ,14,5,8,,(美),武市康男
1勝,202508100402061105,"2025. 8.10",新潟,ピースヒロフェイス,牝,4,津村明秀, 56 ,14,８,芝,2000,A,重,2041,1.0,,,7,7,34.8,6,60.0,*,62.23,59.2,,A03,0,,2021105769,(15.7),,,0.9,中団,中団,38.27,464,-2,15.7,ノーザンファーム,安平町,サトノダイヤモンド,ペルヴィアンリリー,フレンチデピュティ,14,4,5,,(美),牧光二
1勝,202508100402061101,"2025. 8.10",新潟,レインオンミー,牡,3,今村聖奈,53◇,14,11,芝,2000,A,重,2048,1.7,,,14,14,34.5,4,62.2,*,62.23,59.2,,A03,0,,2022104117,(16.7),,,1.9,後方,後方,38.70,482,+8,16.7,千代田牧場,新ひだか町,リアルスティール,アルマリンピア,タイキシャトル,14,1,1,,(栗),福永祐一
1勝,202508100402061014,"2025. 8.10",新潟,タリスマン,牡,4,伊藤工真, 58 ,15,５,ダ,1800,,不,1535,0.9,6,6,3,3,38.8,9,46.3,*,49.50,47.4,,A03,80,,2021104618,(113.0),,,0.3,先行,先行,37.35,470,-6,113.0,リトルブルーファーム,清水町,タリスマニック,クロエチャン,スパイキュール,15,8,14,,(美),金成貴史
1勝,202508100402061002,"2025. 8.10",新潟,シュガーハイ,牡,3,高杉吏麒,54☆,15,14,ダ,1800,,不,1569,4.3,7,7,9,10,41.7,14,40.2,,49.50,47.4,,A03,0,,2022104177,(16.1),,,0.8,中団,中団,37.60,508,-2,16.1,千代田牧場,新ひだか町,リオンディーズ,ミリオンセラー2,"A.P. Indy",15,2,2,,(美),加藤士津
2勝,202508100402060810,"2025. 8.10",新潟,ブルボンクイーン,牝,4,三浦皇成, 56 ,18,10,芝,1000,A,重,0576,1.4,,,,9,34.8,12,48.3,,49.87,47.9,,A03,0,    0.0,2021100297,(35.5),,,0.6,中団,中団,34.20,482,+6,35.5,土居牧場,新ひだか町,キズナ,セレブラール,ボストンハーバー,18,5,10,,(栗),角田晃一
未勝利,202508100402060114,"2025. 8.10",新潟,リュウセイコウテイ,牡,2,野中悠太, 55 ,18,16,芝,1400,A,稍,1242,2.1,,,6,8,37.0,16,45.7,,48.57,47.5,,A03,0,,2023106437,(184.7),,,0.8,中団,中団,35.40,434,0,184.7,ビッグレッドファーム,新冠町,ウインブライト,ケイティラブ,スキャン,18,7,14,,(美),奥平雅士
1勝,202508100101060715,"2025. 8.10",札幌,ストレイトアスク,牝,4,小林美駒,53▲,15,７,芝,1200,A,良,1097,1.0,,,3,4,35.6,12,45.8,*,47.73,45.7,牝,023,0,,2021102312,(9.5),,,0.5,先行,先行,34.10,434,-4,9.5,"ASK STUD",平取町,ロードカナロア,ストレイトガール,フジキセキ,15,8,15,,(栗),藤原英昭
1勝,202508100101060705,"2025. 8.10",札幌,ムチャスグラシアス,牝,4,舟山瑠泉,53▲,15,８,芝,1200,A,良,1098,1.1,,,7,8,35.4,8,47.2,,47.73,45.7,牝,023,0,,2021104217,(15.0),,,0.8,中団,中団,34.40,450,+12,15.0,友田牧場,新ひだか町,カリフォルニアクローム,ロスグラシアレス,シンボリクリスエス,15,3,5,,(美),菊川正達
未勝利,202508100101060607,"2025. 8.10",札幌,キングズトゥルー,牡,3,池添謙一, 57 ,14,３,芝,2600,A,良,2435,0.5,3,1,1,1,37.8,6,49.8,*,52.20,51.1,,A03,140,,2022103510,(5.2),190,,0.0,逃げ,逃げ,37.71,448,-2,5.2,岡田スタツド,新ひだか町,ウインブライト,クイーンズトゥルー,キングカメハメハ,14,5,7,,(美),大竹正博
未勝利,202508100101060608,"2025. 8.10",札幌,ジーティートシオー,牡,3,丹内祐次, 57 ,14,10,芝,2600,A,良,2452,2.2,14,14,12,10,37.9,8,50.8,,52.20,51.1,,A03,0,,2022104661,(4.5),,,1.6,中団,中団,38.19,466,+6,4.5,ノーザンファーム,安平町,バゴ,ウォークロニクル,ウォーエンブレム,14,5,8,,(栗),西村真幸
未勝利,202508100101060613,"2025. 8.10",札幌,ソリッドベーシス,セ,3,松本大輝,56☆,14,14,芝,2600,A,良,2461,3.1,11,12,12,13,38.8,14,48.4,,52.20,51.1,,A03,0,,2022105697,(178.2),,,1.6,後方,後方,38.19,482,0,178.2,追分ファーム,安平町,ブリックスアンドモルタル,サイモンミラベル,ダイワメジャー,14,8,13,,(栗),安田翔伍
未勝利,202508100101060310,"2025. 8.10",札幌,サイモンイロハニー,牝,3,鮫島克駿, 55 ,16,14,芝,2000,A,良,2030,2.0,14,14,14,14,35.9,11,54.0,,54.17,54.9,牝,023,0,,2022104164,(49.7),,,1.2,後方,後方,37.33,416,+4,49.7,千代田牧場,新ひだか町,ゴールドシップ,ブライテストリング,ダノンシャンティ,16,5,10,,(栗),谷潔
未勝利,202508100101060106,"2025. 8.10",札幌,ロードアマルフィ,牡,2,横山和生, 55 ,14,12,ダ,1700,,稍,1514,4.7,10,10,7,7,42.4,12,38.8,,46.77,46.2,,A03,0,,2023105786,(5.5),,,0.9,中団,中団,37.64,490,-14,5.5,ケイアイファーム,新ひだか町,ルヴァンスレーヴ,アルセナーレ,クロフネ,14,4,6,,(栗),中村直也
3勝,202508090703050702,"2025. 8. 9",中京,レーウィン,セ,4,岩田康誠, 58 ,16,14,ダ,1800,,良,1555,2.8,14,14,13,16,39.3,14,46.9,,51.40,47.9,,A04,0,    0.0,2021100734,(20.6),,,1.6,後方,後方,38.10,500,-8,20.6,高昭牧場,浦河町,ヘニーヒューズ,フジインザスカイ,ディープスカイ,16,1,2,,(栗),上村洋行
3勝,202508090703050705,"2025. 8. 9",中京,シャンデルナゴル,牡,5,北村友一, 58 ,16,16,ダ,1800,,良,1573,4.6,5,7,10,13,41.4,15,41.7,,51.40,47.9,,A04,0,    0.0,2020103193,(133.9),,,1.3,後方,後方,37.95,498,+4,133.9,ノーザンファーム,安平町,サトノダイヤモンド,アガルタ,キングカメハメハ,16,3,5,,(栗),石坂公一
新馬,202508090703050411,"2025. 8. 9",中京,スワトウ,牝,2,岩田康誠, 55 ,11,７,芝,1400,A,良,1233,1.0,,,8,8,34.5,6,56.1,*,56.20,55.0,,003,0,,2023103333,(10.1),,,0.8,中団,中団,36.60,434,,10.1,社台ファーム,千歳市,アルアイン,インランジェリー,"Empire Maker",10,8,11,,(栗),牧田和弥
ｵｰﾌﾟﾝ,202508090703050102,"2025. 8. 9",中京,ビーンスターク,牡,4,田村太雅, 60 ,9,９,芝,3300,A,良,3416,5.0,7,8,9,9,13.4,,,,,,,A00,0,,2021103578,(37.2),,,,後方,後方,,484,+2,37.2,岡田牧場,新ひだか町,ロジャーバローズ,アートオブビーン,アグネスデジタル,9,2,2,,(栗),森田直行
1勝,202508090402050911,"2025. 8. 9",新潟,ココボロ,牝,4,土田真翔,53▲,14,９,ダ,1800,,良,1552,2.1,9,9,10,8,39.6,9,45.5,,47.37,46.5,牝,023,0,,2021106419,(119.5),,,1.1,中団,中団,37.80,524,+17,119.5,対馬正,新冠町,ビッグアーサー,シルクヴァルキリー,マーベラスサンデー,14,7,11,,(美),松山将樹
ｵｰﾌﾟﾝ,202508090402050808,"2025. 8. 9",新潟,コックオーヴァン,牝,2,津村明秀, 55 ,9,５,芝,1400,A,良,1220,0.5,,,8,9,33.6,2,58.0,*,55.50,53.7,,N04,160,    0.0,2023106405,(17.5),,,1.1,後方,後方,36.30,454,+2,17.5,金石牧場,浦河町,ウインブライト,コスモミール,ヘクタープロテクター,9,8,8,,(美),伊藤伸一
ｵｰﾌﾟﾝ,202508090402050807,"2025. 8. 9",新潟,ヤマメライズ,牡,2,戸崎圭太, 55 ,9,８,芝,1400,A,良,1224,0.9,,,6,5,34.3,6,55.2,*,55.50,53.7,,N04,0,    0.0,2023105128,(7.6),,,0.8,中団,中団,36.08,418,0,7.6,小島牧場,浦河町,サートゥルナーリア,ヴァルドワーズ,ダノンシャンティ,9,7,7,,(美),田島俊明
新馬,202508090402050304,"2025. 8. 9",新潟,ルディドゥゲンジ,牝,2,岩部純二, 55 ,17,11,芝,1200,A,良,1116,1.8,,,3,4,36.5,15,46.2,,51.60,48.3,,A03,0,,2023103934,(220.9),,,0.5,先行,先行,35.10,416,,220.9,安達牧場,新冠町,ファインニードル,ウルバーノ,"Heart's Cry",17,2,4,,(美),蛯名利弘
新馬,202508090402050303,"2025. 8. 9",新潟,ショウナンライラ,牡,2,戸崎圭太, 55 ,17,17,芝,1200,A,良,1141,4.3,,,17,17,35.9,11,56.4,,51.60,48.3,,A03,0,,2023100277,(4.0),,,3.6,後方,後方,38.20,480,,4.0,ヒサイファーム,新ひだか町,サートゥルナーリア,ブルーイリュージョン,Dubawi,17,2,3,,(美),戸田博文
未勝利,202508090402050207,"2025. 8. 9",新潟,ロードフィレール,牡,2,戸崎圭太, 55 ,10,１,芝,2000,A,良,2016,-0.7,2,3,4,4,35.9,1,52.3,*,52.03,49.9,,A03,560,,2023105818,150,110,2040,0.6,先行,先行,36.73,518,+2,1.5,ケイアイファーム,新ひだか町,キズナ,プレミアムギフト,オルフェーヴル,10,7,7,,(栗),吉岡辰弥
1勝,202508090101050807,"2025. 8. 9",札幌,ラブミーナッソー,牝,3,古川吉洋, 53 ,11,11,ダ,1700,,重,1474,1.9,9,8,7,7,38.5,9,47.6,,50.60,43.4,牝,023,0,,2022103453,(6.1),,,2.3,中団,中団,37.58,464,+12,6.1,伊藤敏明,新ひだか町,コパノリッキー,バックアタック,アグネスデジタル,11,6,7,,(栗),宮徹
1勝,202508090101050705,"2025. 8. 9",札幌,ベニシア,牝,4,丹内祐次, 56 ,12,７,ダ,1000,,重,1000,1.4,,,12,11,35.6,1,52.8,*,46.00,46.2,,A03,0,,2021100662,(117.5),,,1.5,後方,後方,36.60,446,-2,117.5,上山牧場,浦河町,ヘニーヒューズ,フクシア,ゴールドアリュール,12,5,5,,(美),粕谷昌央
未勝利,202508090101050201,"2025. 8. 9",札幌,キャットテイル,牝,3,藤岡佑介, 55 ,14,14,ダ,1700,,重,1520,6.8,8,8,8,12,44.3,14,33.4,,42.73,43.3,牝,023,0,,2022101678,(37.8),,,1.3,後方,後方,36.93,422,-2,37.8,ダーレー・ジャパン・ファーム,日高町,ディスクリートキャット,ピクシープリンセス,ディープインパクト,14,1,1,,(栗),野中賢二
未勝利,202508090101050112,"2025. 8. 9",札幌,アニマレイ,牡,2,佐々木大, 55 ,12,２,芝,1500,A,稍,1301,0.0,,6,4,3,36.1,3,49.7,*,51.67,47.9,,A03,220,,2023105279,(1.4),110,1050,0.4,先行,先行,36.00,468,0,1.4,ノーザンファーム,安平町,ニューイヤーズデイ,ガルデルスリール,ダイワメジャー,12,8,12,,(栗),須貝尚介
1勝,202508030703041203,"2025. 8. 3",中京,イリフィ,牝,3,幸英明, 53 ,18,16,芝,1400,A,良,1211,1.3,,,14,13,34.5,12,51.3,,52.00,49.0,,A03,0,,2022110077,(11.5),,,1.2,後方,後方,34.95,416,0,11.5,"Stonethorn Stud Farm Ltd.",愛,"Too Darn Hot",Trethias,"Invincible Spirit",18,2,3,,(栗),高野友和
1勝,202508030703041002,"2025. 8. 3",中京,フェニーチェドーロ,牝,3,松若風馬, 54 ,16,５,ダ,1200,,良,1124,1.0,,,12,13,36.6,3,47.8,*,47.87,43.0,,003,80,,2022101408,(127.1),,,1.4,後方,後方,35.80,450,+12,127.1,下河辺牧場,日高町,ナダル,ゴッドフェニックス,ブライアンズタイム,16,1,2,,(栗),宮本博
未勝利,202508030703040917,"2025. 8. 3",中京,テレプシコーラ,牝,3,吉村誠之,54☆,18,７,芝,2000,A,良,2017,1.3,15,14,11,12,34.4,5,58.8,*,58.43,58.5,牝,023,0,,2022100457,(8.8),,,1.0,中団,中団,37.41,406,-2,8.8,吉田ファーム,浦河町,ルーラーシップ,キスオンザグリーン,オルフェーヴル,17,8,17,,(栗),坂口智康
新馬,202508030703040208,"2025. 8. 3",中京,ケイアイアマゾン,牡,2,幸英明, 55 ,15,９,ダ,1800,,良,2012,4.8,14,15,15,15,41.2,8,47.1,,49.17,47.3,,A03,0,,2023105762,(148.9),,,3.1,後方,後方,40.00,472,,148.9,新冠橋本牧場,新冠町,マインドユアビスケッツ,クインズヌーサ,ゴールドアリュール,15,5,8,,(栗),秋山真一
1勝,202508030402040803,"2025. 8. 3",新潟,パッションリッチ,牡,3,菅原明良, 55 ,11,１,芝,2200,A,良,2123,-0.0,4,4,5,5,34.5,2,56.3,*,56.03,53.4,,A04,1110,   25.2,2022105390,330,150,6330,0.7,中団,差し,36.68,494,+18,3.3,社台ファーム,千歳市,ドゥラメンテ,セータコローナ,"Distorted Humor",11,3,3,,(美),久保田貴
1勝,202508030101041204,"2025. 8. 3",札幌,シャインバオバブ,牡,3,古川吉洋, 55 ,8,５,芝,2600,A,良,2454,0.9,4,5,6,6,35.1,3,61.4,*,61.03,61.4,,A04,111,    0.0,2022106180,(12.0),,,0.7,中団,中団,39.09,506,+4,12.0,川島牧場,新冠町,シルバーステート,レユシット,ルーラーシップ,7,4,4,,(栗),本田優
1勝,202508030101041203,"2025. 8. 3",札幌,ペリプルス,牡,5,吉田隼人, 58 ,8,７,芝,2600,A,良,2458,1.3,6,7,7,7,35.2,4,61.3,,61.03,61.4,,A04,0,    0.0,2020105796,(36.3),,,1.0,後方,後方,39.18,442,-8,36.3,ビッグレッドファーム,新冠町,ゴールドシップ,マイネリベルタス,コンデュイット,7,3,3,,(美),佐藤吉勝
2勝,202508030101041001,"2025. 8. 3",札幌,スムースベルベット,牝,5,黛弘人, 56 ,13,９,芝,1200,A,良,1087,0.3,,,3,5,34.8,9,47.4,*,49.43,46.0,,A03,0,    0.0,2020106987,(202.0),,,0.4,中団,中団,33.90,508,+8,202.0,ミルファーム,浦河町,ディスクリートキャット,ローブドヴルール,サウスヴィグラス,13,1,1,,(美),南田美知
新馬,202508030101040507,"2025. 8. 3",札幌,シャルムグリーン,牡,2,丹内祐次, 55 ,8,６,芝,1800,A,良,1506,3.4,1,2,2,4,38.4,6,44.0,,51.33,52.3,,003,0,,2023101459,(6.8),,,0.2,先行,先行,36.10,476,,6.8,本間牧場,日高町,スワーヴリチャード,ファータグリーン,タニノギムレット,7,7,7,,(美),相沢郁
未勝利,202508030101040408,"2025. 8. 3",札幌,ザハント,牡,3,横山武史, 57 ,14,１,ダ,1700,,良,1471,-0.5,2,2,1,1,39.6,2,43.0,*,42.63,43.0,,003,560,,2022102929,300,150,1990,0.0,逃げ,逃げ,36.82,488,-2,3.0,谷口牧場,浦河町,マジェスティックウォリアー,フミノアマゾン,フジキセキ,14,5,8,,(栗),田中克典
未勝利,202508030101040304,"2025. 8. 3",札幌,シャインフリーリー,牡,3,黛弘人, 57 ,16,３,芝,2000,A,良,2023,0.4,11,12,11,8,34.8,1,57.8,*,56.57,54.7,,A03,140,,2022101495,(10.7),230,,1.0,中団,差し,37.50,470,-4,10.7,白井牧場,日高町,ウインブライト,フィールフリーリー,アグネスタキオン,16,2,4,,(美),矢嶋大樹
未勝利,202508020703031206,"2025. 8. 2",中京,パリコレジェンヌ,牝,3,田口貫太, 55 ,16,１,芝,1200,A,良,1077,-0.1,,,8,8,33.6,2,51.5,*,49.07,47.4,,003,560,,2022104501,1820,420,3000,0.7,中団,差し,34.10,456,+4,18.2,前谷牧場,新ひだか町,ミスターメロディ,ビオレイメル,ワイルドラッシュ,16,3,6,*,(栗),鈴木孝志
1勝,202508020703031102,"2025. 8. 2",中京,キーパフォーマー,牝,4,田山旺佑,53▲,13,３,芝,2000,A,良,2012,0.1,11,11,13,13,33.4,1,62.7,*,61.50,58.0,牝,023,200,,2021104948,(8.4),230,,1.1,後方,追込,37.63,460,0,8.4,社台ファーム,千歳市,キタサンブラック,アンコールピース,ネオユニヴァース,13,2,2,,(栗),佐々木晶
1勝,202508020703031009,"2025. 8. 2",中京,ハクサンアイリス,牡,3,小崎綾也, 55 ,13,２,ダ,1400,,良,1247,0.2,,,2,2,38.8,6,38.7,*,41.50,38.3,,003,320,,2022100328,(2.8),130,680,0.2,先行,先行,34.43,478,-2,2.8,中村雅明,浦河町,ハクサンムーン,キャメロンロード,デュランダル,13,6,9,,(栗),高橋一哉
未勝利,202508020402031212,"2025. 8. 2",新潟,エリナ,牝,3,武藤雅, 55 ,12,10,芝,2000,A,良,2013,1.7,6,6,6,6,35.3,10,54.4,,55.13,53.2,牝,020,0,,2022101492,(120.5),,,1.5,中団,中団,36.86,398,-10,120.5,白井牧場,日高町,カリフォルニアクローム,ヒーラ,ディープインパクト,12,8,12,,(美),戸田博文
1勝,202508020402031009,"2025. 8. 2",新潟,ノーブルアクト,牝,5,水沼元輝,53▲,13,４,ダ,1800,,良,1538,1.2,7,8,8,8,38.3,4,48.6,*,48.63,48.5,,A00,120,,2020104744,(37.0),,,0.8,中団,差し,37.75,506,+4,37.0,フジワラフアーム,新ひだか町,マクフィ,クイーンロイド,ゼンノロブロイ,13,6,9,,(美),上原博之
1勝,202508020402031002,"2025. 8. 2",新潟,プロスペクトパーク,牡,3,荻野極, 55 ,13,９,ダ,1800,,良,1553,2.7,6,6,6,6,40.1,9,43.8,,48.63,48.5,,A00,0,,2022105548,(11.5),,,0.5,中団,中団,37.60,504,+4,11.5,社台ファーム,千歳市,キズナ,ラブリーベルナデット,Wilburn,13,2,2,*,(美),高柳瑞樹
ｵｰﾌﾟﾝ,202508020402030907,"2025. 8. 2",新潟,プラチナドリーム,牡,6,石神深一, 60 ,9,１,芝,2850,A,良,3031,-0.2,8,6,5,5,12.8,,,,,,,A00,1430,,2019106330,3240,490,5550,,中団,差し,,488,+4,32.4,千代田牧場,新ひだか町,ホッコータルマエ,サティーヌアロム,シンボリクリスエス,9,7,7,,(美),菊川正達
新馬,202508020402030413,"2025. 8. 2",新潟,セキテイリノ,牡,2,江田照男, 55 ,13,３,芝,1800,A,良,1484,0.6,,,1,1,33.9,5,59.9,*,62.17,61.9,,A00,190,,2023103447,(111.3),1310,,0.0,逃げ,逃げ,37.25,462,,111.3,社台ファーム,千歳市,サトノダイヤモンド,ステイアライヴ,Iffraaj,12,8,13,,(美),田中剛
新馬,202508020402030410,"2025. 8. 2",新潟,アンリミテッド,牡,2,石橋脩, 55 ,13,５,芝,1800,A,良,1488,1.0,,,8,8,33.6,3,61.9,*,62.17,61.9,,A00,75,,2023104417,(12.8),,,0.7,中団,中団,37.60,486,,12.8,ノースヒルズ,新冠町,キズナ,ラルムドランジュ,Dansili,12,7,10,,(栗),高野友和
新馬,202508020402030408,"2025. 8. 2",新潟,マイネルシュラハト,牡,2,柴田大知, 55 ,13,６,芝,1800,A,良,1493,1.5,,,11,10,33.9,5,61.2,,62.17,61.9,,A00,0,,2023106436,(60.9),,,0.9,後方,後方,37.70,484,,60.9,ビッグレッドファーム,新冠町,ベンバトル,クードヴァン,ディープインパクト,12,6,8,,(美),畠山吉宏
新馬,202508020402030406,"2025. 8. 2",新潟,ジーティーソレイユ,牝,2,丸山元気, 55 ,13,９,芝,1800,A,良,1497,1.9,,,8,8,34.4,8,59.4,,62.17,61.9,,A00,0,,2023103728,(12.4),,,0.8,中団,中団,37.65,422,,12.4,追分ファーム,安平町,キタサンブラック,リメンバーユー,"Invincible Spirit",12,5,6,,(美),千葉直人
未勝利,202508020402030312,"2025. 8. 2",新潟,エレクトロン,牡,2,杉原誠人, 55 ,12,２,芝,1000,A,良,0558,0.6,,,,6,33.0,2,53.6,*,52.10,52.4,,000,220,,2023106608,(12.9),280,8120,0.4,中団,差し,34.20,418,-4,12.9,ミルファーム,浦河町,ビーチパトロール,ヨイミヤ,マツリダゴッホ,12,8,12,*,(美),佐藤吉勝
未勝利,202508020402030109,"2025. 8. 2",新潟,アメリカンピース,セ,7,小坂忠士, 60 ,14,４,芝,2850,A,良,3045,1.7,5,6,4,4,12.9,,,,,,,A00,130,,2018110131,(5.5),,,,先行,先行,,458,+2,5.5,"Don Alberto Corporation",米,Tapit,"La Cloche",Ghostzapper,14,6,9,,(栗),東田明士
2勝,202508020101031007,"2025. 8. 2",札幌,アラタマフェーヴル,牡,4,鮫島克駿, 58 ,14,８,芝,1800,A,良,1480,0.9,12,11,9,12,35.6,7,51.7,*,53.17,50.8,,A04,0,    0.0,2021102115,(25.6),,,0.8,後方,後方,36.20,494,+2,25.6,槇本牧場,日高町,オルフェーヴル,アラタマクリスエス,シンボリクリスエス,14,5,7,*,(栗),浜田多実
1勝,202508020101030710,"2025. 8. 2",札幌,シンゼンカガ,牡,3,武豊, 55 ,10,２,芝,1800,A,良,1467,0.1,6,6,6,6,34.5,1,54.6,*,53.63,52.7,,003,320,,2022105345,(8.0),170,660,0.5,中団,差し,36.10,442,-4,8.0,社台ファーム,千歳市,トーセンラー,シアン,"Smart Strike",10,8,10,,(栗),荒川義之
1勝,202508020101030602,"2025. 8. 2",札幌,ミニョンマルーン,牝,3,小林美駒,51▲,7,２,ダ,1000,,良,0587,0.2,,,1,1,35.6,5,47.3,*,50.40,47.9,牝,023,320,,2022103151,(1.7),110,170,0.0,逃げ,逃げ,34.65,472,+2,1.7,ビクトリーホースランチ,浦河町,ミスターメロディ,タイキマロン,ファスリエフ,7,2,2,,(美),伊藤圭三
未勝利,202508020101030207,"2025. 8. 2",札幌,オンサイト,牡,3,丹内祐次, 57 ,12,８,ダ,1000,,良,1005,1.5,,,9,9,35.6,3,54.9,*,49.23,47.9,,003,0,,2022100423,(24.0),,,1.6,後方,後方,37.35,466,+2,24.0,"Homey Farm",浦河町,アドミラブル,ブルーロゼット,キングズベスト,12,6,7,,(美),小西一男
未勝利,202508020101030104,"2025. 8. 2",札幌,ジャストビート,牝,2,丹内祐次, 55 ,8,１,芝,1800,A,良,1502,-0.1,4,4,4,4,35.4,1,55.6,*,54.67,53.9,,A03,560,,2023101090,570,120,280,0.4,先行,先行,37.40,418,+2,5.7,タバタファーム,日高町,デクラレーションオブウォー,ステルス,ディープインパクト,8,4,4,,(栗),安達昭夫
2勝,202507270703020604,"2025. 7.27",中京,バンフィエルド,牡,6,長岡禎仁, 55 ,10,５,芝,2000,A,良,2000,0.5,3,3,4,3,34.3,5,57.1,*,58.93,57.8,,A03,155,    0.0,2019104531,(93.3),,,0.2,先行,先行,36.73,432,+2,93.3,社台コーポレーション白老ファーム,白老町,オルフェーヴル,エヴィータアルゼンティーナ,"Candy Ride",10,4,4,,(栗),緒方努
新馬,202507270703020302,"2025. 7.27",中京,リントゥラウル,牡,2,武豊, 55 ,6,５,芝,2000,A,良,2049,3.4,5,5,6,6,36.5,5,53.8,,55.93,55.9,,A03,75,,2023101735,(8.9),,,1.9,後方,後方,37.89,462,,8.9,高昭牧場,浦河町,キズナ,ノースパストラル,キングヘイロー,6,2,2,,(栗),秋山真一
未勝利,202507270402020409,"2025. 7.27",新潟,ヨドノタイヨウ,牡,3,小林凌大, 57 ,15,２,ダ,1800,,良,1539,0.1,2,2,2,2,39.4,4,44.5,*,46.73,44.8,,A03,220,,2022100348,(36.7),570,9610,0.0,先行,先行,37.25,502,0,36.7,林農場,浦河町,ミッキーロケット,ストロベリーハーツ,ハーツクライ,15,5,9,,(美),小西一男
1勝,202507270101020604,"2025. 7.27",札幌,ペレグリン,牝,4,小林美駒,53▲,9,５,ダ,1000,,不,0588,0.7,,,8,8,34.5,3,55.7,*,51.07,49.7,,A03,80,,2021100906,(4.4),,,1.1,後方,後方,36.45,440,+4,4.4,バンブー牧場,浦河町,バンブーエール,フラミンゴ,マルカシェンク,9,4,4,,(栗),河嶋宏樹
未勝利,202507270101020404,"2025. 7.27",札幌,サイモンイロハニー,牝,3,小林美駒,52▲,9,４,芝,2000,A,重,2036,0.8,9,9,9,8,35.5,2,56.4,*,53.83,54.2,,003,84,,2022104164,(11.5),,,1.1,後方,追込,37.76,412,+4,11.5,千代田牧場,新ひだか町,ゴールドシップ,ブライテストリング,ダノンシャンティ,9,4,4,,(栗),谷潔
未勝利,202507270101020202,"2025. 7.27",札幌,スイッチビスケット,牡,3,和田陽希,54▲,14,11,芝,1200,A,重,1108,1.6,,,11,12,35.7,10,48.3,,46.80,45.5,,A03,0,,2022106295,(93.1),,,1.3,後方,後方,35.10,472,0,93.1,シンユウフアーム,新冠町,サトノクラウン,ジュエルトウショウ,アグネスタキオン,14,2,2,,(栗),森田直行
1勝,202507260703011206,"2025. 7.26",中京,アスクムービーオン,牡,4,高杉吏麒,57☆,10,９,芝,1600,A,良,1347,1.7,,1,1,1,35.7,10,49.2,,55.40,54.1,,A03,0,,2021102318,(25.2),,,0.0,逃げ,逃げ,35.40,472,+6,25.2,"ASK STUD",平取町,ドゥラメンテ,ハニートリップ,マンハッタンカフェ,10,6,6,,(栗),前川恭子
3勝,202507260703010701,"2025. 7.26",中京,ドットクルー,牡,5,小沢大仁, 58 ,10,６,芝,2000,A,良,1599,0.7,3,3,3,3,34.0,6,58.3,*,60.37,57.8,,A04,0,    0.0,2020101486,(43.4),,,0.6,先行,先行,36.81,464,-2,43.4,佐々木牧場,日高町,ディーマジェスティ,スターオブロゼッタ,ロードカナロア,10,1,1,,(栗),笹田和秀
2勝,202507260703010614,"2025. 7.26",中京,ヴェロクオーレ,牝,4,坂井瑠星, 56 ,16,５,ダ,1400,,良,1242,0.8,,,3,3,37.7,7,42.5,*,43.97,41.8,,A03,155,    0.0,2021101397,(3.6),,,0.6,先行,先行,34.88,472,0,3.6,下河辺牧場,日高町,ドゥラメンテ,サトノジョリー,Bernardini,16,7,14,,(栗),石坂公一
新馬,202507260703010402,"2025. 7.26",中京,アイルトン,牡,2,団野大成, 55 ,11,２,芝,1400,A,良,1220,0.0,,,3,4,34.9,1,51.2,*,50.60,48.2,,A03,300,,2023102920,(3.7),130,440,0.6,先行,先行,35.33,502,,3.7,千代田牧場,新ひだか町,ダノンスマッシュ,ダノングラシアス,マンハッタンカフェ,11,2,2,,(栗),佐々木晶
未勝利,202507260703010301,"2025. 7.26",中京,フォーゲル,牡,2,団野大成, 55 ,6,４,芝,1600,A,良,1348,0.5,,3,3,3,34.7,5,53.9,*,54.53,54.0,,A03,84,,2023105273,(7.6),,,0.3,先行,先行,36.06,520,-8,7.6,ノーザンファーム,安平町,アルアイン,エリカポンシャン,ロードカナロア,6,1,1,,(栗),斉藤崇史
1勝,202507260402011114,"2025. 7.26",新潟,ピースヒロフェイス,牝,4,石橋脩, 56 ,14,８,芝,1800,A,良,1470,1.0,,,6,5,33.9,8,57.8,*,59.47,58.2,,A04,0,,2021105769,(9.8),,,0.6,中団,中団,36.55,466,+4,9.8,ノーザンファーム,安平町,サトノダイヤモンド,ペルヴィアンリリー,フレンチデピュティ,14,8,14,,(美),牧光二
1勝,202507260402011009,"2025. 7.26",新潟,スターチスブーケ,牝,4,石田拓郎,53▲,14,８,ダ,1200,,良,1127,1.1,,,12,12,36.8,2,47.6,*,44.80,42.5,,A03,0,,2021110075,(127.9),,,1.5,後方,後方,35.90,504,+2,127.9,"Gerty Bloodstock",米,"Practical Joke","Sovereign Halo",Haynesfield,14,6,9,,(美),田中勝春
1勝,202507260402011003,"2025. 7.26",新潟,ゲキザル,牡,6,小林脩斗, 58 ,14,11,ダ,1200,,良,1133,1.7,,,14,14,36.9,4,48.6,*,44.80,42.5,,A03,0,,2019102102,(13.4),,,2.0,後方,後方,36.40,472,-6,13.4,広富牧場,日高町,ザファクター,トゥモローズライト,アフリート,14,3,3,,(美),青木孝文
1勝,202507260402010805,"2025. 7.26",新潟,インフローレ,牝,3,キング, 53 ,14,12,芝,1000,A,良,0555,0.8,,,,12,32.5,5,56.2,*,54.13,52.5,,003,0,    0.0,2022102729,(7.7),,,0.8,後方,後方,34.50,440,+6,7.7,杵臼牧場,浦河町,リオンディーズ,キュイキュイ,ハービンジャー,14,4,5,,(栗),寺島良
2勝,202507260402010601,"2025. 7.26",新潟,オールマイデイズ,牡,5,武藤雅, 58 ,15,７,ダ,1800,,良,1541,1.7,10,11,12,12,37.6,6,51.7,,51.90,51.1,,A04,0,    0.0,2020103718,(38.2),,,1.3,後方,後方,38.25,508,+4,38.2,ノーザンファーム,安平町,リアルスティール,ロザリンド,シンボリクリスエス,15,1,1,,(美),矢嶋大樹
新馬,202507260402010318,"2025. 7.26",新潟,フォーエバーラブ,牡,2,丸山元気, 55 ,18,11,芝,1400,A,良,1227,1.4,,,9,7,35.4,8,50.2,,52.17,49.7,,A03,0,,2023102941,(33.6),,,0.9,中団,中団,35.48,458,,33.6,千代田牧場,新ひだか町,ミスターメロディ,プレシャスメイト,ステイゴールド,18,8,18,,(美),金成貴史
2勝,202507260101011201,"2025. 7.26",札幌,アイウィル,牡,4,佐々木大, 58 ,14,６,ダ,1700,,良,1463,1.1,3,3,3,3,37.4,9,50.5,,53.50,52.7,,A04,0,    0.0,2021103502,(10.7),,,0.2,先行,先行,37.58,512,-8,10.7,岡田スタツド,新ひだか町,ドレフォン,ジュリーハーツ,ハーツクライ,14,1,1,,(美),高木登
1勝,202507260101010904,"2025. 7.26",札幌,ブレイジングスター,牡,3,和田陽希,52▲,13,２,ダ,1700,,良,1456,0.1,2,2,1,1,38.2,5,46.2,*,47.70,46.5,,003,320,,2022103644,(58.2),1410,13810,0.0,逃げ,逃げ,36.76,478,0,58.2,岡野牧場,新ひだか町,モーニン,ヴァーチュスター,"Symboli Kris S",13,4,4,,(栗),高橋康之
未勝利,202507260101010611,"2025. 7.26",札幌,デルマケセラセラ,牝,3,横山典弘, 55 ,14,１,芝,1800,A,良,1476,-0.1,4,5,4,3,35.8,6,50.3,*,51.93,47.4,,A03,560,,2022105477,600,190,1850,0.7,先行,先行,35.90,426,-6,6.0,社台ファーム,千歳市,リオンディーズ,フロレットアレー,ディープインパクト,13,7,11,,(美),小野次郎
新馬,202507260101010508,"2025. 7.26",札幌,ロードアマルフィ,牡,2,鮫島克駿, 55 ,13,４,ダ,1700,,良,1473,0.9,1,1,1,1,39.5,6,43.6,*,46.40,45.8,,A03,110,,2023105786,(5.2),,,0.0,逃げ,逃げ,36.98,504,,5.2,ケイアイファーム,新ひだか町,ルヴァンスレーヴ,アルセナーレ,クロフネ,13,6,8,,(栗),中村直也
2勝,202507201002081201,"2025. 7.20",小倉,ヒーローインチーフ,セ,4,西塚洸二, 58 ,18,９,芝,1200,A,良,1088,1.1,,,18,18,34.0,1,52.4,*,45.37,44.5,,A03,0,    0.0,2021106661,(20.8),,,1.9,後方,後方,34.80,450,+2,20.8,ハクツ牧場,新冠町,ディスクリートキャット,カクテルラウンジ,タニノギムレット,18,1,1,,(栗),吉田直弘
新馬,202507201002080505,"2025. 7.20",小倉,ロードフィレール,牡,2,吉村誠之,54☆,13,２,芝,1800,A,良,1526,0.1,5,4,4,4,35.2,2,59.9,*,60.23,58.5,,003,300,,2023105818,(13.5),470,2770,0.4,先行,先行,38.70,516,,13.5,ケイアイファーム,新ひだか町,キズナ,プレミアムギフト,オルフェーヴル,13,4,5,,(栗),吉岡辰弥
新馬,202507201002080509,"2025. 7.20",小倉,パトローナス,牡,2,坂井瑠星, 55 ,13,11,芝,1800,A,良,1556,3.1,6,6,4,7,38.2,12,51.3,,60.23,58.5,,003,0,,2023106931,(15.3),,,0.4,中団,中団,38.70,488,,15.3,ノーザンファーム,安平町,フィエールマン,エルビッシュ,キングカメハメハ,13,6,9,,(栗),高橋亮
未勝利,202507201002080403,"2025. 7.20",小倉,サミダレナイツ,牡,3,岩田康誠, 57 ,18,１,芝,2000,A,良,2032,-0.1,12,11,9,5,35.9,3,54.2,*,53.23,50.6,,A03,560,,2022101605,660,280,4920,0.9,中団,差し,37.41,482,+2,6.6,竹島幸治,日高町,トーホウジャッカル,トーホウビスカヤ,ストリートセンス,18,2,3,*,(栗),谷潔
未勝利,202507201002080310,"2025. 7.20",小倉,エイシンマールス,牡,3,和田竜二, 57 ,16,１,ダ,1700,,稍,1461,-0.6,2,2,2,2,38.8,1,44.6,*,43.97,44.2,,003,560,,2022102624,300,130,1000,0.1,先行,先行,36.71,472,+4,3.0,栄進牧場,浦河町,エイシンヒカリ,エーシンアマゾーン,ファルブラヴ,16,5,10,,(栗),今野貞一
未勝利,202507201002080206,"2025. 7.20",小倉,パリコレジェンヌ,牝,3,田口貫太, 55 ,18,５,芝,1200,A,良,1094,0.4,,,4,3,36.0,7,42.8,*,44.23,41.1,,003,56,,2022104501,(37.9),,,0.5,先行,先行,33.40,452,-6,37.9,前谷牧場,新ひだか町,ミスターメロディ,ビオレイメル,ワイルドラッシュ,18,3,6,,(栗),鈴木孝志
2勝,202507200302081009,"2025. 7.20",福島,プリズマジコ,牡,4,秋山稔樹, 58 ,10,３,芝,2000,B,良,2041,0.4,2,2,2,2,36.2,3,54.1,*,56.03,54.8,,A04,390,    3.3,2021106077,(3.1),120,,0.1,先行,先行,37.67,452,+4,3.1,大狩部牧場,新冠町,キズナ,グラントリノ,グランデラ,10,8,9,,(栗),高橋義忠
未勝利,202507200302080814,"2025. 7.20",福島,ポタリング,セ,3,江田照男, 57 ,14,１,芝,1800,B,良,1510,-0.3,6,8,3,2,35.9,2,54.6,*,55.17,54.2,,A03,560,,2022101191,1050,230,3310,0.1,先行,先行,37.55,426,-4,10.5,オリオンファーム,日高町,ノーブルミッション,ウインルキア,ディープインパクト,14,8,14,,(美),武藤善則
新馬,202507200302080508,"2025. 7.20",福島,オブラプリーマ,牝,2,石橋脩, 55 ,13,１,芝,2000,B,良,2038,-0.6,9,9,7,4,35.8,1,55.3,*,52.10,52.9,,003,750,,2023100237,1820,370,4040,0.6,ﾏｸﾘ,ﾏｸﾘ,37.71,406,,18.2,土居牧場,新ひだか町,ヴァンゴッホ,マナローラ,ハーツクライ,13,6,8,,(美),上原佑紀
未勝利,202507200302080302,"2025. 7.20",福島,フェイスリフト,牡,2,内田博幸, 55 ,6,３,芝,1200,B,良,1119,0.9,,,4,5,35.8,4,50.8,*,50.73,48.9,,003,140,,2023106605,(23.5),,,0.8,後方,追込,36.10,436,-2,23.5,ミルファーム,浦河町,フォーウィールドライブ,ポンポン,ブラックタイド,6,2,2,,(美),嘉藤貴行
未勝利,202507200302080112,"2025. 7.20",福島,ローンウルフ,牡,4,大江原圭, 60 ,14,４,芝,2770,B,良,3071,0.7,3,2,4,4,13.5,,,,,,,A00,130,,2021104112,(28.1),,,,先行,先行,,478,-4,28.1,千代田牧場,新ひだか町,リアルインパクト,シェリレーヌ,Mineshaft,14,7,12,,(美),武市康男
1勝,202507200201121210,"2025. 7.20",函館,スマートカイロス,牡,3,黛弘人, 55 ,13,７,ダ,1700,,良,1465,0.9,4,6,8,8,38.9,5,44.8,*,45.17,44.3,,A03,0,,2022102735,(13.1),,,0.7,中団,中団,36.87,500,-8,13.1,杵臼牧場,浦河町,シニスターミニスター,スマートバベル,サウスヴィグラス,13,7,10,,(栗),矢作芳人
1勝,202507200201120807,"2025. 7.20",函館,ペリプルス,牡,5,吉田隼人, 58 ,9,５,芝,2600,B,良,2397,0.7,5,6,7,5,35.2,3,56.1,*,56.13,56.3,,A04,80,,2020105796,(19.7),,,0.5,中団,中団,37.35,450,+2,19.7,ビッグレッドファーム,新冠町,ゴールドシップ,マイネリベルタス,コンデュイット,9,7,7,,(美),佐藤吉勝
1勝,202507200201120709,"2025. 7.20",函館,タミゼ,牝,4,和田陽希,53▲,12,７,ダ,1000,,良,0594,0.5,,,3,4,36.3,10,45.5,*,47.37,44.7,,003,0,,2021100650,(36.1),,,0.3,先行,先行,34.65,490,+4,36.1,笠松牧場,浦河町,リオンディーズ,フレンチトースト,フレンチデピュティ,12,7,9,,(栗),平田修
1勝,202507200201120701,"2025. 7.20",函館,ベニシア,牝,4,松本大輝,55☆,12,10,ダ,1000,,良,0599,1.0,,,9,9,35.8,7,51.0,*,47.37,44.7,,003,0,,2021100662,(90.2),,,1.3,後方,後方,36.15,448,+10,90.2,上山牧場,浦河町,ヘニーヒューズ,フクシア,ゴールドアリュール,12,1,1,,(美),粕谷昌央
新馬,202507200201120502,"2025. 7.20",函館,アーレムアレス,牡,2,菱田裕二, 55 ,9,１,芝,1800,B,良,1487,-0.3,3,4,4,3,34.5,2,57.5,*,57.17,56.2,,A03,750,,2023105223,600,180,940,0.3,先行,先行,37.10,478,,6.0,社台コーポレーション白老ファーム,白老町,ハービンジャー,スターズインヘヴン,ワークフォース,9,2,2,,(栗),橋口慎介
未勝利,202507191002070413,"2025. 7.19",小倉,レインオンミー,牡,3,和田竜二, 57 ,16,１,芝,1800,A,稍,1509,-0.1,8,7,6,5,35.9,3,54.5,*,54.27,52.3,,003,560,,2022104117,1370,440,7060,0.5,中団,差し,37.50,474,-10,13.7,千代田牧場,新ひだか町,リアルスティール,アルマリンピア,タイキシャトル,16,7,13,,(栗),福永祐一
未勝利,202507191002070314,"2025. 7.19",小倉,ドマーネ,牝,3,国分恭介, 55 ,18,１,芝,2000,A,稍,2028,-0.0,12,12,10,9,36.3,2,52.1,*,51.47,49.0,牝,023,560,,2022103271,6040,1120,72220,0.8,中団,差し,37.07,436,-2,60.4,三嶋牧場,浦河町,ゴールドシップ,ランドネ,Blame,18,7,14,*,(栗),辻野泰之
1勝,202507190302071208,"2025. 7.19",福島,スターチスブーケ,牝,4,石田拓郎,53▲,11,８,ダ,1150,,良,1103,0.5,,,8,8,36.5,3,51.0,*,50.83,46.2,,A03,0,,2021110075,(52.0),,,1.1,中団,中団,36.87,502,+12,52.0,"Gerty Bloodstock",米,"Practical Joke","Sovereign Halo",Haynesfield,11,7,8,,(美),田中勝春
2勝,202507190302071003,"2025. 7.19",福島,ワークソング,牡,4,三浦皇成, 58 ,16,１,ダ,1150,,良,1089,-0.1,,,10,10,36.0,2,49.7,*,47.43,45.2,,A03,1550,   33.6,2021102462,860,250,1200,0.8,中団,差し,35.89,474,-8,8.6,雅牧場,平取町,モーニン,ハッピーラン,フレンチデピュティ,16,2,3,,(栗),牧浦充徳
新馬,202507190302070506,"2025. 7.19",福島,ニシノシャルム,牝,2,大野拓弥, 55 ,16,８,芝,1800,B,良,1548,1.6,2,2,2,2,38.6,12,48.7,,52.73,52.6,,A03,0,,2023105138,(11.0),,,0.1,先行,先行,38.10,442,,11.0,鮫川啓一,浦河町,キタサンブラック,チャームクォーク,クロフネ,16,3,6,,(美),栗田徹
新馬,202507190302070412,"2025. 7.19",福島,コックオーヴァン,牝,2,津村明秀, 55 ,16,１,芝,1200,B,良,1123,-0.3,,,7,5,36.1,2,50.3,*,49.57,47.5,,003,750,,2023106405,580,230,2280,0.5,中団,差し,36.20,452,,5.8,金石牧場,浦河町,ウインブライト,コスモミール,ヘクタープロテクター,16,6,12,,(美),伊藤伸一
新馬,202507190302070405,"2025. 7.19",福島,リュウセイコウテイ,牡,2,野中悠太, 55 ,16,５,芝,1200,B,良,1132,0.9,,,5,3,37.2,13,46.8,*,49.57,47.5,,003,75,,2023106437,(29.2),,,0.3,先行,先行,36.00,434,,29.2,ビッグレッドファーム,新冠町,ウインブライト,ケイティラブ,スキャン,16,3,5,*,(美),奥平雅士
未勝利,202507190302070302,"2025. 7.19",福島,ミスターマーボー,牡,2,原優介, 55 ,10,５,芝,1800,B,良,1523,1.1,6,6,7,8,37.3,4,50.5,,52.10,50.3,,003,56,,2023100831,(28.4),,,0.8,後方,後方,37.50,428,0,28.4,グッドラック・ファーム,日高町,シュヴァルグラン,ハタノサンドリヨン,ヨハネスブルグ,10,2,2,,(美),青木孝文
ｵｰﾌﾟﾝ,202507190302070106,"2025. 7.19",福島,パープルアドミラル,牡,5,上野翔, 60 ,8,４,芝,3380,B,良,3502,1.2,8,8,7,7,13.6,,,,,,,A00,210,,2020104328,(14.9),,,,後方,追込,,444,0,14.9,聖心台牧場,新ひだか町,シビルウォー,ママノヨリミチ,マンハッタンカフェ,8,6,6,,(美),堀内岳志
1勝,202507190201110901,"2025. 7.19",函館,シンゼンカガ,牡,3,武豊, 55 ,14,３,芝,1800,B,良,1473,0.9,4,4,4,3,34.7,4,54.6,*,54.87,56.0,,004,280,    4.7,2022105345,(19.1),270,,0.3,先行,先行,36.30,446,-2,19.1,社台ファーム,千歳市,トーセンラー,シアン,"Smart Strike",14,1,1,,(栗),荒川義之
1勝,202507190201110713,"2025. 7.19",函館,グランテレーズ,牝,4,鮫島克駿, 56 ,16,15,芝,1200,B,良,1096,1.4,,,4,7,35.5,15,46.1,,49.60,48.3,牝,023,0,,2021102401,(44.5),,,0.3,中団,中団,34.10,466,-2,44.5,坂東牧場,平取町,シュヴァルグラン,アドマイヤテレサ,エリシオ,16,7,13,*,(栗),渡辺薫彦
未勝利,202507190201110613,"2025. 7.19",函館,ザハント,牡,3,横山武史, 57 ,14,５,ダ,1700,,良,1468,0.3,2,2,2,2,39.4,5,43.3,*,45.57,44.0,,003,56,,2022102929,(2.8),,,0.0,先行,先行,36.76,490,+6,2.8,谷口牧場,浦河町,マジェスティックウォリアー,フミノアマゾン,フジキセキ,13,8,13,,(栗),田中克典
未勝利,202507190201110203,"2025. 7.19",函館,オンサイト,牡,3,舟山瑠泉,54▲,12,５,ダ,1000,,良,0599,1.2,,,7,6,36.0,6,49.6,,50.10,47.3,,003,56,,2022100423,(31.7),,,0.8,中団,中団,35.85,464,+2,31.7,"Homey Farm",浦河町,アドミラブル,ブルーロゼット,キングズベスト,12,3,3,,(美),小西一男
未勝利,202507190201110102,"2025. 7.19",函館,ジャストビート,牝,2,丹内祐次, 55 ,11,５,芝,1800,B,良,1500,1.0,7,7,8,6,35.1,2,56.7,*,54.50,54.4,,A03,56,,2023101090,(11.8),,,1.2,中団,中団,37.45,416,-4,11.8,タバタファーム,日高町,デクラレーションオブウォー,ステルス,ディープインパクト,11,2,2,,(栗),安達昭夫
1勝,202507131002061202,"2025. 7.13",小倉,ガットネロ,牝,5,松若風馬, 56 ,16,11,芝,1200,A,良,1093,0.7,,,13,10,35.4,8,45.8,*,45.63,43.8,牝,023,0,,2020105073,(15.6),,,0.7,中団,中団,33.90,486,-10,15.6,大狩部牧場,新冠町,アメリカンペイトリオット,ブラックシュガー,ブラックタイド,15,1,2,,(栗),東田明士
1勝,202507131002061216,"2025. 7.13",小倉,インフローレ,牝,3,松山弘平, 53 ,16,12,芝,1200,A,良,1094,0.8,,,4,3,35.9,12,43.3,*,45.63,43.8,牝,023,0,,2022102729,(3.5),,,0.3,先行,先行,33.50,434,0,3.5,杵臼牧場,浦河町,リオンディーズ,キュイキュイ,ハービンジャー,15,8,16,,(栗),寺島良
1勝,202507131002061212,"2025. 7.13",小倉,モンテディアーナ,牝,3,坂井瑠星, 53 ,16,外,芝,1200,A,良,----,----,,,,,,0,,,45.63,43.8,牝,023,0,,2022104597,,,,,,,,462,+2,,ノーザンファーム,安平町,ドレフォン,アズールムーン,"Malibu Moon",15,6,12,,(栗),四位洋文
新馬,202507131002060606,"2025. 7.13",小倉,リーガルスプレンダ,牝,2,坂井瑠星, 55 ,8,４,芝,1200,A,良,1118,0.6,,,2,2,36.1,5,48.9,*,50.47,49.4,,003,110,,2023103685,(3.6),,,0.2,先行,先行,35.70,456,,3.6,追分ファーム,安平町,サトノアラジン,クイーンカトリーン,Acclamation,8,6,6,,(栗),庄野靖志
新馬,202507131002060503,"2025. 7.13",小倉,チェルヴァーラ,牡,2,北村友一, 55 ,8,３,芝,2000,A,良,2054,0.3,3,3,3,3,34.8,2,61.6,*,61.53,61.2,,A03,190,,2023107106,(1.5),100,,0.3,先行,先行,38.83,502,,1.5,ノーザンファーム,安平町,エピファネイア,チェッキーノ,キングカメハメハ,8,3,3,,(栗),松下武士
1勝,202507130302060803,"2025. 7.13",福島,ミニョンマルーン,牝,3,谷原柚希,50★,15,２,ダ,1150,,良,1091,0.2,,,1,1,38.0,15,39.3,*,42.40,39.8,,003,320,,2022103151,(4.2),180,830,0.0,逃げ,逃げ,33.93,470,0,4.2,ビクトリーホースランチ,浦河町,ミスターメロディ,タイキマロン,ファスリエフ,15,2,3,,(美),伊藤圭三
未勝利,202507130302060309,"2025. 7.13",福島,エリナ,牝,3,武藤雅, 55 ,16,７,芝,2000,B,良,2042,0.8,10,8,7,8,36.8,6,51.8,*,53.07,51.6,牝,023,0,,2022101492,(150.2),,,0.6,中団,中団,37.46,408,-6,150.2,白井牧場,日高町,カリフォルニアクローム,ヒーラ,ディープインパクト,16,5,9,,(美),戸田博文
未勝利,202507130302060102,"2025. 7.13",福島,エレクトロン,牡,2,小林脩斗, 55 ,9,３,芝,1200,B,良,1131,1.4,,,8,5,37.4,3,45.5,*,43.70,43.8,,A03,140,,2023106608,(263.9),1370,,1.0,中団,差し,35.70,422,-8,263.9,ミルファーム,浦河町,ビーチパトロール,ヨイミヤ,マツリダゴッホ,9,2,2,*,(美),佐藤吉勝
1勝,202507130201101208,"2025. 7.13",函館,ブライティアダイヤ,牝,4,佐々木大, 56 ,8,１,芝,1200,B,良,1085,-0.0,,,6,5,34.8,2,46.8,*,46.83,39.2,,A04,800,,2021102468,2130,400,17680,1.4,中団,差し,33.70,468,+10,21.3,雅牧場,平取町,サトノアラジン,ブライティアナイル,アドマイヤベガ,8,8,8,,(美),稲垣幸雄
1勝,202507130201101205,"2025. 7.13",函館,ハリウッドメモリー,牝,3,丹内祐次, 53 ,8,８,芝,1200,B,良,1102,1.7,,,2,2,37.9,8,35.2,,46.83,39.2,,A04,0,,2022100632,(3.6),,,0.0,先行,先行,32.30,458,0,3.6,ケイアイファーム,新ひだか町,ロードカナロア,スピニングワイルドキャット,"Hard Spun",8,5,5,,(栗),長谷川浩
1勝,202507130201100811,"2025. 7.13",函館,アイウィル,牡,4,浜中俊, 58 ,12,１,ダ,1700,,良,1453,-0.1,8,8,6,5,37.0,1,50.7,*,49.80,49.0,,003,800,,2021103502,890,210,12740,0.4,中団,差し,37.25,520,+4,8.9,岡田スタツド,新ひだか町,ドレフォン,ジュリーハーツ,ハーツクライ,12,8,11,,(美),高木登
1勝,202507130201100705,"2025. 7.13",函館,エイトスターズ,牝,5,吉田隼人, 56 ,14,７,芝,1800,B,良,1472,0.6,10,10,10,10,34.2,2,56.7,*,53.60,48.9,牝,023,0,,2020103772,(41.1),,,2.2,中団,中団,36.50,478,+2,41.1,レイクヴィラファーム,洞爺湖町,ジャスタウェイ,インザスポットライト,"Exceed And Excel",14,4,5,,(栗),坂口智康
1勝,202507121002051206,"2025. 7.12",小倉,スノーサイレンス,牝,3,川田将雅, 53 ,17,３,芝,1200,A,良,1086,0.1,,,2,2,35.6,10,42.7,*,43.43,43.0,,003,200,,2022101675,(3.0),180,,0.0,先行,先行,33.00,460,-2,3.0,ダーレー・ジャパン・ファーム,日高町,サンダースノー,ハッシュ,コマンズ,17,3,6,,(栗),小栗実
1勝,202507121002050904,"2025. 7.12",小倉,シャインバオバブ,牡,3,太宰啓介, 55 ,11,３,芝,2600,A,良,2441,0.6,2,2,3,2,36.7,6,54.1,*,55.57,55.1,,A04,280,    3.5,2022106180,(5.0),130,,0.2,先行,先行,38.22,502,+10,5.0,川島牧場,新冠町,シルバーステート,レユシット,ルーラーシップ,11,4,4,,(栗),本田優
1勝,202507121002050909,"2025. 7.12",小倉,テイクザクラウン,牡,4,川田将雅, 58 ,11,５,芝,2600,A,良,2442,0.7,8,7,7,7,36.6,5,54.6,*,55.57,55.1,,A04,111,    0.0,2021102379,(4.8),,,0.4,中団,中団,38.28,436,-12,4.8,二風谷ファーム,平取町,サトノクラウン,アムールレジェンド,ディープインパクト,11,7,9,,(栗),吉村圭司
1勝,202507121002050908,"2025. 7.12",小倉,ランツフート,牡,3,Ｍ．デム, 55 ,11,７,芝,2600,A,良,2444,0.9,11,10,1,1,37.2,8,52.6,*,55.57,55.1,,A04,0,    0.0,2022105577,(13.6),,,0.0,ﾏｸﾘ,ﾏｸﾘ,38.16,454,-8,13.6,社台ファーム,千歳市,ブリックスアンドモルタル,レッドミラベル,ステイゴールド,11,7,8,,(栗),大久保龍
未勝利,202507121002050715,"2025. 7.12",小倉,フィオレストラーダ,牝,3,団野大成, 55 ,18,３,芝,2000,A,良,2026,0.8,4,4,4,4,37.5,6,47.3,*,48.70,47.5,,003,140,,2022100626,(58.0),1260,,0.5,先行,先行,36.47,456,,58.0,ケイアイファーム,新ひだか町,エピファネイア,キャトルフィーユ,ディープインパクト,18,7,15,,(栗),杉山晴紀
新馬,202507121002050512,"2025. 7.12",小倉,ナムラオリガミ,牝,2,小崎綾也, 55 ,12,６,芝,1800,A,良,1524,1.6,2,2,2,3,38.2,7,47.1,,51.37,51.0,牝,023,0,,2023106236,(203.5),,,0.1,先行,先行,37.10,440,,203.5,滝本健二,日高町,アルアイン,ナムラチヨガミ,ヨハネスブルグ,12,8,12,,(栗),高橋一哉
未勝利,202507121002050206,"2025. 7.12",小倉,キャットテイル,牝,3,菱田裕二, 55 ,16,７,芝,1800,A,良,1499,0.4,4,4,6,4,36.4,6,51.0,*,51.13,50.0,牝,023,0,,2022101678,(74.1),,,0.5,先行,先行,36.75,424,0,74.1,ダーレー・ジャパン・ファーム,日高町,ディスクリートキャット,ピクシープリンセス,ディープインパクト,16,3,6,,(栗),野中賢二
2勝,202507120302050906,"2025. 7.12",福島,ブラックボイス,牡,6,杉原誠人, 58 ,12,11,芝,2600,B,良,2470,3.8,2,2,2,2,40.0,11,45.2,,55.87,54.5,,A04,0,    0.0,2019105276,(19.2),,,0.2,先行,先行,38.10,526,+14,19.2,ノーザンファーム,安平町,ブラックタイド,ソングライティング,"Giant's Causeway",12,5,6,,(美),宮田敬介
1勝,202507120201091201,"2025. 7.12",函館,タミゼ,牝,4,和田陽希,53▲,12,２,ダ,1000,,良,0591,0.4,,,1,2,36.4,9,43.5,*,45.70,44.6,,003,320,,2021100650,(159.3),1760,10530,0.0,逃げ,逃げ,34.05,486,-4,159.3,笠松牧場,浦河町,リオンディーズ,フレンチトースト,フレンチデピュティ,12,1,1,,(栗),平田修
2勝,202507120201091002,"2025. 7.12",函館,ファイツオン,牡,4,藤岡佑介, 58 ,11,９,芝,1200,B,良,1089,1.7,,,1,1,36.0,9,41.4,,47.37,45.9,,A04,0,    0.0,2021100476,(6.4),,,0.0,逃げ,逃げ,32.90,512,0,6.4,村上牧場,新ひだか町,アルアイン,ソラコマチ,サクラバクシンオー,11,2,2,,(栗),藤岡健一
1勝,202507120201090903,"2025. 7.12",函館,ダノンジャイアン,牡,3,鮫島克駿, 55 ,11,６,芝,2000,B,良,2004,0.6,11,11,11,11,34.4,2,57.1,*,55.27,54.7,,A04,0,    0.0,2022105399,(17.4),,,1.0,後方,後方,36.86,438,-8,17.4,社台ファーム,千歳市,ブリックスアンドモルタル,ダノンジャンヌ,ディープインパクト,11,3,3,,(栗),茶木太樹
未勝利,202507120201090603,"2025. 7.12",函館,ジーティートシオー,牡,3,北村友一, 57 ,16,２,芝,2600,B,良,2406,0.7,4,7,6,5,36.0,6,53.8,*,53.27,53.2,,A03,220,,2022104661,(14.1),400,7110,0.7,中団,差し,37.38,460,+10,14.1,ノーザンファーム,安平町,バゴ,ウォークロニクル,ウォーエンブレム,16,2,3,,(栗),西村真幸
未勝利,202507120201090609,"2025. 7.12",函館,キングズトゥルー,牡,3,古川吉洋, 57 ,16,８,芝,2600,B,良,2411,1.2,15,15,16,15,35.6,1,55.8,*,53.27,53.2,,A03,0,,2022103510,(24.7),,,1.6,後方,後方,37.65,450,+4,24.7,岡田スタツド,新ひだか町,ウインブライト,クイーンズトゥルー,キングカメハメハ,16,5,9,,(美),大竹正博
未勝利,202507120201090311,"2025. 7.12",函館,デルマケセラセラ,牝,3,横山和生, 55 ,13,外,芝,1800,B,良,----,----,,,,,,0,,,51.60,50.7,,003,0,,2022105477,,,,,,,,430,-2,,社台ファーム,千歳市,リオンディーズ,フロレットアレー,ディープインパクト,12,7,11,,(美),小野次郎
1勝,202507061002041203,"2025. 7. 6",小倉,スマートカイロス,牡,3,内田博幸, 55 ,16,10,ダ,1700,,良,1470,1.6,15,15,16,14,38.0,3,49.0,*,47.00,47.1,,A03,0,,2022102735,(22.2),,,1.5,後方,後方,37.64,508,-10,22.2,杵臼牧場,浦河町,シニスターミニスター,スマートバベル,サウスヴィグラス,16,2,3,,(栗),矢作芳人
1勝,202507061002040907,"2025. 7. 6",小倉,ヒーローインチーフ,セ,4,西塚洸二, 58 ,8,１,芝,1200,A,良,1084,-0.1,,,7,6,33.8,2,52.4,*,48.23,47.1,,A03,1110,   21.7,2021106661,940,290,2010,0.9,中団,差し,34.60,448,+2,9.4,ハクツ牧場,新冠町,ディスクリートキャット,カクテルラウンジ,タニノギムレット,8,7,7,,(栗),吉田直弘
1勝,202507061002040814,"2025. 7. 6",小倉,ペレグリン,牝,4,Ｍ．デム, 56 ,14,４,ダ,1000,,良,0588,0.9,,,5,6,35.8,7,46.4,*,48.47,46.0,,A03,120,,2021100906,(31.9),,,0.4,中団,差し,34.50,436,0,31.9,バンブー牧場,浦河町,バンブーエール,フラミンゴ,マルカシェンク,14,8,14,,(栗),河嶋宏樹
1勝,202507061002040702,"2025. 7. 6",小倉,マルモア,牝,4,Ｍ．デム, 56 ,9,６,芝,1800,A,良,1500,0.8,9,9,8,8,34.6,2,59.0,*,58.03,57.8,牝,023,0,,2021105245,(33.0),,,0.8,後方,後方,37.70,410,-8,33.0,社台ファーム,千歳市,エピファネイア,マーブルカテドラル,ダイワメジャー,9,2,2,,(栗),松永幹夫
新馬,202507061002040503,"2025. 7. 6",小倉,フォーゲル,牡,2,団野大成, 55 ,9,４,芝,1800,A,良,1513,1.8,6,5,5,3,38.3,4,45.3,,48.17,49.2,,A03,110,,2023105273,(17.3),,,0.2,先行,先行,36.50,528,,17.3,ノーザンファーム,安平町,アルアイン,エリカポンシャン,ロードカナロア,9,3,3,,(栗),斉藤崇史
未勝利,202507061002040410,"2025. 7. 6",小倉,サイモンイロハニー,牝,3,秋山稔樹, 55 ,18,12,芝,2000,A,良,2028,0.8,11,11,12,11,36.9,8,49.8,*,51.10,48.5,,A03,0,,2022104164,(46.4),,,0.9,中団,中団,36.81,408,-6,46.4,千代田牧場,新ひだか町,ゴールドシップ,ブライテストリング,ダノンシャンティ,18,5,10,,(栗),谷潔
2勝,202507060302040902,"2025. 7. 6",福島,ビバップ,牡,4,石橋脩, 58 ,16,１,ダ,1150,,良,1077,-0.7,,,2,2,36.4,2,43.8,*,44.97,43.3,,A03,1550,   35.0,2021102700,900,260,1330,0.1,先行,先行,34.15,488,0,9.0,杵臼斉藤牧場,浦河町,モーニン,カプリースレディー,ジャングルポケット,16,1,2,,(栗),清水久詞
新馬,202507060302040404,"2025. 7. 6",福島,エレクトロン,牡,2,小林脩斗, 55 ,11,11,芝,1200,A,良,1140,2.4,,,11,11,36.4,7,53.3,,51.87,50.6,,003,0,,2023106608,(132.4),,,1.7,後方,後方,37.60,430,,132.4,ミルファーム,浦河町,ビーチパトロール,ヨイミヤ,マツリダゴッホ,11,4,4,,(美),佐藤吉勝
未勝利,202507060302040106,"2025. 7. 6",福島,ビーンスターク,牡,4,田村太雅, 60 ,14,１,芝,2750,A,良,3035,-0.1,10,10,9,4,13.3,,,,,,,A00,840,,2021103578,2150,480,4380,,先行,先行,,482,-8,21.5,岡田牧場,新ひだか町,ロジャーバローズ,アートオブビーン,アグネスデジタル,14,4,6,,(栗),森田直行
1勝,202507060201081204,"2025. 7. 6",函館,ムチャスグラシアス,牝,4,丹内祐次, 56 ,10,４,芝,1200,A,稍,1103,0.6,,,3,3,35.2,5,49.7,*,51.43,49.7,,A03,120,,2021104217,(5.6),,,0.3,先行,先行,35.10,438,-2,5.6,友田牧場,新ひだか町,カリフォルニアクローム,ロスグラシアレス,シンボリクリスエス,10,4,4,,(美),菊川正達
3勝,202507051002031101,"2025. 7. 5",小倉,ドットクルー,牡,5,高杉吏麒, 55 ,11,６,芝,1800,A,良,1472,0.2,8,8,7,7,35.6,3,50.6,*,50.03,48.2,,A03,0,    0.0,2020101486,(15.0),,,0.7,中団,中団,35.80,466,0,15.0,佐々木牧場,日高町,ディーマジェスティ,スターオブロゼッタ,ロードカナロア,11,1,1,,(栗),笹田和秀
3勝,202507051002031106,"2025. 7. 5",小倉,バッデレイト,牡,4,川田将雅, 57 ,11,７,芝,1800,A,良,1472,0.2,6,6,5,5,35.7,5,50.1,*,50.03,48.2,,A03,0,    0.0,2021102728,(2.1),,,0.6,中団,中団,35.75,468,-2,2.1,杵臼牧場,浦河町,サトノダイヤモンド,ビーウインド,スピニングワールド,11,6,6,,(栗),上村洋行
1勝,202507051002030906,"2025. 7. 5",小倉,キーパフォーマー,牝,4,団野大成, 56 ,8,２,芝,2000,A,良,2002,0.1,8,8,6,4,36.2,1,49.4,*,48.30,46.6,,A04,440,    6.2,2021104948,(23.5),320,2420,0.8,ﾏｸﾘ,ﾏｸﾘ,36.00,460,-4,23.5,社台ファーム,千歳市,キタサンブラック,アンコールピース,ネオユニヴァース,8,6,6,,(栗),佐々木晶
未勝利,202507051002030601,"2025. 7. 5",小倉,エイシンマールス,牡,3,和田竜二, 57 ,16,２,ダ,1700,,良,1471,0.0,6,5,3,3,39.1,3,44.9,*,44.77,43.7,,A03,220,,2022102624,(6.0),260,20350,0.3,先行,先行,37.09,468,+6,6.0,栄進牧場,浦河町,エイシンヒカリ,エーシンアマゾーン,ファルブラヴ,16,1,1,,(栗),今野貞一
未勝利,202507051002030603,"2025. 7. 5",小倉,バルミラクル,牡,3,鮫島良太, 57 ,16,11,ダ,1700,,良,1493,2.2,6,7,11,12,40.7,11,41.9,,44.77,43.7,,A03,0,,2022106177,(5.9),,,0.9,後方,後方,37.42,438,-8,5.9,川島牧場,新冠町,マクフィ,ミラクルクロス,フジキセキ,16,2,3,,(栗),河嶋宏樹
新馬,202507050302030405,"2025. 7. 5",福島,ヤマメライズ,牡,2,戸崎圭太, 55 ,9,１,芝,1200,A,稍,1107,-0.3,,,1,1,34.9,2,52.6,*,53.27,52.6,,003,750,,2023105128,460,130,390,0.0,逃げ,逃げ,35.80,418,,4.6,小島牧場,浦河町,サートゥルナーリア,ヴァルドワーズ,ダノンシャンティ,9,5,5,,(美),田島俊明
新馬,202507050302030403,"2025. 7. 5",福島,リアンマカ,牡,2,津村明秀, 55 ,9,６,芝,1200,A,稍,1115,0.8,,,3,4,35.3,6,52.5,*,53.27,52.6,,003,0,,2023105253,(15.8),,,0.4,先行,先行,36.20,442,,15.8,社台ファーム,千歳市,マインドユアビスケッツ,モノポリーアイズ,"Le Havre",9,3,3,,(栗),高橋一哉
新馬,202507050302030404,"2025. 7. 5",福島,フェイスリフト,牡,2,丸田恭介, 55 ,9,７,芝,1200,A,稍,1118,1.1,,,7,7,35.0,4,55.1,,53.27,52.6,,003,0,,2023106605,(9.1),,,1.0,後方,後方,36.80,438,,9.1,ミルファーム,浦河町,フォーウィールドライブ,ポンポン,ブラックタイド,9,4,4,,(美),嘉藤貴行
1勝,202507050201070905,"2025. 7. 5",函館,シンゼンカガ,牡,3,黛弘人, 55 ,8,４,芝,1800,A,稍,1494,0.8,4,4,4,5,37.3,4,46.6,*,47.33,46.8,,A04,170,    0.0,2022105345,(31.2),,,0.5,中団,差し,36.05,448,+8,31.2,社台ファーム,千歳市,トーセンラー,シアン,"Smart Strike",8,5,5,,(栗),荒川義之
1勝,202507050201070804,"2025. 7. 5",函館,ベビーズブレス,牝,3,武豊, 53 ,9,１,芝,1200,A,稍,1094,-0.3,,,2,1,34.8,4,49.4,*,50.20,48.3,,003,800,,2022106351,160,110,580,0.2,先行,先行,34.60,420,-2,1.6,隆栄牧場,新冠町,アドマイヤマーズ,レディーガリレオ,Galileo,9,4,4,,(栗),千田輝彦
1勝,202507050201070706,"2025. 7. 5",函館,ペリプルス,牡,5,吉田隼人, 58 ,12,３,芝,2600,A,稍,2436,0.5,8,8,9,7,37.0,2,52.6,*,52.23,46.4,,004,200,,2020105796,(16.3),240,,2.2,中団,差し,37.98,448,+2,16.3,ビッグレッドファーム,新冠町,ゴールドシップ,マイネリベルタス,コンデュイット,12,5,6,,(美),佐藤吉勝
未勝利,202507050201070610,"2025. 7. 5",函館,ザハント,牡,3,横山武史, 57 ,12,２,ダ,1700,,重,1451,0.5,1,1,1,1,38.2,4,45.5,*,46.50,46.8,,003,220,,2022102929,(4.5),160,630,0.0,逃げ,逃げ,36.49,484,-6,4.5,谷口牧場,浦河町,マジェスティックウォリアー,フミノアマゾン,フジキセキ,12,7,10,,(栗),田中克典
未勝利,202507050201070407,"2025. 7. 5",函館,スイッチビスケット,牡,3,黛弘人, 57 ,9,８,芝,1800,A,重,1530,1.4,5,5,6,6,36.4,9,55.2,,57.97,56.7,,A03,0,,2022106295,(24.2),,,0.6,中団,中団,38.30,472,+8,24.2,シンユウフアーム,新冠町,サトノクラウン,ジュエルトウショウ,アグネスタキオン,9,7,7,,(栗),森田直行
未勝利,202507050201070105,"2025. 7. 5",函館,コンフィアンサ,牝,2,舟山瑠泉,52▲,8,７,芝,1200,A,重,1123,1.9,,,2,2,38.2,8,39.3,,44.87,43.9,牝,023,0,,2023102342,(19.1),,,0.0,先行,先行,34.10,434,0,19.1,上野正恵,新ひだか町,ミスターメロディ,ロマネクイーン,マイネルラヴ,8,5,5,,(美),菊川正達
1勝,202506291002020812,"2025. 6.29",小倉,スノーサイレンス,牝,3,川田将雅, 53 ,14,３,ダ,1000,,良,0586,0.7,,,1,1,36.1,7,43.5,*,44.80,45.3,,003,200,,2022101675,(2.9),140,,0.0,逃げ,逃げ,33.75,462,+8,2.9,ダーレー・ジャパン・ファーム,日高町,サンダースノー,ハッシュ,コマンズ,14,7,12,,(栗),小栗実
未勝利,202506291002020315,"2025. 6.29",小倉,ソリッドベーシス,セ,3,岡田祥嗣, 57 ,16,13,芝,2600,A,良,2465,2.1,13,13,13,14,37.4,10,53.6,,56.17,55.5,,A03,0,,2022105697,(115.7),,,1.1,後方,後方,38.73,482,-12,115.7,追分ファーム,安平町,ブリックスアンドモルタル,サイモンミラベル,ダイワメジャー,16,8,15,,(栗),安田翔伍
Ｇ３,202506290302021109,"2025. 6.29",福島,モティスフォント,牡,3,ルメール, 54 ,14,７,芝,1800,A,良,1473,0.4,11,10,9,8,35.0,3,53.3,*,52.87,51.0,,N04,0,    0.0,2022104953,(8.1),,,0.8,中団,中団,36.15,490,-4,8.1,ノーザンファーム,安平町,モーリス,バンゴール,キングカメハメハ,14,6,9,,(美),田村康仁
新馬,202506290302020512,"2025. 6.29",福島,ミスターマーボー,牡,2,原優介, 55 ,13,４,芝,1800,A,良,1503,0.8,5,5,5,4,36.7,5,50.3,*,53.37,50.0,,A03,110,,2023100831,(29.0),,,0.6,先行,先行,36.80,428,,29.0,グッドラック・ファーム,日高町,シュヴァルグラン,ハタノサンドリヨン,ヨハネスブルグ,13,8,12,*,(美),青木孝文
1勝,202506290201060910,"2025. 6.29",函館,エイトスターズ,牝,5,吉田隼人, 56 ,10,10,芝,2000,A,良,2016,2.5,1,2,4,5,37.4,10,46.5,,54.23,52.6,,003,0,    0.0,2020103772,(15.2),,,0.2,中団,中団,36.09,476,0,15.2,レイクヴィラファーム,洞爺湖町,ジャスタウェイ,インザスポットライト,"Exceed And Excel",10,8,10,,(栗),坂口智康
1勝,202506290201060706,"2025. 6.29",函館,ムチャスグラシアス,牝,4,丹内祐次, 56 ,11,２,芝,1200,A,良,1090,0.1,,,4,4,34.7,4,48.8,*,48.40,45.2,牝,023,320,,2021104217,(41.7),970,29730,0.7,先行,先行,34.30,440,+2,41.7,友田牧場,新ひだか町,カリフォルニアクローム,ロスグラシアレス,シンボリクリスエス,11,6,6,,(美),菊川正達
1勝,202506290201060705,"2025. 6.29",函館,グランテレーズ,牝,4,鮫島克駿, 56 ,11,５,芝,1200,A,良,1093,0.4,,,5,5,34.8,7,49.1,*,48.40,45.2,牝,023,80,,2021102401,(16.2),,,0.9,中団,中団,34.50,468,+24,16.2,坂東牧場,平取町,シュヴァルグラン,アドマイヤテレサ,エリシオ,11,5,5,,(栗),渡辺薫彦
未勝利,202506290201060205,"2025. 6.29",函館,オンサイト,牡,3,橋木太希,54▲,12,５,ダ,1000,,良,1002,1.1,,,3,4,36.5,9,47.4,,48.77,48.3,,003,56,,2022100423,(54.0),,,0.3,先行,先行,35.55,462,-6,54.0,"Homey Farm",浦河町,アドミラブル,ブルーロゼット,キングズベスト,12,5,5,,(美),小西一男
未勝利,202506290201060104,"2025. 6.29",函館,アニマレイ,牡,2,佐々木大, 55 ,12,２,芝,1200,A,良,1100,0.1,,,6,5,35.1,3,49.4,*,48.87,47.5,,A03,220,,2023105279,(1.4),110,3250,0.4,中団,差し,34.90,468,0,1.4,ノーザンファーム,安平町,ニューイヤーズデイ,ガルデルスリール,ダイワメジャー,12,4,4,,(栗),須貝尚介
未勝利,202506290201060107,"2025. 6.29",函館,ジャストビート,牝,2,岩田康誠, 55 ,12,５,芝,1200,A,良,1103,0.4,,,10,9,34.8,1,52.0,*,48.87,47.5,,A03,56,,2023101090,(29.6),,,1.0,後方,後方,35.50,420,0,29.6,タバタファーム,日高町,デクラレーションオブウォー,ステルス,ディープインパクト,12,6,7,,(栗),安達昭夫
1勝,202506281002011211,"2025. 6.28",小倉,ガットネロ,牝,5,松山弘平, 56 ,14,10,芝,1200,A,良,1093,1.3,,,6,5,35.5,11,45.2,,48.40,46.0,,A03,0,,2020105073,(9.9),,,0.5,中団,中団,33.80,496,+12,9.9,大狩部牧場,新冠町,アメリカンペイトリオット,ブラックシュガー,ブラックタイド,14,7,11,,(栗),東田明士
未勝利,202506281002010205,"2025. 6.28",小倉,メイワキラリ,牡,2,吉村誠之,54☆,6,６,芝,1200,A,良,1109,1.9,,,6,6,37.0,6,41.6,,44.00,42.7,,A03,0,,2023103746,(94.6),,,0.7,後方,後方,33.90,456,-4,94.6,笹川大晃牧場,森町,ミスターメロディ,リュウメイ,コロナドズクエスト,6,5,5,,(栗),河嶋宏樹
1勝,202506280302011202,"2025. 6.28",福島,ノーブルアクト,牝,5,大野拓弥, 56 ,15,７,ダ,1700,,良,1470,2.3,10,10,9,9,38.5,6,47.0,,48.50,49.0,,A03,0,,2020104744,(20.5),,,1.0,中団,中団,37.36,502,+4,20.5,フジワラフアーム,新ひだか町,マクフィ,クイーンロイド,ゼンノロブロイ,15,2,2,,(美),上原博之
1勝,202506280201051214,"2025. 6.28",函館,ルシタニア,牡,3,菱田裕二, 55 ,14,７,ダ,1700,,稍,1462,1.1,14,14,12,8,37.9,3,48.3,*,46.90,46.7,,A04,0,,2022104640,(15.0),,,1.1,中団,中団,37.25,476,-4,15.0,ノーザンファーム,安平町,レイデオロ,イスパニダ,"Pure Prize",14,8,14,,(栗),武幸四郎
1勝,202506280201050903,"2025. 6.28",函館,エルサトアナ,牝,3,松本大輝, 53 ,8,１,芝,1200,A,良,1086,-0.0,,,2,2,34.2,2,50.6,*,51.10,49.4,,A04,1110,   23.1,2022100933,600,300,1260,0.2,先行,先行,34.40,426,+4,6.0,三石川上牧場,新ひだか町,カリフォルニアクローム,クイーンハーツ,キングカメハメハ,8,3,3,,(栗),本田優
1勝,202506280201050901,"2025. 6.28",函館,ハリウッドメモリー,牝,3,丹内祐次, 53 ,8,４,芝,1200,A,良,1090,0.4,,,1,1,34.8,7,48.3,*,51.10,49.4,,A04,170,    0.0,2022100632,(1.8),,,0.0,逃げ,逃げ,34.20,458,0,1.8,ケイアイファーム,新ひだか町,ロードカナロア,スピニングワイルドキャット,"Hard Spun",8,1,1,,(栗),長谷川浩
未勝利,202506280201050403,"2025. 6.28",函館,シャインフリーリー,牡,3,黛弘人, 57 ,13,４,芝,2000,A,稍,2011,0.7,6,6,7,5,36.3,4,50.1,*,51.03,49.7,,A03,84,,2022101495,(32.6),,,0.6,中団,差し,36.34,474,-2,32.6,白井牧場,日高町,ウインブライト,フィールフリーリー,アグネスタキオン,13,3,3,,(美),矢嶋大樹
3勝,202506220903061004,"2025. 6.22",阪神,キュールエフウジン,牡,6,松若風馬, 58 ,16,13,ダ,1800,,良,1550,2.5,16,16,16,16,38.4,8,49.7,,51.30,50.0,,A04,0,    0.0,2019102983,(45.7),,,1.6,後方,後方,38.30,500,+6,45.7,木下牧場,新ひだか町,ホッコータルマエ,キュールエアリス,ウォーエンブレム,16,2,4,,(栗),中尾秀正
1勝,202506220903060803,"2025. 6.22",阪神,ハクサンアイリス,牡,3,高杉吏麒,54☆,16,３,ダ,1400,,良,1247,0.6,,,8,7,37.8,2,43.1,*,42.47,40.1,,A03,200,,2022100328,(7.0),210,,1.0,中団,差し,35.18,480,-2,7.0,中村雅明,浦河町,ハクサンムーン,キャメロンロード,デュランダル,16,2,3,,(栗),高橋一哉
新馬,202506220903060614,"2025. 6.22",阪神,シュテフィ,牝,2,松山弘平, 55 ,16,１,ダ,1200,,良,1144,-0.1,,,4,4,38.3,3,44.3,*,44.03,43.8,,A03,750,,2023105301,1090,240,2760,0.1,先行,先行,36.10,448,,10.9,ノーザンファーム,安平町,ルヴァンスレーヴ,スプレンダークラン,ルーラーシップ,16,7,14,,(栗),牧田和弥
未勝利,202506220903060306,"2025. 6.22",阪神,ギザキズラヴ,牝,3,西塚洸二,54☆,18,７,芝,1600,B,良,1344,0.6,,,3,3,35.5,10,49.5,*,50.87,50.3,,A03,0,,2022106715,(22.3),,,0.2,先行,先行,35.34,442,-8,22.3,パカパカファーム,新冠町,キズナ,アップワードスパイラル,Teofilo,18,3,6,*,(栗),藤原英昭
1勝,202506220503061206,"2025. 6.22",東京,フウセツ,牡,3,大野拓弥, 55 ,16,１,ダ,1400,,良,1238,-0.1,,,5,5,36.5,3,47.2,*,50.63,44.4,,A03,800,,2022101626,650,270,3440,0.6,中団,差し,35.48,484,+6,6.5,ダーレー・ジャパン・ファーム,日高町,サンダースノー,アプト,アドマイヤムーン,16,3,6,,(美),鈴木慎太
1勝,202506220503061216,"2025. 6.22",東京,スプランドゥール,牡,4,柴田大知, 58 ,16,２,ダ,1400,,良,1239,0.1,,,13,13,35.5,1,52.3,*,50.63,44.4,,A03,320,,2021100623,(9.1),260,3440,1.7,後方,追込,36.30,466,-4,9.1,荻伏服部牧場,浦河町,シルバーステート,チェリーシェル,サクラバクシンオー,16,8,16,,(美),和田雄二
新馬,202506220503060609,"2025. 6.22",東京,アーガイルショア,牝,2,レーン, 55 ,16,９,芝,1400,D,良,1249,1.8,,,10,10,36.1,6,51.4,,51.70,49.6,,003,0,,2023103718,(4.0),,,1.4,中団,中団,36.60,494,,4.0,追分ファーム,安平町,ナダル,ベルプラージュ,キングカメハメハ,16,5,9,,(栗),安田翔伍
1勝,202506220201040904,"2025. 6.22",函館,エイトスターズ,牝,5,吉田隼人, 56 ,10,４,芝,2000,A,重,2027,0.5,6,6,7,7,35.4,4,55.7,*,56.80,54.7,牝,024,170,    0.0,2020103772,(4.8),,,0.6,後方,追込,37.41,476,0,4.8,レイクヴィラファーム,洞爺湖町,ジャスタウェイ,インザスポットライト,"Exceed And Excel",10,4,4,,(栗),坂口智康
1勝,202506220201040811,"2025. 6.22",函館,ストレイトアスク,牝,4,小林美駒,52★,11,３,芝,1200,A,重,1095,0.4,,,7,7,34.6,3,50.9,*,50.87,49.7,,003,200,,2021102312,(29.7),450,,0.4,中団,差し,34.90,438,+4,29.7,"ASK STUD",平取町,ロードカナロア,ストレイトガール,フジキセキ,11,8,11,,(栗),藤原英昭
未勝利,202506220201040608,"2025. 6.22",函館,マンオブザマッチ,牡,3,舟山瑠泉,54▲,11,１,ダ,1700,,重,1451,-0.2,4,6,1,1,37.6,2,47.9,*,47.73,47.9,,003,560,,2022101677,470,160,1340,0.0,先行,先行,36.82,486,-2,4.7,ダーレー・ジャパン・ファーム,日高町,ファインニードル,パテントジョイ,Pivotal,11,7,8,,(栗),高橋義忠
未勝利,202506220201040606,"2025. 6.22",函館,ザハント,牡,3,横山武史, 57 ,11,５,ダ,1700,,重,1462,1.1,8,2,3,3,38.4,5,46.3,,47.73,47.9,,003,56,,2022102929,(2.7),,,0.3,先行,先行,36.98,490,0,2.7,谷口牧場,浦河町,マジェスティックウォリアー,フミノアマゾン,フジキセキ,11,6,6,,(栗),田中克典
未勝利,202506220201040101,"2025. 6.22",函館,ベビーズブレス,牝,3,武豊, 55 ,16,１,芝,1200,A,重,1095,-0.3,,,1,1,35.5,9,45.8,*,47.87,45.8,,003,560,,2022106351,260,150,1450,0.0,逃げ,逃げ,34.00,422,+2,2.6,隆栄牧場,新冠町,アドマイヤマーズ,レディーガリレオ,Galileo,15,1,1,,(栗),千田輝彦
1勝,202506210903051202,"2025. 6.21",阪神,マルモア,牝,4,Ｍ．デム, 56 ,14,８,芝,1600,B,良,1342,0.4,,,12,11,34.7,2,52.9,*,51.80,49.0,,A03,0,,2021105245,(22.7),,,1.1,後方,後方,35.70,418,0,22.7,社台ファーム,千歳市,エピファネイア,マーブルカテドラル,ダイワメジャー,14,2,2,*,(栗),松永幹夫
1勝,202506210903050807,"2025. 6.21",阪神,ロックウイズユー,牡,3,和田竜二, 55 ,16,13,ダ,1800,,良,1553,2.3,10,9,8,9,39.3,13,46.7,,51.57,50.3,,A04,0,,2022103143,(55.2),,,0.6,中団,中団,38.00,450,-4,55.2,ビクトリーホースランチ,浦河町,ダノンレジェンド,エステーラブ,マイネルラヴ,16,4,7,,(栗),西園正都
1勝,202506210903050702,"2025. 6.21",阪神,シャインバオバブ,牡,3,太宰啓介, 54 ,10,３,芝,2400,B,良,2268,0.0,7,7,8,9,34.5,1,58.5,*,56.90,54.9,,A04,200,,2022106180,(20.7),630,,0.9,後方,追込,37.43,492,-6,20.7,川島牧場,新冠町,シルバーステート,レユシット,ルーラーシップ,10,2,2,,(栗),本田優
未勝利,202506210903050604,"2025. 6.21",阪神,テレプシコーラ,牝,3,吉村誠之,54☆,15,消,芝,2000,B,良,----,----,,,,,,0,,,52.47,52.4,,003,0,,2022100457,,,,,,,,,,,吉田ファーム,浦河町,ルーラーシップ,キスオンザグリーン,オルフェーヴル,14,3,4,,(栗),坂口智康
新馬,202506210903050504,"2025. 6.21",阪神,クライナリーゼ,牡,2,永島まな,53◇,12,９,芝,1400,B,良,1245,1.9,,,8,7,36.6,8,48.2,,48.83,46.6,,003,0,,2023104192,(103.2),,,1.4,中団,中団,35.93,370,,103.2,田端牧場,新冠町,カレンブラックヒル,ウェルアウェイ,Monsun,12,4,4,,(栗),高橋康之
未勝利,202506210903050211,"2025. 6.21",阪神,ドマーネ,牝,3,幸英明, 55 ,16,９,ダ,1800,,良,1582,2.9,10,9,6,6,42.6,10,38.7,,41.77,42.3,牝,023,0,,2022103271,(11.3),,,0.8,中団,中団,37.80,438,+10,11.3,三嶋牧場,浦河町,ゴールドシップ,ランドネ,Blame,16,6,11,,(栗),辻野泰之
1勝,202506210503051204,"2025. 6.21",東京,ファンタイムギフト,牡,3,田辺裕信, 55 ,16,５,ダ,1600,,良,1370,0.4,,,12,11,35.6,1,53.5,*,50.87,46.6,,003,80,,2022102378,(7.7),,,1.8,後方,後方,36.84,498,0,7.7,二風谷ファーム,平取町,ドレフォン,トウカイシェーン,ダイワメジャー,16,2,4,,(美),相沢郁
1勝,202506210503051201,"2025. 6.21",東京,プロスペクトパーク,牡,3,ディー, 55 ,16,16,ダ,1600,,良,1409,4.3,,,9,11,39.5,15,43.3,,50.87,46.6,,003,0,,2022105548,(16.5),,,1.8,後方,後方,36.84,500,0,16.5,社台ファーム,千歳市,キズナ,ラブリーベルナデット,Wilburn,16,1,1,,(美),高柳瑞樹
新馬,202506210503050605,"2025. 6.21",東京,ハイライトニング,牡,2,大野拓弥, 55 ,16,６,ダ,1400,,良,1275,2.4,,,16,16,36.1,1,56.8,*,51.63,50.8,,A03,0,,2023105381,(142.7),,,2.6,後方,後方,38.55,474,,142.7,千代田牧場,新ひだか町,リアルスティール,マニクール,ヘニーヒューズ,16,3,5,,(美),嘉藤貴行
未勝利,202506210503050409,"2025. 6.21",東京,ポタリング,セ,3,江田照男, 57 ,16,５,芝,1600,D,良,1339,0.8,,,3,3,35.7,10,47.8,*,50.27,49.1,,A03,56,,2022101191,(121.8),,,0.2,先行,先行,34.92,430,0,121.8,オリオンファーム,日高町,ノーブルミッション,ウインルキア,ディープインパクト,16,5,9,,(美),武藤善則
2勝,202506210201031113,"2025. 6.21",函館,ファイツオン,牡,4,藤岡佑介, 58 ,15,10,芝,1200,A,良,1094,0.5,,,1,1,35.2,15,47.2,*,51.97,48.6,,A04,0,    0.0,2021100476,(2.5),,,0.0,逃げ,逃げ,34.20,512,-4,2.5,村上牧場,新ひだか町,アルアイン,ソラコマチ,サクラバクシンオー,15,7,13,,(栗),藤岡健一
1勝,202506210201031001,"2025. 6.21",函館,ペリプルス,牡,5,柴田大知, 58 ,8,３,芝,2600,A,良,2418,0.2,5,4,3,3,35.3,4,57.5,*,58.03,57.3,,A04,280,    2.9,2020105796,(19.1),340,,0.2,先行,先行,37.95,446,-2,19.1,ビッグレッドファーム,新冠町,ゴールドシップ,マイネリベルタス,コンデュイット,8,1,1,,(美),佐藤吉勝
1勝,202506210201030808,"2025. 6.21",函館,タミゼ,牝,4,荻野琢真, 56 ,12,11,ダ,1000,,良,1001,1.3,,,12,12,34.8,3,59.1,*,49.57,45.0,,A03,0,,2021100650,(129.1),,,2.5,後方,後方,37.95,490,+2,129.1,笠松牧場,浦河町,リオンディーズ,フレンチトースト,フレンチデピュティ,12,6,8,,(栗),平田修
未勝利,202506210201030705,"2025. 6.21",函館,デルマケセラセラ,牝,3,横山和生, 55 ,16,３,芝,1800,A,良,1476,0.7,1,1,1,1,36.1,10,49.0,*,50.77,51.0,牝,023,140,,2022105477,(4.0),140,,0.0,逃げ,逃げ,35.75,432,0,4.0,社台ファーム,千歳市,リオンディーズ,フロレットアレー,ディープインパクト,16,3,5,,(美),小野次郎
3勝,202506150903041207,"2025. 6.15",阪神,エンヤラヴフェイス,牡,4,高杉吏麒, 56 ,16,５,ダ,1200,,重,1109,0.5,,,16,16,34.9,1,53.2,*,45.53,42.3,,A03,184,    0.0,2021101737,(34.2),,,2.2,後方,後方,36.00,510,+6,34.2,チャンピオンズファーム,新ひだか町,エイシンヒカリ,タイキアプローズ,"Devil's Bag",16,4,7,,(栗),森田直行
1勝,202506150903040707,"2025. 6.15",阪神,キーパフォーマー,牝,4,田山旺佑,53▲,10,６,芝,2000,A,稍,2018,1.3,5,5,6,5,36.0,6,52.1,,52.80,53.9,,A04,0,,2021104948,(12.6),,,0.5,中団,中団,36.77,464,+4,12.6,社台ファーム,千歳市,キタサンブラック,アンコールピース,ネオユニヴァース,10,7,7,,(栗),佐々木晶
1勝,202506150903040601,"2025. 6.15",阪神,オーレアミスト,牡,3,岩田望来, 55 ,16,３,ダ,1800,,重,1521,0.7,9,9,8,8,38.1,2,47.1,*,46.40,44.7,,003,200,,2022104841,(41.6),660,,1.1,中団,差し,37.00,496,+8,41.6,ノーザンファーム,安平町,ゴールドドリーム,ジンジャーミスト,Bernardini,16,1,1,,(栗),友道康夫
新馬,202506150903040501,"2025. 6.15",阪神,カクウチ,牡,2,岩田望来, 55 ,8,６,芝,1800,A,重,1504,1.1,,,2,3,34.8,6,58.6,,61.93,60.7,,A03,0,,2023101405,(38.8),,,0.3,先行,先行,37.80,456,,38.8,碧雲牧場,日高町,アドマイヤマーズ,トウカイファイン,フレンチデピュティ,8,1,1,,(栗),小崎憲
未勝利,202506150903040410,"2025. 6.15",阪神,サミダレナイツ,牡,3,戸崎圭太, 57 ,15,６,芝,2200,A,重,2158,0.8,7,7,8,8,36.7,7,51.3,*,52.03,51.6,,003,0,,2022101605,(14.1),,,0.5,中団,中団,37.16,480,-2,14.1,竹島幸治,日高町,トーホウジャッカル,トーホウビスカヤ,ストリートセンス,15,6,10,,(栗),谷潔
未勝利,202506150903040301,"2025. 6.15",阪神,パリコレジェンヌ,牝,3,和田竜二, 55 ,18,13,芝,1400,A,重,1239,1.9,,,1,1,38.0,17,40.6,,46.03,45.4,,A03,0,,2022104501,(34.4),,,0.0,逃げ,逃げ,34.43,458,+2,34.4,前谷牧場,新ひだか町,ミスターメロディ,ビオレイメル,ワイルドラッシュ,18,1,1,,(栗),鈴木孝志
1勝,202506150201020906,"2025. 6.15",函館,シンゼンカガ,牡,3,黛弘人, 55 ,13,９,芝,1800,A,良,1476,1.0,5,2,8,7,36.0,9,49.4,*,51.50,50.6,,004,0,    0.0,2022105345,(113.4),,,0.4,中団,中団,35.80,440,-6,113.4,社台ファーム,千歳市,トーセンラー,シアン,"Smart Strike",13,5,6,,(栗),荒川義之
1勝,202506150201020807,"2025. 6.15",函館,ザングウィル,牡,5,浜中俊, 58 ,13,７,芝,1200,A,良,1083,0.7,,,10,10,34.3,5,49.1,*,47.57,45.9,,A03,0,,2020110051,(28.2),,,0.9,後方,後方,34.00,508,+4,28.2,"J. Lenihan",愛,"Dandy Man",Zaaqya,Nayef,13,5,7,,(栗),佐藤悠太
1勝,202506150201020812,"2025. 6.15",函館,ムチャスグラシアス,牝,4,丹内祐次, 56 ,13,11,芝,1200,A,良,1092,1.6,,,3,4,35.7,11,43.8,,47.57,45.9,,A03,0,,2021104217,(16.4),,,0.4,先行,先行,33.50,438,+14,16.4,友田牧場,新ひだか町,カリフォルニアクローム,ロスグラシアレス,シンボリクリスエス,13,8,12,,(美),菊川正達
1勝,202506150201020808,"2025. 6.15",函館,タミゼ,牝,4,荻野琢真, 56 ,13,12,芝,1200,A,良,1095,1.9,,,3,4,36.1,12,42.5,,47.57,45.9,,A03,0,,2021100650,(159.8),,,0.3,先行,先行,33.40,488,+8,159.8,笠松牧場,浦河町,リオンディーズ,フレンチトースト,フレンチデピュティ,13,6,8,,(栗),平田修
新馬,202506150201020502,"2025. 6.15",函館,アニマレイ,牡,2,佐々木大, 55 ,9,２,芝,1200,A,良,1086,0.2,,,2,2,35.1,4,45.4,*,46.47,45.4,,003,300,,2023105279,(2.1),110,330,0.1,先行,先行,33.50,468,,2.1,ノーザンファーム,安平町,ニューイヤーズデイ,ガルデルスリール,ダイワメジャー,9,2,2,,(栗),須貝尚介
未勝利,202506150201020403,"2025. 6.15",函館,シャインフリーリー,牡,3,黛弘人, 57 ,10,５,芝,2600,A,良,2386,1.3,5,5,6,6,36.2,4,51.4,,52.63,53.7,,A03,56,,2022101495,(8.9),,,0.4,中団,中団,36.72,476,+2,8.9,白井牧場,日高町,ウインブライト,フィールフリーリー,アグネスタキオン,10,3,3,,(美),矢嶋大樹
未勝利,202506150201020209,"2025. 6.15",函館,ザハント,牡,3,舟山瑠泉,54▲,14,５,ダ,1700,,良,1471,1.1,7,7,7,8,39.0,5,45.2,*,46.93,45.2,,003,56,,2022102929,(4.9),,,0.7,中団,中団,37.15,490,0,4.9,谷口牧場,浦河町,マジェスティックウォリアー,フミノアマゾン,フジキセキ,14,6,9,,(栗),田中克典
未勝利,202506150201020110,"2025. 6.15",函館,エルサトアナ,牝,3,松本大輝,54☆,16,１,芝,1200,A,良,1078,-0.2,,,2,2,34.1,2,48.8,*,48.90,47.1,,A03,560,,2022100933,320,120,1290,0.3,先行,先行,33.70,422,-6,3.2,三石川上牧場,新ひだか町,カリフォルニアクローム,クイーンハーツ,キングカメハメハ,16,5,10,,(栗),本田優
1勝,202506140903031203,"2025. 6.14",阪神,ヒーローインチーフ,セ,4,西塚洸二,57☆,16,２,芝,1200,A,重,1105,0.3,,,15,15,34.5,1,54.3,*,51.33,48.3,,003,320,,2021106661,(9.9),320,2810,1.2,後方,追込,36.00,446,-8,9.9,ハクツ牧場,新冠町,ディスクリートキャット,カクテルラウンジ,タニノギムレット,16,2,3,*,(栗),吉田直弘
1勝,202506140903031216,"2025. 6.14",阪神,インフローレ,牝,3,今村聖奈,51◇,16,４,芝,1200,A,重,1107,0.5,,,6,8,35.3,4,50.3,*,51.33,48.3,,003,120,,2022102729,(7.7),,,0.6,中団,差し,35.40,434,+6,7.7,杵臼牧場,浦河町,リオンディーズ,キュイキュイ,ハービンジャー,16,8,16,*,(栗),寺島良
新馬,202506140903030508,"2025. 6.14",阪神,メイワキラリ,牡,2,吉村誠之,54☆,8,７,芝,1200,A,稍,1123,1.8,,,7,7,36.3,7,49.2,,50.20,49.7,,A03,0,,2023103746,(59.3),,,0.8,後方,後方,36.00,460,,59.3,笹川大晃牧場,森町,ミスターメロディ,リュウメイ,コロナドズクエスト,8,8,8,,(栗),河嶋宏樹
未勝利,202506140903030306,"2025. 6.14",阪神,ロックウイズユー,牡,3,松山弘平, 57 ,16,１,ダ,2000,,稍,2080,-1.0,6,6,3,3,39.4,1,46.4,*,45.93,45.0,,A03,560,,2022103143,270,120,400,0.4,先行,先行,37.97,454,+4,2.7,ビクトリーホースランチ,浦河町,ダノンレジェンド,エステーラブ,マイネルラヴ,16,3,6,,(栗),西園正都
未勝利,202506140903030213,"2025. 6.14",阪神,バルミラクル,牡,3,鮫島良太, 57 ,16,３,ダ,1400,,稍,1257,0.4,,,2,3,38.1,5,43.7,*,43.97,42.9,,003,140,,2022106177,(6.3),180,,0.4,先行,先行,35.70,446,+2,6.3,川島牧場,新冠町,マクフィ,ミラクルクロス,フジキセキ,16,7,13,,(栗),河嶋宏樹
1勝,202506140503031212,"2025. 6.14",東京,パラサイコロジー,牝,3,大野拓弥, 53 ,16,１,ダ,1400,,良,1237,-0.6,,,1,1,36.1,3,48.9,*,49.77,48.9,牝,023,800,,2022104862,280,120,620,0.0,逃げ,逃げ,35.70,476,+10,2.8,ノーザンファーム,安平町,モズアスコット,スペルオンミー,ダイワメジャー,16,6,12,,(美),新開幸一
3勝,202506140503031012,"2025. 6.14",東京,シャンデルナゴル,牡,5,石川裕紀, 58 ,16,15,ダ,1600,,良,1381,2.5,,,7,8,38.0,15,44.9,,46.50,44.2,,A04,0,    0.0,2020103193,(24.8),,,1.7,中団,中団,36.06,494,+2,24.8,ノーザンファーム,安平町,サトノダイヤモンド,アガルタ,キングカメハメハ,16,6,12,,(栗),石坂公一
1勝,202506140503030808,"2025. 6.14",東京,ハルオーブ,牡,5,三浦皇成, 58 ,18,７,芝,1400,C,良,1224,0.5,,,12,11,34.6,8,53.6,*,53.63,50.5,,A03,0,,2020104732,(33.4),,,0.9,中団,中団,35.85,462,+2,33.4,藤沢牧場,新ひだか町,ディーマジェスティ,ハルダヨリ,ファルブラヴ,18,4,8,,(美),武井亮
未勝利,202506140503030701,"2025. 6.14",東京,ヨドノタイヨウ,牡,3,小林凌大, 57 ,16,７,ダ,1600,,良,1384,0.6,,,11,10,36.8,2,50.4,*,50.00,48.2,,003,0,,2022100348,(111.3),,,0.9,中団,中団,36.96,502,+12,111.3,林農場,浦河町,ミッキーロケット,ストロベリーハーツ,ハーツクライ,16,1,1,,(美),小西一男
ＪＧ３,202506140503030403,"2025. 6.14",東京,プラチナドリーム,牡,6,石神深一, 60 ,12,８,芝,3110,C,良,3285,3.3,10,9,10,10,13.4,,,,,,,A00,0,    0.0,2019106330,(116.4),,,,後方,後方,,484,+8,116.4,千代田牧場,新ひだか町,ホッコータルマエ,サティーヌアロム,シンボリクリスエス,12,3,3,,(美),菊川正達
2勝,202506140201011015,"2025. 6.14",函館,アラタマフェーヴル,牡,4,池添謙一, 58 ,16,13,芝,1800,A,良,1475,1.2,4,5,4,3,35.7,14,50.6,,55.00,52.3,,A04,0,    0.0,2021102115,(9.9),,,0.4,先行,先行,35.90,492,+14,9.9,槇本牧場,日高町,オルフェーヴル,アラタマクリスエス,シンボリクリスエス,16,8,15,,(栗),浜田多実
1勝,202506140201010909,"2025. 6.14",函館,ルシタニア,牡,3,浜中俊, 55 ,12,11,芝,2000,A,良,2016,1.4,5,5,7,10,35.3,11,54.8,,56.57,55.6,,A03,0,    0.0,2022104640,(31.8),,,0.8,後方,後方,36.99,480,-4,31.8,ノーザンファーム,安平町,レイデオロ,イスパニダ,"Pure Prize",11,7,9,,(栗),武幸四郎
1勝,202506140201010714,"2025. 6.14",函館,ハリウッドメモリー,牝,3,丹内祐次, 53 ,14,２,芝,1200,A,良,1075,0.3,,,1,1,34.9,6,43.4,*,47.30,44.2,,003,320,,2022100632,(7.3),260,1390,0.0,逃げ,逃げ,32.60,458,+4,7.3,ケイアイファーム,新ひだか町,ロードカナロア,スピニングワイルドキャット,"Hard Spun",14,8,14,,(栗),長谷川浩
未勝利,202506140201010613,"2025. 6.14",函館,マンオブザマッチ,牡,3,丹内祐次, 57 ,14,４,ダ,1700,,良,1465,1.2,5,6,3,4,38.9,8,44.8,*,46.83,46.6,,A03,84,,2022101677,(2.8),,,0.3,先行,先行,36.87,488,+6,2.8,ダーレー・ジャパン・ファーム,日高町,ファインニードル,パテントジョイ,Pivotal,14,8,13,,(栗),高橋義忠
新馬,202506140201010510,"2025. 6.14",函館,コンフィアンサ,牝,2,佐々木大, 55 ,12,５,芝,1000,A,良,0573,0.9,,,4,3,34.2,8,51.3,*,50.57,49.6,,A03,75,,2023102342,(13.5),,,0.6,先行,先行,34.65,434,,13.5,上野正恵,新ひだか町,ミスターメロディ,ロマネクイーン,マイネルラヴ,12,7,10,,(美),菊川正達
新馬,202506140201010508,"2025. 6.14",函館,ジャストビート,牝,2,戸崎圭太, 55 ,12,９,芝,1000,A,良,0584,2.0,,,10,10,33.5,1,61.5,*,50.57,49.6,,A03,0,,2023101090,(36.1),,,2.4,後方,後方,37.35,420,,36.1,タバタファーム,日高町,デクラレーションオブウォー,ステルス,ディープインパクト,12,6,8,,(栗),安達昭夫
未勝利,202506080903020213,"2025. 6. 8",阪神,モズカトレア,牝,3,岩田望来, 55 ,14,１,ダ,1800,,良,1571,-0.0,1,1,1,1,37.8,2,54.9,*,55.60,54.9,牝,023,560,,2022102123,390,140,580,0.0,逃げ,逃げ,39.65,486,-2,3.9,目黒牧場,日高町,モズアスコット,ビューティーモズ,ネオユニヴァース,14,8,13,,(栗),井上智史
1勝,202506080503020807,"2025. 6. 8",東京,プチプランス,牡,3,戸崎圭太, 55 ,18,４,芝,1600,C,良,1339,0.4,,,7,6,34.2,6,54.7,*,53.73,50.7,,A04,120,,2022101565,(8.3),,,1.1,中団,差し,35.82,484,-4,8.3,スマイルファーム,日高町,リアルスティール,シャイスター,"Equal Stripes",18,4,7,,(栗),藤岡健一
1勝,202506080503020706,"2025. 6. 8",東京,スプランドゥール,牡,4,柴田大知, 58 ,16,５,ダ,1400,,良,1242,0.5,,,13,13,35.9,1,50.9,*,47.77,46.0,,003,80,,2021100623,(20.9),,,1.3,後方,後方,36.23,470,-2,20.9,荻伏服部牧場,浦河町,シルバーステート,チェリーシェル,サクラバクシンオー,16,3,6,,(美),和田雄二
1勝,202506080503020711,"2025. 6. 8",東京,ゲキザル,牡,6,小林脩斗, 58 ,16,６,ダ,1400,,良,1242,0.5,,,10,10,36.2,2,49.4,*,47.77,46.0,,003,0,,2019102102,(32.2),,,1.0,中団,中団,36.00,478,+2,32.2,広富牧場,日高町,ザファクター,トゥモローズライト,アフリート,16,6,11,,(美),青木孝文
1勝,202506080503020708,"2025. 6. 8",東京,ウフドゥウフ,牡,3,田辺裕信, 55 ,16,９,ダ,1400,,良,1248,1.1,,,10,10,36.7,7,48.3,,47.77,46.0,,003,0,,2022105257,(6.7),,,1.1,中団,中団,36.08,482,-4,6.7,社台ファーム,千歳市,エピファネイア,エッグドロップ,"Alphabet Soup",16,4,8,,(美),上原博之
未勝利,202506080503020409,"2025. 6. 8",東京,ミスティマウンテン,牡,3,横山武史, 57 ,16,４,ダ,1400,,良,1253,0.9,,,8,8,36.4,3,50.8,*,48.63,49.4,,003,84,,2022101684,(11.9),,,0.8,中団,差し,36.68,442,-4,11.9,ダーレー・ジャパン・ファーム,日高町,サンダースノー,ブルーミスト,スクリーンヒーロー,16,5,9,,(美),池上昌和
3勝,202506070903011111,"2025. 6. 7",阪神,バッデレイト,牡,4,岩田望来, 58 ,15,２,芝,2000,A,良,1587,0.1,5,5,5,2,35.5,4,50.4,*,50.43,49.9,,A04,740,    9.2,2021102728,(4.4),170,1240,0.2,先行,先行,35.66,470,-4,4.4,杵臼牧場,浦河町,サトノダイヤモンド,ビーウインド,スピニングワールド,15,6,11,,(栗),上村洋行
3勝,202506070903011101,"2025. 6. 7",阪神,ドットクルー,牡,5,高杉吏麒, 58 ,15,12,芝,2000,A,良,1595,0.9,12,11,13,15,35.6,6,51.0,*,50.43,49.9,,A04,0,    0.0,2020101486,(48.4),,,0.9,後方,後方,35.96,466,-2,48.4,佐々木牧場,日高町,ディーマジェスティ,スターオブロゼッタ,ロードカナロア,15,1,1,,(栗),笹田和秀
未勝利,202506070903010613,"2025. 6. 7",阪神,サイモンイロハニー,牝,3,幸英明, 55 ,13,７,芝,2000,A,良,2022,1.1,10,11,10,9,35.4,4,55.1,*,55.67,54.2,,003,0,,2022104164,(45.8),,,1.0,後方,後方,37.20,414,-2,45.8,千代田牧場,新ひだか町,ゴールドシップ,ブライテストリング,ダノンシャンティ,13,8,13,,(栗),谷潔
新馬,202506070903010508,"2025. 6. 7",阪神,アンディムジーク,牝,2,鮫島克駿, 55 ,8,５,芝,1600,A,良,1367,0.5,,,5,5,32.9,2,66.4,*,65.00,63.9,,003,75,,2023103797,(6.7),,,0.8,中団,中団,38.28,434,,6.7,社台コーポレーション白老ファーム,白老町,アドマイヤマーズ,ターフェルムジーク,ノヴェリスト,8,8,8,,(栗),渡辺薫彦
3勝,202506070503011110,"2025. 6. 7",東京,プロミシングスター,牡,4,荻野極, 56 ,16,５,ダ,1400,,良,1234,0.7,,,7,7,36.1,7,48.3,*,48.23,47.8,,A03,184,    0.0,2021103073,(4.5),,,0.5,中団,中団,35.48,454,-6,4.5,富田牧場,浦河町,マジェスティックウォリアー,ファインチョイス,アドマイヤムーン,16,5,10,,(栗),高橋義忠
1勝,202506070503010912,"2025. 6. 7",東京,ズイウンゴサイ,牡,4,丹内祐次, 58 ,12,４,芝,2400,C,良,2260,1.7,10,10,10,10,34.3,3,58.6,*,56.03,56.9,,A04,170,    0.0,2021100597,(19.2),,,1.7,後方,追込,37.23,458,-8,19.2,エムエム、ヤマダファーム,浦河町,シュヴァルグラン,ブルーインザスカイ,チチカステナンゴ,12,8,12,,(美),武市康男
新馬,202506070503010508,"2025. 6. 7",東京,スタートレイン,牝,2,佐々木大, 55 ,10,消,芝,1600,C,良,----,----,,,,,,0,,,55.07,55.1,,A03,0,,2023103146,,,,,,,,,,,藤沢牧場,新ひだか町,キタサンブラック,レポゼッション,"War Front",9,7,8,,(美),黒岩陽一
2勝,202506010802120804,"2025. 6. 1",京都,ワークソング,牡,4,国分恭介, 58 ,16,７,ダ,1200,,良,1121,0.7,,,5,5,36.6,11,47.0,*,48.53,46.7,,A03,0,,2021102462,(12.6),,,0.4,中団,中団,35.50,482,+6,12.6,雅牧場,平取町,モーニン,ハッピーラン,フレンチデピュティ,16,2,4,,(栗),牧浦充徳
未勝利,202506010802120511,"2025. 6. 1",京都,ジーティートシオー,牡,3,鮫島克駿, 57 ,13,５,芝,2400,D,良,2283,0.7,3,3,3,2,35.2,8,57.1,*,58.47,58.9,,A03,56,,2022104661,(35.2),,,0.1,先行,先行,37.70,450,-10,35.2,ノーザンファーム,安平町,バゴ,ウォークロニクル,ウォーエンブレム,13,7,11,,(栗),西村真幸
未勝利,202506010802120304,"2025. 6. 1",京都,レインオンミー,牡,3,和田竜二, 57 ,18,10,芝,1600,D,良,1357,1.2,,,3,3,36.8,15,46.0,,49.63,48.4,,A03,0,,2022104117,(14.0),,,0.2,先行,先行,35.34,484,-2,14.0,千代田牧場,新ひだか町,リアルスティール,アルマリンピア,タイキシャトル,18,2,4,,(栗),福永祐一
2勝,202506010502120801,"2025. 6. 1",東京,プリズマジコ,牡,4,秋山稔樹, 58 ,16,３,芝,2400,C,稍,2243,0.5,6,6,6,6,34.8,5,54.9,*,55.00,54.0,,A03,390,    4.9,2021106077,(29.0),530,,0.6,中団,差し,36.50,448,+4,29.0,大狩部牧場,新冠町,キズナ,グラントリノ,グランデラ,16,1,1,,(栗),高橋義忠
未勝利,202506010502120408,"2025. 6. 1",東京,ポタリング,セ,3,武藤雅, 57 ,15,４,芝,1600,C,稍,1353,0.6,,,7,7,34.5,4,55.7,*,54.73,54.2,,A03,84,,2022101191,(49.0),,,0.7,中団,差し,36.48,430,-8,49.0,オリオンファーム,日高町,ノーブルミッション,ウインルキア,ディープインパクト,14,5,8,*,(美),武藤善則
2勝,202505310802111201,"2025. 5.31",京都,モズトキキ,牝,4,永島まな,54◇,13,13,芝,1400,D,良,1239,3.3,,,13,13,35.4,9,52.8,,54.37,47.2,,A04,0,,2021102914,(35.3),,,3.0,後方,後方,36.38,550,0,35.3,谷川牧場,浦河町,グランプリボス,モズジャカランダ,Congrats,13,1,1,,(栗),平田修
1勝,202505310802110803,"2025. 5.31",京都,ラガークイン,牝,4,田口貫太, 56 ,18,12,芝,1600,D,良,1344,0.8,,,9,7,35.0,12,51.8,*,51.70,51.4,,A03,0,,2021105416,(14.2),,,0.6,中団,中団,35.64,420,-2,14.2,ノーザンファーム,安平町,リアルインパクト,ウォークロニクル,ウォーエンブレム,18,2,3,,(栗),大久保龍
2勝,202505310502111211,"2025. 5.31",東京,ロードブレイズ,牡,4,横山和生, 58 ,15,５,ダ,2100,,不,2096,0.8,10,11,11,11,36.4,2,52.4,*,50.23,48.9,,A04,114,,2021100162,(6.7),,,1.5,後方,後方,37.28,500,-6,6.7,ケイアイファーム,新ひだか町,ロードカナロア,ブリュネット,ダイワメジャー,15,6,11,,(美),稲垣幸雄
未勝利,202505310502110501,"2025. 5.31",東京,エリナ,牝,3,武藤雅, 55 ,16,13,芝,2000,C,稍,2057,1.6,,14,14,8,36.4,13,55.1,,58.30,56.5,,A03,0,,2022101492,(126.6),,,0.8,中団,中団,38.27,414,+6,126.6,白井牧場,日高町,カリフォルニアクローム,ヒーラ,ディープインパクト,16,1,1,,(美),戸田博文
未勝利,202505310502110103,"2025. 5.31",東京,シュガーハイ,牡,3,小林美駒,53★,16,１,ダ,1400,,不,1242,-1.0,,,1,1,36.7,1,47.1,*,47.27,47.1,,003,560,,2022104177,810,490,2990,0.0,逃げ,逃げ,35.63,510,+4,8.1,千代田牧場,新ひだか町,リオンディーズ,ミリオンセラー2,"A.P. Indy",16,2,3,,(美),加藤士津
1勝,202505250802100702,"2025. 5.25",京都,セボンサデッセ,牡,3,菱田裕二, 57 ,16,２,ダ,1800,,重,1499,0.3,6,5,3,3,36.6,3,50.1,*,50.90,49.7,,A03,320,,2022104903,(6.5),210,1150,0.3,先行,先行,36.65,494,+8,6.5,ノーザンファーム,安平町,ルヴァンスレーヴ,チャームクォーク,クロフネ,16,1,2,,(栗),橋口慎介
1勝,202505250802100709,"2025. 5.25",京都,オーレアミスト,牡,3,和田竜二, 57 ,16,10,ダ,1800,,重,1511,1.5,12,12,14,14,37.0,5,50.1,*,50.90,49.7,,A03,0,,2022104841,(83.1),,,1.1,後方,後方,37.05,488,-4,83.1,ノーザンファーム,安平町,ゴールドドリーム,ジンジャーミスト,Bernardini,16,5,9,,(栗),友道康夫
1勝,202505250802100612,"2025. 5.25",京都,モンテディアーナ,牝,3,武豊, 55 ,13,２,芝,1200,D,重,1103,0.1,,,1,1,35.3,6,49.2,*,50.47,49.4,,A04,320,,2022104597,(2.6),150,1260,0.0,逃げ,逃げ,35.00,460,+8,2.6,ノーザンファーム,安平町,ドレフォン,アズールムーン,"Malibu Moon",13,8,12,,(栗),四位洋文
1勝,202505250802100606,"2025. 5.25",京都,イリフィ,牝,3,鮫島克駿, 55 ,13,６,芝,1200,D,重,1108,0.6,,,5,6,35.3,6,50.6,*,50.47,49.4,,A04,0,,2022110077,(13.4),,,0.5,中団,中団,35.50,416,0,13.4,"Stonethorn Stud Farm Ltd.",愛,"Too Darn Hot",Trethias,"Invincible Spirit",13,5,6,,(栗),高野友和
1勝,202505250502100703,"2025. 5.25",東京,ズイウンゴサイ,牡,4,丹内祐次, 58 ,8,３,芝,2400,B,稍,2296,0.1,3,2,3,3,33.9,3,63.8,*,63.57,62.4,,A03,200,,2021100597,(2.7),110,,0.4,先行,先行,38.57,466,0,2.7,エムエム、ヤマダファーム,浦河町,シュヴァルグラン,ブルーインザスカイ,チチカステナンゴ,8,3,3,,(美),武市康男
未勝利,202505250502100510,"2025. 5.25",東京,デルマケセラセラ,牝,3,横山和生, 55 ,17,３,芝,1800,B,稍,1486,0.1,,1,1,1,34.7,6,56.5,*,58.07,56.8,,A03,140,,2022105477,(9.2),160,,0.0,逃げ,逃げ,36.95,432,+6,9.2,社台ファーム,千歳市,リオンディーズ,フロレットアレー,ディープインパクト,17,5,10,,(美),小野次郎
1勝,202505250401080810,"2025. 5.25",新潟,ヒーローインチーフ,セ,4,松本大輝,57☆,16,２,芝,1200,B,稍,1115,0.0,,,10,13,35.4,2,52.0,*,52.27,44.8,,003,320,,2021106661,(6.9),290,3070,1.3,後方,追込,36.10,454,+2,6.9,ハクツ牧場,新冠町,ディスクリートキャット,カクテルラウンジ,タニノギムレット,16,5,10,,(栗),吉田直弘
1勝,202505250401080714,"2025. 5.25",新潟,ベニシア,牝,4,菊沢一樹, 56 ,15,13,ダ,1200,,稍,1136,1.9,,,2,3,38.7,14,40.2,,43.40,44.3,牝,023,0,,2021100662,(34.5),,,0.1,先行,先行,34.90,438,+2,34.5,上山牧場,浦河町,ヘニーヒューズ,フクシア,ゴールドアリュール,15,8,14,,(美),粕谷昌央
未勝利,202505250401080612,"2025. 5.25",新潟,サミダレナイツ,牡,3,舟山瑠泉,54▲,16,６,芝,2200,B,稍,2198,0.8,4,5,5,7,38.0,6,50.5,*,52.93,51.5,,A03,0,,2022101605,(18.0),,,0.3,中団,中団,38.18,482,0,18.0,竹島幸治,日高町,トーホウジャッカル,トーホウビスカヤ,ストリートセンス,16,6,12,,(栗),谷潔
未勝利,202505250401080404,"2025. 5.25",新潟,ビーンスターク,牡,4,田村太雅, 59 ,14,７,芝,2890,B,稍,3176,3.1,10,11,8,8,13.7,,,,,,,000,0,,2021103578,(106.9),,,,中団,中団,,490,-4,106.9,岡田牧場,新ひだか町,ロジャーバローズ,アートオブビーン,アグネスデジタル,14,3,4,,(栗),森田直行
2勝,202505240802091210,"2025. 5.24",京都,プロミシングスター,牡,4,団野大成, 58 ,13,１,ダ,1400,,稍,1218,-0.5,,,3,3,34.9,2,50.8,*,50.07,49.3,,A03,1550,   28.0,2021103073,360,150,940,0.3,先行,先行,35.18,460,+6,3.6,富田牧場,浦河町,マジェスティックウォリアー,ファインチョイス,アドマイヤムーン,13,7,10,,(栗),高橋義忠
1勝,202505240802090910,"2025. 5.24",京都,プチプランス,牡,3,高杉吏麒, 57 ,13,４,芝,1600,D,稍,1350,0.1,,,9,9,35.8,3,49.2,*,49.57,46.9,,A04,170,    0.0,2022101565,(20.9),,,0.6,後方,追込,35.52,488,+6,20.9,スマイルファーム,日高町,リアルスティール,シャイスター,"Equal Stripes",13,7,10,,(栗),藤岡健一
1勝,202505240802090701,"2025. 5.24",京都,テイクザクラウン,牡,4,川田将雅, 58 ,12,７,芝,2400,D,稍,2270,0.6,6,6,7,6,35.7,4,53.9,*,55.17,53.0,,A03,0,,2021102379,(3.7),,,0.7,中団,中団,37.10,448,+8,3.7,二風谷ファーム,平取町,サトノクラウン,アムールレジェンド,ディープインパクト,12,1,1,,(栗),吉村圭司
未勝利,202505240802090504,"2025. 5.24",京都,テレプシコーラ,牝,3,吉村誠之,54☆,16,９,芝,2000,D,良,2023,1.2,10,11,7,8,37.0,8,48.8,,51.60,49.7,,A03,0,,2022100457,(3.6),,,0.6,中団,中団,36.56,408,-2,3.6,吉田ファーム,浦河町,ルーラーシップ,キスオンザグリーン,オルフェーヴル,16,2,4,,(栗),坂口智康
未勝利,202505240802090206,"2025. 5.24",京都,ロックウイズユー,牡,3,松山弘平, 57 ,16,４,ダ,1800,,良,1543,0.7,6,6,3,2,39.5,7,44.7,*,47.80,44.9,,003,84,,2022103143,(2.3),,,0.4,先行,先行,37.40,450,+4,2.3,ビクトリーホースランチ,浦河町,ダノンレジェンド,エステーラブ,マイネルラヴ,16,3,6,,(栗),西園正都
未勝利,202505240802090108,"2025. 5.24",京都,エルサトアナ,牝,3,和田陽希,52▲,16,２,ダ,1200,,良,1119,1.0,,,2,2,37.1,11,43.8,*,46.80,46.4,,A03,220,,2022100933,(30.3),650,9000,0.0,先行,先行,34.80,428,+12,30.3,三石川上牧場,新ひだか町,カリフォルニアクローム,クイーンハーツ,キングカメハメハ,16,4,8,,(栗),本田優
1勝,202505240502090902,"2025. 5.24",東京,ニシノエピカリ,牝,3,田辺裕信, 55 ,9,８,芝,1800,B,良,1476,2.2,,2,3,3,35.9,8,49.9,,56.13,54.5,牝,024,0,    0.0,2022100724,(65.6),,,0.4,先行,先行,35.85,406,-2,65.6,田上徹,新ひだか町,フィエールマン,シーソルティキッス,キングカメハメハ,9,2,2,,(美),手塚貴久
1勝,202505240502090811,"2025. 5.24",東京,スプランドゥール,牡,4,柴田大知, 58 ,16,３,ダ,1400,,良,1261,0.2,,,10,10,35.9,1,54.9,*,52.87,50.5,,003,200,,2021100623,(14.1),270,,1.0,中団,差し,37.65,472,+10,14.1,荻伏服部牧場,浦河町,シルバーステート,チェリーシェル,サクラバクシンオー,16,6,11,,(美),和田雄二
1勝,202505240502090713,"2025. 5.24",東京,アスクムービーオン,牡,4,横山武史, 58 ,13,８,芝,1600,B,良,1353,0.8,,,2,2,34.5,11,55.7,*,60.47,57.3,,003,0,,2021102318,(9.0),,,0.2,先行,先行,36.48,466,0,9.0,"ASK STUD",平取町,ドゥラメンテ,ハニートリップ,マンハッタンカフェ,13,8,13,,(栗),前川恭子
1勝,202505240502090604,"2025. 5.24",東京,ファンタイムギフト,牡,3,田辺裕信, 57 ,14,３,ダ,1600,,良,1379,0.0,,,7,8,35.9,2,53.6,*,52.13,50.1,,A03,200,,2022102378,(35.7),750,,0.8,中団,差し,37.20,498,+2,35.7,二風谷ファーム,平取町,ドレフォン,トウカイシェーン,ダイワメジャー,13,3,4,,(美),相沢郁
1勝,202505240502090605,"2025. 5.24",東京,ブレイジングスター,牡,3,原優介, 57 ,14,10,ダ,1600,,良,1391,1.2,,,3,3,37.5,11,48.6,,52.13,50.1,,A03,0,,2022103644,(199.3),,,0.4,先行,先行,36.96,478,-7,199.3,岡野牧場,新ひだか町,モーニン,ヴァーチュスター,"Symboli Kris S",13,4,5,,(栗),高橋康之
未勝利,202505240502090211,"2025. 5.24",東京,ウフドゥウフ,牡,3,田辺裕信, 57 ,16,１,ダ,1400,,良,1268,-0.4,,,7,4,35.8,2,56.8,*,55.37,54.8,,003,560,,2022105257,160,110,340,0.4,先行,先行,38.25,486,+2,1.6,社台ファーム,千歳市,エピファネイア,エッグドロップ,"Alphabet Soup",16,6,11,,(美),上原博之
1勝,202505240401071209,"2025. 5.24",新潟,ライトニングゼウス,牡,4,菊沢一樹, 58 ,15,８,ダ,1200,,良,1130,1.3,,,6,6,37.0,10,47.3,,47.80,46.4,,A03,0,,2021104058,(4.5),,,0.8,中団,中団,36.00,508,-2,4.5,谷岡スタット,新ひだか町,ダンカーク,サクラナスカ,サクラバクシンオー,14,5,9,,(美),勢司和浩
1勝,202505240401071202,"2025. 5.24",新潟,ペレグリン,牝,4,斎藤新, 56 ,15,12,ダ,1200,,良,1136,1.9,,,1,1,38.4,13,41.7,,47.80,46.4,,A03,0,,2021100906,(16.9),,,0.0,逃げ,逃げ,35.20,436,0,16.9,バンブー牧場,浦河町,バンブーエール,フラミンゴ,マルカシェンク,14,2,2,,(栗),河嶋宏樹
1勝,202505240401070905,"2025. 5.24",新潟,フウセツ,牡,3,丹内祐次, 57 ,15,４,芝,1000,B,良,0555,0.2,,,,3,32.6,7,55.4,*,56.43,54.4,,A04,170,    0.0,2022101626,(2.9),,,0.2,先行,先行,34.35,478,0,2.9,ダーレー・ジャパン・ファーム,日高町,サンダースノー,アプト,アドマイヤムーン,15,3,5,,(美),鈴木慎太
未勝利,202505240401070206,"2025. 5.24",新潟,メリザンド,牝,3,舟山瑠泉,52▲,15,３,ダ,1800,,良,1557,0.9,4,4,5,4,39.2,4,47.6,*,49.87,48.3,牝,023,140,,2022105182,(14.8),560,,0.4,先行,先行,38.25,456,0,14.8,ノーザンファーム,安平町,サトノダイヤモンド,ロザリンド,シンボリクリスエス,15,4,6,,(美),田中博康
2勝,202505180802081202,"2025. 5.18",京都,クリノオリーブ,牝,4,酒井学, 56 ,16,10,ダ,1200,,稍,1112,0.9,,,3,3,36.0,14,47.8,*,49.23,48.6,,A03,0,,2021102259,(9.4),,,0.3,先行,先行,35.20,468,+2,9.4,横井哲,日高町,ニューイヤーズデイ,クリノラホール,ダイワメジャー,16,1,2,,(栗),谷潔
1勝,202505180802080503,"2025. 5.18",京都,ルシタニア,牡,3,浜中俊, 57 ,13,８,ダ,1800,,重,1520,0.8,12,11,11,10,36.2,4,54.7,*,54.63,52.7,,A04,0,,2022104640,(43.1),,,1.0,後方,後方,37.90,484,+6,43.1,ノーザンファーム,安平町,レイデオロ,イスパニダ,"Pure Prize",13,3,3,,(栗),武幸四郎
未勝利,202505180802080402,"2025. 5.18",京都,サイモンイロハニー,牝,3,幸英明, 55 ,12,４,芝,2000,D,稍,2027,1.7,12,12,11,12,35.7,3,54.4,*,53.00,53.6,,003,84,,2022104164,(9.5),,,1.4,後方,追込,37.29,416,+6,9.5,千代田牧場,新ひだか町,ゴールドシップ,ブライテストリング,ダノンシャンティ,12,2,2,,(栗),谷潔
未勝利,202505180802080210,"2025. 5.18",京都,モズカトレア,牝,3,鷲頭虎太,52▲,13,４,ダ,1800,,重,1530,0.8,5,5,4,3,38.7,5,46.0,*,48.37,46.1,牝,023,84,,2022102123,(57.8),,,0.5,先行,先行,37.15,488,,57.8,目黒牧場,日高町,モズアスコット,ビューティーモズ,ネオユニヴァース,12,7,10,,(栗),井上智史
1勝,202505180502080704,"2025. 5.18",東京,モティスフォント,牡,3,ルメール, 57 ,10,２,芝,1600,B,良,1333,0.1,,,1,1,34.7,3,51.3,*,53.07,51.6,,A04,320,,2022104953,(2.0),110,420,0.0,逃げ,逃げ,35.16,494,0,2.0,ノーザンファーム,安平町,モーリス,バンゴール,キングカメハメハ,10,4,4,,(美),田村康仁
未勝利,202505180502080502,"2025. 5.18",東京,キングズトゥルー,牡,3,戸崎圭太, 57 ,13,７,芝,2400,B,稍,2285,0.5,8,7,7,8,34.2,4,61.4,*,61.50,60.1,,A03,0,,2022103510,(25.9),,,0.7,中団,中団,38.10,446,-2,25.9,岡田スタツド,新ひだか町,ウインブライト,クイーンズトゥルー,キングカメハメハ,13,2,2,,(美),大竹正博
未勝利,202505180502080110,"2025. 5.18",東京,ミスティマウンテン,牡,3,横山武史, 57 ,16,３,ダ,1400,,重,1250,0.1,,,13,13,35.5,2,54.6,*,52.13,49.0,,003,140,,2022101684,(8.2),180,,1.2,後方,追込,37.13,446,0,8.2,ダーレー・ジャパン・ファーム,日高町,サンダースノー,ブルーミスト,スクリーンヒーロー,16,5,10,,(美),池上昌和
1勝,202505180401061207,"2025. 5.18",新潟,ゲキザル,牡,6,小林脩斗, 58 ,15,３,ダ,1200,,良,1123,0.4,,,11,9,36.9,2,45.9,*,43.40,40.2,,A03,200,,2019102102,(5.5),180,,1.3,中団,差し,35.40,476,-2,5.5,広富牧場,日高町,ザファクター,トゥモローズライト,アフリート,15,4,7,,(美),青木孝文
1勝,202505180401061201,"2025. 5.18",新潟,スターチスブーケ,牝,4,石田拓郎,53▲,15,８,ダ,1200,,良,1129,1.0,,,13,12,37.1,5,46.5,*,43.40,40.2,,A03,0,,2021110075,(63.0),,,1.7,後方,後方,35.80,490,-2,63.0,"Gerty Bloodstock",米,"Practical Joke","Sovereign Halo",Haynesfield,15,1,1,,(美),田中勝春
3勝,202505180401061111,"2025. 5.18",新潟,ドットクルー,牡,5,菊沢一樹, 58 ,16,８,芝,1800,B,良,1479,0.4,,,14,14,34.6,3,55.9,*,55.03,53.1,,A04,0,    0.0,2020101486,(19.2),,,0.9,後方,後方,36.65,468,+4,19.2,佐々木牧場,日高町,ディーマジェスティ,スターオブロゼッタ,ロードカナロア,16,6,11,,(栗),笹田和秀
1勝,202505180401060910,"2025. 5.18",新潟,ブルボンクイーン,牝,4,佐々木大, 56 ,16,１,芝,1000,B,良,0566,-0.0,,,,3,33.7,4,51.9,*,53.07,50.4,,A03,1110,   36.4,2021100297,330,150,1260,0.2,先行,先行,34.35,476,-4,3.3,土居牧場,新ひだか町,キズナ,セレブラール,ボストンハーバー,16,5,10,,(栗),角田晃一
未勝利,202505180401060409,"2025. 5.18",新潟,ローンウルフ,牡,4,五十嵐雄, 59 ,13,９,芝,2890,B,稍,3168,3.9,5,7,9,9,13.6,,,,,,,A00,0,,2021104112,(27.8),,,,後方,後方,,482,-16,27.8,千代田牧場,新ひだか町,リアルインパクト,シェリレーヌ,Mineshaft,13,6,9,,(美),武市康男
未勝利,202505180401060206,"2025. 5.18",新潟,ミニョンマルーン,牝,3,長浜鴻緒,53△,15,１,ダ,1200,,稍,1120,-0.6,,,1,1,37.7,2,41.0,*,40.57,41.0,牝,023,560,,2022103151,260,140,8190,0.0,逃げ,逃げ,34.30,470,+6,2.6,ビクトリーホースランチ,浦河町,ミスターメロディ,タイキマロン,ファスリエフ,15,4,6,,(美),伊藤圭三
3勝,202505170802071008,"2025. 5.17",京都,レーウィン,セ,4,岩田康誠, 58 ,16,12,ダ,1800,,不,1511,2.7,11,10,10,7,37.5,12,48.1,,50.90,50.6,,A04,0,    0.0,2021100734,(9.1),,,1.2,中団,中団,36.80,508,+6,9.1,高昭牧場,浦河町,ヘニーヒューズ,フジインザスカイ,ディープスカイ,16,4,8,,(栗),上村洋行
1勝,202505170802070902,"2025. 5.17",京都,シャインバオバブ,牡,3,太宰啓介, 57 ,10,５,芝,2000,D,不,2015,0.7,9,9,9,7,35.6,4,53.4,*,53.60,52.2,,A04,111,    0.0,2022106180,(53.5),,,0.8,後方,後方,36.81,498,+2,53.5,川島牧場,新冠町,シルバーステート,レユシット,ルーラーシップ,10,2,2,,(栗),本田優
2勝,202505170802070703,"2025. 5.17",京都,メイショウミリオレ,牝,4,高杉吏麒,55☆,13,６,芝,1200,D,不,1099,0.3,,,11,12,33.8,2,56.8,*,50.97,50.0,,A03,0,,2021103278,(21.8),,,1.3,後方,後方,36.10,480,+8,21.8,三嶋牧場,浦河町,ルーラーシップ,メイショウメイゲツ,ディープインパクト,13,3,3,,(栗),藤岡健一
未勝利,202505170802070406,"2025. 5.17",京都,ジーティートシオー,牡,3,鮫島克駿, 57 ,16,３,芝,2400,D,不,2297,0.3,5,5,5,5,36.9,4,51.9,*,53.77,50.9,,003,140,,2022104661,(39.3),830,,0.5,中団,差し,37.60,460,+4,39.3,ノーザンファーム,安平町,バゴ,ウォークロニクル,ウォーエンブレム,16,3,6,,(栗),西村真幸
1勝,202505170502070605,"2025. 5.17",東京,ダノンジャイアン,牡,3,横山武史, 57 ,8,５,芝,2400,B,良,2294,1.5,7,7,6,4,36.2,5,54.2,,56.93,56.7,,A04,80,,2022105399,(16.4),,,0.5,ﾏｸﾘ,ﾏｸﾘ,37.73,446,0,16.4,社台ファーム,千歳市,ブリックスアンドモルタル,ダノンジャンヌ,ディープインパクト,8,5,5,,(栗),茶木太樹
1勝,202505170401050815,"2025. 5.17",新潟,ハルオーブ,牡,5,藤岡佑介, 58 ,16,３,芝,1400,B,稍,1239,0.7,,,4,4,35.9,10,50.3,*,50.67,50.8,,003,200,,2020104732,(15.1),360,,0.3,先行,先行,36.00,460,-6,15.1,藤沢牧場,新ひだか町,ディーマジェスティ,ハルダヨリ,ファルブラヴ,16,8,15,,(美),武井亮
1勝,202505110802060607,"2025. 5.11",京都,サリーチェ,牝,3,坂井瑠星, 55 ,11,６,ダ,1800,,稍,1545,1.2,5,4,4,4,37.7,7,51.9,,55.17,53.5,牝,023,0,,2022104794,(3.9),,,0.4,先行,先行,38.40,468,-4,3.9,ノーザンファーム,安平町,ドゥラメンテ,サロミナ,Lomitas,11,6,7,,(栗),池添学
未勝利,202505110802060413,"2025. 5.11",京都,プチプランス,牡,3,高杉吏麒,56☆,16,１,芝,1600,C,良,1348,-0.2,,,7,6,34.5,1,54.9,*,54.47,52.1,,003,560,,2022101565,360,160,620,0.6,中団,差し,36.18,482,-6,3.6,スマイルファーム,日高町,リアルスティール,シャイスター,"Equal Stripes",16,7,13,,(栗),藤岡健一
1勝,202505110502060802,"2025. 5.11",東京,アスクムービーオン,牡,4,松山弘平, 58 ,12,６,ダ,1600,,稍,1372,0.9,,,2,2,37.6,7,45.1,*,49.13,45.7,,003,0,,2021102318,(7.0),,,0.4,先行,先行,35.76,466,-2,7.0,"ASK STUD",平取町,ドゥラメンテ,ハニートリップ,マンハッタンカフェ,11,2,2,,(栗),前川恭子
1勝,202505110502060501,"2025. 5.11",東京,オーレアミスト,牡,3,武豊, 57 ,16,12,ダ,2100,,稍,2111,2.0,3,3,3,3,38.4,12,46.6,,49.83,50.3,,A04,0,,2022104841,(11.4),,,0.4,先行,先行,37.08,492,-6,11.4,ノーザンファーム,安平町,ゴールドドリーム,ジンジャーミスト,Bernardini,15,1,1,,(栗),友道康夫
未勝利,202505110502060307,"2025. 5.11",東京,ヴァーナリー,牝,3,北村宏司, 55 ,12,３,芝,2000,A,良,2005,0.3,,9,7,6,35.1,2,54.3,*,53.70,53.1,,003,140,,2022104977,(4.8),250,,0.5,中団,差し,36.60,420,-12,4.8,ノーザンファーム,安平町,キタサンブラック,ピュアブリーゼ,Monsun,12,6,7,,(美),古賀慎明
未勝利,202505100802050309,"2025. 5.10",京都,レインオンミー,牡,3,川田将雅, 57 ,18,７,芝,1400,C,稍,1230,1.2,,,11,12,35.6,5,49.9,*,47.60,46.8,,003,0,,2022104117,(5.4),,,1.3,中団,中団,35.55,486,+4,5.4,千代田牧場,新ひだか町,リアルスティール,アルマリンピア,タイキシャトル,18,5,9,,(栗),福永祐一
2勝,202505100502051207,"2025. 5.10",東京,イノセントキャット,牝,4,横山武史, 56 ,16,１,ダ,1400,,重,1223,-0.3,,,2,2,35.8,6,47.4,*,49.43,46.9,牝,023,1140,,2021104745,230,140,2800,0.1,先行,先行,34.88,454,-4,2.3,追分ファーム,安平町,シュヴァルグラン,イルーシヴキャット,キングカメハメハ,16,4,7,,(美),久保田貴
未勝利,202505100502050405,"2025. 5.10",東京,キングズトゥルー,牡,3,団野大成, 57 ,8,４,芝,2400,A,稍,2287,0.4,6,5,6,6,34.4,1,60.8,*,59.77,60.0,,003,84,,2022103510,(72.1),,,0.5,中団,差し,38.10,448,+4,72.1,岡田スタツド,新ひだか町,ウインブライト,クイーンズトゥルー,キングカメハメハ,8,5,5,*,(美),大竹正博
未勝利,202505100502050112,"2025. 5.10",東京,オンサイト,牡,3,小林凌大, 57 ,16,７,ダ,1300,,重,1187,1.5,,,4,3,36.6,10,48.6,,51.20,50.7,,003,0,,2022100423,(172.5),,,0.4,先行,先行,36.09,468,0,172.5,"Homey Farm",浦河町,アドミラブル,ブルーロゼット,キングズベスト,16,6,12,,(美),小西一男
1勝,202505100401031201,"2025. 5.10",新潟,ミルミナーヴァ,牝,4,小沢大仁, 56 ,14,６,ダ,1200,,稍,1123,1.4,,,8,5,37.4,6,43.3,,43.07,42.7,牝,023,0,,2021106332,(3.7),,,0.8,中団,中団,34.90,482,0,3.7,高瀬牧場,新冠町,ヘニーヒューズ,ランミネルバ,アグネスタキオン,14,1,1,,(栗),西園正都
未勝利,202505100401030605,"2025. 5.10",新潟,サミダレナイツ,牡,3,舟山瑠泉,54▲,16,４,芝,2000,B,稍,2041,0.8,3,3,3,4,37.3,8,49.7,*,52.73,50.7,,002,84,,2022101605,(11.3),,,0.3,先行,先行,37.20,482,+6,11.3,竹島幸治,日高町,トーホウジャッカル,トーホウビスカヤ,ストリートセンス,16,3,5,,(栗),谷潔
ｵｰﾌﾟﾝ,202505100401030402,"2025. 5.10",新潟,ローディアマント,セ,5,伴啓太, 60 ,12,２,芝,2890,B,稍,3118,0.5,1,1,1,1,13.3,,,,,,,A00,570,,2020101429,(1.8),110,850,,逃げ,逃げ,,480,-2,1.8,クラウン日高牧場,日高町,サトノダイヤモンド,ブロッサムレーン,"New Approach",11,2,2,,(美),尾関知人
ｵｰﾌﾟﾝ,202505100401030401,"2025. 5.10",新潟,パープルアドミラル,牡,5,上野翔, 60 ,12,４,芝,2890,B,稍,3131,1.8,9,9,7,6,13.4,,,,,,,A00,210,,2020104328,(125.4),,,,中団,差し,,444,+4,125.4,聖心台牧場,新ひだか町,シビルウォー,ママノヨリミチ,マンハッタンカフェ,11,1,1,,(美),堀内岳志
未勝利,202505100401030206,"2025. 5.10",新潟,ビービーバザーク,牡,3,佐々木大, 57 ,15,５,ダ,1800,,稍,1568,1.2,3,3,4,5,39.2,4,49.0,*,49.80,49.7,,A03,56,,2022102397,(1.8),,,0.6,中団,中団,38.80,482,+2,1.8,坂東牧場,平取町,シニスターミニスター,カリビアンロマンス,コマンズ,15,4,6,,(栗),武幸四郎
未勝利,202505100401030111,"2025. 5.10",新潟,アメリカンピース,セ,7,小坂忠士, 60 ,14,３,芝,2890,B,稍,3122,0.8,3,3,2,2,13.3,,,,,,,A00,210,,2018110131,(5.2),130,,,先行,先行,,456,-4,5.2,"Don Alberto Corporation",米,Tapit,"La Cloche",Ghostzapper,14,7,11,,(栗),東田明士
1勝,202505040802040707,"2025. 5. 4",京都,ラガークイン,牝,4,松山弘平, 56 ,9,５,芝,1600,C,良,1354,1.4,,,8,9,33.6,3,60.4,*,58.23,54.9,,003,80,,2021105416,(2.5),,,2.0,後方,後方,37.08,422,+2,2.5,ノーザンファーム,安平町,リアルインパクト,ウォークロニクル,ウォーエンブレム,9,7,7,,(栗),大久保龍
未勝利,202505040502040201,"2025. 5. 4",東京,ウフドゥウフ,牡,3,田辺裕信, 57 ,16,２,ダ,1400,,稍,1253,0.1,,,3,4,36.1,3,52.2,*,52.20,51.0,,003,220,,2022105257,(6.2),150,490,0.3,先行,先行,36.90,484,-10,6.2,社台ファーム,千歳市,エピファネイア,エッグドロップ,"Alphabet Soup",16,1,1,,(美),上原博之
1勝,202505040401020709,"2025. 5. 4",新潟,ゲキザル,牡,6,小林脩斗, 58 ,14,３,ダ,1200,,稍,1120,0.7,,,10,10,36.7,1,46.2,*,41.63,39.1,,003,200,,2019102102,(12.9),340,,1.7,中団,差し,35.30,478,-2,12.9,広富牧場,日高町,ザファクター,トゥモローズライト,アフリート,14,6,9,,(美),青木孝文
1勝,202505040401020708,"2025. 5. 4",新潟,スプランドゥール,牡,4,柴田大知, 58 ,14,４,ダ,1200,,稍,1120,0.7,,,4,4,37.7,6,41.0,*,41.63,39.1,,003,120,,2021100623,(22.7),,,0.7,先行,先行,34.30,462,-6,22.7,荻伏服部牧場,浦河町,シルバーステート,チェリーシェル,サクラバクシンオー,14,5,8,,(美),和田雄二
1勝,202505040401020713,"2025. 5. 4",新潟,ライトニングゼウス,牡,4,菊沢一樹, 58 ,14,５,ダ,1200,,稍,1123,1.0,,,3,3,38.2,9,39.3,*,41.63,39.1,,003,80,,2021104058,(1.9),,,0.5,先行,先行,34.10,510,-10,1.9,谷岡スタット,新ひだか町,ダンカーク,サクラナスカ,サクラバクシンオー,14,8,13,,(美),勢司和浩
未勝利,202505040401020203,"2025. 5. 4",新潟,ミニョンマルーン,牝,3,長浜鴻緒,53△,15,３,ダ,1200,,稍,1120,0.6,,,1,1,38.3,8,38.0,*,39.87,39.4,,A03,140,,2022103151,(3.4),130,,0.0,逃げ,逃げ,33.70,464,+6,3.4,ビクトリーホースランチ,浦河町,ミスターメロディ,タイキマロン,ファスリエフ,15,2,3,,(美),伊藤圭三
未勝利,202505040401020115,"2025. 5. 4",新潟,ミッドタウンナイト,牝,3,秋山稔樹, 55 ,16,１,芝,1800,B,稍,1483,-0.1,,,2,2,36.8,8,47.1,*,49.80,47.1,牝,023,560,,2022105529,530,200,2100,0.0,先行,先行,35.75,478,+2,5.3,社台ファーム,千歳市,ブラックタイド,ミッドナイトフラッシュ,"Anabaa Blue",16,8,15,,(栗),河嶋宏樹
2勝,202505030802031206,"2025. 5. 3",京都,ビバップ,牡,4,吉村誠之,57☆,16,８,ダ,1200,,稍,1115,0.6,,,12,12,35.6,2,50.8,*,49.83,47.5,,A03,0,,2021102700,(12.2),,,0.9,後方,後方,35.90,488,+4,12.2,杵臼斉藤牧場,浦河町,モーニン,カプリースレディー,ジャングルポケット,16,3,6,,(栗),清水久詞
Ｇ３,202505030802031107,"2025. 5. 3",京都,スマートカイロス,牡,3,岩田望来, 57 ,13,13,ダ,1900,,稍,2046,7.8,10,10,11,13,43.6,13,35.7,,52.10,51.1,,N01,0,    0.0,2022102735,(67.3),,,0.8,後方,後方,37.38,518,-8,67.3,杵臼牧場,浦河町,シニスターミニスター,スマートバベル,サウスヴィグラス,13,5,7,,(栗),矢作芳人
OP(L),202505030502031004,"2025. 5. 3",東京,カリーン,牝,3,石川裕紀, 55 ,13,５,芝,1800,A,良,1465,0.6,,9,9,7,33.8,6,57.5,*,57.43,56.7,牝,N21,200,    0.0,2022105532,(117.8),,,0.6,中団,中団,36.35,458,-4,117.8,社台ファーム,千歳市,デクラレーションオブウォー,ムニラー,"Kitten's Joy",13,4,4,,(美),蛯名正義
3勝,202505030502030915,"2025. 5. 3",東京,ヴェールランス,牡,6,三浦皇成, 58 ,16,14,ダ,2100,,重,2119,1.7,9,10,8,8,37.0,14,52.6,,55.23,54.7,,A04,0,    0.0,2019104767,(99.0),,,0.7,中団,中団,37.96,460,+2,99.0,社台ファーム,千歳市,キタサンブラック,ジュエラー,ヴィクトワールピサ,16,8,15,,(美),田村康仁
1勝,202505030502030714,"2025. 5. 3",東京,スターチスブーケ,牝,4,石橋脩, 56 ,16,12,ダ,1400,,重,1258,2.4,,,14,12,36.7,11,50.3,,52.03,52.2,,A03,0,,2021110075,(52.2),,,1.0,後方,後方,36.83,492,0,52.2,"Gerty Bloodstock",米,"Practical Joke","Sovereign Halo",Haynesfield,16,7,14,,(美),田中勝春
未勝利,202505030502030307,"2025. 5. 3",東京,ロックウイズユー,牡,3,石橋脩, 57 ,14,３,ダ,2100,,不,2114,0.1,2,2,2,2,37.6,3,49.8,*,50.00,49.7,,003,140,,2022103143,(8.4),230,,0.1,先行,先行,37.52,446,-6,8.4,ビクトリーホースランチ,浦河町,ダノンレジェンド,エステーラブ,マイネルラヴ,14,5,7,,(栗),西園正都
未勝利,202505030502030314,"2025. 5. 3",東京,シュガーハイ,牡,3,横山和生, 57 ,14,11,ダ,2100,,不,2134,2.1,5,6,7,7,39.1,11,46.5,,50.00,49.7,,003,0,,2022104177,(8.1),,,0.6,中団,中団,37.72,506,0,8.1,千代田牧場,新ひだか町,リオンディーズ,ミリオンセラー2,"A.P. Indy",14,8,14,,(美),加藤士津
1勝,202505030401011209,"2025. 5. 3",新潟,ブルボンクイーン,牝,4,佐々木大, 56 ,16,２,芝,1000,B,良,0553,0.7,,,,4,32.7,4,53.7,*,54.20,54.3,,003,320,,2021100297,(3.3),160,1370,0.2,先行,先行,33.90,480,+10,3.3,土居牧場,新ひだか町,キズナ,セレブラール,ボストンハーバー,16,5,9,,(栗),角田晃一
未勝利,202505030401010613,"2025. 5. 3",新潟,シャインバオバブ,牡,3,古川吉洋, 57 ,16,１,芝,2400,B,良,2298,-0.4,8,7,7,3,36.1,2,55.0,*,53.90,52.7,,A03,560,,2022106180,400,200,2060,0.6,先行,先行,37.90,496,+2,4.0,川島牧場,新冠町,シルバーステート,レユシット,ルーラーシップ,16,7,13,,(栗),本田優
未勝利,202505030401010612,"2025. 5. 3",新潟,シャインフリーリー,牡,3,丹内祐次, 57 ,16,４,芝,2400,B,良,2305,0.7,10,9,9,8,36.6,4,53.7,*,53.90,52.7,,A03,84,,2022101495,(3.8),,,0.8,中団,差し,37.97,474,0,3.8,白井牧場,日高町,ウインブライト,フィールフリーリー,アグネスタキオン,16,6,12,,(美),矢嶋大樹
3勝,202504270802021015,"2025. 4.27",京都,ノーブルスカイ,牡,4,鮫島克駿, 55 ,16,15,芝,1800,C,良,1468,1.0,,,1,1,34.6,15,54.3,*,59.53,57.4,,A03,0,    0.0,2021102256,(62.5),,,0.0,逃げ,逃げ,36.10,484,+2,62.5,エトルタファーム,日高町,ネオユニヴァース,ホウショウワールド,"Sky Classic",16,8,15,,(栗),高柳大輔
未勝利,202504270802020512,"2025. 4.27",京都,ルージュスティーズ,牝,3,団野大成, 55 ,14,１,芝,2000,C,良,1595,-0.2,2,2,2,2,34.8,4,54.3,*,54.27,53.9,,003,560,,2022103063,270,140,1310,0.1,先行,先行,36.30,480,0,2.7,富田牧場,浦河町,ハービンジャー,レッドコルディス,ハーツクライ,14,7,12,*,(栗),斉藤崇史
未勝利,202504270802020509,"2025. 4.27",京都,テレプシコーラ,牝,3,吉村誠之,54☆,14,２,芝,2000,C,良,1597,0.2,6,6,6,6,34.5,1,55.8,*,54.27,53.9,,003,220,,2022100457,(11.8),230,1310,0.6,中団,差し,36.51,410,+4,11.8,吉田ファーム,浦河町,ルーラーシップ,キスオンザグリーン,オルフェーヴル,14,6,9,*,(栗),坂口智康
未勝利,202504270802020503,"2025. 4.27",京都,サイモンイロハニー,牝,3,幸英明, 55 ,14,５,芝,2000,C,良,2004,0.9,10,10,6,7,35.1,7,54.2,*,54.27,53.9,,003,56,,2022104164,(33.5),,,0.7,中団,中団,36.56,410,+2,33.5,千代田牧場,新ひだか町,ゴールドシップ,ブライテストリング,ダノンシャンティ,14,3,3,,(栗),谷潔
1勝,202504270502020704,"2025. 4.27",東京,アスクムービーオン,牡,4,松山弘平, 58 ,14,５,ダ,1600,,稍,1381,0.2,,,1,1,37.2,10,48.2,*,49.73,48.8,,A03,80,,2021102318,(7.3),,,0.0,逃げ,逃げ,36.54,468,0,7.3,"ASK STUD",平取町,ドゥラメンテ,ハニートリップ,マンハッタンカフェ,14,3,4,,(栗),前川恭子
未勝利,202504270502020201,"2025. 4.27",東京,ファンタイムギフト,牡,3,田辺裕信, 57 ,16,１,ダ,1600,,稍,1382,-0.3,,,7,7,37.4,2,47.5,*,48.57,45.1,,003,560,,2022102378,710,250,1500,0.6,中団,差し,36.48,496,-6,7.1,二風谷ファーム,平取町,ドレフォン,トウカイシェーン,ダイワメジャー,16,1,1,,(美),相沢郁
1勝,202504270301060910,"2025. 4.27",福島,テイクザクラウン,牡,4,斎藤新, 58 ,11,２,芝,2600,B,良,2386,0.0,6,6,5,6,35.3,2,54.8,*,53.90,52.5,,A03,440,    8.4,2021102379,(9.3),240,2150,0.6,中団,差し,36.99,440,0,9.3,二風谷ファーム,平取町,サトノクラウン,アムールレジェンド,ディープインパクト,11,8,10,,(栗),吉村圭司
1勝,202504270301060904,"2025. 4.27",福島,ピースヒロフェイス,牝,4,古川吉洋, 56 ,11,７,芝,2600,B,良,2400,1.4,1,1,1,2,37.3,10,48.7,,53.90,52.5,,A03,0,    0.0,2021105769,(4.6),,,0.0,逃げ,逃げ,36.81,462,0,4.6,ノーザンファーム,安平町,サトノダイヤモンド,ペルヴィアンリリー,フレンチデピュティ,11,4,4,,(美),牧光二
1勝,202504260802010704,"2025. 4.26",京都,プロスペクトパーク,牡,3,吉村誠之,56☆,12,６,ダ,1800,,良,1538,1.1,2,3,4,3,39.2,8,45.2,,49.73,47.1,,A03,0,,2022105548,(38.3),,,0.2,先行,先行,37.30,500,-4,38.3,社台ファーム,千歳市,キズナ,ラブリーベルナデット,Wilburn,12,4,4,,(美),高柳瑞樹
未勝利,202504260802010312,"2025. 4.26",京都,パリコレジェンヌ,牝,3,和田竜二, 55 ,18,７,芝,1200,C,良,1092,0.5,,,10,9,34.0,5,53.5,*,51.80,48.0,,003,0,,2022104501,(27.9),,,1.2,中団,中団,35.20,456,+2,27.9,前谷牧場,新ひだか町,ミスターメロディ,ビオレイメル,ワイルドラッシュ,18,6,12,,(栗),鈴木孝志
未勝利,202504260802010206,"2025. 4.26",京都,ロックウイズユー,牡,3,坂井瑠星, 57 ,16,６,ダ,1800,,良,1543,0.6,9,9,11,10,38.7,6,47.7,*,48.77,45.4,,003,0,,2022103143,(13.9),,,1.0,中団,中団,37.80,452,-4,13.9,ビクトリーホースランチ,浦河町,ダノンレジェンド,エステーラブ,マイネルラヴ,16,3,6,,(栗),西園正都
未勝利,202504260802010104,"2025. 4.26",京都,エイシンマールス,牡,3,和田竜二, 57 ,16,３,ダ,1400,,良,1252,0.7,,,3,3,38.1,9,42.7,*,43.83,43.6,,A03,140,,2022102624,(11.4),150,,0.2,先行,先行,35.33,462,-2,11.4,栄進牧場,浦河町,エイシンヒカリ,エーシンアマゾーン,ファルブラヴ,16,2,4,,(栗),今野貞一
Ｇ２,202504260502011113,"2025. 4.26",東京,パッションリッチ,牡,3,菅原明良, 57 ,13,11,芝,2400,A,良,2258,1.0,2,2,2,2,35.3,11,54.3,*,59.97,57.0,,N01,0,    0.0,2022105390,(198.7),,,0.1,先行,先行,36.83,476,0,198.7,社台ファーム,千歳市,ドゥラメンテ,セータコローナ,"Distorted Humor",13,8,13,,(美),久保田貴
1勝,202504260502010610,"2025. 4.26",東京,トルショー,牡,3,長浜鴻緒,55△,16,１,ダ,1600,,稍,1372,-0.0,,,2,2,36.4,10,50.2,*,52.20,49.8,,A03,800,,2022103766,1820,330,7080,0.1,先行,先行,36.48,460,-4,18.2,グランド牧場,新ひだか町,シニスターミニスター,ハヤブサエミネンス,"Medaglia d'Oro",16,5,10,,(美),伊藤圭三
未勝利,202504260502010211,"2025. 4.26",東京,ミスティマウンテン,牡,3,横山武史, 57 ,16,４,ダ,1400,,稍,1261,0.3,,,4,4,36.6,4,51.4,*,51.63,50.3,,A03,84,,2022101684,(13.3),,,0.4,先行,先行,37.13,446,-4,13.3,ダーレー・ジャパン・ファーム,日高町,サンダースノー,ブルーミスト,スクリーンヒーロー,16,6,11,,(美),池上昌和
2勝,202504260301051108,"2025. 4.26",福島,メイショウミリオレ,牝,4,松本大輝, 53 ,16,11,芝,1200,B,良,1091,0.8,,,11,11,34.1,6,52.6,*,52.00,49.7,,A03,0,    0.0,2021103278,(24.1),,,0.9,後方,後方,35.00,472,-10,24.1,三嶋牧場,浦河町,ルーラーシップ,メイショウメイゲツ,ディープインパクト,15,4,8,,(栗),藤岡健一
2勝,202504260301051110,"2025. 4.26",福島,モズトキキ,牝,4,永島まな, 54 ,16,外,芝,1200,B,良,----,----,,,,,,0,,,52.00,49.7,,A03,0,    0.0,2021102914,,,,,,,,544,-6,,谷川牧場,浦河町,グランプリボス,モズジャカランダ,Congrats,15,5,10,*,(栗),平田修
1勝,202504260301050910,"2025. 4.26",福島,フウセツ,牡,3,丸山元気, 57 ,16,３,芝,1200,B,良,1089,0.2,,,1,1,34.6,10,49.1,*,50.00,49.7,,A04,280,    4.9,2022101626,(6.0),180,,0.0,逃げ,逃げ,34.30,478,-14,6.0,ダーレー・ジャパン・ファーム,日高町,サンダースノー,アプト,アドマイヤムーン,16,5,10,,(美),鈴木慎太
1勝,202504260301050808,"2025. 4.26",福島,ベニシア,牝,4,菊沢一樹, 56 ,16,４,ダ,1150,,良,1098,0.6,,,2,2,37.8,12,42.4,*,44.73,43.3,牝,023,120,,2021100662,(33.8),,,0.1,先行,先行,34.91,436,+4,33.8,上山牧場,浦河町,ヘニーヒューズ,フクシア,ゴールドアリュール,16,4,8,,(美),粕谷昌央
1勝,202504260301050802,"2025. 4.26",福島,タミゼ,牝,4,荻野琢真, 56 ,16,10,ダ,1150,,良,1106,1.4,,,6,8,37.9,14,44.1,,44.73,43.3,牝,023,0,,2021100650,(30.3),,,0.8,中団,中団,35.67,480,+12,30.3,笠松牧場,浦河町,リオンディーズ,フレンチトースト,フレンチデピュティ,16,1,2,,(栗),平田修
1勝,202504260301050701,"2025. 4.26",福島,ブライティアダイヤ,牝,4,横山琉人,55☆,15,２,芝,1200,B,良,1097,0.0,,,7,7,33.7,2,56.8,*,56.43,53.8,,003,320,,2021102468,(74.2),1410,14980,0.5,中団,差し,36.00,458,-4,74.2,雅牧場,平取町,サトノアラジン,ブライティアナイル,アドマイヤベガ,15,1,1,,(美),稲垣幸雄
1勝,202504260301050709,"2025. 4.26",福島,ガットネロ,牝,5,永島まな,54◇,15,15,芝,1200,B,良,1108,1.1,,,10,10,34.7,15,54.0,,56.43,53.8,,003,0,,2020105073,(5.9),,,0.6,中団,中団,36.10,484,+2,5.9,大狩部牧場,新冠町,アメリカンペイトリオット,ブラックシュガー,ブラックタイド,15,5,9,,(栗),東田明士
未勝利,202504260301050215,"2025. 4.26",福島,スノーサイレンス,牝,3,小林美駒,51★,16,１,ダ,1150,,良,1092,-0.8,,,2,2,37.3,3,43.3,*,44.70,43.3,,003,560,,2022101675,300,120,840,0.0,先行,先行,34.80,454,+4,3.0,ダーレー・ジャパン・ファーム,日高町,サンダースノー,ハッシュ,コマンズ,16,8,15,,(栗),小栗実
1勝,202504200902080710,"2025. 4.20",阪神,フェルシナ,牝,3,田口貫太, 55 ,11,５,芝,1600,B,良,1347,0.4,,,7,7,33.2,2,61.1,*,60.23,59.4,,A04,80,,2022105831,(12.3),,,0.6,中団,中団,36.90,440,0,12.3,社台コーポレーション白老ファーム,白老町,ルーラーシップ,ヒルダ,ダイワメジャー,11,8,10,,(栗),西園翔太
1勝,202504200902080612,"2025. 4.20",阪神,フェニーチェドーロ,牝,3,幸英明, 55 ,16,10,ダ,1200,,良,1141,1.4,,,15,14,37.5,7,47.6,,44.77,43.4,,A03,0,,2022101408,(72.0),,,1.5,後方,後方,36.60,438,-10,72.0,下河辺牧場,日高町,ナダル,ゴッドフェニックス,ブライアンズタイム,16,6,12,,(栗),宮本博
未勝利,202504200902080403,"2025. 4.20",阪神,アメリカンピース,セ,7,小坂忠士, 60 ,14,４,ダ,2970,,良,3252,0.6,1,1,1,1,13.8,,,,,,,A00,130,,2018110131,(7.9),,,,逃げ,逃げ,,460,+2,7.9,"Don Alberto Corporation",米,Tapit,"La Cloche",Ghostzapper,14,3,3,,(栗),東田明士
1勝,202504200603080712,"2025. 4.20",中山,スプランドゥール,牡,4,柴田大知, 58 ,16,４,ダ,1200,,良,1123,0.6,,,2,3,37.2,11,44.4,*,44.67,44.3,,A03,120,,2021100623,(21.2),,,0.3,先行,先行,35.10,468,+2,21.2,荻伏服部牧場,浦河町,シルバーステート,チェリーシェル,サクラバクシンオー,16,6,12,,(美),和田雄二
未勝利,202504200603080403,"2025. 4.20",中山,ポタリング,セ,3,江田照男, 57 ,16,11,芝,2000,C,良,2008,1.1,8,8,8,7,35.0,9,55.1,,56.00,55.4,,A03,0,,2022101191,(25.6),,,0.7,中団,中団,36.77,438,,25.6,オリオンファーム,日高町,ノーブルミッション,ウインルキア,ディープインパクト,16,2,3,,(美),武藤善則
未勝利,202504200603080307,"2025. 4.20",中山,スマートカイロス,牡,3,北村友一, 57 ,12,１,ダ,1800,,良,1546,-0.2,7,6,4,4,39.5,1,45.1,*,44.10,41.8,,A03,560,,2022102735,2270,270,2010,0.9,先行,先行,37.55,526,,22.7,杵臼牧場,浦河町,シニスターミニスター,スマートバベル,サウスヴィグラス,12,6,7,,(栗),矢作芳人
未勝利,202504200603080212,"2025. 4.20",中山,オンサイト,牡,3,小林凌大, 57 ,16,９,ダ,1200,,良,1149,2.4,,,5,5,39.4,14,40.1,,44.40,43.3,,003,0,,2022100423,(216.5),,,0.5,中団,中団,35.50,468,,216.5,"Homey Farm",浦河町,アドミラブル,ブルーロゼット,キングズベスト,16,6,12,,(美),小西一男
1勝,202504200301040907,"2025. 4.20",福島,ヒーローインチーフ,セ,4,斎藤新, 58 ,15,７,芝,1200,A,良,1090,0.7,,,12,11,34.3,1,51.2,*,48.93,45.7,,A03,0,    0.0,2021106661,(18.0),,,1.3,後方,後方,34.70,452,0,18.0,ハクツ牧場,新冠町,ディスクリートキャット,カクテルラウンジ,タニノギムレット,15,4,7,,(栗),吉田直弘
1勝,202504200301040708,"2025. 4.20",福島,アラタマフェーヴル,牡,4,三浦皇成, 58 ,16,１,芝,1800,A,良,1468,-0.3,3,3,3,3,35.4,4,50.8,*,51.13,49.6,,003,800,,2021102115,1010,390,17730,0.3,先行,先行,35.70,478,-6,10.1,槇本牧場,日高町,オルフェーヴル,アラタマクリスエス,シンボリクリスエス,16,4,8,,(栗),浜田多実
未勝利,202504200301040414,"2025. 4.20",福島,ミッドタウンナイト,牝,3,秋山稔樹, 55 ,16,２,芝,2000,A,良,2020,0.2,1,1,1,1,35.3,7,55.3,*,57.87,55.9,牝,023,220,,2022105529,(13.0),290,1080,0.0,逃げ,逃げ,37.16,476,0,13.0,社台ファーム,千歳市,ブラックタイド,ミッドナイトフラッシュ,"Anabaa Blue",16,7,14,,(栗),河嶋宏樹
未勝利,202504200301040413,"2025. 4.20",福島,エリナ,牝,3,武藤雅, 55 ,16,７,芝,2000,A,良,2025,0.7,4,3,4,4,35.5,9,55.0,*,57.87,55.9,牝,023,0,,2022101492,(260.2),,,0.3,先行,先行,37.29,408,-2,260.2,白井牧場,日高町,カリフォルニアクローム,ヒーラ,ディープインパクト,16,7,13,,(美),戸田博文
1勝,202504190902070808,"2025. 4.19",阪神,ラガークイン,牝,4,田口貫太, 56 ,14,２,芝,1600,B,良,1339,0.3,,,7,4,33.5,3,58.2,*,57.33,57.1,,A03,320,,2021105416,(4.0),180,4790,0.4,先行,先行,36.24,420,-2,4.0,ノーザンファーム,安平町,リアルインパクト,ウォークロニクル,ウォーエンブレム,14,5,8,,(栗),大久保龍
未勝利,202504190902070405,"2025. 4.19",阪神,ファーングロット,牡,3,北村友一, 57 ,16,１,芝,2200,B,良,2137,-0.2,2,2,2,2,35.5,2,53.7,*,53.80,53.3,,A03,560,,2022105280,200,120,460,0.1,先行,先行,36.83,486,-2,2.0,社台ファーム,千歳市,キズナ,カウアイレーン,キングカメハメハ,16,3,5,,(栗),上村洋行
未勝利,202504190902070401,"2025. 4.19",阪神,スイッチビスケット,牡,3,柴田裕一,54▲,16,11,芝,2200,B,良,2158,2.1,6,7,9,10,37.1,11,49.8,,53.80,53.3,,A03,0,,2022106295,(95.9),,,0.6,中団,中団,37.01,464,-8,95.9,シンユウフアーム,新冠町,サトノクラウン,ジュエルトウショウ,アグネスタキオン,16,1,1,,(栗),森田直行
未勝利,202504190902070206,"2025. 4.19",阪神,レーヴドアンジュ,牝,3,鮫島克駿, 55 ,16,11,ダ,1200,,良,1163,2.3,,,4,5,39.9,14,41.2,,45.20,42.2,,A03,0,,2022110157,(18.4),,,0.9,中団,中団,36.40,428,0,18.4,"Michael E. Pegram Paul Weitman & Karl Watson",米,"Maximum Security","Tiz Midnight","Midnight Lute",16,3,6,,(栗),河嶋宏樹
ＪＧ１,202504190603071112,"2025. 4.19",中山,ピーターサイト,牡,5,伴啓太, 63 ,12,８,芝,4260,C,良,4563,5.8,4,4,9,8,13.9,,,,,,,N00,0,    0.0,2020105611,(263.2),,,,中団,中団,,476,-4,263.2,ノースヒルズ,新冠町,ワンアンドオンリー,ヴィクトリアアイ,ブライアンズタイム,12,8,12,,(美),村田一誠
ＪＧ１,202504190603071109,"2025. 4.19",中山,プラチナドリーム,牡,6,中村将之, 63 ,12,９,芝,4260,C,良,4567,6.2,10,10,10,10,13.9,,,,,,,N00,0,    0.0,2019106330,(242.2),,,,後方,後方,,476,-4,242.2,千代田牧場,新ひだか町,ホッコータルマエ,サティーヌアロム,シンボリクリスエス,12,7,9,,(美),菊川正達
1勝,202504190603070806,"2025. 4.19",中山,タリスマン,牡,4,伊藤工真, 58 ,14,９,ダ,1800,,良,1548,1.1,14,14,14,10,39.0,3,47.2,*,44.57,43.6,,000,0,,2021104618,(49.7),,,1.7,中団,中団,37.90,476,+4,49.7,リトルブルーファーム,清水町,タリスマニック,クロエチャン,スパイキュール,14,4,6,,(美),金成貴史
1勝,202504190301031009,"2025. 4.19",福島,エイトスターズ,牝,5,吉田隼人, 56 ,16,２,芝,2000,A,良,1597,0.1,10,10,12,9,34.9,1,54.1,*,52.50,51.1,牝,023,440,   11.6,2020103772,(7.8),290,3920,0.8,中団,差し,36.34,476,0,7.8,レイクヴィラファーム,洞爺湖町,ジャスタウェイ,インザスポットライト,"Exceed And Excel",16,5,9,,(栗),坂口智康
1勝,202504190301030715,"2025. 4.19",福島,ノーブルアクト,牝,5,水沼元輝,53▲,15,６,ダ,1700,,良,1479,1.0,10,11,10,9,38.8,4,47.1,*,46.83,45.7,牝,023,0,,2020104744,(3.0),,,1.0,中団,中団,37.69,498,-8,3.0,フジワラフアーム,新ひだか町,マクフィ,クイーンロイド,ゼンノロブロイ,15,8,15,,(美),上原博之
未勝利,202504190301030510,"2025. 4.19",福島,サミダレナイツ,牡,3,丸山元気, 57 ,16,７,芝,1800,A,良,1494,0.9,13,13,10,9,35.4,5,54.5,*,54.20,53.2,,003,0,,2022101605,(17.7),,,0.9,中団,中団,37.00,476,+2,17.7,竹島幸治,日高町,トーホウジャッカル,トーホウビスカヤ,ストリートセンス,15,5,10,,(栗),谷潔
未勝利,202504190301030414,"2025. 4.19",福島,ザハント,牡,3,松本大輝,56☆,15,３,ダ,1700,,良,1475,0.2,5,5,6,7,38.6,1,47.4,*,46.20,44.8,,002,140,,2022102929,(4.5),140,,0.8,中団,差し,37.58,490,+2,4.5,谷口牧場,浦河町,マジェスティックウォリアー,フミノアマゾン,フジキセキ,15,8,14,,(栗),田中克典
未勝利,202504190301030307,"2025. 4.19",福島,シャインバオバブ,牡,3,古川吉洋, 57 ,16,２,芝,2600,A,良,2414,0.1,8,7,4,4,35.8,2,55.3,*,54.67,54.4,,A03,220,,2022106180,(6.3),230,2330,0.3,先行,先行,37.68,494,+2,6.3,川島牧場,新冠町,シルバーステート,レユシット,ルーラーシップ,16,4,7,,(栗),本田優
3勝,202504130902061215,"2025. 4.13",阪神,キュールエフウジン,牡,6,松若風馬, 58 ,16,２,ダ,1800,,稍,1536,0.8,16,16,16,16,36.4,1,56.0,*,52.53,50.8,,A04,740,    9.8,2019102983,(20.3),350,4650,1.8,後方,追込,38.60,494,-4,20.3,木下牧場,新ひだか町,ホッコータルマエ,キュールエアリス,ウォーエンブレム,16,8,15,,(栗),中尾秀正
3勝,202504130902061216,"2025. 4.13",阪神,レーウィン,セ,4,岩田康誠, 58 ,16,５,ダ,1800,,稍,1541,1.3,4,5,4,4,38.3,9,49.0,*,52.53,50.8,,A04,184,    0.0,2021100734,(5.4),,,0.4,先行,先行,37.90,502,-2,5.4,高昭牧場,浦河町,ヘニーヒューズ,フジインザスカイ,ディープスカイ,16,8,16,,(栗),上村洋行
3勝,202504130902061212,"2025. 4.13",阪神,シャンデルナゴル,牡,5,北村友一, 58 ,16,８,ダ,1800,,稍,1542,1.4,2,2,2,2,38.7,12,47.5,,52.53,50.8,,A04,0,    0.0,2020103193,(8.5),,,0.1,先行,先行,37.75,492,0,8.5,ノーザンファーム,安平町,サトノダイヤモンド,アガルタ,キングカメハメハ,16,6,12,,(栗),石坂公一
1勝,202504130902060516,"2025. 4.13",阪神,ラブミーナッソー,牝,3,藤岡佑介, 55 ,16,８,ダ,1400,,良,1262,1.5,,,7,6,39.1,9,40.3,,45.00,40.9,,A03,0,,2022103453,(66.2),,,0.7,中団,中団,35.33,452,-10,66.2,伊藤敏明,新ひだか町,コパノリッキー,バックアタック,アグネスデジタル,16,8,16,,(栗),宮徹
未勝利,202504130902060415,"2025. 4.13",阪神,メイショウビストロ,牡,3,松山弘平, 57 ,15,１,芝,2000,B,良,2019,-0.0,10,10,9,7,34.6,2,58.1,*,57.90,54.7,,A03,560,,2022103251,730,150,540,0.8,中団,差し,37.41,438,-2,7.3,三嶋牧場,浦河町,カリフォルニアクローム,メイショウオワラ,ディープブリランテ,14,8,15,,(栗),岡田稲男
未勝利,202504130902060404,"2025. 4.13",阪神,スイッチビスケット,牡,3,鮫島克駿, 57 ,15,外,芝,2000,B,良,----,----,,,,,,0,,,57.90,54.7,,A03,0,,2022106295,,,,,,,,462,-10,,シンユウフアーム,新冠町,サトノクラウン,ジュエルトウショウ,アグネスタキオン,14,3,4,,(栗),森田直行
2勝,202504130603061009,"2025. 4.13",中山,プリズマジコ,牡,4,シュタル, 58 ,10,５,芝,2000,B,良,2023,0.5,8,8,7,8,34.6,2,58.6,*,57.93,57.1,,A04,155,    0.0,2021106077,(4.2),,,0.7,後方,後方,37.59,444,+2,4.2,大狩部牧場,新冠町,キズナ,グラントリノ,グランデラ,10,8,9,,(栗),高橋義忠
2勝,202504130603061008,"2025. 4.13",中山,バンフィエルド,牡,6,石橋脩, 58 ,10,８,芝,2000,B,良,2024,0.6,8,8,7,8,34.7,3,58.3,*,57.93,57.1,,A04,0,    0.0,2019104531,(76.0),,,0.7,後方,後方,37.59,430,-2,76.0,社台コーポレーション白老ファーム,白老町,オルフェーヴル,エヴィータアルゼンティーナ,"Candy Ride",10,7,8,,(栗),緒方努
2勝,202504130603060908,"2025. 4.13",中山,ロードブレイズ,牡,4,横山和生, 58 ,11,２,ダ,2400,,良,2350,0.5,6,6,3,3,38.5,4,50.9,*,51.13,51.5,,A03,620,    7.4,2021100162,(8.2),210,1100,0.2,先行,先行,38.83,506,+4,8.2,ケイアイファーム,新ひだか町,ロードカナロア,ブリュネット,ダイワメジャー,11,7,8,,(美),稲垣幸雄
1勝,202504130301020614,"2025. 4.13",福島,グランテレーズ,牝,4,亀田温心, 56 ,16,７,芝,1200,A,良,1089,1.2,,,10,10,35.0,5,46.9,*,45.50,45.1,牝,023,0,,2021102401,(47.3),,,0.9,中団,中団,33.90,444,0,47.3,坂東牧場,平取町,シュヴァルグラン,アドマイヤテレサ,エリシオ,16,7,14,,(栗),渡辺薫彦
未勝利,202504130301020408,"2025. 4.13",福島,マンオブザマッチ,牡,3,斎藤新, 57 ,15,２,ダ,1700,,良,1491,0.3,12,11,1,1,39.2,5,47.3,*,49.17,48.0,,A03,220,,2022101677,(4.9),160,350,0.0,ﾏｸﾘ,ﾏｸﾘ,38.13,482,-2,4.9,ダーレー・ジャパン・ファーム,日高町,ファインニードル,パテントジョイ,Pivotal,15,5,8,,(栗),高橋義忠
未勝利,202504130301020312,"2025. 4.13",福島,シャインフリーリー,牡,3,丹内祐次, 57 ,16,２,芝,2600,A,良,2420,0.3,7,6,2,2,37.3,6,50.3,*,51.47,50.4,,003,220,,2022101495,(3.0),160,730,0.2,先行,先行,37.41,474,+4,3.0,白井牧場,日高町,ウインブライト,フィールフリーリー,アグネスタキオン,16,6,12,,(美),矢嶋大樹
未勝利,202504130301020207,"2025. 4.13",福島,パリコレジェンヌ,牝,3,田口貫太, 55 ,16,６,芝,1200,A,良,1105,1.1,,,10,10,35.5,5,48.6,*,47.30,47.2,,A03,0,,2022104501,(5.8),,,0.8,中団,中団,35.00,454,-4,5.8,前谷牧場,新ひだか町,ミスターメロディ,ビオレイメル,ワイルドラッシュ,16,4,7,,(栗),鈴木孝志
2勝,202504120902051201,"2025. 4.12",阪神,クリノオリーブ,牝,4,吉村誠之,55☆,16,14,ダ,1200,,良,1131,1.4,,,1,1,38.3,16,40.9,,46.10,44.3,,A03,0,,2021102259,(7.7),,,0.0,逃げ,逃げ,34.80,466,+4,7.7,横井哲,日高町,ニューイヤーズデイ,クリノラホール,ダイワメジャー,16,1,1,,(栗),谷潔
3勝,202504120902051004,"2025. 4.12",阪神,ノーブルスカイ,牡,4,鮫島克駿, 55 ,16,13,芝,2000,B,良,1599,1.0,4,5,4,4,35.8,14,50.7,*,54.47,52.3,,A03,0,    0.0,2021102256,(23.9),,,0.3,先行,先行,36.04,482,0,23.9,エトルタファーム,日高町,ネオユニヴァース,ホウショウワールド,"Sky Classic",16,2,4,,(栗),高柳大輔
1勝,202504120902050805,"2025. 4.12",阪神,ペレグリン,牝,4,鮫島克駿, 56 ,16,８,ダ,1200,,良,1135,0.6,,,2,2,38.6,14,40.4,*,42.73,40.8,,A03,0,,2021100906,(21.3),,,0.2,先行,先行,34.90,436,+2,21.3,バンブー牧場,浦河町,バンブーエール,フラミンゴ,マルカシェンク,16,3,5,,(栗),河嶋宏樹
1勝,202504120902050807,"2025. 4.12",阪神,ザングウィル,牡,5,西塚洸二,57☆,16,12,ダ,1200,,良,1140,1.1,,,11,13,38.2,7,43.7,,42.73,40.8,,A03,0,,2020110051,(26.9),,,1.1,後方,後方,35.80,504,0,26.9,"J. Lenihan",愛,"Dandy Man",Zaaqya,Nayef,16,4,7,*,(栗),佐藤悠太
1勝,202504120902050607,"2025. 4.12",阪神,モンテディアーナ,牝,3,武豊, 55 ,11,３,芝,1200,B,良,1081,0.0,,,1,1,34.2,5,49.1,*,52.10,49.1,,A04,200,,2022104597,(10.0),270,,0.0,逃げ,逃げ,33.90,452,-4,10.0,ノーザンファーム,安平町,ドレフォン,アズールムーン,"Malibu Moon",11,6,7,,(栗),四位洋文
1勝,202504120902050602,"2025. 4.12",阪神,イリフィ,牝,3,北村友一, 55 ,11,10,芝,1200,B,良,1148,6.7,,,8,8,40.1,10,36.5,,52.10,49.1,,A04,0,,2022110077,(10.7),,,0.8,中団,中団,34.70,416,+6,10.7,"Stonethorn Stud Farm Ltd.",愛,"Too Darn Hot",Trethias,"Invincible Spirit",11,2,2,,(栗),高野友和
未勝利,202504120902050201,"2025. 4.12",阪神,バルミラクル,牡,3,鮫島良太, 57 ,16,４,ダ,1400,,良,1258,0.6,,,8,7,38.0,5,44.3,*,44.40,42.3,,003,84,,2022106177,(6.5),,,0.8,中団,差し,35.85,444,0,6.5,川島牧場,新冠町,マクフィ,ミラクルクロス,フジキセキ,16,1,1,,(栗),河嶋宏樹
1勝,202504120603050901,"2025. 4.12",中山,ダノンピクチャー,牡,3,横山武史, 57 ,9,７,芝,2000,B,良,2017,2.7,2,2,2,3,38.4,8,43.0,,51.07,48.4,,A04,0,    0.0,2022104980,(4.2),,,0.4,先行,先行,35.70,476,0,4.2,ノーザンファーム,安平町,ドゥラメンテ,ファイナルスコア,"Dylan Thomas",9,1,1,,(美),田中博康
2勝,202504120301011012,"2025. 4.12",福島,ワークソング,牡,4,国分恭介, 58 ,16,２,ダ,1150,,良,1086,0.0,,,8,7,37.2,3,42.1,*,40.33,38.4,,A03,620,   11.4,2021102462,(11.2),320,5940,0.7,中団,差し,34.25,476,+2,11.2,雅牧場,平取町,モーニン,ハッピーラン,フレンチデピュティ,16,6,12,,(栗),牧浦充徳
未勝利,202504120301010202,"2025. 4.12",福島,ハリウッドメモリー,牝,3,丹内祐次, 55 ,16,１,芝,1200,A,良,1093,-0.0,,,4,2,35.0,4,48.0,*,49.00,46.9,,003,560,,2022100632,130,110,3290,0.2,先行,先行,34.30,454,+2,1.3,ケイアイファーム,新ひだか町,ロードカナロア,スピニングワイルドキャット,"Hard Spun",16,1,2,,(栗),長谷川浩
未勝利,202504120301010112,"2025. 4.12",福島,ビービーバザーク,牡,3,佐々木大, 57 ,15,２,ダ,1700,,良,1484,0.1,3,3,3,3,38.5,2,49.0,*,48.33,48.5,,003,220,,2022102397,(1.4),110,350,0.2,先行,先行,38.13,480,-8,1.4,坂東牧場,平取町,シニスターミニスター,カリビアンロマンス,コマンズ,15,7,12,,(栗),武幸四郎
ｵｰﾌﾟﾝ,202504060902040908,"2025. 4. 6",阪神,ハクサンアイリス,牡,3,鮫島克駿, 57 ,15,10,ダ,1400,,良,1255,1.5,,,8,7,38.3,8,42.4,,46.97,40.4,,N04,0,    0.0,2022100328,(88.6),,,1.3,中団,中団,35.40,482,-4,88.6,中村雅明,浦河町,ハクサンムーン,キャメロンロード,デュランダル,15,5,8,,(栗),高橋一哉
2勝,202504060902040805,"2025. 4. 6",阪神,ファイツオン,牡,4,高杉吏麒,57☆,10,３,芝,1200,B,良,1089,0.3,,,1,1,34.3,7,50.9,*,53.40,51.8,,A04,290,,2021100476,(2.7),120,,0.0,逃げ,逃げ,34.60,516,-2,2.7,村上牧場,新ひだか町,アルアイン,ソラコマチ,サクラバクシンオー,10,5,5,,(栗),藤岡健一
1勝,202504060902040503,"2025. 4. 6",阪神,ランツフート,牡,3,和田陽希,54▲,14,12,ダ,1800,,良,1557,3.0,8,8,10,10,40.0,10,44.6,,48.43,47.5,,A03,0,,2022105577,(53.0),,,1.2,中団,中団,37.85,462,-2,53.0,社台ファーム,千歳市,ブリックスアンドモルタル,レッドミラベル,ステイゴールド,14,3,3,,(栗),大久保龍
未勝利,202504060902040314,"2025. 4. 6",阪神,エイシンマールス,牡,3,和田竜二, 57 ,16,２,ダ,1400,,良,1261,0.2,,,2,1,37.9,4,45.4,*,46.13,45.9,,003,220,,2022102624,(16.8),250,1840,0.0,先行,先行,36.15,464,-2,16.8,栄進牧場,浦河町,エイシンヒカリ,エーシンアマゾーン,ファルブラヴ,16,7,14,,(栗),今野貞一
未勝利,202504060902040102,"2025. 4. 6",阪神,エルサトアナ,牝,3,松本大輝,54☆,16,６,ダ,1200,,良,1147,1.3,,,6,6,38.6,11,43.5,,45.10,43.7,牝,023,0,,2022100933,(8.2),,,0.6,中団,中団,36.10,416,+2,8.2,三石川上牧場,新ひだか町,カリフォルニアクローム,クイーンハーツ,キングカメハメハ,16,1,2,,(栗),本田優
1勝,202504050902030707,"2025. 4. 5",阪神,アスクムービーオン,牡,4,西村淳也, 58 ,16,16,ダ,1400,,良,1273,2.1,,,5,5,40.2,15,37.9,,43.00,39.7,,003,0,,2021102318,(4.2),,,0.7,中団,中団,35.33,468,-6,4.2,"ASK STUD",平取町,ドゥラメンテ,ハニートリップ,マンハッタンカフェ,16,4,7,,(栗),前川恭子
未勝利,202504050902030106,"2025. 4. 5",阪神,ドマーネ,牝,3,幸英明, 55 ,16,６,ダ,1800,,良,1569,1.4,12,12,11,11,38.7,7,51.0,,52.13,50.4,牝,023,0,,2022103271,(82.1),,,1.1,後方,後方,39.10,428,,82.1,三嶋牧場,浦河町,ゴールドシップ,ランドネ,Blame,16,3,6,,(栗),辻野泰之
1勝,202504050603031209,"2025. 4. 5",中山,ライトニングゼウス,牡,4,菊沢一樹, 58 ,16,２,ダ,1200,,稍,1110,0.5,,,1,1,36.9,7,42.4,*,43.70,43.7,,A03,320,,2021104058,(5.8),180,550,0.0,逃げ,逃げ,34.10,520,+4,5.8,谷岡スタット,新ひだか町,ダンカーク,サクラナスカ,サクラバクシンオー,16,5,9,,(美),勢司和浩
1勝,202504050603030901,"2025. 4. 5",中山,ダノンジャイアン,牡,3,横山武史, 57 ,7,４,芝,2200,B,良,2127,0.5,6,6,6,7,35.1,3,54.3,*,53.40,52.9,,A04,170,    0.0,2022105399,(14.7),,,0.7,後方,追込,36.60,446,+2,14.7,社台ファーム,千歳市,ブリックスアンドモルタル,ダノンジャンヌ,ディープインパクト,7,1,1,,(栗),茶木太樹
1勝,202504050603030706,"2025. 4. 5",中山,ゲキザル,牡,6,原優介, 58 ,11,５,ダ,1800,,稍,1546,0.7,8,9,7,6,38.3,4,49.6,*,49.63,48.7,,003,80,,2019102102,(10.4),,,0.7,中団,中団,38.15,480,-2,10.4,広富牧場,日高町,ザファクター,トゥモローズライト,アフリート,11,6,6,,(美),青木孝文
2勝,202503300902021207,"2025. 3.30",阪神,クリノオリーブ,牝,4,田口貫太, 56 ,14,４,ダ,1200,,良,1122,0.3,,,2,2,36.4,6,48.4,*,49.93,48.1,,A03,170,,2021102259,(4.8),,,0.2,先行,先行,35.80,462,-4,4.8,横井哲,日高町,ニューイヤーズデイ,クリノラホール,ダイワメジャー,14,5,7,,(栗),谷潔
未勝利,202503300902020412,"2025. 3.30",阪神,アメリカンピース,セ,7,小牧加矢, 60 ,14,５,ダ,2970,,良,3275,1.5,2,2,2,4,14.0,,,,,,,A00,84,,2018110131,(1.9),,,,先行,先行,,458,0,1.9,"Don Alberto Corporation",米,Tapit,"La Cloche",Ghostzapper,14,7,12,,(栗),東田明士
未勝利,202503300902020409,"2025. 3.30",阪神,ローンウルフ,牡,4,五十嵐雄, 59 ,14,11,ダ,2970,,良,3307,4.7,2,2,8,9,14.2,,,,,,,A00,0,,2021104112,(107.4),,,,中団,中団,,498,+40,107.4,千代田牧場,新ひだか町,リアルインパクト,シェリレーヌ,Mineshaft,14,6,9,,(美),武市康男
未勝利,202503300902020214,"2025. 3.30",阪神,レーヴドアンジュ,牝,3,鮫島克駿, 55 ,16,５,ダ,1400,,良,1268,0.8,,,1,1,39.0,10,41.9,*,45.03,43.8,,A03,56,,2022110157,(23.6),,,0.0,逃げ,逃げ,35.85,428,-2,23.6,"Michael E. Pegram Paul Weitman & Karl Watson",米,"Maximum Security","Tiz Midnight","Midnight Lute",16,7,14,,(栗),河嶋宏樹
1勝,202503300702060902,"2025. 3.30",中京,ザングウィル,牡,5,亀田温心, 58 ,14,６,ダ,1400,,良,1258,0.5,,,5,5,37.7,8,45.7,*,47.13,44.2,,A03,0,,2020110051,(63.5),,,0.6,中団,中団,36.08,504,-13,63.5,"J. Lenihan",愛,"Dandy Man",Zaaqya,Nayef,13,2,2,*,(栗),佐藤悠太
1勝,202503300702060603,"2025. 3.30",中京,ピースヒロフェイス,牝,4,シュタル, 55 ,12,３,芝,2200,B,良,2154,0.1,7,7,8,9,34.1,1,61.4,*,60.93,58.3,,A03,200,,2021105769,(6.4),180,,0.8,後方,追込,37.99,462,+2,6.4,ノーザンファーム,安平町,サトノダイヤモンド,ペルヴィアンリリー,フレンチデピュティ,11,3,3,,(美),牧光二
未勝利,202503300702060405,"2025. 3.30",中京,ルージュスティーズ,牝,3,坂井瑠星, 55 ,13,６,芝,2000,B,良,2029,0.8,3,3,3,3,35.5,6,55.5,*,58.10,57.1,,003,0,,2022103063,(13.7),,,0.2,先行,先行,37.46,480,+2,13.7,富田牧場,浦河町,ハービンジャー,レッドコルディス,ハーツクライ,13,4,5,*,(栗),斉藤崇史
1勝,202503300603020906,"2025. 3.30",中山,カリーン,牝,3,丹内祐次, 55 ,7,４,芝,2000,A,良,2020,0.7,5,5,4,4,36.0,3,52.4,*,52.73,53.2,牝,024,170,    0.0,2022105532,(16.0),,,0.3,先行,先行,36.86,462,-6,16.0,社台ファーム,千歳市,デクラレーションオブウォー,ムニラー,"Kitten's Joy",7,6,6,,(美),蛯名正義
1勝,202503300603020903,"2025. 3.30",中山,ニシノエピカリ,牝,3,田辺裕信, 55 ,7,７,芝,2000,A,良,2028,1.5,3,4,4,6,36.8,7,50.2,,52.73,53.2,牝,024,0,    0.0,2022100724,(6.7),,,0.3,後方,後方,36.86,408,+2,6.7,田上徹,新ひだか町,フィエールマン,シーソルティキッス,キングカメハメハ,7,3,3,*,(美),手塚貴久
1勝,202503300603020803,"2025. 3.30",中山,スプランドゥール,牡,4,柴田大知, 58 ,16,３,ダ,1200,,稍,1126,0.3,,,4,5,36.3,9,50.0,*,50.37,49.2,,003,200,,2021100623,(20.9),540,,0.3,中団,差し,36.30,466,0,20.9,荻伏服部牧場,浦河町,シルバーステート,チェリーシェル,サクラバクシンオー,16,2,3,,(美),和田雄二
1勝,202503300603020816,"2025. 3.30",中山,ゲキザル,牡,6,原優介, 58 ,16,10,ダ,1200,,稍,1131,0.8,,,9,10,36.4,11,50.8,*,50.37,49.2,,003,0,,2019102102,(4.6),,,0.7,中団,中団,36.70,482,+6,4.6,広富牧場,日高町,ザファクター,トゥモローズライト,アフリート,16,8,16,,(美),青木孝文
1勝,202503290902010906,"2025. 3.29",阪神,フェルシナ,牝,3,藤岡佑介, 55 ,14,７,芝,1800,A,良,1463,0.5,,,3,2,35.1,8,51.4,*,54.40,52.9,牝,024,0,    0.0,2022105831,(100.3),,,0.0,先行,先行,35.60,440,-6,100.3,社台コーポレーション白老ファーム,白老町,ルーラーシップ,ヒルダ,ダイワメジャー,14,4,6,,(栗),西園翔太
ｵｰﾌﾟﾝ,202503290902010810,"2025. 3.29",阪神,パープルアドミラル,牡,5,上野翔, 60 ,10,９,芝,3140,A,良,3481,13.5,9,10,9,9,14.5,,,,,,,A00,0,    0.0,2020104328,(118.9),,,,後方,後方,,440,-10,118.9,聖心台牧場,新ひだか町,シビルウォー,ママノヨリミチ,マンハッタンカフェ,10,8,10,,(美),堀内岳志
1勝,202503290902010702,"2025. 3.29",阪神,ペレグリン,牝,4,西村淳也, 56 ,16,５,ダ,1200,,稍,1135,0.5,,,11,10,37.4,5,46.5,*,44.00,40.6,牝,023,80,,2021100906,(9.1),,,1.4,中団,中団,36.10,434,0,9.1,バンブー牧場,浦河町,バンブーエール,フラミンゴ,マルカシェンク,16,1,2,,(栗),河嶋宏樹
未勝利,202503290902010112,"2025. 3.29",阪神,キャットテイル,牝,3,坂井瑠星, 55 ,16,８,ダ,1400,,稍,1280,2.0,,,9,7,39.6,7,41.7,,42.77,41.7,牝,023,0,,2022101678,(37.1),,,1.1,中団,中団,36.30,424,,37.1,ダーレー・ジャパン・ファーム,日高町,ディスクリートキャット,ピクシープリンセス,ディープインパクト,16,6,12,,(栗),野中賢二
2勝,202503290702051008,"2025. 3.29",中京,バンフィエルド,牡,6,長岡禎仁, 58 ,9,２,芝,2200,B,稍,2140,0.6,5,5,5,4,37.8,3,45.4,*,45.93,42.1,,A04,620,    6.2,2019104531,(40.4),410,4020,1.4,先行,先行,36.08,432,-4,40.4,社台コーポレーション白老ファーム,白老町,オルフェーヴル,エヴィータアルゼンティーナ,"Candy Ride",9,8,8,,(栗),緒方努
1勝,202503290702050602,"2025. 3.29",中京,キーパフォーマー,牝,4,柴田裕一,53▲,15,２,芝,2000,B,重,2008,0.2,9,9,9,9,35.8,1,51.8,*,49.77,47.6,牝,023,320,,2021104948,(111.9),2490,60390,1.2,中団,差し,36.43,460,-2,111.9,社台ファーム,千歳市,キタサンブラック,アンコールピース,ネオユニヴァース,15,2,2,,(栗),佐々木晶
未勝利,202503290702050515,"2025. 3.29",中京,キングズトゥルー,牡,3,泉谷楓真, 57 ,18,10,芝,2200,B,重,2163,1.4,17,16,18,17,35.7,4,55.7,*,55.00,53.4,,A03,0,,2022103510,(249.9),,,1.6,後方,後方,37.73,444,-8,249.9,岡田スタツド,新ひだか町,ウインブライト,クイーンズトゥルー,キングカメハメハ,18,7,15,,(美),大竹正博
未勝利,202503290702050401,"2025. 3.29",中京,ブレイジングスター,牡,3,永島まな,55◇,13,４,ダ,1800,,稍,1549,1.2,3,2,4,4,39.5,5,45.4,*,46.90,46.9,,002,84,,2022103644,(5.1),,,0.4,先行,先行,37.70,486,-4,5.1,岡野牧場,新ひだか町,モーニン,ヴァーチュスター,"Symboli Kris S",13,1,1,,(栗),高橋康之
2勝,202503290603011207,"2025. 3.29",中山,オールマイデイズ,牡,5,松山弘平, 58 ,13,９,ダ,1800,,稍,1537,2.0,9,9,9,8,38.3,6,48.4,,51.10,46.2,,003,0,,2020103718,(15.5),,,1.9,中団,中団,37.70,504,+4,15.5,ノーザンファーム,安平町,リアルスティール,ロザリンド,シンボリクリスエス,13,5,7,,(美),木村哲也
3勝,202503230901081009,"2025. 3.23",阪神,エンヤラヴフェイス,牡,4,吉村誠之, 58 ,16,11,ダ,1400,,良,1265,1.9,,,15,15,36.9,7,50.8,,48.93,47.4,,A04,0,    0.0,2021101737,(28.6),,,1.8,後方,後方,37.20,504,-2,28.6,チャンピオンズファーム,新ひだか町,エイシンヒカリ,タイキアプローズ,"Devil's Bag",16,5,9,,(栗),森田直行
1勝,202503230901080601,"2025. 3.23",阪神,セボンサデッセ,牡,3,菱田裕二, 57 ,16,３,ダ,1800,,良,1545,1.1,3,4,4,4,39.0,3,46.8,*,47.87,47.3,,A03,200,,2022104903,(14.0),320,,0.6,先行,先行,37.75,486,-4,14.0,ノーザンファーム,安平町,ルヴァンスレーヴ,チャームクォーク,クロフネ,16,1,1,,(栗),橋口慎介
1勝,202503230901080502,"2025. 3.23",阪神,インフローレ,牝,3,藤岡佑介, 55 ,13,12,芝,1200,A,良,1092,1.0,,,8,9,34.8,9,48.9,*,49.00,46.5,,A04,0,,2022102729,(21.9),,,0.9,後方,後方,34.40,428,-12,21.9,杵臼牧場,浦河町,リオンディーズ,キュイキュイ,ハービンジャー,13,2,2,,(栗),寺島良
未勝利,202503230901080306,"2025. 3.23",阪神,ビービーバザーク,牡,3,浜中俊, 57 ,12,３,ダ,1800,,良,1569,0.5,3,3,3,2,37.8,3,54.6,*,55.33,54.8,,A03,140,,2022102397,(3.6),150,,0.3,先行,先行,39.55,488,0,3.6,坂東牧場,平取町,シニスターミニスター,カリビアンロマンス,コマンズ,12,5,6,,(栗),武幸四郎
1勝,202503230702041209,"2025. 3.23",中京,ガットネロ,牝,5,和田竜二, 56 ,18,８,芝,1200,A,良,1097,0.6,,,5,4,35.4,13,46.9,*,51.47,44.6,,A03,0,,2020105073,(4.7),,,0.7,先行,先行,34.30,482,-2,4.7,大狩部牧場,新冠町,アメリカンペイトリオット,ブラックシュガー,ブラックタイド,18,5,9,,(栗),東田明士
1勝,202503230702040707,"2025. 3.23",中京,アスクムービーオン,牡,4,西村淳也, 58 ,16,５,ダ,1800,,良,1550,0.1,2,2,2,2,37.4,9,53.7,*,54.73,53.6,,003,80,,2021102318,(4.2),,,0.1,先行,先行,38.80,474,-1,4.2,"ASK STUD",平取町,ドゥラメンテ,ハニートリップ,マンハッタンカフェ,16,4,7,,(栗),前川恭子
未勝利,202503230702040503,"2025. 3.23",中京,サミダレナイツ,牡,3,幸英明, 57 ,18,５,芝,2000,A,良,2022,0.5,10,10,9,9,35.4,2,55.1,*,54.80,52.8,,A03,56,,2022101605,(8.3),,,0.9,中団,中団,37.20,474,0,8.3,竹島幸治,日高町,トーホウジャッカル,トーホウビスカヤ,ストリートセンス,17,2,3,,(栗),谷潔
未勝利,202503230702040414,"2025. 3.23",中京,カシオペア,牡,3,石川裕紀, 57 ,18,１,芝,1400,A,良,1219,-0.2,,,15,14,34.3,1,54.1,*,51.07,46.6,,003,560,,2022106203,2040,410,3990,1.5,後方,追込,35.70,522,-2,20.4,小泉牧場,新冠町,ビッグアーサー,リトルアマポーラ,アグネスタキオン,18,7,14,,(美),上原佑紀
1勝,202503230602080811,"2025. 3.23",中山,ハクサンアイリス,牡,3,津村明秀, 57 ,15,２,ダ,1200,,良,1115,0.3,,,3,2,37.5,5,40.7,*,41.70,40.4,,A03,320,,2022100328,(6.7),220,1010,0.2,先行,先行,34.00,486,+2,6.7,中村雅明,浦河町,ハクサンムーン,キャメロンロード,デュランダル,15,6,11,,(栗),高橋一哉
1勝,202503230602080716,"2025. 3.23",中山,ズイウンゴサイ,牡,4,丸田恭介, 57 ,16,４,芝,2500,A,良,2334,0.5,8,8,7,5,36.0,2,53.0,*,52.43,52.2,,A03,120,,2021100597,(5.2),,,0.6,中団,差し,37.07,466,+2,5.2,エムエム、ヤマダファーム,浦河町,シュヴァルグラン,ブルーインザスカイ,チチカステナンゴ,16,8,16,,(美),武市康男
1勝,202503230602080714,"2025. 3.23",中山,ペリプルス,牡,5,柴田大知, 58 ,16,８,芝,2500,A,良,2341,1.2,6,5,4,5,37.0,10,49.9,,52.43,52.2,,A03,0,,2020105796,(134.5),,,0.3,中団,中団,36.98,448,+2,134.5,ビッグレッドファーム,新冠町,ゴールドシップ,マイネリベルタス,コンデュイット,16,7,14,,(美),佐藤吉勝
未勝利,202503230602080502,"2025. 3.23",中山,ファンタイムギフト,牡,3,田辺裕信, 57 ,16,７,芝,1600,A,良,1355,1.1,,1,2,4,37.0,8,44.9,,48.50,46.9,,A03,0,,2022102378,(33.3),,,0.2,逃げ,逃げ,35.10,502,+2,33.3,二風谷ファーム,平取町,ドレフォン,トウカイシェーン,ダイワメジャー,16,1,2,,(美),相沢郁
未勝利,202503220901070511,"2025. 3.22",阪神,シャインバオバブ,牡,3,太宰啓介, 57 ,15,７,芝,2400,A,良,2337,0.5,10,9,7,7,34.0,4,67.4,*,68.30,66.9,,003,0,,2022106180,(14.8),,,0.5,中団,中団,39.90,492,-4,14.8,川島牧場,新冠町,シルバーステート,レユシット,ルーラーシップ,15,6,11,*,(栗),本田優
1勝,202503220702031201,"2025. 3.22",中京,スターチスブーケ,牝,4,丸山元気, 56 ,16,７,ダ,1200,,良,1125,1.1,,,11,11,36.4,1,49.2,*,45.43,45.1,,A03,0,,2021110075,(62.6),,,1.3,後方,後方,36.10,492,-2,62.6,"Gerty Bloodstock",米,"Practical Joke","Sovereign Halo",Haynesfield,16,1,1,,(美),田中勝春
未勝利,202503220702030404,"2025. 3.22",中京,バルミラクル,牡,3,鮫島良太, 57 ,16,２,ダ,1400,,良,1249,0.2,,,3,3,38.0,2,42.6,*,43.53,40.0,,A03,220,,2022106177,(3.3),130,3440,0.7,先行,先行,35.18,444,+2,3.3,川島牧場,新冠町,マクフィ,ミラクルクロス,フジキセキ,16,2,4,,(栗),河嶋宏樹
ｵｰﾌﾟﾝ,202503220602070805,"2025. 3.22",中山,ブラックボイス,牡,6,五十嵐雄, 60 ,14,９,芝,3350,A,良,3475,2.5,3,3,7,7,13.6,,,,,,,N00,0,    0.0,2019105276,(13.7),,,,中団,中団,,512,-6,13.7,ノーザンファーム,安平町,ブラックタイド,ソングライティング,"Giant's Causeway",14,4,5,,(美),宮田敬介
未勝利,202503220602070106,"2025. 3.22",中山,パラサイコロジー,牝,3,大野拓弥, 55 ,16,１,ダ,1200,,重,1114,-1.0,,,1,1,36.1,1,47.8,*,46.10,47.8,牝,023,560,,2022104862,200,110,160,0.0,逃げ,逃げ,35.30,466,0,2.0,ノーザンファーム,安平町,モズアスコット,スペルオンミー,ダイワメジャー,16,3,6,,(美),新開幸一
2勝,202503160901061205,"2025. 3.16",阪神,ヴェロクオーレ,牝,4,坂井瑠星, 56 ,12,２,ダ,1400,,重,1242,0.1,,,2,2,37.9,7,41.6,*,44.33,41.4,牝,023,460,,2021101397,(4.3),200,2180,0.1,先行,先行,34.73,472,+2,4.3,下河辺牧場,日高町,ドゥラメンテ,サトノジョリー,Bernardini,12,5,5,,(栗),石坂公一
3勝,202503160901061001,"2025. 3.16",阪神,キュールエフウジン,牡,6,松若風馬, 56 ,15,６,ダ,2000,,重,2073,0.8,15,15,14,14,36.3,2,57.4,*,55.67,54.9,,A03,0,    0.0,2019102983,(23.0),,,1.2,後方,後方,39.00,498,-2,23.0,木下牧場,新ひだか町,ホッコータルマエ,キュールエアリス,ウォーエンブレム,15,1,1,,(栗),中尾秀正
未勝利,202503160901060310,"2025. 3.16",阪神,ブレイジングスター,牡,3,吉村誠之,55△,16,６,ダ,1400,,稍,1281,1.9,,,5,4,40.4,10,38.6,,44.40,41.2,,003,0,,2022103644,(4.4),,,0.4,先行,先行,35.78,490,+6,4.4,岡野牧場,新ひだか町,モーニン,ヴァーチュスター,"Symboli Kris S",16,5,10,,(栗),高橋康之
未勝利,202503160901060116,"2025. 3.16",阪神,モンテディアーナ,牝,3,坂井瑠星, 55 ,16,１,ダ,1200,,稍,1130,-1.2,,,1,1,37.1,2,46.8,*,48.07,46.8,牝,023,560,,2022104597,160,110,620,0.0,逃げ,逃げ,35.90,456,-2,1.6,ノーザンファーム,安平町,ドレフォン,アズールムーン,"Malibu Moon",16,8,16,,(栗),四位洋文
未勝利,202503160901060102,"2025. 3.16",阪神,エルサトアナ,牝,3,松本大輝,54☆,16,２,ダ,1200,,稍,1142,1.2,,,3,2,37.9,6,45.8,*,48.07,46.8,牝,023,220,,2022100933,(7.3),190,620,0.4,先行,先行,36.30,414,+2,7.3,三石川上牧場,新ひだか町,カリフォルニアクローム,クイーンハーツ,キングカメハメハ,16,1,2,,(栗),本田優
1勝,202503160702021211,"2025. 3.16",中京,タリスマン,牡,4,伊藤工真, 58 ,16,14,ダ,1400,,重,1254,2.0,,,16,16,36.4,5,51.0,*,47.40,45.0,,003,0,,2021104618,(58.6),,,2.4,後方,後方,36.75,472,0,58.6,リトルブルーファーム,清水町,タリスマニック,クロエチャン,スパイキュール,16,6,11,,(美),金成貴史
1勝,202503160702020702,"2025. 3.16",中京,マルモア,牝,4,川田将雅, 56 ,16,６,芝,1600,A,重,1379,0.7,,10,10,8,35.8,4,54.1,*,53.33,52.5,,003,0,,2021105245,(4.1),,,0.8,中団,中団,37.26,418,+2,4.1,社台ファーム,千歳市,エピファネイア,マーブルカテドラル,ダイワメジャー,16,1,2,,(栗),松永幹夫
2勝,202503160602061216,"2025. 3.16",中山,イノセントキャット,牝,4,横山武史, 56 ,16,３,ダ,1200,,不,1111,0.2,,,9,7,37.3,7,40.6,*,40.53,37.6,,003,290,,2021104745,(3.1),140,,0.7,中団,差し,33.80,458,-2,3.1,追分ファーム,安平町,シュヴァルグラン,イルーシヴキャット,キングカメハメハ,16,8,16,,(美),久保田貴
2勝,202503150901051204,"2025. 3.15",阪神,シャンデルナゴル,牡,5,北村友一, 58 ,10,１,ダ,1800,,良,1556,-0.0,2,2,2,2,36.2,2,59.7,*,59.47,58.8,,A03,1140,,2020103193,250,110,1390,0.2,先行,先行,39.70,492,-4,2.5,ノーザンファーム,安平町,サトノダイヤモンド,アガルタ,キングカメハメハ,10,4,4,,(栗),石坂公一
3勝,202503150901051008,"2025. 3.15",阪神,バッデレイト,牡,4,北村友一, 58 ,15,５,芝,1800,A,良,1455,0.3,,,6,7,34.1,5,54.7,*,56.43,53.4,,A04,184,    0.0,2021102728,(6.8),,,0.5,中団,中団,35.70,474,-2,6.8,杵臼牧場,浦河町,サトノダイヤモンド,ビーウインド,スピニングワールド,15,5,8,,(栗),上村洋行
1勝,202503150901050904,"2025. 3.15",阪神,パッションリッチ,牡,3,幸英明, 57 ,12,４,芝,2400,A,良,2250,0.4,4,3,4,3,34.9,6,55.2,*,56.70,55.2,,A04,170,    0.0,2022105390,(22.0),,,0.3,先行,先行,36.70,476,-2,22.0,社台ファーム,千歳市,ドゥラメンテ,セータコローナ,"Distorted Humor",12,4,4,,(美),久保田貴
未勝利,202503150901050512,"2025. 3.15",阪神,メイショウビストロ,牡,3,菱田裕二, 57 ,18,16,芝,1800,A,良,1490,1.4,,,11,11,34.7,12,57.1,,58.37,57.3,,A03,0,,2022103251,(9.0),,,0.9,中団,中団,37.15,440,-4,9.0,三嶋牧場,浦河町,カリフォルニアクローム,メイショウオワラ,ディープブリランテ,18,6,12,,(栗),岡田稲男
未勝利,202503150901050403,"2025. 3.15",阪神,レインオンミー,牡,3,吉村誠之,55△,18,６,芝,1400,A,良,1225,0.8,,,8,7,35.4,9,49.8,*,51.63,48.6,,003,0,,2022104117,(14.0),,,0.7,中団,中団,35.33,482,+6,14.0,千代田牧場,新ひだか町,リアルスティール,アルマリンピア,タイキシャトル,18,2,3,,(栗),福永祐一
未勝利,202503150901050306,"2025. 3.15",阪神,ルシタニア,牡,3,菱田裕二, 57 ,13,１,ダ,1800,,良,1554,-0.0,3,4,3,4,38.4,1,50.3,*,49.67,48.7,,003,560,,2022104640,540,160,650,0.4,先行,先行,38.50,478,+4,5.4,ノーザンファーム,安平町,レイデオロ,イスパニダ,"Pure Prize",13,5,6,,(栗),武幸四郎
2勝,202503150702011007,"2025. 3.15",中京,プリズマジコ,牡,4,秋山稔樹, 58 ,13,４,芝,2000,A,良,2012,0.3,9,9,9,8,34.7,2,56.8,*,55.30,54.3,,A04,230,    0.0,2021106077,(6.1),,,0.8,中団,差し,37.07,442,-8,6.1,大狩部牧場,新冠町,キズナ,グラントリノ,グランデラ,13,5,7,,(栗),高橋義忠
2勝,202503150702011006,"2025. 3.15",中京,バンフィエルド,牡,6,長岡禎仁, 58 ,13,10,芝,2000,A,良,2019,1.0,2,2,2,2,36.0,11,52.3,*,55.30,54.3,,A04,0,    0.0,2019104531,(168.9),,,0.2,先行,先行,36.81,436,+6,168.9,社台コーポレーション白老ファーム,白老町,オルフェーヴル,エヴィータアルゼンティーナ,"Candy Ride",13,5,6,*,(栗),緒方努
1勝,202503150702010805,"2025. 3.15",中京,ピースヒロフェイス,牝,4,シュタル, 55 ,18,４,芝,2200,A,良,2153,0.2,7,7,7,10,34.6,2,59.1,*,57.73,56.4,,003,120,,2021105769,(24.4),,,0.8,中団,差し,37.76,460,-8,24.4,ノーザンファーム,安平町,サトノダイヤモンド,ペルヴィアンリリー,フレンチデピュティ,18,3,5,,(美),牧光二
1勝,202503150702010612,"2025. 3.15",中京,ランツフート,牡,3,シュタル, 57 ,13,７,ダ,1800,,良,1539,1.0,2,2,4,3,38.4,8,48.3,*,49.57,48.9,,A04,0,,2022105577,(24.2),,,0.5,先行,先行,37.75,464,-4,24.2,社台ファーム,千歳市,ブリックスアンドモルタル,レッドミラベル,ステイゴールド,13,8,12,,(栗),大久保龍
未勝利,202503150702010507,"2025. 3.15",中京,サイモンイロハニー,牝,3,秋山稔樹, 55 ,18,５,芝,2000,A,良,2018,0.9,9,8,7,7,35.8,6,53.0,*,54.67,53.1,,003,56,,2022104164,(277.3),,,0.6,中団,中団,36.86,408,-4,277.3,千代田牧場,新ひだか町,ゴールドシップ,ブライテストリング,ダノンシャンティ,18,4,7,,(栗),谷潔
未勝利,202503150702010102,"2025. 3.15",中京,サリーチェ,牝,3,佐々木大, 55 ,16,１,ダ,1800,,良,1554,-0.5,3,3,3,3,38.4,1,50.3,*,49.40,49.1,牝,023,560,,2022104794,220,160,36850,0.3,先行,先行,38.50,472,-2,2.2,ノーザンファーム,安平町,ドゥラメンテ,サロミナ,Lomitas,16,1,2,,(栗),池添学
2勝,202503150602050914,"2025. 3.15",中山,ロードブレイズ,牡,4,横山和生, 55 ,14,４,ダ,2400,,稍,2353,1.2,4,4,2,2,40.5,4,44.5,*,48.03,47.0,,A03,230,    0.0,2021100162,(10.1),,,0.1,先行,先行,38.27,502,-4,10.1,ケイアイファーム,新ひだか町,ロードカナロア,ブリュネット,ダイワメジャー,14,8,14,,(美),稲垣幸雄
未勝利,202503150602050614,"2025. 3.15",中山,ヴァーナリー,牝,3,北村宏司, 55 ,16,３,芝,1800,A,良,1493,0.4,8,8,8,9,35.3,3,54.8,*,54.43,52.9,,A03,140,,2022104977,(49.5),820,,0.7,中団,差し,37.00,432,,49.5,ノーザンファーム,安平町,キタサンブラック,ピュアブリーゼ,Monsun,16,7,14,,(美),古賀慎明
未勝利,202503150602050205,"2025. 3.15",中山,ヨドノタイヨウ,牡,3,小林凌大, 57 ,16,10,ダ,1800,,稍,1586,2.5,11,11,12,11,40.6,8,46.1,,48.27,45.9,,003,0,,2022100348,(32.3),,,1.7,後方,後方,39.00,490,-4,32.3,林農場,浦河町,ミッキーロケット,ストロベリーハーツ,ハーツクライ,16,3,5,,(美),小西一男
未勝利,202503150602050206,"2025. 3.15",中山,キングズトゥルー,牡,3,大野拓弥, 57 ,16,12,ダ,1800,,稍,1591,3.0,13,13,13,13,40.8,10,46.0,,48.27,45.9,,003,0,,2022103510,(90.5),,,2.0,後方,後方,39.15,452,0,90.5,岡田スタツド,新ひだか町,ウインブライト,クイーンズトゥルー,キングカメハメハ,16,3,6,,(美),大竹正博
未勝利,202503150602050113,"2025. 3.15",中山,ミニョンマルーン,牝,3,長浜鴻緒,52▲,16,６,ダ,1200,,稍,1137,1.4,,,1,1,39.2,13,38.0,,42.23,41.3,牝,023,0,,2022103151,(1.6),,,0.0,逃げ,逃げ,34.50,458,-4,1.6,ビクトリーホースランチ,浦河町,ミスターメロディ,タイキマロン,ファスリエフ,16,7,13,,(美),伊藤圭三
2勝,202503090901041214,"2025. 3. 9",阪神,プロミシングスター,牡,4,団野大成, 58 ,14,２,ダ,1400,,良,1245,0.0,,,6,6,36.9,4,46.7,*,48.30,44.0,,A03,460,,2021103073,(3.3),130,2050,0.6,中団,差し,35.70,454,-10,3.3,富田牧場,浦河町,マジェスティックウォリアー,ファインチョイス,アドマイヤムーン,14,8,14,*,(栗),高橋義忠
1勝,202503090901040408,"2025. 3. 9",阪神,ラブミーナッソー,牝,3,藤岡佑介, 55 ,16,４,ダ,1400,,良,1263,1.5,,,15,11,37.9,3,45.8,*,43.63,42.4,牝,023,120,,2022103453,(6.8),,,1.6,後方,追込,36.30,462,-4,6.8,伊藤敏明,新ひだか町,コパノリッキー,バックアタック,アグネスデジタル,16,4,8,*,(栗),宮徹
未勝利,202503090901040204,"2025. 3. 9",阪神,エイシンマールス,牡,3,和田竜二, 57 ,16,４,ダ,1400,,良,1277,1.0,,,7,7,39.5,8,41.5,*,43.87,40.5,,A03,84,,2022102624,(28.3),,,0.8,中団,差し,36.15,466,-4,28.3,栄進牧場,浦河町,エイシンヒカリ,エーシンアマゾーン,ファルブラヴ,16,2,4,,(栗),今野貞一
未勝利,202503090901040205,"2025. 3. 9",阪神,レーヴドアンジュ,牝,3,西村淳也, 55 ,16,６,ダ,1400,,良,1279,1.2,,,5,5,39.9,10,40.2,,43.87,40.5,,A03,0,,2022110157,(25.6),,,0.6,中団,中団,36.00,430,-4,25.6,"Michael E. Pegram Paul Weitman & Karl Watson",米,"Maximum Security","Tiz Midnight","Midnight Lute",16,3,5,,(栗),河嶋宏樹
1勝,202503090602040704,"2025. 3. 9",中山,ゲキザル,牡,6,原優介, 58 ,16,２,ダ,1200,,重,1114,0.3,,,14,13,36.1,1,47.8,*,43.70,39.1,,A03,320,,2019102102,(7.8),200,1280,1.8,後方,追込,35.30,476,-2,7.8,広富牧場,日高町,ザファクター,トゥモローズライト,アフリート,16,2,4,,(美),青木孝文
2勝,202503080901031209,"2025. 3. 8",阪神,ファイツオン,牡,4,高杉吏麒,57☆,11,２,芝,1200,A,良,1088,0.1,,,1,1,34.6,10,48.8,*,51.40,49.1,,A03,460,,2021100476,(10.3),280,19940,0.0,逃げ,逃げ,34.20,518,+10,10.3,村上牧場,新ひだか町,アルアイン,ソラコマチ,サクラバクシンオー,11,7,9,,(栗),藤岡健一
Ｇ２,202503080901031107,"2025. 3. 8",阪神,イリフィ,牝,3,斎藤新, 55 ,18,７,芝,1400,A,良,1215,0.8,,,10,11,35.9,9,45.3,*,47.73,44.1,牝,N21,0,    0.0,2022110077,(153.0),,,0.7,中団,中団,34.20,410,-8,153.0,"Stonethorn Stud Farm Ltd.",愛,"Too Darn Hot",Trethias,"Invincible Spirit",18,4,7,*,(栗),高野友和
未勝利,202503080901030503,"2025. 3. 8",阪神,ルージュスティーズ,牝,3,団野大成, 55 ,13,４,芝,2000,A,良,2036,0.3,5,5,6,4,34.6,5,60.2,*,61.30,59.9,,A03,84,,2022103063,(2.2),,,0.3,先行,先行,38.14,478,+2,2.2,富田牧場,浦河町,ハービンジャー,レッドコルディス,ハーツクライ,13,3,3,,(栗),斉藤崇史
未勝利,202503080901030106,"2025. 3. 8",阪神,スノーサイレンス,牝,3,松山弘平, 55 ,16,６,ダ,1400,,良,1280,0.9,,,1,1,40.0,10,40.0,*,43.67,42.1,牝,023,0,,2022101675,(8.3),,,0.0,逃げ,逃げ,36.00,450,,8.3,ダーレー・ジャパン・ファーム,日高町,サンダースノー,ハッシュ,コマンズ,16,3,6,*,(栗),小栗実
未勝利,202503080602030610,"2025. 3. 8",中山,プロスペクトパーク,牡,3,横山武史, 57 ,16,１,ダ,1800,,稍,1555,-0.0,2,2,2,2,38.5,2,50.0,*,49.80,49.6,,A03,560,,2022105548,280,130,480,0.1,先行,先行,38.50,504,0,2.8,社台ファーム,千歳市,キズナ,ラブリーベルナデット,Wilburn,16,5,10,,(美),高柳瑞樹
1勝,202503021001120813,"2025. 3. 2",小倉,ノーブルアクト,牝,5,水沼元輝,53▲,14,３,ダ,1700,,重,1460,0.1,10,9,8,8,37.6,1,49.2,*,47.80,46.7,牝,023,200,,2020104744,(3.2),140,,0.7,中団,差し,37.31,506,-4,3.2,フジワラフアーム,新ひだか町,マクフィ,クイーンロイド,ゼンノロブロイ,14,8,13,,(美),上原博之
1勝,202503021001120702,"2025. 3. 2",小倉,ブルボンクイーン,牝,4,国分恭介, 56 ,18,７,芝,1200,B,重,1107,0.3,,,4,6,36.1,9,45.8,*,46.30,44.5,,003,0,,2021100297,(8.4),,,0.4,中団,中団,34.60,470,+2,8.4,土居牧場,新ひだか町,キズナ,セレブラール,ボストンハーバー,17,1,2,,(栗),角田晃一
2勝,202503020901021216,"2025. 3. 2",阪神,クリノオリーブ,牝,4,幸英明, 56 ,16,４,ダ,1200,,良,1122,0.5,,,6,5,36.9,5,45.7,*,47.03,43.8,,A03,170,,2021102259,(5.7),,,0.6,中団,差し,35.30,466,0,5.7,横井哲,日高町,ニューイヤーズデイ,クリノラホール,ダイワメジャー,16,8,16,,(栗),谷潔
2勝,202503020901021208,"2025. 3. 2",阪神,アメリカンチケット,牡,4,松山弘平, 58 ,16,７,ダ,1200,,良,1126,0.9,,,1,2,37.9,13,41.6,*,47.03,43.8,,A03,0,,2021110122,(3.9),,,0.0,逃げ,逃げ,34.70,504,0,3.9,"Triemore Stud",米,Justify,"A Z Warrior",Bernardini,16,4,8,,(栗),藤原英昭
2勝,202503020901021206,"2025. 3. 2",阪神,ビバップ,牡,4,吉村誠之,56△,16,10,ダ,1200,,良,1129,1.2,,,3,3,37.9,13,42.3,,47.03,43.8,,A03,0,,2021102700,(17.8),,,0.3,先行,先行,35.00,484,0,17.8,杵臼斉藤牧場,浦河町,モーニン,カプリースレディー,ジャングルポケット,16,3,6,,(栗),清水久詞
3勝,202503020901021007,"2025. 3. 2",阪神,キュールエフウジン,牡,6,松若風馬, 58 ,10,４,ダ,1800,,良,1550,0.9,9,9,9,9,36.5,3,57.5,*,57.07,55.9,,A04,280,    0.0,2019102983,(35.2),,,1.0,後方,追込,39.25,500,+8,35.2,木下牧場,新ひだか町,ホッコータルマエ,キュールエアリス,ウォーエンブレム,10,7,7,,(栗),中尾秀正
1勝,202503020901020805,"2025. 3. 2",阪神,ラガークイン,牝,4,田口貫太,55☆,14,２,芝,1600,A,良,1333,0.3,,,5,5,33.9,6,55.1,*,53.97,53.6,,A03,320,,2021105416,(32.0),490,7070,0.5,中団,差し,35.64,422,-4,32.0,ノーザンファーム,安平町,リアルインパクト,ウォークロニクル,ウォーエンブレム,14,4,5,,(栗),大久保龍
1勝,202503020901020702,"2025. 3. 2",阪神,ヴェロクオーレ,牝,4,西村淳也, 56 ,16,１,ダ,1400,,良,1261,-0.3,,,2,2,37.7,3,46.3,*,46.50,44.9,牝,023,800,,2021101397,530,170,2880,0.3,先行,先行,36.30,470,-6,5.3,下河辺牧場,日高町,ドゥラメンテ,サトノジョリー,Bernardini,16,1,2,,(栗),石坂公一
1勝,202503020901020707,"2025. 3. 2",阪神,ララバッカナール,牝,4,川田将雅, 56 ,16,３,ダ,1400,,良,1266,0.5,,,3,3,38.0,5,45.9,*,46.50,44.9,牝,023,200,,2021107097,(1.8),110,,0.5,先行,先行,36.45,446,-8,1.8,森永聡,新冠町,ヘニーヒューズ,ゴッドダンシング,ダンスインザダーク,16,4,7,,(栗),斉藤崇史
未勝利,202503020901020616,"2025. 3. 2",阪神,ジーティートシオー,牡,3,岩田康誠, 57 ,16,10,芝,2000,A,良,2027,1.6,16,15,15,15,35.8,7,54.0,,54.53,53.3,,003,0,,2022104661,(47.2),,,1.3,後方,後方,37.24,456,-10,47.2,ノーザンファーム,安平町,バゴ,ウォークロニクル,ウォーエンブレム,16,8,16,,(栗),西村真幸
未勝利,202503020901020506,"2025. 3. 2",阪神,サリーチェ,牝,3,北村友一, 55 ,18,８,芝,1800,A,良,1468,0.6,,,4,4,35.5,12,50.4,*,52.50,50.9,牝,023,0,,2022104794,(6.5),,,0.3,先行,先行,35.65,474,0,6.5,ノーザンファーム,安平町,ドゥラメンテ,サロミナ,Lomitas,18,3,6,,(栗),池添学
1勝,202503020602020816,"2025. 3. 2",中山,アイウィル,牡,4,菅原明良, 58 ,16,８,ダ,1800,,良,1554,1.1,3,3,3,3,40.2,9,43.5,,45.80,45.1,,A03,0,,2021103502,(11.7),,,0.3,先行,先行,37.60,516,0,11.7,岡田スタツド,新ひだか町,ドレフォン,ジュリーハーツ,ハーツクライ,16,8,16,,(美),高木登
1勝,202503020602020611,"2025. 3. 2",中山,トルショー,牡,3,戸崎圭太, 57 ,16,６,ダ,1800,,良,1551,1.2,5,5,6,7,38.8,9,48.3,,49.03,49.5,,A03,0,,2022103766,(5.4),,,0.5,中団,中団,38.15,464,0,5.4,グランド牧場,新ひだか町,シニスターミニスター,ハヤブサエミネンス,"Medaglia d'Oro",16,6,11,,(美),伊藤圭三
未勝利,202503020602020507,"2025. 3. 2",中山,エリナ,牝,3,谷原柚希,51★,18,11,芝,2200,A,良,2158,2.0,9,10,14,15,36.5,7,52.0,,53.73,53.8,,003,0,,2022101492,(251.7),,,1.0,後方,後方,37.24,410,-4,251.7,白井牧場,日高町,カリフォルニアクローム,ヒーラ,ディープインパクト,18,4,7,,(美),戸田博文
未勝利,202503020602020314,"2025. 3. 2",中山,ウフドゥウフ,牡,3,田辺裕信, 57 ,16,５,ダ,1200,,良,1129,0.2,,,5,5,37.5,7,44.4,*,45.47,40.8,,A03,56,,2022105257,(2.6),,,0.8,中団,中団,35.40,494,-12,2.6,社台ファーム,千歳市,エピファネイア,エッグドロップ,"Alphabet Soup",16,7,14,,(美),上原博之
1勝,202503011001111208,"2025. 3. 1",小倉,ヒーローインチーフ,セ,4,西塚洸二,57☆,18,４,芝,1200,B,良,1093,0.2,,,15,15,34.6,1,50.3,*,48.30,43.6,,000,120,,2021106661,(82.2),,,1.3,後方,追込,34.70,452,-6,82.2,ハクツ牧場,新冠町,ディスクリートキャット,カクテルラウンジ,タニノギムレット,18,4,8,,(栗),吉田直弘
1勝,202503011001111212,"2025. 3. 1",小倉,ムチャスグラシアス,牝,4,丹内祐次, 56 ,18,13,芝,1200,B,良,1099,0.8,,,8,8,36.0,12,44.2,*,48.30,43.6,,000,0,,2021104217,(5.3),,,0.5,中団,中団,33.90,424,-8,5.3,友田牧場,新ひだか町,カリフォルニアクローム,ロスグラシアレス,シンボリクリスエス,18,6,12,,(美),菊川正達
1勝,202503011001111207,"2025. 3. 1",小倉,ブライティアダイヤ,牝,4,菊沢一樹, 56 ,18,14,芝,1200,B,良,1099,0.8,,,4,5,36.2,14,43.1,*,48.30,43.6,,000,0,,2021102468,(61.8),,,0.3,中団,中団,33.70,462,-4,61.8,雅牧場,平取町,サトノアラジン,ブライティアナイル,アドマイヤベガ,18,4,7,,(美),稲垣幸雄
1勝,202503011001110911,"2025. 3. 1",小倉,ビップチェイス,牡,4,菊沢一樹, 57 ,16,７,芝,2600,B,良,2423,1.0,3,5,2,3,37.1,10,51.2,*,54.00,53.3,,000,0,    0.0,2021105763,(26.6),,,0.2,先行,先行,37.56,458,-2,26.6,ノーザンファーム,安平町,アルアイン,ベッラレイア,ナリタトップロード,16,6,11,,(美),田島俊明
1勝,202503011001110908,"2025. 3. 1",小倉,ペリプルス,牡,5,柴田大知, 58 ,16,12,芝,2600,B,良,2429,1.6,3,3,10,11,37.1,10,51.7,,54.00,53.3,,000,0,    0.0,2020105796,(28.2),,,0.8,後方,後方,37.74,446,-4,28.2,ビッグレッドファーム,新冠町,ゴールドシップ,マイネリベルタス,コンデュイット,16,4,8,,(美),佐藤吉勝
未勝利,202503011001110617,"2025. 3. 1",小倉,ダノンジャイアン,牡,3,小沢大仁, 57 ,18,１,芝,2000,B,良,2027,-0.0,2,2,2,2,35.7,3,54.4,*,54.30,54.0,,A00,560,,2022105399,580,210,10890,0.1,先行,先行,37.29,444,-4,5.8,社台ファーム,千歳市,ブリックスアンドモルタル,ダノンジャンヌ,ディープインパクト,18,8,17,,(栗),茶木太樹
未勝利,202503011001110601,"2025. 3. 1",小倉,サミダレナイツ,牡,3,柴田裕一,54▲,18,７,芝,2000,B,良,2033,0.6,4,4,4,5,36.2,10,53.1,*,54.30,54.0,,A00,0,,2022101605,(12.2),,,0.2,中団,中団,37.33,474,-8,12.2,竹島幸治,日高町,トーホウジャッカル,トーホウビスカヤ,ストリートセンス,18,1,1,*,(栗),谷潔
未勝利,202503011001110404,"2025. 3. 1",小倉,ビーンスターク,牡,4,田村太雅, 59 ,12,10,芝,2860,B,良,3208,5.3,11,11,10,10,14.0,,,,,,,A00,0,,2021103578,(56.2),,,,後方,後方,,494,+28,56.2,岡田牧場,新ひだか町,ロジャーバローズ,アートオブビーン,アグネスデジタル,12,4,4,,(栗),森田直行
1勝,202503011001110303,"2025. 3. 1",小倉,ベニシア,牝,4,柴田大知, 56 ,14,８,ダ,1000,,良,0595,1.2,,,9,8,36.0,3,47.9,*,49.13,43.6,,A00,0,,2021100662,(199.1),,,1.1,中団,中団,35.25,432,-4,199.1,上山牧場,浦河町,ヘニーヒューズ,フクシア,ゴールドアリュール,14,3,3,,(美),粕谷昌央
未勝利,202503011001110214,"2025. 3. 1",小倉,セイプリーズ,牝,3,古川吉洋, 55 ,18,１,芝,1200,B,良,1093,-0.1,,,3,3,35.3,4,46.3,*,46.43,45.2,,000,560,,2022105583,440,160,660,0.2,先行,先行,34.00,422,0,4.4,社台ファーム,千歳市,ダイワメジャー,レディトゥプリーズ,"More Than Ready",18,7,14,*,(栗),宮徹
2勝,202503010901011215,"2025. 3. 1",阪神,メイショウミリオレ,牝,4,高杉吏麒,55☆,15,11,芝,1400,A,良,1213,1.1,,,9,10,35.5,10,46.8,,48.53,44.9,,A03,0,,2021103278,(27.9),,,1.0,中団,中団,34.35,482,-2,27.9,三嶋牧場,浦河町,ルーラーシップ,メイショウメイゲツ,ディープインパクト,15,8,15,,(栗),藤岡健一
未勝利,202503010901010515,"2025. 3. 1",阪神,ベビーズブレス,牝,3,武豊, 55 ,18,６,芝,1600,A,良,1348,0.9,,,2,2,34.4,10,55.3,*,58.20,57.7,,A03,0,,2022106351,(9.6),,,0.1,先行,先行,36.24,420,-6,9.6,隆栄牧場,新冠町,アドマイヤマーズ,レディーガリレオ,Galileo,18,7,15,,(栗),千田輝彦
未勝利,202503010901010407,"2025. 3. 1",阪神,ギザキズラヴ,牝,3,北村友一, 55 ,16,13,ダ,1400,,良,1290,3.3,,,1,1,41.8,15,34.7,,42.50,41.9,,003,0,,2022106715,(10.0),,,0.0,逃げ,逃げ,35.40,450,+12,10.0,パカパカファーム,新冠町,キズナ,アップワードスパイラル,Teofilo,16,4,7,,(栗),藤原英昭
1勝,202503010602010809,"2025. 3. 1",中山,ライトニングゼウス,牡,4,戸崎圭太, 58 ,16,６,ダ,1200,,良,1133,0.8,,,2,2,38.7,11,39.4,*,46.17,40.3,,003,0,,2021104058,(1.6),,,0.2,先行,先行,34.60,516,+10,1.6,谷岡スタット,新ひだか町,ダンカーク,サクラナスカ,サクラバクシンオー,16,5,9,,(美),勢司和浩
未勝利,202503010602010514,"2025. 3. 1",中山,メリザンド,牝,3,舟山瑠泉,52▲,18,13,芝,2000,A,良,2026,1.1,13,12,10,12,35.7,11,54.3,,55.10,53.0,牝,023,0,,2022105182,(12.2),,,1.1,中団,中団,37.24,456,+16,12.2,ノーザンファーム,安平町,サトノダイヤモンド,ロザリンド,シンボリクリスエス,18,7,14,,(美),田中博康
未勝利,202503010602010215,"2025. 3. 1",中山,ミニョンマルーン,牝,3,長浜鴻緒,52▲,16,２,ダ,1200,,良,1125,0.0,,,1,1,37.6,2,42.8,*,43.70,42.8,,003,220,,2022103151,(2.5),110,630,0.0,逃げ,逃げ,34.90,462,+2,2.5,ビクトリーホースランチ,浦河町,ミスターメロディ,タイキマロン,ファスリエフ,16,8,15,*,(美),伊藤圭三
未勝利,202503010602010111,"2025. 3. 1",中山,ヨドノタイヨウ,牡,3,小林凌大, 57 ,15,３,ダ,1800,,良,1573,0.9,14,14,11,9,40.2,2,45.9,*,45.13,44.1,,003,140,,2022100348,(132.8),1730,,1.1,中団,差し,38.55,494,-10,132.8,林農場,浦河町,ミッキーロケット,ストロベリーハーツ,ハーツクライ,15,6,11,,(美),小西一男
1勝,202502231001101217,"2025. 2.23",小倉,ガットネロ,牝,5,丹内祐次, 56 ,18,３,芝,1200,B,良,1085,0.3,,,2,2,34.6,9,48.0,*,49.43,47.7,牝,023,200,,2020105073,(4.4),180,,0.2,先行,先行,33.90,484,-6,4.4,大狩部牧場,新冠町,アメリカンペイトリオット,ブラックシュガー,ブラックタイド,18,8,17,,(栗),上村洋行
未勝利,202502231001100513,"2025. 2.23",小倉,シャインフリーリー,牡,3,黛弘人, 57 ,13,３,芝,2000,B,良,2017,0.2,6,6,8,7,35.9,3,52.4,*,51.77,51.0,,003,140,,2022101495,(45.9),880,,0.5,中団,差し,36.77,470,0,45.9,白井牧場,日高町,ウインブライト,フィールフリーリー,アグネスタキオン,13,8,13,,(美),矢嶋大樹
未勝利,202502231001100214,"2025. 2.23",小倉,エルサトアナ,牝,3,松本大輝,54☆,18,３,芝,1200,B,良,1087,0.1,,,2,2,35.1,10,45.7,*,46.07,45.4,牝,023,140,,2022100933,(14.5),350,,0.1,先行,先行,33.60,412,+2,14.5,三石川上牧場,新ひだか町,カリフォルニアクローム,クイーンハーツ,キングカメハメハ,18,7,14,,(栗),本田優
未勝利,202502231001100105,"2025. 2.23",小倉,ザハント,牡,3,丸山元気, 57 ,10,３,ダ,1700,,良,1491,0.3,5,5,4,4,38.0,3,52.1,*,52.87,51.2,,003,140,,2022102929,(3.0),120,,0.4,先行,先行,38.78,488,-6,3.0,谷口牧場,浦河町,マジェスティックウォリアー,フミノアマゾン,フジキセキ,10,5,5,,(栗),田中克典
未勝利,202502230801080510,"2025. 2.23",京都,プチプランス,牡,3,高杉吏麒,56☆,16,６,芝,1800,B,良,1490,0.7,,,3,3,37.4,10,45.7,*,46.83,46.4,,A03,0,,2022101565,(9.6),,,0.3,先行,先行,35.80,488,-4,9.6,スマイルファーム,日高町,リアルスティール,シャイスター,"Equal Stripes",16,5,10,,(栗),藤岡健一
2勝,202502230501081205,"2025. 2.23",東京,プロミシングスター,牡,4,戸崎圭太, 58 ,14,４,ダ,1400,,良,1251,0.6,,,6,6,36.7,5,48.9,*,49.67,47.7,,003,230,    0.0,2021103073,(5.8),,,0.6,中団,差し,36.30,464,+10,5.8,富田牧場,浦河町,マジェスティックウォリアー,ファインチョイス,アドマイヤムーン,14,4,5,,(栗),高橋義忠
OP(L),202502230501080910,"2025. 2.23",東京,タイセイドラード,牡,3,横山武史, 57 ,10,７,ダ,1600,,良,1389,1.3,,,5,5,36.5,7,52.6,,56.63,54.5,,N04,0,    0.0,2022105075,(6.6),,,0.4,中団,中団,37.44,532,+6,6.6,ノーザンファーム,安平町,"American Pharoah",ミスベジル,"Medaglia d'Oro",10,8,10,,(栗),杉山晴紀
1勝,202502230501080615,"2025. 2.23",東京,ピースヒロフェイス,牝,4,石橋脩, 55 ,16,７,芝,1800,D,良,1476,0.8,,3,3,2,35.2,10,52.8,*,56.70,54.3,,A03,0,,2021105769,(138.3),,,0.2,先行,先行,36.20,468,+6,138.3,ノーザンファーム,安平町,サトノダイヤモンド,ペルヴィアンリリー,フレンチデピュティ,15,8,15,,(美),牧光二
未勝利,202502230501080405,"2025. 2.23",東京,モティスフォント,牡,3,横山武史, 57 ,16,１,芝,1800,D,良,1484,-0.1,,5,5,4,33.7,4,60.8,*,59.50,58.9,,003,560,,2022104953,490,160,8890,0.4,先行,先行,37.35,494,+6,4.9,ノーザンファーム,安平町,モーリス,バンゴール,キングカメハメハ,15,3,5,*,(美),田村康仁
未勝利,202502230501080112,"2025. 2.23",東京,ミスティマウンテン,牡,3,内田博幸, 57 ,16,５,ダ,1400,,良,1269,0.5,,,10,10,37.5,6,48.8,*,50.23,45.5,,A03,56,,2022101684,(19.8),,,1.0,中団,中団,37.05,450,-6,19.8,ダーレー・ジャパン・ファーム,日高町,サンダースノー,ブルーミスト,スクリーンヒーロー,16,6,12,*,(美),池上昌和
2勝,202502221001091005,"2025. 2.22",小倉,セイウンパシュート,牡,5,丹内祐次, 58 ,13,５,芝,2600,B,良,2399,1.0,4,4,3,3,36.0,8,53.2,*,56.40,55.4,,A04,155,    0.0,2020100233,(2.8),,,0.2,先行,先行,37.17,470,0,2.8,田上徹,新ひだか町,ハーツクライ,シーソルティキッス,キングカメハメハ,13,4,5,,(美),上原博之
未勝利,202502221001090605,"2025. 2.22",小倉,ミッドタウンナイト,牝,3,秋山稔樹, 55 ,15,６,芝,2000,B,良,2013,0.8,1,1,1,2,36.6,9,49.2,*,52.00,51.4,牝,023,0,,2022105529,(29.7),,,0.0,逃げ,逃げ,36.30,476,-4,29.7,社台ファーム,千歳市,ブラックタイド,ミッドナイトフラッシュ,"Anabaa Blue",15,3,5,,(栗),河嶋宏樹
ｵｰﾌﾟﾝ,202502221001090413,"2025. 2.22",小倉,ローディアマント,セ,5,伴啓太, 60 ,14,２,芝,3390,B,良,3491,0.8,1,1,1,1,13.5,,,,,,,A00,570,,2020101429,(11.3),220,1320,,逃げ,逃げ,,482,+6,11.3,クラウン日高牧場,日高町,サトノダイヤモンド,ブロッサムレーン,"New Approach",13,8,13,,(美),尾関知人
ｵｰﾌﾟﾝ,202502221001090406,"2025. 2.22",小倉,パープルアドミラル,牡,5,金子光希, 60 ,14,12,芝,3390,B,良,3554,7.1,11,11,11,12,13.9,,,,,,,A00,0,,2020104328,(110.2),,,,後方,後方,,450,+6,110.2,聖心台牧場,新ひだか町,シビルウォー,ママノヨリミチ,マンハッタンカフェ,13,4,6,,(美),堀内岳志
未勝利,202502221001090209,"2025. 2.22",小倉,スイッチビスケット,牡,3,石田拓郎,54▲,16,７,芝,1800,B,良,1498,0.8,8,11,10,13,35.8,3,53.4,*,51.83,51.8,,003,0,,2022106295,(16.6),,,0.9,後方,後方,37.00,472,-4,16.6,シンユウフアーム,新冠町,サトノクラウン,ジュエルトウショウ,アグネスタキオン,16,5,9,,(栗),森田直行
2勝,202502220801071204,"2025. 2.22",京都,シャンデルナゴル,牡,5,北村友一, 58 ,14,２,ダ,1800,,良,1534,0.2,2,2,2,2,37.1,3,52.8,*,52.73,53.0,,A03,460,,2020103193,(4.5),180,2080,0.1,先行,先行,38.15,496,+4,4.5,ノーザンファーム,安平町,サトノダイヤモンド,アガルタ,キングカメハメハ,14,3,4,,(栗),石坂公一
1勝,202502220801070706,"2025. 2.22",京都,ミルミナーヴァ,牝,4,北村友一, 56 ,16,７,ダ,1200,,良,1137,0.9,,,2,2,38.4,13,41.9,*,46.03,43.1,,003,0,,2021106332,(3.5),,,0.2,先行,先行,35.30,482,-2,3.5,高瀬牧場,新冠町,ヘニーヒューズ,ランミネルバ,アグネスタキオン,16,3,6,,(栗),西園正都
未勝利,202502220801070504,"2025. 2.22",京都,シャインバオバブ,牡,3,太宰啓介, 57 ,15,４,芝,2400,B,良,2294,1.0,9,8,7,6,35.0,4,59.0,*,60.20,59.6,,003,84,,2022106180,(85.3),,,0.6,中団,差し,38.13,496,+2,85.3,川島牧場,新冠町,シルバーステート,レユシット,ルーラーシップ,15,3,4,,(栗),本田優
未勝利,202502220801070505,"2025. 2.22",京都,サイモンイロハニー,牝,3,酒井学, 55 ,15,10,芝,2400,B,良,2306,2.2,13,13,14,12,35.7,9,57.3,,60.20,59.6,,003,0,,2022104164,(280.7),,,1.1,後方,後方,38.30,412,+6,280.7,千代田牧場,新ひだか町,ゴールドシップ,ブライテストリング,ダノンシャンティ,15,3,5,,(栗),谷潔
新馬,202502220801070411,"2025. 2.22",京都,エイシンマールス,牡,3,和田竜二, 57 ,15,５,ダ,1400,,良,1285,1.1,,,4,4,39.2,6,44.3,*,46.53,45.3,,003,62,,2022102624,(13.3),,,0.4,先行,先行,36.98,470,,13.3,栄進牧場,浦河町,エイシンヒカリ,エーシンアマゾーン,ファルブラヴ,15,6,11,,(栗),今野貞一
未勝利,202502220801070309,"2025. 2.22",京都,ランツフート,牡,3,Ｍ．デム, 57 ,12,１,ダ,1900,,良,2019,-0.3,10,10,2,2,39.0,1,48.1,*,48.00,48.1,,003,560,,2022105577,470,130,430,0.0,ﾏｸﾘ,ﾏｸﾘ,38.26,468,+4,4.7,社台ファーム,千歳市,ブリックスアンドモルタル,レッドミラベル,ステイゴールド,12,7,9,,(栗),大久保龍
3勝,202502220501071001,"2025. 2.22",東京,ヴェールランス,牡,6,田辺裕信, 58 ,12,６,ダ,2100,,良,2145,1.0,12,12,12,12,37.1,4,55.0,*,54.77,54.3,,A04,0,    0.0,2019104767,(39.7),,,0.9,後方,後方,38.96,458,+6,39.7,社台ファーム,千歳市,キタサンブラック,ジュエラー,ヴィクトワールピサ,12,1,1,*,(美),田村康仁
1勝,202502220501070702,"2025. 2.22",東京,イノセントキャット,牝,4,横山武史, 56 ,16,１,ダ,1400,,良,1254,-0.5,,,1,1,37.2,3,47.2,*,49.53,47.2,,A03,800,,2021104745,390,190,3530,0.0,逃げ,逃げ,36.15,460,+8,3.9,追分ファーム,安平町,シュヴァルグラン,イルーシヴキャット,キングカメハメハ,16,1,2,,(美),久保田貴
1勝,202502220501070709,"2025. 2.22",東京,ゲキザル,牡,6,原優介,57☆,16,４,ダ,1400,,良,1260,0.6,,,13,13,36.2,1,53.2,*,49.53,47.2,,A03,120,,2019102102,(6.4),,,1.6,後方,追込,37.35,478,-2,6.4,広富牧場,日高町,ザファクター,トゥモローズライト,アフリート,16,5,9,,(美),青木孝文
未勝利,202502220501070510,"2025. 2.22",東京,ダノンピクチャー,牡,3,戸崎圭太, 57 ,18,１,芝,2400,D,良,2285,-0.0,6,6,6,7,34.5,3,60.1,*,59.93,58.5,,A03,560,,2022104980,180,110,410,0.4,中団,差し,38.00,476,+2,1.8,ノーザンファーム,安平町,ドゥラメンテ,ファイナルスコア,"Dylan Thomas",18,5,10,,(美),田中博康
1勝,202502161001081204,"2025. 2.16",小倉,エイトスターズ,牝,5,吉田隼人, 56 ,15,７,芝,1800,B,良,1488,0.5,13,12,12,9,35.1,4,55.0,*,54.77,51.7,,A03,0,,2020103772,(10.3),,,1.1,中団,中団,36.85,476,-4,10.3,レイクヴィラファーム,洞爺湖町,ジャスタウェイ,インザスポットライト,"Exceed And Excel",15,3,4,,(栗),坂口智康
2勝,202502161001080902,"2025. 2.16",小倉,モズトキキ,牝,4,古川奈穂, 55 ,18,13,芝,1200,B,良,1094,0.8,,,10,9,35.2,12,47.2,*,48.10,45.4,,A03,0,    0.0,2021102914,(8.9),,,0.7,中団,中団,34.20,550,-2,8.9,谷川牧場,浦河町,グランプリボス,モズジャカランダ,Congrats,18,1,2,,(栗),村山明
1勝,202502161001080709,"2025. 2.16",小倉,テイクザクラウン,牡,4,斎藤新, 57 ,16,３,芝,2600,B,良,2408,0.2,10,11,5,6,36.9,5,50.7,*,50.17,48.8,,003,200,,2021102379,(19.7),360,,0.7,中団,差し,37.17,440,0,19.7,二風谷ファーム,平取町,サトノクラウン,アムールレジェンド,ディープインパクト,16,5,9,,(栗),吉村圭司
未勝利,202502161001080509,"2025. 2.16",小倉,サミダレナイツ,牡,3,柴田裕一,54▲,14,５,芝,2000,B,良,2024,0.1,10,10,1,2,36.4,10,51.3,*,53.33,51.5,,003,56,,2022101605,(7.9),,,0.0,先行,先行,36.86,482,-2,7.9,竹島幸治,日高町,トーホウジャッカル,トーホウビスカヤ,ストリートセンス,14,6,9,,(栗),谷潔
2勝,202502160801060904,"2025. 2.16",京都,バッデレイト,牡,4,岩田望来, 57 ,9,１,芝,2000,B,稍,2026,-0.1,4,4,4,4,35.1,2,56.8,*,57.20,53.1,,A04,1550,   24.5,2021102728,230,120,400,0.9,先行,先行,37.50,476,+8,2.3,杵臼牧場,浦河町,サトノダイヤモンド,ビーウインド,スピニングワールド,9,4,4,,(栗),上村洋行
1勝,202502160801060801,"2025. 2.16",京都,ラガークイン,牝,4,岩田康誠, 56 ,18,９,芝,1600,B,稍,1361,0.5,,,15,15,35.5,5,52.4,*,50.57,47.6,,A03,0,,2021105416,(18.6),,,1.4,後方,後方,36.36,426,+4,18.6,ノーザンファーム,安平町,リアルインパクト,ウォークロニクル,ウォーエンブレム,18,1,1,,(栗),大久保龍
1勝,202502160501060615,"2025. 2.16",東京,ズイウンゴサイ,牡,4,丸田恭介, 57 ,16,４,芝,2400,D,良,2273,0.3,14,14,14,11,33.8,1,61.9,*,60.73,59.9,,A03,120,,2021100597,(4.5),,,0.7,後方,追込,37.83,464,+8,4.5,エムエム、ヤマダファーム,浦河町,シュヴァルグラン,ブルーインザスカイ,チチカステナンゴ,16,8,15,,(美),武市康男
1勝,202502160501060405,"2025. 2.16",東京,トルショー,牡,3,長浜鴻緒,54▲,11,３,ダ,1600,,良,1382,0.1,,,2,2,37.3,5,48.0,*,50.33,47.8,,A04,200,,2022103766,(31.3),570,,0.1,先行,先行,36.54,464,+6,31.3,グランド牧場,新ひだか町,シニスターミニスター,ハヤブサエミネンス,"Medaglia d'Oro",11,5,5,,(美),伊藤圭三
ＪＧ３,202502151001070812,"2025. 2.15",小倉,ピーターサイト,牡,5,大江原圭, 60 ,14,５,芝,3390,B,良,3462,1.5,3,3,4,4,13.3,,,,,,,A00,300,    0.0,2020105611,(181.3),,,,先行,先行,,480,+6,181.3,ノースヒルズ,新冠町,ワンアンドオンリー,ヴィクトリアアイ,ブライアンズタイム,14,7,12,,(美),村田一誠
ＪＧ３,202502151001070802,"2025. 2.15",小倉,ブラックボイス,牡,6,石神深一, 60 ,14,７,芝,3390,B,良,3470,2.3,5,6,7,6,13.4,,,,,,,A00,0,    0.0,2019105276,(6.3),,,,中団,中団,,518,+6,6.3,ノーザンファーム,安平町,ブラックタイド,ソングライティング,"Giant's Causeway",14,2,2,,(美),宮田敬介
1勝,202502151001070614,"2025. 2.15",小倉,ブルボンクイーン,牝,4,国分恭介, 56 ,18,２,芝,1200,B,良,1090,0.5,,,2,2,35.1,10,46.6,*,48.87,47.4,,003,320,,2021100297,(7.7),210,1950,0.1,先行,先行,33.90,468,-4,7.7,土居牧場,新ひだか町,キズナ,セレブラール,ボストンハーバー,18,7,14,,(栗),角田晃一
未勝利,202502151001070204,"2025. 2.15",小倉,ハリウッドメモリー,牝,3,佐々木大, 55 ,18,２,芝,1200,B,良,1085,0.5,,,2,2,35.1,4,45.2,*,46.10,44.8,,003,220,,2022100632,(2.9),170,4460,0.3,先行,先行,33.40,452,-4,2.9,ケイアイファーム,新ひだか町,ロードカナロア,スピニングワイルドキャット,"Hard Spun",18,2,4,,(栗),長谷川浩
未勝利,202502151001070106,"2025. 2.15",小倉,マンオブザマッチ,牡,3,丹内祐次, 57 ,14,２,ダ,1700,,良,1479,0.3,5,5,5,3,38.5,3,48.3,*,47.57,47.5,,003,220,,2022101677,(3.0),150,2540,0.4,先行,先行,37.85,484,-2,3.0,ダーレー・ジャパン・ファーム,日高町,ファインニードル,パテントジョイ,Pivotal,14,4,6,,(栗),高橋義忠
1勝,202502150801050902,"2025. 2.15",京都,シンゼンカガ,牡,3,幸英明, 57 ,7,６,芝,1600,B,良,1357,0.4,,,3,3,35.1,5,53.6,*,54.93,52.4,,A04,0,    0.0,2022105345,(17.6),,,0.5,先行,先行,36.36,446,-2,17.6,社台ファーム,千歳市,トーセンラー,シアン,"Smart Strike",6,2,2,,(栗),荒川義之
未勝利,202502150801050614,"2025. 2.15",京都,テレプシコーラ,牝,3,Ｍ．デム, 55 ,14,８,芝,2000,B,良,2029,0.9,10,10,10,11,35.0,4,57.6,*,55.27,54.8,牝,023,0,,2022100457,(13.9),,,1.3,後方,後方,37.67,406,+2,13.9,吉田ファーム,浦河町,ルーラーシップ,キスオンザグリーン,オルフェーヴル,14,8,14,,(栗),坂口智康
未勝利,202502150501050116,"2025. 2.15",東京,ミスティマウンテン,牡,3,内田博幸, 57 ,16,４,ダ,1400,,良,1279,0.3,,,4,3,38.6,8,45.8,*,49.07,45.6,,003,84,,2022101684,(19.8),,,0.2,先行,先行,36.98,456,0,19.8,ダーレー・ジャパン・ファーム,日高町,サンダースノー,ブルーミスト,スクリーンヒーロー,16,8,16,,(美),池上昌和
1勝,202502100801031210,"2025. 2.10",京都,タミゼ,牝,4,荻野琢真, 56 ,16,12,ダ,1200,,良,1143,1.8,,,5,5,38.6,14,42.5,,45.77,43.9,,A03,0,,2021100650,(59.9),,,0.6,中団,中団,35.70,468,-12,59.9,笠松牧場,浦河町,リオンディーズ,フレンチトースト,フレンチデピュティ,16,5,10,*,(栗),平田修
3勝,202502100801030903,"2025. 2.10",京都,エンヤラヴフェイス,牡,4,岩田望来, 58 ,13,３,ダ,1200,,良,1126,0.4,,,12,13,35.7,1,53.4,*,51.70,48.4,,A04,460,    4.0,2021101737,(6.5),200,,1.1,後方,追込,36.90,506,+4,6.5,チャンピオンズファーム,新ひだか町,エイシンヒカリ,タイキアプローズ,"Devil's Bag",13,3,3,,(栗),森田直行
2勝,202502100801030806,"2025. 2.10",京都,ノーブルスカイ,牡,4,鮫島克駿, 57 ,8,１,芝,1800,A,良,1485,-0.0,,,3,3,34.7,2,56.3,*,56.47,55.0,,A04,1140,,2021102256,630,180,1200,0.3,先行,先行,36.90,482,0,6.3,エトルタファーム,日高町,ネオユニヴァース,ホウショウワールド,"Sky Classic",8,6,6,,(栗),高柳大輔
1勝,202502100801030707,"2025. 2.10",京都,ヴェロクオーレ,牝,4,吉村誠之,54△,15,４,ダ,1400,,良,1261,0.2,,,7,6,37.7,2,46.3,*,45.03,43.7,牝,023,120,,2021101397,(16.3),,,0.7,中団,差し,36.30,476,-11,16.3,下河辺牧場,日高町,ドゥラメンテ,サトノジョリー,Bernardini,15,4,7,,(栗),石坂公一
未勝利,202502100801030508,"2025. 2.10",京都,ベビーズブレス,牝,3,高杉吏麒,54☆,18,２,芝,1600,A,良,1365,0.2,,,2,2,34.6,1,57.3,*,57.17,57.0,牝,023,220,,2022106351,(8.0),260,2360,0.2,先行,先行,37.14,426,0,8.0,隆栄牧場,新冠町,アドマイヤマーズ,レディーガリレオ,Galileo,18,4,8,,(栗),千田輝彦
未勝利,202502100801030304,"2025. 2.10",京都,ブレイジングスター,牡,3,橋木太希,54▲,12,３,ダ,1400,,良,1275,1.6,,,2,2,39.1,8,42.8,*,46.30,46.8,,A03,140,,2022103644,(10.0),250,,0.0,先行,先行,36.30,484,-4,10.0,岡野牧場,新ひだか町,モーニン,ヴァーチュスター,"Symboli Kris S",12,4,4,,(栗),高橋康之
未勝利,202502100801030210,"2025. 2.10",京都,オーレアミスト,牡,3,岩田望来, 57 ,11,１,ダ,1900,,良,2031,-0.1,3,3,3,4,38.9,2,49.9,*,49.53,48.4,,003,560,,2022104841,160,110,1400,0.4,先行,先行,38.86,498,+4,1.6,ノーザンファーム,安平町,ゴールドドリーム,ジンジャーミスト,Bernardini,11,8,10,,(栗),友道康夫
1勝,202502091001060911,"2025. 2. 9",小倉,フウセツ,牡,3,丸山元気, 57 ,16,２,芝,1200,A,稍,1100,0.0,,,2,2,35.5,3,47.2,*,47.17,46.6,,A04,440,   10.0,2022101626,(5.7),200,5190,0.1,先行,先行,34.50,492,+8,5.7,ダーレー・ジャパン・ファーム,日高町,サンダースノー,アプト,アドマイヤムーン,16,6,11,,(美),鈴木慎太
1勝,202502091001060807,"2025. 2. 9",小倉,プリズマジコ,牡,4,秋山稔樹, 57 ,16,１,芝,2000,A,稍,2021,-0.0,8,8,8,3,36.3,1,51.3,*,49.10,47.4,,A03,800,,2021106077,370,170,830,1.0,先行,先行,36.77,450,-6,3.7,大狩部牧場,新冠町,キズナ,グラントリノ,グランデラ,16,4,7,,(栗),高橋義忠
新馬,202502091001060511,"2025. 2. 9",小倉,ジーティートシオー,牡,3,佐々木大, 57 ,12,８,芝,2000,A,稍,2071,3.0,5,5,6,7,38.0,7,50.5,,55.33,56.1,,A03,0,,2022104661,(9.9),,,0.7,中団,中団,38.19,466,,9.9,ノーザンファーム,安平町,バゴ,ウォークロニクル,ウォーエンブレム,12,8,11,,(栗),西村真幸
新馬,202502091001060503,"2025. 2. 9",小倉,ソリッドベーシス,牡,3,荻野極, 57 ,12,12,芝,2000,A,稍,2105,6.4,11,11,12,12,39.5,11,48.7,,55.33,56.1,,A03,0,,2022105697,(14.5),,,2.6,後方,後方,39.00,494,,14.5,追分ファーム,安平町,ブリックスアンドモルタル,サイモンミラベル,ダイワメジャー,12,3,3,*,(栗),安田翔伍
2勝,202502090801041216,"2025. 2. 9",京都,アメリカンチケット,牡,4,松山弘平, 58 ,16,３,ダ,1200,,稍,1127,0.1,,,4,2,37.5,10,43.9,*,46.20,42.1,,A03,290,,2021110122,(8.8),370,,0.4,先行,先行,35.20,504,+4,8.8,"Triemore Stud",米,Justify,"A Z Warrior",Bernardini,16,8,16,,(栗),藤原英昭
2勝,202502090801040801,"2025. 2. 9",京都,メイショウミリオレ,牝,4,高杉吏麒,55☆,13,４,芝,1200,A,稍,1099,0.8,,,11,9,34.4,2,53.2,*,50.50,48.6,,A03,170,,2021103278,(16.1),,,1.2,後方,追込,35.50,484,0,16.1,三嶋牧場,浦河町,ルーラーシップ,メイショウメイゲツ,ディープインパクト,13,1,1,,(栗),藤岡健一
1勝,202502090501041212,"2025. 2. 9",東京,ゲキザル,牡,6,菅原明良, 58 ,16,４,ダ,1600,,良,1388,0.9,,,5,5,37.1,4,49.8,*,51.33,50.5,,A03,120,,2019102102,(10.9),,,0.4,中団,差し,37.02,480,-2,10.9,広富牧場,日高町,ザファクター,トゥモローズライト,アフリート,16,6,12,,(美),青木孝文
新馬,202502090501040513,"2025. 2. 9",東京,ヨドノタイヨウ,牡,3,小林凌大, 57 ,16,10,芝,1600,D,良,1377,1.1,,,9,10,34.8,8,58.4,,60.77,56.6,,003,0,,2022100348,(162.7),,,1.1,中団,中団,37.74,504,,162.7,林農場,浦河町,ミッキーロケット,ストロベリーハーツ,ハーツクライ,16,7,13,,(美),小西一男
未勝利,202502090501040115,"2025. 2. 9",東京,ウフドゥウフ,牡,3,田辺裕信, 57 ,16,３,ダ,1400,,良,1267,0.6,,,3,3,37.4,2,48.9,*,50.07,49.1,,003,140,,2022105257,(5.1),150,,0.3,先行,先行,36.98,506,+16,5.1,社台ファーム,千歳市,エピファネイア,エッグドロップ,"Alphabet Soup",16,8,15,,(美),上原博之
1勝,202502081001051212,"2025. 2. 8",小倉,ムチャスグラシアス,牝,4,丹内祐次, 56 ,18,３,芝,1200,A,稍,1104,0.4,,,2,2,36.0,11,45.6,*,46.20,45.5,牝,020,200,,2021104217,(21.7),540,,0.2,先行,先行,34.40,432,-2,21.7,友田牧場,新ひだか町,カリフォルニアクローム,ロスグラシアレス,シンボリクリスエス,18,6,12,,(美),菊川正達
1勝,202502081001051217,"2025. 2. 8",小倉,グランテレーズ,牝,4,斎藤新, 56 ,18,９,芝,1200,A,稍,1109,0.9,,,11,11,35.8,4,48.0,*,46.20,45.5,牝,020,0,,2021102401,(18.4),,,0.9,中団,中団,35.10,444,0,18.4,坂東牧場,平取町,シュヴァルグラン,アドマイヤテレサ,エリシオ,18,8,17,*,(栗),渡辺薫彦
1勝,202502081001051214,"2025. 2. 8",小倉,ブライティアダイヤ,牝,4,菊沢一樹, 56 ,18,13,芝,1200,A,稍,1113,1.3,,,16,14,35.9,9,48.6,,46.20,45.5,牝,020,0,,2021102468,(37.6),,,1.2,後方,後方,35.40,466,+10,37.6,雅牧場,平取町,サトノアラジン,ブライティアナイル,アドマイヤベガ,18,7,14,,(美),稲垣幸雄
1勝,202502081001050901,"2025. 2. 8",小倉,ペリプルス,牡,5,丸山元気, 58 ,14,４,芝,2600,A,稍,2446,0.4,5,5,6,6,36.6,4,54.9,*,56.50,55.0,,000,170,    0.0,2020105796,(54.5),,,0.3,中団,差し,38.40,450,+4,54.5,ビッグレッドファーム,新冠町,ゴールドシップ,マイネリベルタス,コンデュイット,14,1,1,,(美),佐藤吉勝
1勝,202502081001050907,"2025. 2. 8",小倉,ビップチェイス,牡,4,菊沢一樹, 57 ,14,６,芝,2600,A,稍,2448,0.6,3,3,4,3,36.9,8,54.0,*,56.50,55.0,,000,0,    0.0,2021105763,(14.2),,,0.2,先行,先行,38.37,460,+2,14.2,ノーザンファーム,安平町,アルアイン,ベッラレイア,ナリタトップロード,14,5,7,,(美),田島俊明
1勝,202502081001050805,"2025. 2. 8",小倉,ノーブルアクト,牝,5,石田拓郎,53▲,15,５,ダ,1700,,稍,1450,1.1,12,13,13,13,37.1,1,49.8,*,47.60,47.8,,A00,80,,2020104744,(3.8),,,1.2,後方,後方,37.04,510,+6,3.8,フジワラフアーム,新ひだか町,マクフィ,クイーンロイド,ゼンノロブロイ,15,3,5,,(美),上原博之
1勝,202502081001050307,"2025. 2. 8",小倉,ペレグリン,牝,4,藤岡佑介, 56 ,14,６,ダ,1000,,稍,0590,1.3,,,11,8,35.3,4,50.7,*,48.63,45.2,,000,0,,2021100906,(4.3),,,1.3,中団,中団,35.55,434,+4,4.3,バンブー牧場,浦河町,バンブーエール,フラミンゴ,マルカシェンク,14,5,7,,(栗),河嶋宏樹
1勝,202502080501030916,"2025. 2. 8",東京,フェルシナ,牝,3,菅原明良, 55 ,16,11,芝,1400,D,良,1233,1.5,,,11,11,35.0,8,53.5,,52.53,49.3,牝,024,0,    0.0,2022105831,(14.7),,,1.7,後方,後方,36.23,446,-10,14.7,社台コーポレーション白老ファーム,白老町,ルーラーシップ,ヒルダ,ダイワメジャー,16,8,16,,(栗),西園翔太
新馬,202502080501030501,"2025. 2. 8",東京,デルマケセラセラ,牝,3,横山和生, 55 ,16,４,芝,1800,D,良,1495,0.3,,2,4,6,34.6,5,58.2,*,59.40,57.8,,A03,93,,2022105477,(15.2),,,0.3,中団,差し,37.45,426,,15.2,社台ファーム,千歳市,リオンディーズ,フロレットアレー,ディープインパクト,16,1,1,,(美),小野次郎
2勝,202502021001041010,"2025. 2. 2",小倉,メイショウミリオレ,牝,4,川須栄彦, 56 ,18,９,芝,1200,A,稍,1102,0.7,,,18,17,34.5,1,53.5,*,49.23,47.4,,A04,0,    0.0,2021103278,(16.2),,,1.4,後方,後方,35.70,484,0,16.2,三嶋牧場,浦河町,ルーラーシップ,メイショウメイゲツ,ディープインパクト,18,5,10,,(栗),藤岡健一
1勝,202502021001040804,"2025. 2. 2",小倉,セボンサデッセ,牡,3,菱田裕二, 57 ,8,２,ダ,1700,,重,1448,0.1,2,2,2,2,35.8,2,55.1,*,55.63,55.4,,A04,320,,2022104903,(5.1),180,4610,0.0,先行,先行,37.64,490,-4,5.1,ノーザンファーム,安平町,ルヴァンスレーヴ,チャームクォーク,クロフネ,8,4,4,,(栗),橋口慎介
1勝,202502021001040313,"2025. 2. 2",小倉,スターチスブーケ,牝,4,河原田菜,52★,14,８,ダ,1000,,不,0580,0.8,,,10,9,34.9,5,49.3,*,44.33,43.8,,A03,0,,2021110075,(46.2),,,1.1,中団,中団,34.65,494,-4,46.2,"Gerty Bloodstock",米,"Practical Joke","Sovereign Halo",Haynesfield,14,8,13,,(栗),清水久詞
未勝利,202502021001040212,"2025. 2. 2",小倉,セイプリーズ,牝,3,古川吉洋, 55 ,16,３,芝,1200,A,重,1107,0.7,,,10,6,35.1,1,51.4,*,48.87,46.6,牝,023,140,,2022105583,(4.7),170,,1.2,中団,差し,35.60,422,0,4.7,社台ファーム,千歳市,ダイワメジャー,レディトゥプリーズ,"More Than Ready",16,6,12,,(栗),宮徹
未勝利,202502021001040207,"2025. 2. 2",小倉,エルサトアナ,牝,3,松本大輝,54☆,16,５,芝,1200,A,重,1109,0.9,,,11,10,35.2,2,51.4,*,48.87,46.6,牝,023,56,,2022100933,(27.6),,,1.3,中団,中団,35.70,410,-6,27.6,三石川上牧場,新ひだか町,カリフォルニアクローム,クイーンハーツ,キングカメハメハ,16,4,7,,(栗),本田優
未勝利,202502021001040104,"2025. 2. 2",小倉,ザハント,牡,3,菱田裕二, 57 ,15,２,ダ,1700,,不,1455,0.3,8,6,8,4,38.2,2,46.1,*,44.97,44.5,,003,220,,2022102929,(4.3),140,3670,0.6,先行,先行,36.71,494,0,4.3,谷口牧場,浦河町,マジェスティックウォリアー,フミノアマゾン,フジキセキ,15,3,4,,(栗),田中克典
1勝,202502020801021209,"2025. 2. 2",京都,ストレイトアスク,牝,4,戸崎圭太, 56 ,18,17,芝,1400,A,稍,1261,3.1,,,8,9,37.3,17,48.1,,54.60,52.9,,A03,0,,2021102312,(15.6),,,0.8,中団,中団,36.60,434,-2,15.6,"ASK STUD",平取町,ロードカナロア,ストレイトガール,フジキセキ,17,5,9,,(栗),藤原英昭
2勝,202502020801020906,"2025. 2. 2",京都,レーウィン,セ,4,岩田康誠, 57 ,10,１,ダ,1800,,稍,1531,-0.3,3,3,3,2,38.2,3,48.0,*,47.57,46.9,,A04,1550,   25.9,2021100734,720,230,1480,0.3,先行,先行,37.45,504,-4,7.2,高昭牧場,浦河町,ヘニーヒューズ,フジインザスカイ,ディープスカイ,10,6,6,,(栗),上村洋行
未勝利,202502020801020604,"2025. 2. 2",京都,シンゼンカガ,牡,3,幸英明, 57 ,12,１,芝,1600,A,稍,1357,-0.2,,,3,4,36.4,3,47.7,*,47.37,46.9,,A03,560,,2022105345,2560,490,4160,0.2,先行,先行,35.58,448,-4,25.6,社台ファーム,千歳市,トーセンラー,シアン,"Smart Strike",11,4,4,,(栗),荒川義之
未勝利,202502020801020603,"2025. 2. 2",京都,プチプランス,牡,3,高杉吏麒,56☆,12,２,芝,1600,A,稍,1359,0.2,,,4,3,36.5,4,47.6,*,47.37,46.9,,A03,220,,2022101565,(3.5),150,4160,0.3,先行,先行,35.64,492,+10,3.5,スマイルファーム,日高町,リアルスティール,シャイスター,"Equal Stripes",11,3,3,,(栗),藤岡健一
1勝,202502020501020707,"2025. 2. 2",東京,アイウィル,牡,4,浜中俊, 58 ,16,６,ダ,1600,,稍,1384,0.9,,,4,3,38.8,9,42.2,*,45.87,42.3,,003,0,,2021103502,(15.2),,,0.5,先行,先行,35.76,516,0,15.2,岡田スタツド,新ひだか町,ドレフォン,ジュリーハーツ,ハーツクライ,16,4,7,*,(美),高木登
未勝利,202502011001030711,"2025. 2. 1",小倉,シャインフリーリー,牡,3,黛弘人, 57 ,12,７,芝,2000,A,稍,2042,0.7,2,2,3,3,36.7,8,52.2,*,53.90,53.8,,A00,0,,2022101495,(30.3),,,0.1,先行,先行,37.50,470,+6,30.3,白井牧場,日高町,ウインブライト,フィールフリーリー,アグネスタキオン,12,8,11,,(美),矢嶋大樹
未勝利,202502011001030409,"2025. 2. 1",小倉,アメリカンピース,セ,7,小牧加矢, 60 ,12,３,芝,2860,A,良,3106,0.6,2,2,1,1,13.3,,,,,,,A00,210,,2018110131,(1.5),110,,,逃げ,逃げ,,458,-2,1.5,"Don Alberto Corporation",米,Tapit,"La Cloche",Ghostzapper,12,7,9,,(栗),音無秀孝
未勝利,202502011001030210,"2025. 2. 1",小倉,サイモンイロハニー,牝,3,永島まな,53◇,15,９,芝,2000,A,良,2048,1.0,9,11,10,11,35.5,6,57.8,*,57.37,58.3,牝,020,0,,2022104164,(105.7),,,0.6,後方,後方,38.27,406,-10,105.7,千代田牧場,新ひだか町,ゴールドシップ,ブライテストリング,ダノンシャンティ,15,6,10,,(栗),谷潔
1勝,202502010801010803,"2025. 2. 1",京都,ヒーローインチーフ,セ,4,川又賢治, 58 ,16,11,ダ,1400,,良,1263,1.5,,,5,5,37.7,11,46.7,,48.73,48.3,,003,0,,2021106661,(242.2),,,0.5,中団,中団,36.45,458,0,242.2,ハクツ牧場,新冠町,ディスクリートキャット,カクテルラウンジ,タニノギムレット,15,2,3,,(栗),吉田直弘
新馬,202502010801010509,"2025. 2. 1",京都,ラブミーナッソー,牝,3,藤岡佑介, 55 ,16,１,ダ,1400,,良,1270,-0.0,,,3,2,37.0,3,51.4,*,52.23,49.9,,A03,620,,2022103453,340,160,950,0.3,先行,先行,37.50,466,,3.4,伊藤敏明,新ひだか町,コパノリッキー,バックアタック,アグネスデジタル,16,5,9,,(栗),宮徹
未勝利,202502010801010313,"2025. 2. 1",京都,ハクサンアイリス,牡,3,西村淳也, 57 ,15,１,ダ,1400,,良,1255,-0.3,,,2,1,37.1,1,47.8,*,48.07,47.4,,003,560,,2022100328,310,140,2590,0.1,先行,先行,36.30,484,-6,3.1,中村雅明,浦河町,ハクサンムーン,キャメロンロード,デュランダル,15,7,13,,(栗),高橋一哉
未勝利,202502010801010208,"2025. 2. 1",京都,ロックウイズユー,牡,3,坂井瑠星, 57 ,9,４,ダ,1800,,良,1550,0.4,4,4,3,3,38.6,4,49.0,*,50.37,48.4,,003,84,,2022103143,(5.2),,,0.4,先行,先行,38.20,456,+4,5.2,ビクトリーホースランチ,浦河町,ダノンレジェンド,エステーラブ,マイネルラヴ,9,8,8,,(栗),西園正都
未勝利,202502010501010206,"2025. 2. 1",東京,シュガーハイ,牡,3,横山和生, 57 ,14,２,ダ,2100,,良,2161,0.6,4,3,3,3,39.2,4,48.9,*,48.63,49.3,,003,220,,2022104177,(4.3),170,1220,0.3,先行,先行,38.76,506,-2,4.3,千代田牧場,新ひだか町,リオンディーズ,ミリオンセラー2,"A.P. Indy",14,4,6,*,(美),加藤士津
1勝,202501261001021202,"2025. 1.26",小倉,ノーブルアクト,牝,5,石田拓郎,53▲,11,３,ダ,1700,,良,1462,0.3,9,9,8,5,36.6,1,53.7,*,52.50,51.6,,A03,200,,2020104744,(4.9),170,,0.7,中団,差し,37.96,504,-2,4.9,フジワラフアーム,新ひだか町,マクフィ,クイーンロイド,ゼンノロブロイ,11,2,2,,(美),上原博之
1勝,202501261001020912,"2025. 1.26",小倉,ブルボンクイーン,牝,4,国分恭介, 56 ,18,14,芝,1200,A,良,1092,0.7,,,1,1,35.9,18,42.8,*,49.43,44.6,,A03,0,    0.0,2021100297,(10.6),,,0.0,逃げ,逃げ,33.30,472,+10,10.6,土居牧場,新ひだか町,キズナ,セレブラール,ボストンハーバー,18,6,12,,(栗),角田晃一
1勝,202501261001020914,"2025. 1.26",小倉,ハレアカラフラ,牝,5,永島まな, 56 ,18,16,芝,1200,A,良,1093,0.8,,,9,8,35.2,12,46.9,*,49.43,44.6,,A03,0,    0.0,2020103292,(39.3),,,0.8,中団,中団,34.10,474,0,39.3,ノーザンファーム,安平町,ラブリーデイ,オーキッドレイ,ディープインパクト,18,7,14,,(栗),音無秀孝
1勝,202501261001020803,"2025. 1.26",小倉,テイクザクラウン,牡,4,川又賢治, 57 ,13,10,ダ,2400,,良,2356,3.6,9,9,12,12,40.5,9,44.7,,46.87,47.6,,003,0,,2021102379,(16.8),,,1.8,後方,後方,38.37,440,0,16.8,二風谷ファーム,平取町,サトノクラウン,アムールレジェンド,ディープインパクト,13,3,3,,(栗),吉村圭司
未勝利,202501261001020608,"2025. 1.26",小倉,シャインフリーリー,牡,3,黛弘人, 57 ,17,５,芝,2000,A,良,2022,0.4,4,4,5,5,36.3,11,51.4,*,52.23,50.9,,003,56,,2022101495,(221.1),,,0.4,中団,中団,36.81,464,-12,221.1,白井牧場,日高町,ウインブライト,フィールフリーリー,アグネスタキオン,17,4,8,,(美),矢嶋大樹
未勝利,202501261001020607,"2025. 1.26",小倉,サミダレナイツ,牡,3,柴田裕一,54▲,17,６,芝,2000,A,良,2024,0.6,16,15,14,14,35.5,3,54.9,*,52.23,50.9,,003,0,,2022101605,(20.9),,,1.4,後方,後方,37.24,484,-2,20.9,竹島幸治,日高町,トーホウジャッカル,トーホウビスカヤ,ストリートセンス,17,4,7,,(栗),谷潔
未勝利,202501261001020605,"2025. 1.26",小倉,シャインバオバブ,牡,3,太宰啓介, 57 ,17,９,芝,2000,A,良,2025,0.7,11,10,10,13,36.0,6,53.0,*,52.23,50.9,,003,0,,2022106180,(97.1),,,1.0,後方,後方,37.07,494,-4,97.1,川島牧場,新冠町,シルバーステート,レユシット,ルーラーシップ,17,3,5,,(栗),本田優
未勝利,202501261001020213,"2025. 1.26",小倉,フウセツ,牡,3,丸山元気, 57 ,17,１,芝,1200,A,良,1091,-0.1,,,3,2,34.7,2,49.1,*,48.83,48.0,,A03,560,,2022101626,220,110,1360,0.2,先行,先行,34.40,484,+4,2.2,ダーレー・ジャパン・ファーム,日高町,サンダースノー,アプト,アドマイヤムーン,17,7,13,,(美),鈴木慎太
2勝,202501260701090907,"2025. 1.26",中京,ノーブルスカイ,牡,4,鮫島克駿, 56 ,9,５,芝,2000,B,良,2020,0.7,2,2,2,2,35.6,6,54.0,*,56.93,55.7,,A03,155,    0.0,2021102256,(8.2),,,0.1,先行,先行,37.03,482,+18,8.2,エトルタファーム,日高町,ネオユニヴァース,ホウショウワールド,"Sky Classic",9,7,7,,(栗),高柳大輔
1勝,202501260701090701,"2025. 1.26",中京,ベニシア,牝,4,川須栄彦, 56 ,16,８,ダ,1200,,良,1133,1.4,,,9,9,36.9,6,48.6,,47.73,47.0,,003,0,,2021100662,(188.9),,,1.0,中団,中団,36.40,436,+2,188.9,上山牧場,浦河町,ヘニーヒューズ,フクシア,ゴールドアリュール,16,1,1,,(美),粕谷昌央
未勝利,202501260701090304,"2025. 1.26",中京,シュガーハイ,牡,3,西村淳也, 57 ,11,６,ダ,1900,,良,2031,1.8,8,8,8,8,38.8,5,50.3,,50.73,51.2,,003,0,,2022104177,(6.9),,,1.0,中団,中団,38.91,508,0,6.9,千代田牧場,新ひだか町,リオンディーズ,ミリオンセラー2,"A.P. Indy",11,4,4,,(美),加藤士津
未勝利,202501260701090205,"2025. 1.26",中京,バルミラクル,牡,3,鮫島良太, 57 ,16,２,ダ,1400,,良,1267,0.1,,,2,2,39.3,12,40.5,*,46.03,40.3,,003,220,,2022106177,(8.6),180,780,0.1,先行,先行,35.55,442,-2,8.6,川島牧場,新冠町,マクフィ,ミラクルクロス,フジキセキ,16,3,5,,(栗),河嶋宏樹
未勝利,202501260701090214,"2025. 1.26",中京,ブレイジングスター,牡,3,酒井学, 57 ,16,４,ダ,1400,,良,1267,0.1,,,2,3,39.2,11,40.9,*,46.03,40.3,,003,84,,2022103644,(7.5),,,0.2,先行,先行,35.63,488,+2,7.5,岡野牧場,新ひだか町,モーニン,ヴァーチュスター,"Symboli Kris S",16,7,14,,(栗),高橋康之
新馬,202501260601090401,"2025. 1.26",中山,レーヴドアンジュ,牝,3,キング, 55 ,16,５,ダ,1200,,良,1142,1.3,,,2,2,38.7,9,41.7,*,44.23,44.4,,A03,62,,2022110157,(5.9),,,0.1,先行,先行,35.50,434,,5.9,"Michael E. Pegram Paul Weitman & Karl Watson",米,"Maximum Security","Tiz Midnight","Midnight Lute",16,1,1,,(栗),河嶋宏樹
1勝,202501251001010713,"2025. 1.25",小倉,セイウンパシュート,牡,5,杉原誠人, 58 ,16,１,芝,2600,A,良,2393,-0.0,6,5,5,6,35.7,2,53.9,*,53.53,52.4,,A03,800,,2020100233,440,200,3670,0.4,中団,差し,37.08,470,+6,4.4,田上徹,新ひだか町,ハーツクライ,シーソルティキッス,キングカメハメハ,16,7,13,,(美),上原博之
1勝,202501251001010703,"2025. 1.25",小倉,ペリプルス,牡,5,丸山元気, 58 ,16,12,芝,2600,A,良,2409,1.6,12,12,11,11,36.8,11,51.2,,53.53,52.4,,A03,0,,2020105796,(59.8),,,0.9,後方,後方,37.23,446,-8,59.8,ビッグレッドファーム,新冠町,ゴールドシップ,マイネリベルタス,コンデュイット,16,2,3,,(美),佐藤吉勝
新馬,202501251001010609,"2025. 1.25",小倉,ファーングロット,牡,3,北村友一, 57 ,18,２,芝,2000,A,良,2011,0.2,2,2,2,2,37.1,6,47.0,*,48.70,47.2,,A03,250,,2022105280,(4.7),190,3210,0.1,先行,先行,36.00,488,,4.7,社台ファーム,千歳市,キズナ,カウアイレーン,キングカメハメハ,18,5,9,,(栗),上村洋行
未勝利,202501251001010109,"2025. 1.25",小倉,マンオブザマッチ,牡,3,津村明秀, 57 ,12,２,ダ,1700,,良,1467,0.6,3,1,1,1,37.7,3,49.8,*,50.40,51.4,,A03,220,,2022101677,(80.7),1820,7870,0.0,逃げ,逃げ,37.64,486,+2,80.7,ダーレー・ジャパン・ファーム,日高町,ファインニードル,パテントジョイ,Pivotal,12,7,9,,(栗),高橋義忠
1勝,202501250701081205,"2025. 1.25",中京,プリズマジコ,牡,4,秋山稔樹, 57 ,12,２,芝,2000,B,良,2017,0.1,4,4,3,6,35.8,1,52.8,*,51.33,50.7,,A03,320,,2021106077,(9.2),220,960,0.6,中団,差し,36.81,456,+2,9.2,大狩部牧場,新冠町,キズナ,グラントリノ,グランデラ,12,5,5,,(栗),高橋義忠
1勝,202501250701081207,"2025. 1.25",中京,エイトスターズ,牝,5,ルメート, 56 ,12,９,芝,2000,B,良,2029,1.3,9,10,10,9,36.5,7,51.4,,51.33,50.7,,A03,0,,2020103772,(34.6),,,1.1,後方,後方,37.03,480,+6,34.6,レイクヴィラファーム,洞爺湖町,ジャスタウェイ,インザスポットライト,"Exceed And Excel",12,6,7,,(栗),坂口智康
新馬,202501250701080410,"2025. 1.25",中京,ランツフート,牡,3,Ｍ．デム, 57 ,16,２,ダ,1800,,良,1571,0.7,13,13,9,7,38.8,2,50.9,*,48.53,47.7,,A03,250,,2022105577,(6.4),200,1720,1.3,中団,差し,39.15,464,,6.4,社台ファーム,千歳市,ブリックスアンドモルタル,レッドミラベル,ステイゴールド,16,5,10,,(栗),大久保龍
1勝,202501250601080810,"2025. 1.25",中山,プルメリアクヒオ,牡,4,長浜鴻緒,54▲,16,８,ダ,1800,,良,1562,1.1,5,5,5,7,39.0,9,49.0,,50.73,49.5,,003,0,,2021103208,(12.0),,,0.6,中団,中団,38.60,456,-2,12.0,まるとみ冨岡牧場,浦河町,ホッコータルマエ,プルメリアミコ,ケイムホーム,16,5,10,,(美),深山雅史
未勝利,202501250601080103,"2025. 1.25",中山,ミニョンマルーン,牝,3,長浜鴻緒,52▲,16,２,ダ,1200,,良,1124,0.3,,,1,1,38.4,6,38.5,*,39.73,39.2,牝,023,220,,2022103151,(4.6),140,1270,0.0,逃げ,逃げ,34.00,460,-4,4.6,ビクトリーホースランチ,浦河町,ミスターメロディ,タイキマロン,ファスリエフ,16,2,3,,(美),伊藤圭三
1勝,202501190701071202,"2025. 1.19",中京,ヒーローインチーフ,セ,4,西村淳也, 57 ,16,11,芝,1600,B,良,1360,1.8,,9,15,15,35.1,7,54.1,,53.40,50.1,,A03,0,,2021106661,(63.7),,,2.0,後方,後方,36.54,458,-1,63.7,ハクツ牧場,新冠町,ディスクリートキャット,カクテルラウンジ,タニノギムレット,16,1,2,,(栗),吉田直弘
Ｇ３,202501190601071113,"2025. 1.19",中山,パッションリッチ,牡,3,菅原明良, 57 ,14,９,芝,2000,C,良,2008,0.9,13,13,12,12,35.9,4,51.4,*,52.27,46.8,,N04,0,    0.0,2022105390,(67.6),,,1.8,後方,後方,36.39,478,+6,67.6,社台ファーム,千歳市,ドゥラメンテ,セータコローナ,"Distorted Humor",14,8,13,,(美),久保田貴
1勝,202501190601070703,"2025. 1.19",中山,アイウィル,牡,4,菅原明良, 57 ,13,８,ダ,1800,,良,1562,1.7,2,2,3,4,39.9,8,45.6,,49.13,48.7,,A03,0,,2021103502,(15.6),,,0.3,先行,先行,38.15,516,-2,15.6,岡田スタツド,新ひだか町,ドレフォン,ジュリーハーツ,ハーツクライ,13,3,3,,(美),高木登
未勝利,202501190601070105,"2025. 1.19",中山,パラサイコロジー,牝,3,戸崎圭太, 55 ,16,３,ダ,1200,,良,1127,0.6,,,7,4,37.9,3,41.8,*,42.73,40.2,牝,023,140,,2022104862,(3.8),150,,0.6,先行,先行,34.80,466,-2,3.8,ノーザンファーム,安平町,モズアスコット,スペルオンミー,ダイワメジャー,16,3,5,,(美),新開幸一
3勝,202501180701061103,"2025. 1.18",中京,エンヤラヴフェイス,牡,4,ルメート, 57 ,16,７,ダ,1400,,良,1242,0.9,,,14,14,35.5,6,52.9,*,51.80,49.5,,A04,0,    0.0,2021101737,(26.1),,,1.2,後方,後方,36.53,502,0,26.1,チャンピオンズファーム,新ひだか町,エイシンヒカリ,タイキアプローズ,"Devil's Bag",16,2,3,,(栗),森田直行
OP(L),202501180701061004,"2025. 1.18",中京,フェルシナ,牝,3,藤岡佑介, 55 ,12,７,芝,1400,B,良,1222,1.1,,,8,7,35.4,5,49.2,,51.27,47.8,牝,N24,0,    0.0,2022105831,(20.8),,,0.9,中団,中団,35.10,456,+10,20.8,社台コーポレーション白老ファーム,白老町,ルーラーシップ,ヒルダ,ダイワメジャー,12,4,4,,(栗),西園翔太
未勝利,202501180701060506,"2025. 1.18",中京,メイショウビストロ,牡,3,菱田裕二, 57 ,18,２,芝,2000,B,良,2013,0.5,14,14,8,4,35.2,3,54.8,*,56.20,55.1,,A03,220,,2022103251,(14.3),450,5710,0.3,ﾏｸﾘ,ﾏｸﾘ,36.90,444,-2,14.3,三嶋牧場,浦河町,カリフォルニアクローム,メイショウオワラ,ディープブリランテ,18,3,6,,(栗),岡田稲男
未勝利,202501180701060504,"2025. 1.18",中京,ミッドタウンナイト,牝,3,高杉吏麒,54☆,18,11,芝,2000,B,良,2029,2.1,3,3,4,4,36.7,11,50.7,,56.20,55.1,,A03,0,,2022105529,(171.3),,,0.4,先行,先行,36.94,480,0,171.3,社台ファーム,千歳市,ブラックタイド,ミッドナイトフラッシュ,"Anabaa Blue",18,2,4,*,(栗),河嶋宏樹
新馬,202501180701060301,"2025. 1.18",中京,エルサトアナ,牝,3,松本大輝,54☆,16,２,ダ,1400,,良,1272,0.4,,,1,1,38.8,5,43.6,*,44.53,44.5,牝,023,250,,2022100933,(91.7),1670,15590,0.0,逃げ,逃げ,36.30,416,,91.7,三石川上牧場,新ひだか町,カリフォルニアクローム,クイーンハーツ,キングカメハメハ,16,1,1,,(栗),本田優
1勝,202501180601061216,"2025. 1.18",中山,ビップチェイス,牡,4,丹内祐次, 57 ,16,４,芝,2000,C,良,2006,1.0,4,4,4,4,35.9,11,51.1,*,52.30,51.5,,A03,120,,2021105763,(86.5),,,0.6,先行,先行,36.30,458,-8,86.5,ノーザンファーム,安平町,アルアイン,ベッラレイア,ナリタトップロード,16,8,16,,(美),田島俊明
1勝,202501180601060903,"2025. 1.18",中山,カリーン,牝,3,大野拓弥, 55 ,16,４,芝,1600,C,良,1338,0.6,,10,7,6,34.8,5,51.7,*,51.60,51.2,牝,024,170,    0.0,2022105532,(108.3),,,0.5,中団,差し,35.40,468,+6,108.3,社台ファーム,千歳市,デクラレーションオブウォー,ムニラー,"Kitten's Joy",16,2,3,,(美),蛯名正義
2勝,202501180601060806,"2025. 1.18",中山,ワークソング,牡,4,柴田裕一,55▲,16,14,ダ,1200,,良,1126,1.3,,,9,12,38.1,11,40.6,,44.67,40.1,,A03,0,,2021102462,(11.0),,,0.7,後方,後方,34.50,474,-6,11.0,雅牧場,平取町,モーニン,ハッピーラン,フレンチデピュティ,16,3,6,,(栗),牧浦充徳
未勝利,202501180601060518,"2025. 1.18",中山,エリナ,牝,3,武藤雅, 55 ,18,13,芝,2000,C,良,2022,2.0,10,12,12,13,36.1,11,52.2,,54.03,52.7,,003,0,,2022101492,(512.6),,,1.3,後方,後方,36.90,414,-6,512.6,白井牧場,日高町,カリフォルニアクローム,ヒーラ,ディープインパクト,18,8,18,,(美),戸田博文
新馬,202501130701050515,"2025. 1.13",中京,ハクサンアイリス,牡,3,小崎綾也, 57 ,16,４,芝,1600,A,良,1380,0.2,,3,2,2,35.3,7,56.6,*,57.93,56.7,,A03,93,,2022100328,(3.9),,,0.1,先行,先行,37.62,490,,3.9,中村雅明,浦河町,ハクサンムーン,キャメロンロード,デュランダル,16,8,15,,(栗),高橋一哉
未勝利,202501130701050311,"2025. 1.13",中京,オーレアミスト,牡,3,武豊, 57 ,16,２,ダ,1900,,良,2027,0.3,14,14,8,6,38.3,2,51.7,*,51.23,49.4,,A03,220,,2022104841,(4.4),180,2330,0.8,中団,差し,38.95,494,-2,4.4,ノーザンファーム,安平町,ゴールドドリーム,ジンジャーミスト,Bernardini,16,6,11,,(栗),友道康夫
1勝,202501130601050812,"2025. 1.13",中山,プルメリアクヒオ,牡,4,長浜鴻緒,54▲,14,４,ダ,1800,,良,1552,0.4,3,3,3,2,39.8,5,44.7,*,46.97,44.9,,003,120,,2021103208,(18.4),,,0.2,先行,先行,37.70,458,+2,18.4,まるとみ冨岡牧場,浦河町,ホッコータルマエ,プルメリアミコ,ケイムホーム,14,7,12,*,(美),深山雅史
1勝,202501120701041209,"2025. 1.12",中京,ストレイトアスク,牝,4,小沢大仁,54☆,18,９,芝,1400,A,良,1233,1.4,,,7,6,35.8,11,49.5,,52.30,50.5,,A03,0,,2021102312,(14.7),,,0.6,中団,中団,35.63,436,+4,14.7,"ASK STUD",平取町,ロードカナロア,ストレイトガール,フジキセキ,18,5,9,,(栗),藤原英昭
1勝,202501120701040704,"2025. 1.12",中京,フェニーチェドーロ,牝,3,ルメート, 55 ,16,８,ダ,1400,,良,1255,1.4,,,12,11,37.5,7,46.0,,47.40,45.9,,A03,0,,2022101408,(104.6),,,0.8,後方,後方,36.00,448,-4,104.6,下河辺牧場,日高町,ナダル,ゴッドフェニックス,ブライアンズタイム,16,2,4,,(栗),宮本博
未勝利,202501120701040412,"2025. 1.12",中京,アメリカンピース,セ,7,小牧加矢, 60 ,12,２,芝,3000,A,良,3227,0.0,1,1,1,1,13.5,,,,,,,A00,340,,2018110131,(1.6),110,1110,,逃げ,逃げ,,460,+8,1.6,"Don Alberto Corporation",米,Tapit,"La Cloche",Ghostzapper,12,8,12,,(栗),音無秀孝
未勝利,202501120701040306,"2025. 1.12",中京,モンテディアーナ,牝,3,川田将雅, 55 ,16,２,ダ,1200,,良,1130,0.1,,,2,1,37.8,9,43.1,*,44.67,43.4,牝,023,220,,2022104597,(2.8),140,2910,0.0,先行,先行,35.20,458,-2,2.8,ノーザンファーム,安平町,ドレフォン,アズールムーン,"Malibu Moon",16,3,6,,(栗),四位洋文
未勝利,202501120701040205,"2025. 1.12",中京,バルミラクル,牡,3,鮫島良太, 57 ,16,２,ダ,1400,,良,1265,1.0,,,11,9,38.2,1,44.8,*,42.93,42.9,,A03,220,,2022106177,(106.4),2170,54010,1.0,中団,差し,36.23,444,+18,106.4,川島牧場,新冠町,マクフィ,ミラクルクロス,フジキセキ,16,3,5,,(栗),河嶋宏樹
未勝利,202501120701040214,"2025. 1.12",中京,ブレイジングスター,牡,3,永島まな,55◇,16,３,ダ,1400,,良,1266,1.1,,,3,3,39.1,5,41.1,*,42.93,42.9,,A03,140,,2022103644,(66.1),1360,,0.2,先行,先行,35.63,486,+8,66.1,岡野牧場,新ひだか町,モーニン,ヴァーチュスター,"Symboli Kris S",16,7,14,,(栗),高橋康之
未勝利,202501120701040109,"2025. 1.12",中京,ロックウイズユー,牡,3,坂井瑠星, 57 ,16,４,ダ,1800,,良,1559,1.9,8,8,5,4,39.3,5,47.5,*,50.23,50.0,,003,84,,2022103143,(7.0),,,0.6,先行,先行,38.30,452,-2,7.0,ビクトリーホースランチ,浦河町,ダノンレジェンド,エステーラブ,マイネルラヴ,16,5,9,,(栗),西園正都
1勝,202501120601040708,"2025. 1.12",中山,ビップチェイス,牡,4,江田照男, 57 ,18,12,芝,2200,C,良,2142,1.0,17,18,13,8,35.4,6,54.7,*,54.20,51.6,,A03,0,,2021105763,(53.1),,,1.5,中団,中団,37.05,466,+6,53.1,ノーザンファーム,安平町,アルアイン,ベッラレイア,ナリタトップロード,18,4,8,,(美),田島俊明
未勝利,202501120601040516,"2025. 1.12",中山,ニシノエピカリ,牝,3,田辺裕信, 55 ,18,１,芝,2000,C,良,2020,-0.1,2,2,2,2,35.9,6,52.8,*,54.70,52.0,,A03,560,,2022100724,810,200,3760,0.2,先行,先行,36.90,406,-4,8.1,田上徹,新ひだか町,フィエールマン,シーソルティキッス,キングカメハメハ,18,8,16,,(美),手塚貴久
未勝利,202501120601040114,"2025. 1.12",中山,ミニョンマルーン,牝,3,菊沢一樹, 55 ,16,３,ダ,1200,,良,1130,0.4,,,2,2,38.7,10,38.6,*,41.20,38.6,,003,140,,2022103151,(19.4),260,,0.2,先行,先行,34.30,464,-4,19.4,ビクトリーホースランチ,浦河町,ミスターメロディ,タイキマロン,ファスリエフ,16,7,14,,(美),伊藤圭三
未勝利,202501110701031205,"2025. 1.11",中京,シンゼンカガ,牡,3,高杉吏麒,55△,16,６,芝,1600,A,良,1370,0.9,,5,8,8,36.5,6,49.5,*,49.37,49.3,,A03,0,,2022105345,(122.0),,,0.6,中団,中団,36.30,452,+24,122.0,社台ファーム,千歳市,トーセンラー,シアン,"Smart Strike",16,3,5,,(栗),荒川義之
1勝,202501110601030816,"2025. 1.11",中山,スプランドゥール,牡,4,柴田大知, 58 ,16,７,ダ,1200,,稍,1121,0.3,,,7,8,37.5,6,42.3,*,43.53,38.0,,A03,0,,2021100623,(28.4),,,1.0,中団,中団,34.60,466,-1,28.4,荻伏服部牧場,浦河町,シルバーステート,チェリーシェル,サクラバクシンオー,16,8,16,,(美),和田雄二
未勝利,202501110601030302,"2025. 1.11",中山,シュガーハイ,牡,3,横山和生, 57 ,16,３,ダ,1800,,稍,1571,0.3,3,3,4,2,40.3,5,45.3,*,46.30,44.9,,003,140,,2022104177,(7.9),220,,0.3,先行,先行,38.40,508,-8,7.9,千代田牧場,新ひだか町,リオンディーズ,ミリオンセラー2,"A.P. Indy",16,1,2,,(美),加藤士津
未勝利,202501060701020612,"2025. 1. 6",中京,セイプリーズ,牝,3,古川吉洋, 55 ,18,４,芝,1400,A,良,1229,0.7,,,3,2,37.1,12,42.6,*,46.73,44.4,,A03,84,,2022105583,(26.7),,,0.0,先行,先行,34.35,422,-6,26.7,社台ファーム,千歳市,ダイワメジャー,レディトゥプリーズ,"More Than Ready",18,6,12,,(栗),宮徹
未勝利,202501060701020618,"2025. 1. 6",中京,ハリウッドメモリー,牝,3,団野大成, 55 ,18,12,芝,1400,A,良,1235,1.3,,,3,2,37.7,17,41.1,,46.73,44.4,,A03,0,,2022100632,(4.9),,,0.0,先行,先行,34.35,456,-2,4.9,ケイアイファーム,新ひだか町,ロードカナロア,スピニングワイルドキャット,"Hard Spun",18,8,18,,(栗),長谷川浩
1勝,202501060601021203,"2025. 1. 6",中山,プルメリアクヒオ,牡,4,長浜鴻緒,54▲,16,９,ダ,1800,,良,1572,1.4,10,10,15,14,38.6,2,51.8,*,49.17,48.1,,A03,0,,2021103208,(23.3),,,1.9,後方,後方,39.30,456,+2,23.3,まるとみ冨岡牧場,浦河町,ホッコータルマエ,プルメリアミコ,ケイムホーム,16,2,3,,(美),深山雅史
ｵｰﾌﾟﾝ,202501060601020801,"2025. 1. 6",中山,プラチナドリーム,牡,6,黒岩悠, 60 ,14,止,ダ,3200,,良,----,----,,,,,,,,,,,,A00,0,    0.0,2019106330,(104.8),,,,,,,480,+4,104.8,千代田牧場,新ひだか町,ホッコータルマエ,サティーヌアロム,シンボリクリスエス,14,1,1,,(栗),平田修
2勝,202501050701010906,"2025. 1. 5",中京,バンフィエルド,牡,6,長岡禎仁, 58 ,11,６,芝,2200,A,良,2139,1.8,7,7,7,6,36.5,6,50.1,,52.90,52.0,,A04,0,    0.0,2019104531,(259.2),,,0.8,中団,中団,36.53,430,+2,259.2,社台コーポレーション白老ファーム,白老町,オルフェーヴル,エヴィータアルゼンティーナ,"Candy Ride",11,6,6,,(栗),緒方努
2勝,202501050701010801,"2025. 1. 5",中京,ビバップ,牡,4,吉村誠之,56△,16,８,ダ,1200,,良,1126,0.7,,,1,1,38.5,12,38.6,*,47.37,40.2,,A03,0,,2021102700,(11.3),,,0.0,逃げ,逃げ,34.10,484,-2,11.3,杵臼斉藤牧場,浦河町,モーニン,カプリースレディー,ジャングルポケット,16,1,1,,(栗),清水久詞
新馬,202501050701010503,"2025. 1. 5",中京,サミダレナイツ,牡,3,田口貫太,56☆,18,６,芝,2000,A,良,2029,1.2,9,8,10,9,35.6,4,55.1,*,55.40,54.1,,A03,0,,2022101605,(33.3),,,1.1,中団,中団,37.41,486,,33.3,竹島幸治,日高町,トーホウジャッカル,トーホウビスカヤ,ストリートセンス,18,2,3,,(栗),谷潔
新馬,202501050701010405,"2025. 1. 5",中京,ビービーバザーク,牡,3,浜中俊, 57 ,16,２,ダ,1800,,良,1555,0.5,1,1,1,1,38.8,4,48.8,*,50.43,50.1,,003,250,,2022102397,(6.4),170,1840,0.0,逃げ,逃げ,38.35,488,,6.4,坂東牧場,平取町,シニスターミニスター,カリビアンロマンス,コマンズ,16,3,5,*,(栗),武幸四郎
新馬,202501050701010403,"2025. 1. 5",中京,ルシタニア,牡,3,菱田裕二, 57 ,16,５,ダ,1800,,良,1560,1.0,7,7,7,5,38.1,2,52.2,*,50.43,50.1,,003,62,,2022104640,(34.0),,,1.2,中団,中団,38.95,474,,34.0,ノーザンファーム,安平町,レイデオロ,イスパニダ,"Pure Prize",16,2,3,*,(栗),武幸四郎
未勝利,202501050701010105,"2025. 1. 5",中京,ザハント,牡,3,坂井瑠星, 57 ,16,４,ダ,1800,,良,1563,1.5,3,3,3,3,39.2,9,48.3,*,51.90,51.9,,A03,84,,2022102929,(5.6),,,0.1,先行,先行,38.55,494,+10,5.6,谷口牧場,浦河町,マジェスティックウォリアー,フミノアマゾン,フジキセキ,16,3,5,,(栗),田中克典
2勝,202501050601010808,"2025. 1. 5",中山,モズトキキ,牝,4,菅原明良, 56 ,16,８,芝,1200,B,良,1082,1.1,,,9,10,34.2,6,49.4,,47.40,47.4,,A03,0,,2021102914,(11.0),,,0.9,中団,中団,34.00,552,-4,11.0,谷川牧場,浦河町,グランプリボス,モズジャカランダ,Congrats,16,4,8,,(栗),村山明
新馬,202501050601010607,"2025. 1. 5",中山,キングズトゥルー,牡,3,菅原明良, 57 ,18,10,芝,2000,B,良,2045,2.6,6,7,8,11,37.5,14,49.4,,53.90,52.7,,003,0,,2022103510,(14.4),,,1.0,中団,中団,37.29,452,,14.4,岡田スタツド,新ひだか町,ウインブライト,クイーンズトゥルー,キングカメハメハ,18,4,7,,(美),大竹正博
1勝,202501050601010401,"2025. 1. 5",中山,ロードブレイズ,牡,4,横山和生, 57 ,16,１,ダ,2400,,良,2360,-0.0,3,3,3,3,39.1,1,49.7,*,49.23,49.0,,003,800,,2021100162,570,260,4740,0.2,先行,先行,38.97,506,+8,5.7,ケイアイファーム,新ひだか町,ロードカナロア,ブリュネット,ダイワメジャー,16,1,1,,(美),稲垣幸雄
未勝利,202501050601010214,"2025. 1. 5",中山,プロスペクトパーク,牡,3,横山武史, 57 ,16,４,ダ,1800,,良,1565,0.4,3,3,2,2,39.3,5,48.2,*,49.77,48.8,,003,84,,2022105548,(7.8),,,0.1,先行,先行,38.60,504,+6,7.8,社台ファーム,千歳市,キズナ,ラブリーベルナデット,Wilburn,16,7,14,,(美),高柳瑞樹
2勝,202412280807090904,2024.12.28,京都,プロミシングスター,牡,3,鮫島克駿, 57 ,16,４,ダ,1400,,良,1252,0.7,,,11,10,36.6,3,49.6,*,48.23,47.7,,A03,230,    0.0,2021103073,(4.8),,,0.8,中団,差し,36.45,454,-2,4.8,富田牧場,浦河町,マジェスティックウォリアー,ファインチョイス,アドマイヤムーン,16,2,4,,(栗),高橋義忠
新馬,202412280807090508,2024.12.28,京都,ダノンジャイアン,牡,2,岩田望来, 56 ,16,２,芝,2000,D,良,2035,0.3,7,6,4,5,35.6,2,55.8,*,56.53,55.5,,A03,290,,2022105399,(20.8),480,5650,0.3,中団,差し,37.67,448,,20.8,社台ファーム,千歳市,ブリックスアンドモルタル,ダノンジャンヌ,ディープインパクト,16,4,8,,(栗),茶木太樹
未勝利,202412280807090307,2024.12.28,京都,ルージュスティーズ,牝,2,鮫島克駿, 55 ,16,２,芝,2000,D,良,2018,0.1,8,9,9,8,34.8,2,57.1,*,56.30,54.5,,A03,220,,2022103063,(3.5),180,790,0.7,中団,差し,37.29,476,+2,3.5,富田牧場,浦河町,ハービンジャー,レッドコルディス,ハーツクライ,16,4,7,,(栗),斉藤崇史
未勝利,202412280807090214,2024.12.28,京都,ロックウイズユー,牡,2,橋木太希,53▲,16,４,ダ,1800,,良,1554,1.6,7,7,8,11,38.5,3,49.9,*,49.07,49.0,,A03,83,,2022103143,(7.7),,,1.3,後方,追込,38.45,454,+8,7.7,ビクトリーホースランチ,浦河町,ダノンレジェンド,エステーラブ,マイネルラヴ,16,7,14,,(栗),西園正都
未勝利,202412280807090208,2024.12.28,京都,シャインバオバブ,牡,2,太宰啓介, 56 ,16,13,ダ,1800,,良,1582,4.4,14,14,15,14,40.4,12,46.3,,49.07,49.0,,A03,0,,2022106180,(96.1),,,2.2,後方,後方,38.90,498,+10,96.1,川島牧場,新冠町,シルバーステート,レユシット,ルーラーシップ,16,4,8,,(栗),本田優
3勝,202412220807081004,2024.12.22,京都,ドットクルー,牡,4,小沢大仁, 58 ,14,５,芝,2000,D,良,2012,0.3,6,9,8,7,33.9,1,60.4,*,59.13,59.1,,A04,184,    0.0,2020101486,(42.8),,,0.5,中団,中団,37.41,464,-2,42.8,佐々木牧場,日高町,ディーマジェスティ,スターオブロゼッタ,ロードカナロア,14,3,4,,(栗),笹田和秀
2勝,202412220807080807,2024.12.22,京都,プロミシングスター,牡,3,岩田望来, 57 ,16,２,ダ,1400,,良,1255,0.1,,,8,9,36.8,2,49.3,*,48.37,45.3,,A03,460,,2021103073,(4.7),190,18020,0.9,中団,差し,36.53,456,+2,4.7,富田牧場,浦河町,マジェスティックウォリアー,ファインチョイス,アドマイヤムーン,16,4,7,,(栗),高橋義忠
新馬,202412220807080611,2024.12.22,京都,メイショウビストロ,牡,2,菱田裕二, 56 ,14,２,芝,1800,D,良,1502,0.3,,,5,5,35.0,3,57.4,*,59.37,57.0,,003,290,,2022103251,(16.0),420,5310,0.3,中団,差し,37.60,446,,16.0,三嶋牧場,浦河町,カリフォルニアクローム,メイショウオワラ,ディープブリランテ,14,7,11,,(栗),岡田稲男
未勝利,202412220807080501,2024.12.22,京都,アメリカンピース,セ,6,小坂忠士, 60 ,14,２,ダ,2910,,良,3203,1.5,3,3,2,2,13.8,,,,,,,A00,320,,2018110131,(2.7),130,1800,,先行,先行,,452,-6,2.7,"Don Alberto Corporation",米,Tapit,"La Cloche",Ghostzapper,14,1,1,,(栗),音無秀孝
新馬,202412220807080406,2024.12.22,京都,タイセイドラード,牡,2,西村淳也, 56 ,13,１,ダ,1800,,良,1547,-1.9,1,1,1,1,38.1,1,50.5,*,49.33,50.5,,A03,720,,2022105075,190,120,850,0.0,逃げ,逃げ,38.30,526,,1.9,ノーザンファーム,安平町,"American Pharoah",ミスベジル,"Medaglia d'Oro",13,5,6,,(栗),杉山晴紀
未勝利,202412220807080308,2024.12.22,京都,ハリウッドメモリー,牝,2,団野大成, 55 ,18,２,芝,1400,D,良,1217,0.1,,,1,2,35.6,7,47.1,*,48.90,47.4,,003,220,,2022100632,(4.5),160,1260,0.0,逃げ,逃げ,34.58,458,+4,4.5,ケイアイファーム,新ひだか町,ロードカナロア,スピニングワイルドキャット,"Hard Spun",18,4,8,,(栗),長谷川浩
3勝,202412220605081213,2024.12.22,中山,エンヤラヴフェイス,牡,3,大野拓弥, 57 ,16,２,ダ,1200,,良,1116,0.8,,,15,15,36.4,1,46.7,*,42.23,38.8,,A03,740,    9.6,2021101737,(46.6),700,8650,1.9,後方,追込,35.20,502,+4,46.6,チャンピオンズファーム,新ひだか町,エイシンヒカリ,タイキアプローズ,"Devil's Bag",16,7,13,,(栗),森田直行
未勝利,202412220605080213,2024.12.22,中山,シュガーハイ,牡,2,木幡巧也, 56 ,16,３,ダ,1800,,良,1579,0.2,3,3,2,1,41.7,5,41.4,*,43.17,41.8,,003,140,,2022104177,(131.3),1770,,0.0,先行,先行,38.10,516,+10,131.3,千代田牧場,新ひだか町,リオンディーズ,ミリオンセラー2,"A.P. Indy",16,7,13,,(美),加藤士津
未勝利,202412220605080209,2024.12.22,中山,ファンタイムギフト,牡,2,マーカン, 56 ,16,９,ダ,1800,,良,1593,1.6,5,6,6,3,42.5,11,40.4,,43.17,41.8,,003,0,,2022102378,(5.6),,,0.6,先行,先行,38.40,500,-12,5.6,二風谷ファーム,平取町,ドレフォン,トウカイシェーン,ダイワメジャー,16,5,9,,(美),相沢郁
3勝,202412210807071009,2024.12.21,京都,キュールエフウジン,牡,5,藤岡佑介, 56 ,16,７,ダ,1800,,良,1534,1.0,16,16,15,15,36.3,4,56.2,*,55.23,53.6,,A03,0,    0.0,2019102983,(41.7),,,1.3,後方,後方,38.55,492,0,41.7,木下牧場,新ひだか町,ホッコータルマエ,キュールエアリス,ウォーエンブレム,16,5,9,,(栗),中尾秀正
2勝,202412210605071206,2024.12.21,中山,メイショウミリオレ,牝,3,津村明秀, 55 ,16,８,芝,1200,A,良,1089,0.9,,,15,15,33.6,3,55.1,*,51.40,47.1,,A00,0,    0.0,2021103278,(13.8),,,1.8,後方,後方,35.30,484,-4,13.8,三嶋牧場,浦河町,ルーラーシップ,メイショウメイゲツ,ディープインパクト,16,3,6,,(栗),藤岡健一
2勝,202412210605071215,2024.12.21,中山,スムースベルベット,牝,4,嶋田純次, 56 ,16,14,芝,1200,A,良,1093,1.3,,,10,11,34.7,11,49.7,,51.40,47.1,,A00,0,    0.0,2020106987,(68.7),,,1.1,後方,後方,34.60,500,+8,68.7,ミルファーム,浦河町,ディスクリートキャット,ローブドヴルール,サウスヴィグラス,16,8,15,,(美),手塚貴久
3勝,202412210605071103,2024.12.21,中山,ヴェールランス,牡,5,石橋脩, 54 ,16,14,芝,2500,A,良,2344,1.5,3,3,3,4,36.9,16,50.6,,55.30,54.1,,A00,0,    0.0,2019104767,(106.0),,,0.2,先行,先行,37.11,452,+4,106.0,社台ファーム,千歳市,キタサンブラック,ジュエラー,ヴィクトワールピサ,16,2,3,,(美),田村康仁
1勝,202412210605070904,2024.12.21,中山,ペリプルス,牡,4,丸山元気, 58 ,18,10,芝,2200,A,良,2132,1.5,6,7,7,7,35.7,9,52.4,,54.73,50.8,,A00,0,    0.0,2020105796,(87.3),,,1.5,中団,中団,36.56,454,+14,87.3,ビッグレッドファーム,新冠町,ゴールドシップ,マイネリベルタス,コンデュイット,18,2,4,,(美),佐藤吉勝
1勝,202412150807060813,2024.12.15,京都,アラタマフェーヴル,牡,3,北村友一, 56 ,18,17,芝,2200,D,良,2139,1.6,1,1,1,2,37.0,18,48.2,,53.67,52.3,,A03,0,,2021102115,(11.6),,,0.1,逃げ,逃げ,36.34,484,-2,11.6,槇本牧場,日高町,オルフェーヴル,アラタマクリスエス,シンボリクリスエス,18,7,13,,(栗),浜田多実
未勝利,202412150807060405,2024.12.15,京都,サリーチェ,牝,2,Ｃ．デム, 55 ,14,４,芝,1800,D,良,1496,0.7,,,6,5,35.1,7,56.1,*,58.10,56.0,,A03,83,,2022104794,(3.5),,,0.5,中団,差し,37.25,474,0,3.5,ノーザンファーム,安平町,ドゥラメンテ,サロミナ,Lomitas,14,4,5,,(栗),池添学
未勝利,202412150807060307,2024.12.15,京都,レインオンミー,牡,2,岩田望来, 56 ,14,14,ダ,1800,,良,1591,4.0,3,3,3,4,41.4,14,43.8,,51.30,52.7,,A03,0,,2022104117,(31.0),,,0.3,先行,先行,38.85,476,-4,31.0,千代田牧場,新ひだか町,リアルスティール,アルマリンピア,タイキシャトル,14,5,7,,(栗),福永祐一
未勝利,202412150807060214,2024.12.15,京都,モンテディアーナ,牝,2,藤岡佑介, 55 ,16,５,ダ,1400,,良,1272,1.4,,,1,1,38.9,7,43.1,*,46.40,46.6,,003,55,,2022104597,(2.3),,,0.0,逃げ,逃げ,36.23,460,-6,2.3,ノーザンファーム,安平町,ドレフォン,アズールムーン,"Malibu Moon",16,7,14,,(栗),四位洋文
2勝,202412150704061203,2024.12.15,中京,モズトキキ,牝,3,亀田温心, 55 ,18,12,芝,1200,B,良,1098,0.8,,,4,4,35.1,16,48.9,*,51.63,47.7,,A03,0,    0.0,2021102914,(6.7),,,0.6,先行,先行,34.70,556,+8,6.7,谷川牧場,浦河町,グランプリボス,モズジャカランダ,Congrats,18,2,3,,(栗),村山明
2勝,202412150704061213,2024.12.15,中京,ファイツオン,牡,3,高杉吏麒, 56 ,18,16,芝,1200,B,良,1104,1.4,,,2,2,36.1,18,45.0,,51.63,47.7,,A03,0,    0.0,2021100476,(11.0),,,0.2,先行,先行,34.30,508,+2,11.0,村上牧場,新ひだか町,アルアイン,ソラコマチ,サクラバクシンオー,18,7,13,,(栗),藤岡健一
2勝,202412150704061001,2024.12.15,中京,バンフィエルド,牡,5,長岡禎仁, 58 ,10,８,芝,2200,B,良,2154,1.8,4,2,5,4,37.0,7,49.7,,53.73,53.6,,A04,0,    0.0,2019104531,(14.4),,,0.3,先行,先行,36.90,428,+4,14.4,社台コーポレーション白老ファーム,白老町,オルフェーヴル,エヴィータアルゼンティーナ,"Candy Ride",10,1,1,,(栗),緒方努
新馬,202412150605060513,2024.12.15,中山,モティスフォント,牡,2,横山武史, 56 ,16,３,芝,1600,A,良,1355,0.4,,12,8,6,34.0,1,58.5,*,56.80,54.9,,A03,180,,2022104953,(2.5),130,,1.0,中団,差し,36.90,488,,2.5,ノーザンファーム,安平町,モーリス,バンゴール,キングカメハメハ,15,7,13,*,(美),田村康仁
未勝利,202412140807050710,2024.12.14,京都,テレプシコーラ,牝,2,Ｍ．デム, 55 ,18,５,芝,1800,D,良,1484,0.8,,,17,16,34.6,1,56.6,*,52.10,52.0,牝,023,55,,2022100457,(32.8),,,1.6,後方,後方,36.90,404,-2,32.8,吉田ファーム,浦河町,ルーラーシップ,キスオンザグリーン,オルフェーヴル,18,5,10,,(栗),坂口智康
新馬,202412140807050510,2024.12.14,京都,ルージュスティーズ,牝,2,団野大成, 55 ,10,２,芝,2000,D,良,2026,0.0,7,6,7,5,35.1,2,56.8,*,56.83,55.2,,A03,290,,2022103063,(16.8),270,1890,0.4,中団,差し,37.50,474,,16.8,富田牧場,浦河町,ハービンジャー,レッドコルディス,ハーツクライ,10,8,10,*,(栗),斉藤崇史
新馬,202412140807050504,2024.12.14,京都,ミッドタウンナイト,牝,2,吉村誠之,53△,10,９,芝,2000,D,良,2043,1.7,9,9,9,10,36.5,8,53.1,,56.83,55.2,,A03,0,,2022105529,(120.8),,,0.7,後方,後方,37.63,480,,120.8,社台ファーム,千歳市,ブラックタイド,ミッドナイトフラッシュ,"Anabaa Blue",10,4,4,,(栗),河嶋宏樹
1勝,202412140704051216,2024.12.14,中京,ガットネロ,牝,4,岩田康誠, 56 ,18,16,芝,1400,B,良,1230,1.8,,,9,7,36.8,14,44.2,,48.97,46.5,,A03,0,,2020105073,(10.7),,,0.5,中団,中団,34.65,490,+2,10.7,大狩部牧場,新冠町,アメリカンペイトリオット,ブラックシュガー,ブラックタイド,18,8,16,,(栗),上村洋行
未勝利,202412140704050416,2024.12.14,中京,セイプリーズ,牝,2,古川吉洋, 55 ,18,３,芝,1400,B,良,1226,0.3,,,6,6,35.6,8,49.0,*,49.00,46.9,牝,023,140,,2022105583,(44.0),530,,0.6,中団,差し,35.25,428,-8,44.0,社台ファーム,千歳市,ダイワメジャー,レディトゥプリーズ,"More Than Ready",18,8,16,,(栗),宮徹
1勝,202412140704050309,2024.12.14,中京,ビバップ,牡,3,鮫島克駿, 57 ,16,１,ダ,1200,,良,1116,-0.3,,,1,1,36.4,7,46.7,*,48.37,46.7,,003,800,,2021102700,190,140,1550,0.0,逃げ,逃げ,35.20,486,-4,1.9,杵臼斉藤牧場,浦河町,モーニン,カプリースレディー,ジャングルポケット,16,5,9,,(栗),清水久詞
未勝利,202412140605050706,2024.12.14,中山,ニシノエピカリ,牝,2,田辺裕信, 55 ,16,２,芝,1800,A,良,1482,0.0,2,2,2,2,35.4,2,52.8,*,52.73,52.4,牝,023,220,,2022100724,(6.1),200,1780,0.1,先行,先行,36.40,410,+2,6.1,田上徹,新ひだか町,フィエールマン,シーソルティキッス,キングカメハメハ,16,3,6,,(美),手塚貴久
2勝,202412080807040805,"2024.12. 8",京都,クリノオリーブ,牝,3,幸英明, 55 ,15,９,ダ,1200,,良,1135,1.3,,,1,1,38.8,14,39.4,,49.67,42.5,,A03,0,,2021102259,(3.2),,,0.0,逃げ,逃げ,34.70,466,0,3.2,横井哲,日高町,ニューイヤーズデイ,クリノラホール,ダイワメジャー,15,3,5,,(栗),谷潔
1勝,202412080807040708,"2024.12. 8",京都,レーウィン,セ,3,デットー, 57 ,10,１,ダ,1800,,良,1541,-0.1,7,6,2,1,39.1,4,45.9,*,46.93,45.5,,003,800,,2021100734,240,120,400,0.1,先行,先行,37.50,508,-4,2.4,高昭牧場,浦河町,ヘニーヒューズ,フジインザスカイ,ディープスカイ,10,7,8,,(栗),上村洋行
1勝,202412080807040602,"2024.12. 8",京都,フェニーチェドーロ,牝,2,松山弘平, 55 ,10,６,ダ,1200,,良,1133,2.1,,,9,7,36.9,5,48.6,,47.77,47.2,,A04,0,,2022101408,(14.6),,,1.3,後方,後方,36.40,452,+2,14.6,下河辺牧場,日高町,ナダル,ゴッドフェニックス,ブライアンズタイム,10,2,2,,(栗),宮本博
2勝,202412080704041004,"2024.12. 8",中京,バンフィエルド,牡,5,長岡禎仁, 58 ,16,８,芝,2000,A,良,2016,0.7,10,9,12,12,36.1,6,51.5,*,51.77,50.7,,A04,0,    0.0,2019104531,(169.8),,,0.7,後方,後方,36.64,424,-6,169.8,社台コーポレーション白老ファーム,白老町,オルフェーヴル,エヴィータアルゼンティーナ,"Candy Ride",16,2,4,,(栗),緒方努
1勝,202412080704040717,"2024.12. 8",中京,ラガークイン,牝,3,柴田裕一,52▲,18,14,芝,2000,A,良,2024,1.0,7,7,3,4,35.9,15,53.3,*,55.80,55.0,牝,023,0,,2021105416,(17.5),,,0.3,先行,先行,37.07,422,+26,17.5,ノーザンファーム,安平町,リアルインパクト,ウォークロニクル,ウォーエンブレム,18,8,17,,(栗),大久保龍
1勝,202412080704040302,"2024.12. 8",中京,ベニシア,牝,3,川端海翼,52▲,16,12,ダ,1200,,良,1141,1.6,,,15,14,36.8,2,51.4,*,44.47,40.3,牝,023,0,,2021100662,(61.0),,,2.9,後方,後方,37.30,434,-2,61.0,上山牧場,浦河町,ヘニーヒューズ,フクシア,ゴールドアリュール,16,1,2,,(美),加藤士津
1勝,202412080704040306,"2024.12. 8",中京,イノセントキャット,牝,3,長浜鴻緒,52▲,16,止,ダ,1200,,良,----,----,,,,,,0,,,44.47,40.3,牝,023,0,,2021104745,(1.4),,,,,,,452,-4,1.4,追分ファーム,安平町,シュヴァルグラン,イルーシヴキャット,キングカメハメハ,16,3,6,,(美),久保田貴
新馬,202412080605040505,"2024.12. 8",中山,エリナ,牝,2,武藤雅, 55 ,16,16,芝,1800,A,良,1520,2.6,16,16,16,16,36.1,13,55.1,,54.70,54.1,,A03,0,,2022101492,(104.8),,,2.0,後方,後方,37.95,420,,104.8,白井牧場,日高町,カリフォルニアクローム,ヒーラ,ディープインパクト,16,3,5,,(美),戸田博文
未勝利,202412080605040213,"2024.12. 8",中山,フウセツ,牡,2,津村明秀, 56 ,16,２,芝,1200,A,良,1088,0.2,,,1,1,35.2,8,45.5,*,46.30,46.0,,A03,220,,2022101626,(3.5),150,460,0.0,逃げ,逃げ,33.60,480,+2,3.5,ダーレー・ジャパン・ファーム,日高町,サンダースノー,アプト,アドマイヤムーン,16,7,13,,(美),鈴木慎太
1勝,202412070807030807,"2024.12. 7",京都,ビバップ,牡,3,吉村誠之,55△,13,５,ダ,1200,,良,1130,0.6,,,2,2,37.3,8,45.7,*,49.30,46.7,,A03,80,,2021102700,(3.4),,,0.1,先行,先行,35.70,490,+12,3.4,杵臼斉藤牧場,浦河町,モーニン,カプリースレディー,ジャングルポケット,12,5,7,,(栗),清水久詞
新馬,202412070807030606,"2024.12. 7",京都,オーレアミスト,牡,2,武豊, 56 ,9,３,ダ,1800,,良,1559,2.3,4,4,3,4,39.0,4,48.6,*,51.87,53.5,,A03,180,,2022104841,(7.2),120,,0.3,先行,先行,38.45,496,,7.2,ノーザンファーム,安平町,ゴールドドリーム,ジンジャーミスト,Bernardini,9,6,6,,(栗),友道康夫
1勝,202412070704031208,"2024.12. 7",中京,ガットネロ,牝,4,岩田望来, 56 ,18,３,芝,1200,A,良,1102,0.4,,,5,5,34.0,4,56.5,*,55.90,55.3,,A03,200,,2020105073,(3.0),140,,0.4,中団,差し,36.20,488,-2,3.0,大狩部牧場,新冠町,アメリカンペイトリオット,ブラックシュガー,ブラックタイド,18,4,8,,(栗),上村洋行
1勝,202412070704030905,"2024.12. 7",中京,イリフィ,牝,2,鮫島克駿, 55 ,12,８,芝,1400,A,良,1229,1.0,,,6,6,36.4,8,45.8,*,48.33,45.6,牝,A24,0,    0.0,2022110077,(10.4),,,0.6,中団,中団,34.88,418,-6,10.4,"Stonethorn Stud Farm Ltd.",愛,"Too Darn Hot",Trethias,"Invincible Spirit",12,5,5,,(栗),高野友和
未勝利,202412070704030408,"2024.12. 7",中京,プロスペクトパーク,牡,2,横山武史, 56 ,10,５,芝,2000,A,良,2028,1.3,6,7,7,6,35.5,4,55.4,,57.00,55.9,,003,55,,2022105548,(29.1),,,0.8,中団,中団,37.41,498,+6,29.1,社台ファーム,千歳市,キズナ,ラブリーベルナデット,Wilburn,10,7,8,,(美),高柳瑞樹
未勝利,202412070605030409,"2024.12. 7",中山,ミスティマウンテン,牡,2,内田博幸, 56 ,12,７,ダ,1800,,良,1564,2.1,11,10,6,6,41.0,6,42.0,,44.73,44.0,,003,0,,2022101684,(34.9),,,0.8,中団,中団,37.70,456,+6,34.9,ダーレー・ジャパン・ファーム,日高町,サンダースノー,ブルーミスト,スクリーンヒーロー,12,7,9,,(美),池上昌和
未勝利,202412070605030305,"2024.12. 7",中山,シャインフリーリー,牡,2,嶋田純次, 56 ,15,12,芝,2000,A,良,2026,1.3,4,4,5,11,37.0,13,49.2,,51.57,51.1,,003,0,,2022101495,(105.8),,,0.4,後方,後方,36.69,476,+4,105.8,白井牧場,日高町,ウインブライト,フィールフリーリー,アグネスタキオン,15,3,5,,(美),矢嶋大樹
3勝,202412010807021004,"2024.12. 1",京都,ドットクルー,牡,4,小沢大仁, 58 ,13,５,芝,1800,C,良,1467,0.8,,,8,7,33.7,3,58.3,*,58.37,57.6,,A04,184,    0.0,2020101486,(216.8),,,0.7,中団,中団,36.50,466,-8,216.8,佐々木牧場,日高町,ディーマジェスティ,スターオブロゼッタ,ロードカナロア,13,4,4,,(栗),笹田和秀
1勝,202412010807020714,"2024.12. 1",京都,ペレグリン,牝,3,西村淳也, 55 ,14,２,ダ,1200,,良,1127,0.0,,,2,2,36.7,3,48.1,*,48.63,47.0,牝,023,320,,2021100906,(13.9),560,11710,0.2,先行,先行,36.00,430,-2,13.9,バンブー牧場,浦河町,バンブーエール,フラミンゴ,マルカシェンク,14,8,14,,(栗),河嶋宏樹
未勝利,202412010807020301,"2024.12. 1",京都,プチプランス,牡,2,高杉吏麒,54△,11,４,芝,1800,C,良,1491,0.6,,,4,4,34.4,4,58.6,*,59.20,59.1,,A03,83,,2022101565,(7.3),,,0.3,先行,先行,37.35,482,-2,7.3,スマイルファーム,日高町,リアルスティール,シャイスター,"Equal Stripes",11,1,1,,(栗),藤岡健一
未勝利,202412010704020503,"2024.12. 1",中京,スイッチビスケット,牡,2,岩田望来, 56 ,8,６,芝,2000,A,良,2041,1.4,2,3,4,3,35.7,6,56.1,,59.73,59.6,,A03,0,,2022106295,(9.9),,,0.2,先行,先行,37.89,476,+10,9.9,シンユウフアーム,新冠町,サトノクラウン,ジュエルトウショウ,アグネスタキオン,8,3,3,,(栗),森田直行
2勝,202412010605021205,"2024.12. 1",中山,ワークソング,牡,3,松岡正海, 57 ,16,６,ダ,1200,,良,1115,0.7,,,5,5,37.0,9,43.2,*,44.53,42.9,,A03,0,,2021102462,(26.1),,,0.4,中団,中団,34.50,480,0,26.1,雅牧場,平取町,モーニン,ハッピーラン,フレンチデピュティ,16,3,5,,(栗),牧浦充徳
1勝,202411300807010708,2024.11.30,京都,シャンデルナゴル,牡,4,Ｃ．デム, 58 ,12,１,ダ,1800,,稍,1533,-0.2,4,4,3,3,37.7,1,50.3,*,48.80,48.7,,A03,800,,2020103193,200,110,2040,0.4,先行,先行,37.80,492,-2,2.0,ノーザンファーム,安平町,サトノダイヤモンド,アガルタ,キングカメハメハ,12,6,8,,(栗),石坂公一
未勝利,202411300807010602,2024.11.30,京都,ハリウッドメモリー,牝,2,川田将雅, 55 ,12,４,芝,1400,C,良,1224,0.4,,,5,5,35.2,3,50.6,*,50.93,48.7,,A03,83,,2022100632,(3.2),,,0.6,中団,差し,35.40,454,+8,3.2,ケイアイファーム,新ひだか町,ロードカナロア,スピニングワイルドキャット,"Hard Spun",12,2,2,,(栗),長谷川浩
未勝利,202411300807010202,2024.11.30,京都,マンオブザマッチ,牡,2,秋山稔樹, 56 ,13,10,ダ,1400,,稍,1289,2.3,,,6,7,39.2,12,45.1,,48.17,47.3,,003,0,,2022101677,(157.8),,,0.8,中団,中団,37.28,484,-4,157.8,ダーレー・ジャパン・ファーム,日高町,ファインニードル,パテントジョイ,Pivotal,13,2,2,,(栗),高橋義忠
未勝利,202411300807010203,2024.11.30,京都,レインオンミー,牡,2,ムーア, 56 ,13,13,ダ,1400,,稍,1294,2.8,,,11,11,38.6,10,48.7,,48.17,47.3,,003,0,,2022104117,(6.0),,,1.9,後方,後方,38.10,480,+10,6.0,千代田牧場,新ひだか町,リアルスティール,アルマリンピア,タイキシャトル,13,3,3,,(栗),福永祐一
未勝利,202411300704010411,2024.11.30,中京,パリコレジェンヌ,牝,2,藤岡佑介, 55 ,17,10,芝,1200,A,良,1106,1.5,,,11,11,35.1,9,51.1,,50.50,48.6,,003,0,,2022104501,(13.3),,,1.2,中団,中団,35.50,458,0,13.3,前谷牧場,新ひだか町,ミスターメロディ,ビオレイメル,ワイルドラッシュ,17,6,11,,(栗),鈴木孝志
1勝,202411300605010903,2024.11.30,中山,パッションリッチ,牡,2,坂井瑠星, 56 ,12,４,芝,2000,A,良,1594,0.6,10,10,8,9,35.0,4,53.3,*,55.30,51.4,,A04,160,    0.0,2022105390,(46.4),,,0.9,後方,追込,36.17,472,-8,46.4,社台ファーム,千歳市,ドゥラメンテ,セータコローナ,"Distorted Humor",12,3,3,,(美),久保田貴
ｵｰﾌﾟﾝ,202411300605010811,2024.11.30,中山,ピーターサイト,牡,4,上野翔, 60 ,13,５,芝,3570,A,良,4039,1.2,2,2,4,4,13.7,,,,,,,A00,165,    0.0,2020105611,(20.0),,,,先行,先行,,474,+2,20.0,ノースヒルズ,新冠町,ワンアンドオンリー,ヴィクトリアアイ,ブライアンズタイム,13,7,11,,(美),村田一誠
ｵｰﾌﾟﾝ,202411300605010809,2024.11.30,中山,プラチナドリーム,牡,5,黒岩悠, 60 ,13,11,芝,3570,A,良,4056,2.9,10,9,12,11,13.8,,,,,,,A00,0,    0.0,2019106330,(83.8),,,,後方,後方,,476,+2,83.8,千代田牧場,新ひだか町,ホッコータルマエ,サティーヌアロム,シンボリクリスエス,13,6,9,,(栗),平田修
1勝,202411300605010714,2024.11.30,中山,ゲキザル,牡,5,大江原比,54★,16,６,ダ,1200,,稍,1122,0.4,,,16,16,35.5,1,53.4,*,46.47,44.6,,A03,0,,2019102102,(13.4),,,1.8,後方,後方,36.70,482,+16,13.4,広富牧場,日高町,ザファクター,トゥモローズライト,アフリート,16,7,14,,(美),青木孝文
3勝,202411240806080903,2024.11.24,京都,キュールエフウジン,牡,5,藤岡佑介, 56 ,13,７,ダ,1800,,良,1530,0.9,13,13,13,13,36.1,2,56.5,*,53.00,50.7,,A03,0,    0.0,2019102983,(8.1),,,2.0,後方,後方,38.45,492,-4,8.1,木下牧場,新ひだか町,ホッコータルマエ,キュールエアリス,ウォーエンブレム,13,3,3,,(栗),中尾秀正
1勝,202411240806080511,2024.11.24,京都,レーウィン,セ,3,岩田康誠, 56 ,15,２,ダ,1800,,良,1535,0.1,6,5,5,4,38.0,5,49.3,*,50.27,46.5,,A03,320,,2021100734,(3.2),160,500,0.8,先行,先行,37.75,512,+6,3.2,高昭牧場,浦河町,ヘニーヒューズ,フジインザスカイ,ディープスカイ,15,6,11,,(栗),上村洋行
新馬,202411240806080410,2024.11.24,京都,セボンサデッセ,牡,2,幸英明, 56 ,14,１,ダ,1400,,良,1264,-0.6,,,4,2,37.7,2,46.9,*,45.73,45.1,,A03,720,,2022104903,410,170,1970,0.4,先行,先行,36.53,494,,4.1,ノーザンファーム,安平町,ルヴァンスレーヴ,チャームクォーク,クロフネ,14,6,10,,(栗),橋口慎介
未勝利,202411240505080309,2024.11.24,東京,ファンタイムギフト,牡,2,石川裕紀, 56 ,16,９,ダ,1600,,良,1396,1.4,,,13,12,36.8,4,52.4,*,51.90,50.5,,003,0,,2022102378,(6.0),,,1.3,後方,後方,37.68,512,+10,6.0,二風谷ファーム,平取町,ドレフォン,トウカイシェーン,ダイワメジャー,16,5,9,,(美),相沢郁
2勝,202411230806071209,2024.11.23,京都,メイショウミリオレ,牝,3,高杉吏麒,53△,16,６,芝,1200,C,良,1087,0.5,,,11,11,33.2,2,56.9,*,54.73,51.2,,A03,0,,2021103278,(12.6),,,1.2,後方,後方,35.50,488,+2,12.6,三嶋牧場,浦河町,ルーラーシップ,メイショウメイゲツ,ディープインパクト,15,5,9,,(栗),藤岡健一
1勝,202411230806070803,2024.11.23,京都,シャンデルナゴル,牡,4,Ｃ．デム, 58 ,9,４,ダ,1900,,良,2019,1.3,6,7,5,5,38.8,4,48.9,,49.97,49.6,,003,120,,2020103193,(2.3),,,0.4,中団,差し,38.35,494,0,2.3,ノーザンファーム,安平町,サトノダイヤモンド,アガルタ,キングカメハメハ,9,3,3,,(栗),石坂公一
1勝,202411230806070707,2024.11.23,京都,タミゼ,牝,3,北村友一, 55 ,16,13,ダ,1200,,良,1144,1.9,,,4,4,38.5,15,43.2,,47.93,46.5,,003,0,,2021100650,(14.7),,,0.3,先行,先行,35.90,480,-8,14.7,笠松牧場,浦河町,リオンディーズ,フレンチトースト,フレンチデピュティ,16,4,7,,(栗),平田修
新馬,202411230806070508,2024.11.23,京都,ベビーズブレス,牝,2,西村淳也, 55 ,11,２,芝,1600,C,良,1357,0.1,,,5,6,34.8,3,55.0,*,54.93,53.4,,A03,290,,2022106351,(35.5),710,5040,0.4,中団,差し,36.54,426,,35.5,隆栄牧場,新冠町,アドマイヤマーズ,レディーガリレオ,Galileo,11,7,8,*,(栗),千田輝彦
未勝利,202411230806070308,2024.11.23,京都,サリーチェ,牝,2,Ｃ．デム, 55 ,10,２,芝,2000,C,良,2012,0.4,7,7,7,5,35.6,2,53.0,*,53.30,51.0,,A03,220,,2022104794,(1.6),110,1820,0.8,中団,差し,36.69,474,+2,1.6,ノーザンファーム,安平町,ドゥラメンテ,サロミナ,Lomitas,10,7,8,,(栗),池添学
1勝,202411230505070701,2024.11.23,東京,ズイウンゴサイ,牡,3,丸田恭介, 56 ,12,２,芝,2400,C,良,2248,0.1,7,8,11,10,34.5,1,56.6,*,55.70,52.9,,A03,320,,2021100597,(5.0),150,1030,1.0,後方,追込,36.77,456,-4,5.0,エムエム、ヤマダファーム,浦河町,シュヴァルグラン,ブルーインザスカイ,チチカステナンゴ,12,1,1,,(美),武市康男
1勝,202411230505070705,2024.11.23,東京,ピースヒロフェイス,牝,3,石橋脩, 54 ,12,６,芝,2400,C,良,2255,0.8,1,1,1,1,36.2,9,50.6,*,55.70,52.9,,A03,0,,2021105769,(60.3),,,0.0,逃げ,逃げ,36.43,462,+2,60.3,ノーザンファーム,安平町,サトノダイヤモンド,ペルヴィアンリリー,フレンチデピュティ,12,5,5,,(美),牧光二
新馬,202411230505070413,2024.11.23,東京,パラサイコロジー,牝,2,ビュイッ, 55 ,16,２,ダ,1400,,稍,1251,1.3,,,3,2,36.7,4,48.9,*,50.87,51.5,,003,290,,2022104862,(30.2),530,2290,0.2,先行,先行,36.30,468,,30.2,ノーザンファーム,安平町,モズアスコット,スペルオンミー,ダイワメジャー,15,7,13,,(美),新開幸一
新馬,202411230505070409,2024.11.23,東京,ミニョンマルーン,牝,2,菊沢一樹, 55 ,16,９,ダ,1400,,稍,1272,3.4,,,1,1,39.0,12,42.7,,50.87,51.5,,003,0,,2022103151,(30.1),,,0.0,逃げ,逃げ,36.15,468,,30.1,ビクトリーホースランチ,浦河町,ミスターメロディ,タイキマロン,ファスリエフ,15,5,9,,(美),伊藤圭三
未勝利,202411230505070214,2024.11.23,東京,カシオペア,牡,2,横山和生, 56 ,18,13,芝,1400,C,良,1234,1.2,,,18,13,35.1,6,53.2,,52.60,50.1,,A03,0,,2022106203,(7.0),,,1.3,後方,後方,36.23,524,+4,7.0,小泉牧場,新冠町,ビッグアーサー,リトルアマポーラ,アグネスタキオン,18,7,14,,(美),上原佑紀
未勝利,202411170806060309,2024.11.17,京都,テレプシコーラ,牝,2,吉村誠之,53△,14,５,芝,1600,B,良,1355,0.9,,,12,11,35.0,3,53.7,*,51.70,52.2,牝,023,55,,2022100457,(14.0),,,0.9,後方,後方,36.30,406,+2,14.0,吉田ファーム,浦河町,ルーラーシップ,キスオンザグリーン,オルフェーヴル,14,6,9,,(栗),坂口智康
未勝利,202411170806060118,2024.11.17,京都,セイプリーズ,牝,2,戸崎圭太, 55 ,18,５,芝,1200,B,良,1104,0.7,,,14,16,34.9,2,51.7,*,46.37,44.7,,A03,55,,2022105583,(6.1),,,1.6,後方,後方,35.50,436,+2,6.1,社台ファーム,千歳市,ダイワメジャー,レディトゥプリーズ,"More Than Ready",18,8,18,*,(栗),宮徹
3勝,202411170505061005,2024.11.17,東京,エンヤラヴフェイス,牡,3,松岡正海, 54 ,13,13,芝,1600,C,良,1347,2.5,,,13,13,34.3,11,55.7,,54.17,48.5,,A03,0,    0.0,2021101737,(95.3),,,3.1,後方,後方,36.24,498,-4,95.3,チャンピオンズファーム,新ひだか町,エイシンヒカリ,タイキアプローズ,"Devil's Bag",13,4,5,,(栗),森田直行
新馬,202411170505060502,2024.11.17,東京,ダノンピクチャー,牡,2,マーカン, 56 ,9,２,芝,2000,C,良,2037,0.1,,7,7,5,33.4,1,65.9,*,64.57,64.8,,A03,290,,2022104980,(1.8),110,330,0.3,中団,差し,38.70,474,,1.8,ノーザンファーム,安平町,ドゥラメンテ,ファイナルスコア,"Dylan Thomas",9,2,2,,(美),田中博康
1勝,202411170303061202,2024.11.17,福島,ブライティアダイヤ,牝,3,永島まな,53◇,16,16,芝,1200,B,良,1120,2.2,,,14,15,35.7,15,51.7,,54.53,49.4,,003,0,,2021102468,(22.8),,,1.5,後方,後方,36.30,456,-4,22.8,雅牧場,平取町,サトノアラジン,ブライティアナイル,アドマイヤベガ,16,1,2,,(美),稲垣幸雄
1勝,202411170303060915,2024.11.17,福島,セイウンパシュート,牡,4,杉原誠人, 58 ,15,３,芝,2600,B,良,2422,0.2,10,10,12,8,36.1,2,54.8,*,54.83,52.4,,003,280,    5.4,2020100233,(5.2),180,,0.8,中団,差し,37.83,464,+2,5.2,田上徹,新ひだか町,ハーツクライ,シーソルティキッス,キングカメハメハ,15,8,15,,(美),上原博之
1勝,202411170303060707,2024.11.17,福島,ベニシア,牝,3,川端海翼,52▲,16,５,ダ,1150,,良,1097,0.8,,,12,9,36.7,1,48.1,*,44.77,43.0,,002,80,,2021100662,(22.2),,,1.3,中団,中団,36.00,436,0,22.2,上山牧場,浦河町,ヘニーヒューズ,フクシア,ゴールドアリュール,16,4,7,,(美),加藤士津
未勝利,202411170303060611,2024.11.17,福島,フウセツ,牡,2,丸山元気, 56 ,16,３,芝,1200,B,良,1099,0.0,,,3,2,35.3,4,48.0,*,49.53,46.3,,A03,140,,2022101626,(11.2),400,,0.3,先行,先行,34.60,478,0,11.2,ダーレー・ジャパン・ファーム,日高町,サンダースノー,アプト,アドマイヤムーン,16,6,11,,(美),鈴木慎太
未勝利,202411170303060412,2024.11.17,福島,パープルアドミラル,牡,4,上野翔, 60 ,14,１,芝,2770,B,良,3032,-0.0,3,3,2,1,13.2,,,,,,,000,790,,2020104328,2720,640,9250,,先行,先行,,444,-2,27.2,聖心台牧場,新ひだか町,シビルウォー,ママノヨリミチ,マンハッタンカフェ,14,7,12,,(美),堀内岳志
1勝,202411160806050908,2024.11.16,京都,イリフィ,牝,2,鮫島克駿, 55 ,9,２,芝,1400,B,良,1231,0.1,,,2,2,34.0,2,58.3,*,58.07,56.5,,A04,430,    6.0,2022110077,(8.0),240,1160,0.4,先行,先行,36.83,424,-2,8.0,"Stonethorn Stud Farm Ltd.",愛,"Too Darn Hot",Trethias,"Invincible Spirit",9,8,8,,(栗),高野友和
新馬,202411160505050409,2024.11.16,東京,マンオブザマッチ,牡,2,松山弘平, 56 ,11,９,芝,1400,C,良,1252,1.2,,,10,8,34.4,8,60.8,,62.07,60.3,,003,0,,2022101677,(5.9),,,0.8,中団,中団,38.10,488,,5.9,ダーレー・ジャパン・ファーム,日高町,ファインニードル,パテントジョイ,Pivotal,11,7,9,,(栗),高橋義忠
未勝利,202411160505050103,2024.11.16,東京,ウフドゥウフ,牡,2,田辺裕信, 56 ,16,７,ダ,1600,,良,1403,1.2,,,1,1,38.8,12,45.1,,50.60,48.1,,003,0,,2022105257,(5.5),,,0.0,逃げ,逃げ,36.90,490,+4,5.5,社台ファーム,千歳市,エピファネイア,エッグドロップ,"Alphabet Soup",16,2,3,,(美),上原博之
1勝,202411160303050902,2024.11.16,福島,ビップチェイス,牡,3,江田照男, 56 ,16,７,芝,1800,B,良,1497,0.7,6,6,8,8,34.9,8,57.2,*,57.47,55.3,,A00,0,    0.0,2021105763,(62.7),,,0.9,中団,中団,37.40,460,-4,62.7,ノーザンファーム,安平町,アルアイン,ベッラレイア,ナリタトップロード,16,1,2,,(美),田島俊明
1勝,202411160303050915,2024.11.16,福島,エイトスターズ,牝,4,吉田隼人, 56 ,16,12,芝,1800,B,良,1499,0.9,15,14,16,14,34.4,1,59.7,*,57.47,55.3,,A00,0,    0.0,2020103772,(15.4),,,1.6,後方,後方,37.75,474,-4,15.4,レイクヴィラファーム,洞爺湖町,ジャスタウェイ,インザスポットライト,"Exceed And Excel",16,8,15,,(栗),坂口智康
1勝,202411160303050812,2024.11.16,福島,ファイツオン,牡,3,高杉吏麒,55△,16,１,芝,1200,B,良,1096,-0.3,,,1,1,35.0,5,48.9,*,50.70,48.9,,000,800,,2021100476,300,150,900,0.0,逃げ,逃げ,34.60,506,-2,3.0,村上牧場,新ひだか町,アルアイン,ソラコマチ,サクラバクシンオー,15,6,12,,(栗),藤岡健一
1勝,202411160303050610,2024.11.16,福島,ノーブルアクト,牝,4,石田拓郎,53▲,15,３,ダ,1700,,良,1462,0.4,7,10,10,8,38.1,1,47.5,*,44.57,42.7,,002,200,,2020104744,(6.0),200,,1.5,中団,差し,37.15,506,0,6.0,フジワラフアーム,新ひだか町,マクフィ,クイーンロイド,ゼンノロブロイ,15,6,10,,(美),上原博之
ｵｰﾌﾟﾝ,202411160303050503,2024.11.16,福島,ローディアマント,セ,4,金子光希, 60 ,11,２,芝,3380,B,良,3462,0.8,3,6,3,3,13.4,,,,,,,A00,540,,2020101429,(10.5),260,1520,,先行,先行,,476,-2,10.5,クラウン日高牧場,日高町,サトノダイヤモンド,ブロッサムレーン,"New Approach",11,3,3,,(美),尾関知人
2勝,202411100806040812,2024.11.10,京都,プロミシングスター,牡,3,川田将雅, 57 ,13,３,ダ,1400,,良,1241,0.1,,,3,3,37.5,6,43.2,*,45.53,41.2,,A03,290,,2021103073,(4.6),150,,0.5,先行,先行,34.95,454,+6,4.6,富田牧場,浦河町,マジェスティックウォリアー,ファインチョイス,アドマイヤムーン,13,8,12,,(栗),高橋義忠
未勝利,202411100806040305,2024.11.10,京都,シャインバオバブ,牡,2,酒井学, 56 ,14,13,芝,1600,B,良,1353,1.4,,,9,10,35.7,9,50.2,,51.00,50.5,,A03,0,,2022106180,(176.2),,,0.8,中団,中団,35.76,488,+6,176.2,川島牧場,新冠町,シルバーステート,レユシット,ルーラーシップ,14,4,5,,(栗),本田優
1勝,202411100505041208,2024.11.10,東京,ピースヒロフェイス,牝,3,石橋脩, 54 ,16,６,芝,1800,B,良,1476,0.3,,5,5,5,34.1,8,57.8,*,58.70,55.5,,A03,0,,2021105769,(43.1),,,0.7,中団,中団,36.75,460,+4,43.1,ノーザンファーム,安平町,サトノダイヤモンド,ペルヴィアンリリー,フレンチデピュティ,16,4,8,,(美),牧光二
1勝,202411090806030715,"2024.11. 9",京都,クリノオリーブ,牝,3,幸英明, 55 ,16,１,ダ,1200,,良,1112,-0.3,,,2,2,36.0,6,47.8,*,48.80,46.1,,A03,800,,2021102259,190,110,490,0.3,先行,先行,35.20,466,+4,1.9,横井哲,日高町,ニューイヤーズデイ,クリノラホール,ダイワメジャー,16,8,15,,(栗),谷潔
未勝利,202411090806030108,"2024.11. 9",京都,フェニーチェドーロ,牝,2,松山弘平, 55 ,13,１,ダ,1200,,良,1130,-0.3,,,10,9,36.1,1,52.2,*,48.87,45.7,牝,023,550,,2022101408,490,180,2120,1.2,後方,追込,36.90,450,+4,4.9,下河辺牧場,日高町,ナダル,ゴッドフェニックス,ブライアンズタイム,13,6,8,,(栗),宮本博
1勝,202411090303031204,"2024.11. 9",福島,ハレアカラフラ,牝,4,柴田裕一,53▲,16,12,芝,1200,A,良,1121,2.3,,,6,9,37.2,13,43.8,,47.20,47.2,牝,023,0,,2020103292,(7.8),,,0.5,中団,中団,34.90,474,-4,7.8,ノーザンファーム,安平町,ラブリーデイ,オーキッドレイ,ディープインパクト,16,2,4,,(栗),音無秀孝
1勝,202411090303030615,"2024.11. 9",福島,ブライティアダイヤ,牝,3,永島まな,53◇,16,５,芝,1200,A,良,1104,0.6,,,9,10,35.5,9,48.3,*,48.77,43.9,,002,80,,2021102468,(9.1),,,1.1,中団,中団,34.90,460,-2,9.1,雅牧場,平取町,サトノアラジン,ブライティアナイル,アドマイヤベガ,16,8,15,,(美),稲垣幸雄
1勝,202411090303030610,"2024.11. 9",福島,グランテレーズ,牝,3,亀田温心, 55 ,16,９,芝,1200,A,良,1107,0.9,,,4,5,36.3,12,44.8,*,48.77,43.9,,002,0,,2021102401,(5.5),,,0.6,中団,中団,34.40,444,0,5.5,坂東牧場,平取町,シュヴァルグラン,アドマイヤテレサ,エリシオ,16,5,10,,(栗),渡辺薫彦
新馬,202411090303030516,"2024.11. 9",福島,シャインフリーリー,牡,2,黛弘人, 56 ,16,12,芝,2000,A,良,2060,1.3,8,7,7,11,37.0,14,53.1,,54.53,54.0,,A03,0,,2022101495,(136.7),,,0.7,後方,後方,38.14,472,,136.7,白井牧場,日高町,ウインブライト,フィールフリーリー,アグネスタキオン,16,8,16,,(美),矢嶋大樹
1勝,202411030806020909,"2024.11. 3",京都,トルショー,牡,2,団野大成, 56 ,12,11,ダ,1800,,重,1575,5.9,5,6,9,9,42.8,11,37.3,,49.23,48.0,,A04,0,    0.0,2022103766,(41.2),,,0.8,後方,後方,37.35,458,-6,41.2,グランド牧場,新ひだか町,シニスターミニスター,ハヤブサエミネンス,"Medaglia d'Oro",12,7,9,,(美),伊藤圭三
新馬,202411030806020501,"2024.11. 3",京都,プチプランス,牡,2,藤岡佑介, 56 ,10,４,芝,1800,B,稍,1489,0.6,,,7,7,34.5,4,57.8,*,57.90,57.4,,A03,110,,2022101565,(20.2),,,0.5,後方,追込,37.20,484,,20.2,スマイルファーム,日高町,リアルスティール,シャイスター,"Equal Stripes",9,1,1,,(栗),藤岡健一
新馬,202411030806020404,"2024.11. 3",京都,セイプリーズ,牝,2,古川吉洋, 55 ,14,２,芝,1200,B,稍,1106,0.2,,,2,1,34.6,5,54.0,*,55.20,54.7,,003,290,,2022105583,(16.1),340,2150,0.0,先行,先行,36.00,434,,16.1,社台ファーム,千歳市,ダイワメジャー,レディトゥプリーズ,"More Than Ready",14,3,4,,(栗),宮徹
未勝利,202411030505020216,"2024.11. 3",東京,シュガーハイ,牡,2,古川奈穂,52★,16,11,ダ,1600,,重,1399,2.9,,,3,3,40.7,14,37.3,,42.60,42.4,,003,0,,2022104177,(14.8),,,0.4,先行,先行,35.52,506,+10,14.8,千代田牧場,新ひだか町,リオンディーズ,ミリオンセラー2,"A.P. Indy",15,8,16,,(美),加藤士津
未勝利,202411030505020101,"2024.11. 3",東京,フェルシナ,牝,2,佐々木大, 55 ,15,１,芝,1400,B,良,1221,-0.1,,,3,2,34.2,3,55.0,*,54.17,53.5,,A03,550,,2022105831,270,130,1640,0.3,先行,先行,35.93,446,+2,2.7,社台コーポレーション白老ファーム,白老町,ルーラーシップ,ヒルダ,ダイワメジャー,15,1,1,,(栗),西園翔太
1勝,202411030303021208,"2024.11. 3",福島,ゲキザル,牡,5,菊沢一樹, 58 ,11,５,ダ,1150,,重,1085,1.1,,,10,10,35.9,4,49.1,,47.87,48.0,,A03,80,,2019102102,(4.8),,,0.7,後方,後方,35.56,466,-10,4.8,広富牧場,日高町,ザファクター,トゥモローズライト,アフリート,10,7,8,,(美),青木孝文
1勝,202411030303021207,"2024.11. 3",福島,スターチスブーケ,牝,3,河原田菜,51★,11,９,ダ,1150,,重,1093,1.9,,,5,7,36.9,8,45.8,,47.87,48.0,,A03,0,,2021110075,(17.0),,,0.5,中団,中団,35.35,498,+2,17.0,"Gerty Bloodstock",米,"Practical Joke","Sovereign Halo",Haynesfield,10,6,7,,(栗),清水久詞
1勝,202411030303020914,"2024.11. 3",福島,エイトスターズ,牝,4,吉田隼人, 56 ,16,15,芝,1800,A,稍,1524,2.4,12,9,11,11,38.4,13,46.4,,51.23,46.7,牝,023,0,    0.0,2020103772,(12.5),,,1.5,後方,後方,37.00,478,+4,12.5,レイクヴィラファーム,洞爺湖町,ジャスタウェイ,インザスポットライト,"Exceed And Excel",16,7,14,,(栗),坂口智康
ｵｰﾌﾟﾝ,202411020505010806,"2024.11. 2",東京,プラチナドリーム,牡,5,黒岩悠, 59 ,8,５,芝,3110,B,稍,3329,0.8,8,8,8,8,13.7,,,,,,,A00,165,    0.0,2019106330,(83.9),,,,後方,後方,,474,-2,83.9,千代田牧場,新ひだか町,ホッコータルマエ,サティーヌアロム,シンボリクリスエス,8,6,6,,(栗),平田修
1勝,202411020505010704,"2024.11. 2",東京,ビップチェイス,牡,3,江田照男, 57 ,14,10,ダ,1600,,重,1377,2.3,,,9,7,37.7,10,45.5,,48.00,47.3,,003,0,,2021105763,(59.0),,,1.0,中団,中団,36.00,464,+2,59.0,ノーザンファーム,安平町,アルアイン,ベッラレイア,ナリタトップロード,13,3,4,,(美),田島俊明
新馬,202411020505010611,"2024.11. 2",東京,ファンタイムギフト,牡,2,石川裕紀, 56 ,16,３,ダ,1600,,重,1397,0.3,,,3,3,35.8,7,57.1,*,57.17,57.5,,A03,180,,2022102378,(7.8),230,,0.1,先行,先行,38.34,502,,7.8,二風谷ファーム,平取町,ドレフォン,トウカイシェーン,ダイワメジャー,16,6,11,,(美),相沢郁
未勝利,202411020505010201,"2024.11. 2",東京,ニシノエピカリ,牝,2,田辺裕信, 55 ,11,３,芝,1600,B,稍,1349,0.4,,,6,7,34.6,2,54.6,*,54.10,52.9,牝,023,140,,2022100724,(10.2),160,,0.6,中団,差し,36.18,408,-6,10.2,田上徹,新ひだか町,フィエールマン,シーソルティキッス,キングカメハメハ,11,1,1,,(美),手塚貴久
1勝,202411020303010806,"2024.11. 2",福島,ノーブルアクト,牝,4,石田拓郎,53▲,11,２,ダ,1700,,重,1451,0.1,11,11,9,8,36.4,1,52.9,*,50.73,48.2,,A03,320,,2020104744,(52.5),1000,13370,1.2,中団,差し,37.47,506,-8,52.5,フジワラフアーム,新ひだか町,マクフィ,クイーンロイド,ゼンノロブロイ,11,6,6,,(美),上原博之
1勝,202411020303010401,"2024.11. 2",福島,ペレグリン,牝,3,長浜鴻緒,52▲,16,４,ダ,1150,,稍,1090,0.6,,,1,1,37.2,9,43.3,*,47.43,44.8,牝,023,120,,2021100906,(7.5),,,0.0,逃げ,逃げ,34.69,432,+2,7.5,バンブー牧場,浦河町,バンブーエール,フラミンゴ,マルカシェンク,15,1,1,,(栗),河嶋宏樹
1勝,202410270504080710,2024.10.27,東京,ゲキザル,牡,5,原優介,57☆,13,５,ダ,1600,,良,1380,1.0,,,10,10,36.3,2,52.0,*,51.00,48.6,,A03,80,,2019102102,(23.9),,,1.4,後方,後方,37.02,476,+2,23.9,広富牧場,日高町,ザファクター,トゥモローズライト,アフリート,13,7,10,,(美),青木孝文
1勝,202410270404080808,2024.10.27,新潟,ライトニングゼウス,牡,3,菊沢一樹, 57 ,11,２,ダ,1200,,良,1109,0.2,,,3,3,36.4,3,44.8,*,45.00,43.7,,003,320,,2021104058,(1.9),110,400,0.3,先行,先行,34.50,506,+2,1.9,谷岡スタット,新ひだか町,ダンカーク,サクラナスカ,サクラバクシンオー,11,7,8,,(美),勢司和浩
1勝,202410270404080603,2024.10.27,新潟,イノセントキャット,牝,3,長浜鴻緒,52▲,13,１,ダ,1200,,良,1109,-0.6,,,4,4,36.0,1,46.9,*,46.27,44.8,,002,800,,2021104745,400,160,950,0.4,先行,先行,34.90,456,0,4.0,追分ファーム,安平町,シュヴァルグラン,イルーシヴキャット,キングカメハメハ,13,3,3,,(美),久保田貴
3勝,202410260805071008,2024.10.26,京都,キュールエフウジン,牡,5,藤岡佑介, 58 ,9,２,ダ,1900,,良,1588,1.6,7,7,8,8,36.9,1,52.4,*,49.93,49.3,,A04,740,    5.8,2019102983,(10.9),190,1460,1.9,後方,追込,37.80,496,0,10.9,木下牧場,新ひだか町,ホッコータルマエ,キュールエアリス,ウォーエンブレム,9,8,8,,(栗),中尾秀正
1勝,202410260805070701,2024.10.26,京都,プリズマジコ,牡,3,シュタル, 56 ,11,５,芝,2000,A,良,2003,0.4,4,3,3,4,35.2,6,53.6,*,55.10,53.5,,A03,80,,2021106077,(8.8),,,0.3,先行,先行,36.47,454,+6,8.8,大狩部牧場,新冠町,キズナ,グラントリノ,グランデラ,11,1,1,,(栗),高橋義忠
1勝,202410260805070607,2024.10.26,京都,シャンデルナゴル,牡,4,Ｃ．デム, 58 ,8,２,ダ,1800,,良,1527,0.6,3,3,3,3,37.6,2,49.9,*,49.83,49.9,,003,320,,2020103193,(3.1),110,190,0.4,先行,先行,37.55,494,-4,3.1,ノーザンファーム,安平町,サトノダイヤモンド,アガルタ,キングカメハメハ,8,7,7,,(栗),石坂公一
未勝利,202410260805070203,2024.10.26,京都,ロックウイズユー,牡,2,橋木太希,53▲,11,４,ダ,1800,,良,1554,0.9,5,5,5,6,38.8,4,48.7,*,49.33,49.5,,A03,83,,2022103143,(44.0),,,0.4,中団,差し,38.30,446,-2,44.0,ビクトリーホースランチ,浦河町,ダノンレジェンド,エステーラブ,マイネルラヴ,11,3,3,,(栗),西園正都
未勝利,202410260805070103,2024.10.26,京都,モンテディアーナ,牝,2,藤岡佑介, 55 ,13,２,ダ,1400,,良,1256,0.2,,,2,3,38.8,5,40.5,*,43.27,40.1,牝,023,220,,2022104597,(3.5),170,1930,0.2,先行,先行,35.10,466,+6,3.5,ノーザンファーム,安平町,ドレフォン,アズールムーン,"Malibu Moon",13,3,3,,(栗),四位洋文
1勝,202410260504070801,2024.10.26,東京,セイウンパシュート,牡,4,池添謙一, 58 ,10,５,芝,2000,B,良,1592,0.6,,4,4,4,34.2,5,56.5,*,57.40,55.8,,A03,80,,2020100233,(6.3),,,0.6,先行,先行,36.43,462,-8,6.3,田上徹,新ひだか町,ハーツクライ,シーソルティキッス,キングカメハメハ,10,1,1,,(美),上原博之
3勝,202410260404071110,2024.10.26,新潟,ヴェールランス,牡,5,石橋脩, 58 ,10,８,芝,2000,A,良,2013,1.8,,,3,3,35.5,8,53.6,,58.40,57.3,,A04,0,    0.0,2019104767,(38.5),,,0.4,先行,先行,36.77,448,+4,38.5,社台ファーム,千歳市,キタサンブラック,ジュエラー,ヴィクトワールピサ,10,8,10,,(美),田村康仁
未勝利,202410260404070604,2024.10.26,新潟,ギザキズラヴ,牝,2,小沢大仁,54☆,15,５,芝,1600,A,良,1361,1.0,,,3,3,35.1,11,54.3,*,57.70,56.4,牝,023,55,,2022106715,(23.3),,,0.2,先行,先行,36.60,438,-2,23.3,パカパカファーム,新冠町,キズナ,アップワードスパイラル,Teofilo,15,3,4,,(栗),藤原英昭
Ｇ１,202410200805061102,2024.10.20,京都,ノーブルスカイ,牡,3,池添謙一, 57 ,18,18,芝,3000,A,良,3197,15.6,3,2,5,16,50.5,18,23.9,,53.40,53.2,牡牝,N41,0,    0.0,2021102256,(253.6),,,1.0,後方,後方,37.30,464,-2,253.6,エトルタファーム,日高町,ネオユニヴァース,ホウショウワールド,"Sky Classic",18,1,2,,(栗),高柳大輔
新馬,202410200805060508,2024.10.20,京都,メリザンド,牝,2,ルメール, 55 ,11,６,芝,1800,A,良,1501,0.6,,,9,8,35.2,4,56.4,*,57.67,55.1,,A03,0,,2022105182,(4.7),,,0.7,中団,中団,37.45,440,,4.7,ノーザンファーム,安平町,サトノダイヤモンド,ロザリンド,シンボリクリスエス,11,7,8,,(美),田中博康
新馬,202410200805060416,2024.10.20,京都,テレプシコーラ,牝,2,吉村誠之,52▲,17,４,芝,1600,A,稍,1352,0.5,,,12,12,35.5,1,50.9,*,48.10,47.8,牝,023,110,,2022100457,(141.0),,,1.0,中団,差し,35.82,404,,141.0,吉田ファーム,浦河町,ルーラーシップ,キスオンザグリーン,オルフェーヴル,17,8,16,,(栗),坂口智康
未勝利,202410200805060207,2024.10.20,京都,イリフィ,牝,2,鮫島克駿, 55 ,10,１,芝,1200,A,稍,1101,-0.2,,,2,2,35.3,3,48.6,*,49.33,47.5,,A03,550,,2022110077,320,140,420,0.2,先行,先行,34.80,426,+8,3.2,"Stonethorn Stud Farm Ltd.",愛,"Too Darn Hot",Trethias,"Invincible Spirit",10,7,7,,(栗),高野友和
新馬,202410200504060414,2024.10.20,東京,ウフドゥウフ,牡,2,田辺裕信, 56 ,16,２,ダ,1400,,良,1269,2.2,,,9,9,37.2,2,50.2,*,49.83,51.0,,A03,290,,2022105257,(6.6),170,1950,1.1,中団,差し,37.28,486,,6.6,社台ファーム,千歳市,エピファネイア,エッグドロップ,"Alphabet Soup",16,7,14,,(美),上原博之
未勝利,202410200504060210,2024.10.20,東京,カリーン,牝,2,石川裕紀, 55 ,10,１,芝,1600,A,良,1360,-0.1,,,4,4,34.4,2,57.4,*,55.73,55.0,牝,023,550,,2022105532,500,130,350,0.5,先行,先行,36.96,462,+10,5.0,社台ファーム,千歳市,デクラレーションオブウォー,ムニラー,"Kitten's Joy",10,8,10,,(美),蛯名正義
1勝,202410200404061204,2024.10.20,新潟,スターチスブーケ,牝,3,斎藤新, 55 ,13,５,ダ,1200,,稍,1124,0.9,,,5,5,37.2,5,44.6,*,44.77,43.8,,A03,80,,2021110075,(104.7),,,0.6,中団,中団,35.20,496,+2,104.7,"Gerty Bloodstock",米,"Practical Joke","Sovereign Halo",Haynesfield,13,4,4,,(栗),清水久詞
2勝,202410200404061014,2024.10.20,新潟,アメリカンチケット,牡,3,西塚洸二, 57 ,15,８,ダ,1200,,稍,1122,0.7,,,2,2,37.8,12,41.0,*,45.90,42.2,,A03,0,    0.0,2021110122,(5.3),,,0.1,先行,先行,34.40,500,+6,5.3,"Triemore Stud",米,Justify,"A Z Warrior",Bernardini,15,8,14,,(栗),藤原英昭
1勝,202410200404060917,2024.10.20,新潟,ララバッカナール,牝,3,中井裕二, 54 ,18,６,芝,1400,A,良,1231,0.7,,,7,8,35.8,7,49.1,*,51.97,47.6,,A03,0,    0.0,2021107097,(3.8),,,0.7,中団,中団,35.48,454,-2,3.8,森永聡,新冠町,ヘニーヒューズ,ゴッドダンシング,ダンスインザダーク,18,8,17,,(栗),斉藤崇史
1勝,202410200404060902,2024.10.20,新潟,グランテレーズ,牝,3,斎藤新, 54 ,18,16,芝,1400,A,良,1243,1.9,,,2,2,37.7,17,42.7,,51.97,47.6,,A03,0,    0.0,2021102401,(41.1),,,0.0,先行,先行,34.95,444,-2,41.1,坂東牧場,平取町,シュヴァルグラン,アドマイヤテレサ,エリシオ,18,1,2,*,(栗),渡辺薫彦
OP(L),202410190504050902,2024.10.19,東京,パッションリッチ,牡,2,田辺裕信, 56 ,8,８,芝,1800,A,良,1478,2.0,,8,8,8,34.1,4,58.1,,55.80,54.2,,N04,0,    0.0,2022105390,(29.2),,,2.2,後方,後方,36.85,480,+4,29.2,社台ファーム,千歳市,ドゥラメンテ,セータコローナ,"Distorted Humor",8,2,2,,(美),久保田貴
3勝,202410140504041013,2024.10.14,東京,エンヤラヴフェイス,牡,3,鮫島克駿, 54 ,14,13,芝,1400,A,良,1215,1.3,,,13,13,33.8,6,55.8,,56.13,52.4,,A03,0,    0.0,2021101737,(32.8),,,1.4,後方,後方,35.78,502,+2,32.8,チャンピオンズファーム,新ひだか町,エイシンヒカリ,タイキアプローズ,"Devil's Bag",14,8,13,,(栗),森田直行
未勝利,202410140504040208,2024.10.14,東京,カシオペア,牡,2,松山弘平, 56 ,14,３,芝,1400,A,良,1220,0.3,,,11,11,33.2,1,60.2,*,57.07,54.2,,003,140,,2022106203,(16.3),510,,1.3,後方,追込,36.60,520,-6,16.3,小泉牧場,新冠町,ビッグアーサー,リトルアマポーラ,アグネスタキオン,14,5,8,,(美),上原佑紀
1勝,202410130805040901,2024.10.13,京都,クリノオリーブ,牝,3,田口貫太,54☆,14,２,ダ,1200,,良,1120,0.1,,,1,1,38.0,8,39.5,*,44.60,39.7,,003,320,,2021102259,(2.8),140,900,0.0,逃げ,逃げ,34.00,462,+2,2.8,横井哲,日高町,ニューイヤーズデイ,クリノラホール,ダイワメジャー,14,1,1,,(栗),谷潔
ｵｰﾌﾟﾝ,202410130805040805,2024.10.13,京都,インフローレ,牝,2,藤岡佑介, 55 ,6,２,芝,1400,A,良,1218,0.6,,,5,3,35.6,3,47.3,*,46.90,47.0,,N04,640,    4.8,2022102729,(4.5),210,1380,0.4,先行,先行,34.65,440,-4,4.5,杵臼牧場,浦河町,リオンディーズ,キュイキュイ,ハービンジャー,6,5,5,,(栗),寺島良
ＪＧ２,202410130504030908,2024.10.13,東京,ブラックボイス,牡,5,石神深一, 60 ,9,６,芝,3110,A,良,3265,1.7,7,7,8,8,13.3,,,,,,,A00,0,    0.0,2019105276,(8.2),,,,後方,後方,,512,-8,8.2,ノーザンファーム,安平町,ブラックタイド,ソングライティング,"Giant's Causeway",9,8,8,,(美),宮田敬介
1勝,202410130504030705,2024.10.13,東京,ズイウンゴサイ,牡,3,丸田恭介, 55 ,8,３,芝,2400,A,良,2257,0.0,7,6,5,5,33.3,1,62.5,*,61.50,60.4,,003,200,,2021100597,(20.1),480,,0.5,中団,差し,37.47,460,0,20.1,エムエム、ヤマダファーム,浦河町,シュヴァルグラン,ブルーインザスカイ,チチカステナンゴ,8,5,5,,(美),武市康男
1勝,202410130504030608,2024.10.13,東京,ビップチェイス,牡,3,江田照男, 56 ,12,10,ダ,1600,,良,1390,1.6,,,7,8,36.1,8,54.5,,55.87,55.6,,A03,0,,2021105763,(40.9),,,0.8,中団,中団,37.74,462,-4,40.9,ノーザンファーム,安平町,アルアイン,ベッラレイア,ナリタトップロード,12,6,8,,(美),田島俊明
3勝,202410120805031003,2024.10.12,京都,ドットクルー,牡,4,松山弘平, 58 ,14,14,芝,1800,A,良,1464,2.4,,,8,7,36.4,14,46.2,,51.73,50.3,,A04,0,    0.0,2020101486,(29.4),,,0.6,中団,中団,35.00,474,+6,29.4,佐々木牧場,日高町,ディーマジェスティ,スターオブロゼッタ,ロードカナロア,14,3,3,,(栗),笹田和秀
未勝利,202410120805030307,2024.10.12,京都,シャインバオバブ,牡,2,富田暁, 56 ,16,８,芝,1600,A,良,1351,0.7,,,8,7,35.8,10,49.4,*,50.27,49.1,,A03,0,,2022106180,(52.5),,,0.5,中団,中団,35.58,482,-8,52.5,川島牧場,新冠町,シルバーステート,レユシット,ルーラーシップ,16,4,7,,(栗),本田優
未勝利,202410120805030104,2024.10.12,京都,パリコレジェンヌ,牝,2,坂井瑠星, 55 ,15,14,ダ,1200,,良,1161,2.7,,,14,14,38.0,9,50.3,,47.50,46.8,牝,023,0,,2022104501,(3.3),,,2.0,後方,後方,38.10,458,+2,3.3,前谷牧場,新ひだか町,ミスターメロディ,ビオレイメル,ワイルドラッシュ,15,3,4,,(栗),鈴木孝志
1勝,202410120404030813,2024.10.12,新潟,イノセントキャット,牝,3,永島まな,53◇,13,２,ダ,1200,,良,1117,0.0,,,13,12,35.9,1,49.7,*,46.47,41.7,,000,320,,2021104745,(57.6),1520,33040,1.5,後方,追込,35.80,456,-12,57.6,追分ファーム,安平町,シュヴァルグラン,イルーシヴキャット,キングカメハメハ,13,8,13,,(美),久保田貴
未勝利,202410120404030410,2024.10.12,新潟,ローディアマント,セ,4,伴啓太, 60 ,10,１,芝,2850,A,良,3068,-1.1,1,1,1,1,13.1,,,,,,,A00,790,,2020101429,160,110,670,,逃げ,逃げ,,478,+2,1.6,クラウン日高牧場,日高町,サトノダイヤモンド,ブロッサムレーン,"New Approach",10,8,10,,(美),尾関知人
未勝利,202410120404030404,2024.10.12,新潟,パープルアドミラル,牡,4,金子光希, 60 ,10,４,芝,2850,A,良,3102,3.4,5,6,6,6,13.3,,,,,,,A00,120,,2020104328,(7.3),,,,中団,差し,,446,+6,7.3,聖心台牧場,新ひだか町,シビルウォー,ママノヨリミチ,マンハッタンカフェ,10,4,4,,(美),堀内岳志
新馬,202410060805020402,"2024.10. 6",京都,インフローレ,牝,2,藤岡佑介, 55 ,17,１,芝,1400,A,良,1213,-0.2,,,2,3,34.8,4,50.2,*,50.37,49.2,牝,023,720,,2022102729,360,150,1170,0.2,先行,先行,34.88,444,,3.6,杵臼牧場,浦河町,リオンディーズ,キュイキュイ,ハービンジャー,17,1,2,,(栗),寺島良
新馬,202410060504020404,"2024.10. 6",東京,フェルシナ,牝,2,津村明秀, 55 ,14,２,芝,1600,A,良,1372,0.1,,,5,5,33.3,2,65.1,*,64.97,60.9,,A03,290,,2022105831,(9.1),180,1230,0.9,中団,差し,38.34,444,,9.1,社台コーポレーション白老ファーム,白老町,ルーラーシップ,ヒルダ,ダイワメジャー,14,3,4,,(栗),西園翔太
1勝,202410060404020707,"2024.10. 6",新潟,ストレイトアスク,牝,3,西塚洸二,53☆,18,９,芝,1400,A,良,1218,0.8,,,5,4,35.6,15,47.3,*,48.10,48.1,,002,0,,2021102312,(8.5),,,0.3,先行,先行,34.65,432,-2,8.5,"ASK STUD",平取町,ロードカナロア,ストレイトガール,フジキセキ,18,4,7,,(栗),藤原英昭
1勝,202410060404020310,"2024.10. 6",新潟,ノーブルアクト,牝,4,石田拓郎,53▲,12,５,ダ,1800,,稍,1546,0.9,10,11,10,8,36.9,2,55.3,*,53.63,53.6,牝,023,80,,2020104744,(27.4),,,1.0,中団,中団,38.85,514,-2,27.4,フジワラフアーム,新ひだか町,マクフィ,クイーンロイド,ゼンノロブロイ,12,7,10,,(美),上原博之
未勝利,202410060404020204,"2024.10. 6",新潟,ギザキズラヴ,牝,2,西塚洸二,54☆,15,５,芝,1800,A,良,1486,0.4,,,1,1,36.1,9,50.4,*,53.77,51.5,,003,55,,2022106715,(6.0),,,0.0,逃げ,逃げ,36.25,440,+4,6.0,パカパカファーム,新冠町,キズナ,アップワードスパイラル,Teofilo,15,3,4,,(栗),藤原英昭
未勝利,202410050805010201,"2024.10. 5",京都,バルミラクル,牡,2,田口貫太,55☆,10,４,ダ,1800,,稍,1574,1.9,2,2,4,3,40.6,4,44.6,,48.50,48.1,,003,83,,2022106177,(9.2),,,0.3,先行,先行,38.40,426,-2,9.2,川島牧場,新冠町,マクフィ,ミラクルクロス,フジキセキ,10,1,1,,(栗),河嶋宏樹
新馬,202410050504010503,"2024.10. 5",東京,プロスペクトパーク,牡,2,松山弘平, 56 ,12,９,芝,2000,A,稍,2040,1.6,,5,4,4,34.4,9,61.6,,62.37,62.3,,A03,0,,2022105548,(17.0),,,1.0,先行,先行,38.40,492,,17.0,社台ファーム,千歳市,キズナ,ラブリーベルナデット,Wilburn,12,3,3,*,(美),高柳瑞樹
1勝,202410050404010901,"2024.10. 5",新潟,プリズマジコ,牡,3,秋山稔樹, 56 ,14,４,芝,2000,A,良,1596,0.9,,,10,9,34.1,5,57.5,*,57.80,55.9,,000,170,    0.0,2021106077,(3.3),,,1.0,中団,差し,36.64,448,+2,3.3,大狩部牧場,新冠町,キズナ,グラントリノ,グランデラ,14,1,1,,(栗),高橋義忠
1勝,202410050404010809,"2024.10. 5",新潟,ワークソング,牡,3,柴田裕一,54▲,15,１,ダ,1200,,重,1110,-0.2,,,3,3,36.5,2,44.5,*,44.90,41.9,,000,800,,2021102462,710,210,1000,0.5,先行,先行,34.50,480,-2,7.1,雅牧場,平取町,モーニン,ハッピーラン,フレンチデピュティ,15,5,9,,(栗),牧浦充徳
1勝,202410050404010810,"2024.10. 5",新潟,ライトニングゼウス,牡,3,菊沢一樹, 57 ,15,２,ダ,1200,,重,1112,0.2,,,2,2,37.1,3,41.9,*,44.90,41.9,,000,320,,2021104058,(2.7),140,1000,0.1,先行,先行,34.10,504,+2,2.7,谷岡スタット,新ひだか町,ダンカーク,サクラナスカ,サクラバクシンオー,15,6,10,,(美),勢司和浩
未勝利,202410050404010203,"2024.10. 5",新潟,ロックウイズユー,牡,2,橋木太希,53▲,12,５,ダ,1800,,重,1550,1.5,3,3,3,3,39.5,6,45.6,,47.47,47.8,,A00,55,,2022103143,(5.2),,,0.4,先行,先行,37.75,448,+4,5.2,ビクトリーホースランチ,浦河町,ダノンレジェンド,エステーラブ,マイネルラヴ,12,3,3,,(栗),西園正都
ｵｰﾌﾟﾝ,202410050404010105,"2024.10. 5",新潟,プラチナドリーム,牡,5,黒岩悠, 60 ,12,８,芝,3250,A,稍,3325,1.9,3,3,5,6,13.1,,,,,,,A00,0,,2019106330,(61.9),,,,中団,中団,,476,+2,61.9,千代田牧場,新ひだか町,ホッコータルマエ,サティーヌアロム,シンボリクリスエス,12,5,5,,(栗),平田修
2勝,202409290703091207,"2024. 9.29",中京,プロミシングスター,牡,3,和田竜二, 56 ,16,６,ダ,1400,,稍,1240,0.6,,,5,5,36.6,7,47.1,*,47.47,46.8,,A03,0,,2021103073,(25.9),,,0.4,中団,中団,35.55,448,+10,25.9,富田牧場,浦河町,マジェスティックウォリアー,ファインチョイス,アドマイヤムーン,16,4,7,,(栗),高橋義忠
3勝,202409290703091014,"2024. 9.29",中京,キュールエフウジン,牡,5,藤岡佑介, 58 ,15,７,ダ,1800,,稍,1524,0.6,15,15,12,12,36.0,1,56.1,*,53.30,52.3,,A04,0,    0.0,2019102983,(63.4),,,1.3,後方,後方,38.20,496,0,63.4,木下牧場,新ひだか町,ホッコータルマエ,キュールエアリス,ウォーエンブレム,15,8,14,,(栗),中尾秀正
1勝,202409290703090711,"2024. 9.29",中京,マルモア,牝,3,池添謙一, 54 ,16,11,芝,1600,B,重,1365,1.5,,8,7,6,35.7,11,52.2,,51.73,50.6,,A03,0,,2021105245,(6.1),,,1.3,中団,中団,36.48,416,0,6.1,社台ファーム,千歳市,エピファネイア,マーブルカテドラル,ダイワメジャー,16,6,11,,(栗),松永幹夫
1勝,202409290703090704,"2024. 9.29",中京,キーパフォーマー,牝,3,吉村誠之,51▲,16,12,芝,1600,B,重,1366,1.6,,8,13,16,35.1,4,55.1,*,51.73,50.6,,A03,0,,2021104948,(26.8),,,2.0,後方,後方,36.90,452,-4,26.8,社台ファーム,千歳市,キタサンブラック,アンコールピース,ネオユニヴァース,16,2,4,,(栗),佐々木晶
未勝利,202409290703090202,"2024. 9.29",中京,サリーチェ,牝,2,鮫島克駿, 55 ,9,２,芝,2000,B,重,2073,0.0,4,3,3,3,34.2,1,66.7,*,65.73,65.3,,A03,220,,2022104794,(2.0),110,470,0.3,先行,先行,39.90,472,-12,2.0,ノーザンファーム,安平町,ドゥラメンテ,サロミナ,Lomitas,9,2,2,,(栗),池添学
未勝利,202409290703090105,"2024. 9.29",中京,ザハント,牡,2,団野大成, 55 ,10,３,ダ,1800,,重,1539,0.8,6,7,6,4,38.1,4,49.5,*,50.50,48.8,,A03,140,,2022102929,(2.8),110,,0.7,ﾏｸﾘ,ﾏｸﾘ,37.90,484,-2,2.8,谷口牧場,浦河町,マジェスティックウォリアー,フミノアマゾン,フジキセキ,10,5,5,,(栗),田中克典
1勝,202409290604090615,"2024. 9.29",中山,ベニシア,牝,3,野中悠太, 54 ,16,８,ダ,1200,,良,1121,1.1,,,12,12,36.4,2,48.1,*,42.17,41.9,,003,0,,2021100662,(28.5),,,1.7,後方,後方,35.70,436,+10,28.5,上山牧場,浦河町,ヘニーヒューズ,フクシア,ゴールドアリュール,16,8,15,,(美),加藤士津
新馬,202409290604090310,"2024. 9.29",中山,カシオペア,牡,2,ルメール, 55 ,16,12,芝,1200,C,良,1111,1.8,,,12,13,34.6,6,55.5,,51.00,51.5,,A03,0,,2022106203,(6.0),,,1.6,後方,後方,36.50,526,,6.0,小泉牧場,新冠町,ビッグアーサー,リトルアマポーラ,アグネスタキオン,16,5,10,,(美),上原佑紀
新馬,202409280703080504,"2024. 9.28",中京,スイッチビスケット,牡,2,丸山元気, 55 ,17,５,芝,2000,B,良,2045,0.9,4,4,5,4,35.1,6,59.2,*,62.07,60.2,,A03,72,,2022106295,(133.2),,,0.4,先行,先行,38.31,466,,133.2,シンユウフアーム,新冠町,サトノクラウン,ジュエルトウショウ,アグネスタキオン,17,2,4,,(栗),森田直行
新馬,202409280703080416,"2024. 9.28",中京,ミスティマウンテン,牡,2,幸英明, 55 ,16,８,ダ,1800,,良,1557,2.2,15,15,11,10,39.7,5,45.7,*,46.27,46.3,,A03,0,,2022101684,(78.6),,,1.3,中団,中団,38.00,450,,78.6,ダーレー・ジャパン・ファーム,日高町,サンダースノー,ブルーミスト,スクリーンヒーロー,16,8,16,,(美),池上昌和
3勝,202409280604081102,"2024. 9.28",中山,エンヤラヴフェイス,牡,3,佐々木大, 56 ,16,12,芝,1600,C,良,1345,1.2,,3,5,5,35.1,14,51.5,,53.50,53.2,,A04,0,    0.0,2021101737,(34.9),,,0.4,中団,中団,35.64,500,+10,34.9,チャンピオンズファーム,新ひだか町,エイシンヒカリ,タイキアプローズ,"Devil's Bag",15,1,2,,(栗),森田直行
新馬,202409280604080504,"2024. 9.28",中山,ニシノエピカリ,牝,2,津村明秀, 55 ,16,２,芝,1600,C,良,1363,0.3,,2,3,3,35.5,6,52.8,*,54.17,51.8,牝,023,290,,2022100724,(8.7),170,3420,0.4,先行,先行,36.48,414,,8.7,田上徹,新ひだか町,フィエールマン,シーソルティキッス,キングカメハメハ,15,2,4,,(美),手塚貴久
新馬,202409280604080502,"2024. 9.28",中山,カリーン,牝,2,大野拓弥, 55 ,16,５,芝,1600,C,良,1366,0.6,,5,5,5,35.6,9,52.8,*,54.17,51.8,牝,023,72,,2022105532,(16.2),,,0.6,中団,中団,36.60,452,,16.2,社台ファーム,千歳市,デクラレーションオブウォー,ムニラー,"Kitten's Joy",15,1,2,,(美),蛯名正義
未勝利,202409280604080314,"2024. 9.28",中山,トルショー,牡,2,モレイラ, 55 ,16,１,ダ,1800,,良,1546,-0.4,3,3,2,2,38.7,2,48.1,*,48.63,47.3,,A03,550,,2022103766,370,140,1400,0.2,先行,先行,37.95,464,-4,3.7,グランド牧場,新ひだか町,シニスターミニスター,ハヤブサエミネンス,"Medaglia d'Oro",16,7,14,,(美),伊藤圭三
Ｇ２,202409220703071102,"2024. 9.22",中京,バッデレイト,牡,3,岩田望来, 57 ,15,７,芝,2200,B,稍,2130,1.2,8,8,5,3,36.2,10,50.3,,51.77,49.8,牡牝,N41,0,    0.0,2021102728,(12.0),,,1.0,先行,先行,36.30,468,+2,12.0,杵臼牧場,浦河町,サトノダイヤモンド,ビーウインド,スピニングワールド,14,2,2,,(栗),上村洋行
新馬,202409220703070503,"2024. 9.22",中京,サイモンイロハニー,牝,2,西村淳也, 55 ,11,７,芝,2000,B,良,2060,1.7,4,5,7,6,35.2,6,60.6,,63.93,62.9,,003,0,,2022104164,(74.3),,,0.7,中団,中団,38.91,416,,74.3,千代田牧場,新ひだか町,ゴールドシップ,ブライテストリング,ダノンシャンティ,11,3,3,,(栗),吉田直弘
未勝利,202409220703070306,"2024. 9.22",中京,イリフィ,牝,2,鮫島克駿, 55 ,18,４,芝,1400,B,良,1227,0.8,,,8,6,36.6,5,44.5,*,44.27,42.4,,A03,83,,2022110077,(37.4),,,0.9,中団,差し,34.58,418,+4,37.4,"Stonethorn Stud Farm Ltd.",愛,"Too Darn Hot",Trethias,"Invincible Spirit",18,3,6,,(栗),高野友和
未勝利,202409220703070312,"2024. 9.22",中京,シンゼンカガ,牡,2,角田大和, 55 ,18,８,芝,1400,B,良,1234,1.5,,,14,14,36.2,2,47.8,*,44.27,42.4,,A03,0,,2022105345,(46.9),,,2.0,後方,後方,35.40,428,-2,46.9,社台ファーム,千歳市,トーセンラー,シアン,"Smart Strike",18,6,12,,(栗),荒川義之
未勝利,202409220703070207,"2024. 9.22",中京,バルミラクル,牡,2,田口貫太,54☆,11,４,ダ,1800,,良,1574,2.1,4,6,5,6,40.8,5,43.9,,46.10,47.8,,003,83,,2022106177,(26.1),,,0.3,中団,差し,38.30,428,+12,26.1,川島牧場,新冠町,マクフィ,ミラクルクロス,フジキセキ,11,6,7,,(栗),河嶋宏樹
未勝利,202409220703070111,"2024. 9.22",中京,パープルアドミラル,牡,4,金子光希, 60 ,13,５,芝,3000,B,良,3229,1.6,3,5,4,4,13.5,,,,,,,A00,79,,2020104328,(54.3),,,,先行,先行,,440,0,54.3,聖心台牧場,新ひだか町,シビルウォー,ママノヨリミチ,マンハッタンカフェ,13,7,11,,(美),堀内岳志
1勝,202409220604070803,"2024. 9.22",中山,ゲキザル,牡,5,大江原比,54★,16,３,ダ,1200,,良,1121,0.5,,,15,14,37.1,1,44.3,*,42.63,39.4,,003,200,,2019102102,(8.5),210,,1.2,後方,追込,35.00,474,0,8.5,広富牧場,日高町,ザファクター,トゥモローズライト,アフリート,16,2,3,,(美),青木孝文
2勝,202409210703061016,"2024. 9.21",中京,メイショウミリオレ,牝,3,高杉吏麒, 52 ,16,13,芝,1200,B,良,1096,1.2,,,12,13,34.0,6,54.7,,53.00,50.0,,A03,0,    0.0,2021103278,(9.6),,,1.4,後方,後方,35.60,486,-8,9.6,三嶋牧場,浦河町,ルーラーシップ,メイショウメイゲツ,ディープインパクト,16,8,16,,(栗),藤岡健一
1勝,202409210703060913,"2024. 9.21",中京,アメリカンチケット,牡,3,シュタル, 56 ,14,１,ダ,1200,,良,1113,-0.7,,,1,1,36.9,5,43.2,*,43.33,43.2,,A03,800,,2021110122,460,210,1980,0.0,逃げ,逃げ,34.40,494,-6,4.6,"Triemore Stud",米,Justify,"A Z Warrior",Bernardini,13,8,13,,(栗),藤原英昭
未勝利,202409210703060311,"2024. 9.21",中京,ブレイジングスター,牡,2,永島まな,53◇,16,８,ダ,1400,,良,1269,1.7,,,10,12,39.3,8,40.8,,41.37,41.4,,A03,0,,2022103644,(22.8),,,0.8,後方,後方,35.70,478,+2,22.8,岡野牧場,新ひだか町,モーニン,ヴァーチュスター,"Symboli Kris S",16,6,11,,(栗),高橋康之
ｵｰﾌﾟﾝ,202409210604060802,"2024. 9.21",中山,ピーターサイト,牡,4,上野翔, 60 ,12,４,芝,3210,C,良,3319,2.6,2,2,4,4,13.2,,,,,,,A00,250,    0.0,2020105611,(51.0),,,,先行,先行,,472,-2,51.0,ノースヒルズ,新冠町,ワンアンドオンリー,ヴィクトリアアイ,ブライアンズタイム,12,2,2,,(美),村田一誠
1勝,202409210604060708,"2024. 9.21",中山,タリスマン,牡,3,伊藤工真, 55 ,14,11,ダ,1800,,良,1564,2.2,5,5,4,5,39.6,12,47.0,,50.93,51.1,,A03,0,,2021104618,(13.2),,,0.4,中団,中団,38.40,472,+4,13.2,リトルブルーファーム,清水町,タリスマニック,クロエチャン,スパイキュール,14,5,8,,(美),金成貴史
1勝,202409160703050816,"2024. 9.16",中京,ストレイトアスク,牝,3,西塚洸二,53☆,18,５,芝,1400,B,良,1214,0.3,,,3,2,34.8,12,50.4,*,52.57,50.3,,A03,80,,2021102312,(11.3),,,0.2,先行,先行,34.95,434,-2,11.3,"ASK STUD",平取町,ロードカナロア,ストレイトガール,フジキセキ,18,8,16,,(栗),藤原英昭
未勝利,202409160703050312,"2024. 9.16",中京,シャインバオバブ,牡,2,和田竜二, 55 ,12,９,芝,2000,B,良,2034,1.9,3,3,2,2,37.6,11,47.8,,54.70,52.2,,A03,0,,2022106180,(43.4),,,0.2,先行,先行,36.77,490,-12,43.4,川島牧場,新冠町,シルバーステート,レユシット,ルーラーシップ,12,8,12,,(栗),本田優
1勝,202409160604050706,"2024. 9.16",中山,レボルシオン,牡,3,菅原明良, 55 ,11,10,ダ,1800,,良,1581,4.0,8,8,10,10,42.0,10,40.6,,43.57,43.3,,003,0,,2021103500,(15.0),,,1.8,後方,後方,38.05,516,0,15.0,岡田スタツド,新ひだか町,キタサンブラック,シルヴァーコード,スウェプトオーヴァーボード,11,6,6,,(美),蛯名正義
1勝,202409150703040810,"2024. 9.15",中京,レーウィン,セ,3,岩田康誠, 55 ,12,４,ダ,1800,,重,1515,1.0,8,9,2,3,37.7,5,47.9,*,50.10,50.1,,A03,120,,2021100734,(7.1),,,0.1,ﾏｸﾘ,ﾏｸﾘ,36.90,506,0,7.1,高昭牧場,浦河町,ヘニーヒューズ,フジインザスカイ,ディープスカイ,12,7,10,,(栗),上村洋行
1勝,202409150703040707,"2024. 9.15",中京,ワークソング,牡,3,西村淳也, 56 ,13,５,ダ,1200,,重,1105,0.7,,,7,7,35.8,5,46.9,*,45.33,45.5,,003,80,,2021102462,(9.3),,,0.6,中団,中団,34.70,482,-2,9.3,雅牧場,平取町,モーニン,ハッピーラン,フレンチデピュティ,13,5,7,,(栗),牧浦充徳
新馬,202409150703040406,"2024. 9.15",中京,ザハント,牡,2,浜中俊, 55 ,9,２,ダ,1800,,重,1542,0.3,5,5,2,2,39.9,4,43.1,*,46.07,43.5,,003,290,,2022102929,(11.3),330,22390,0.0,先行,先行,37.15,486,,11.3,谷口牧場,浦河町,マジェスティックウォリアー,フミノアマゾン,フジキセキ,9,6,6,,(栗),田中克典
新馬,202409150703040407,"2024. 9.15",中京,ロックウイズユー,牡,2,橋木太希,52▲,9,３,ダ,1800,,重,1544,0.5,6,6,6,5,39.4,2,45.2,*,46.07,43.5,,003,180,,2022103143,(9.9),300,,0.7,中団,差し,37.50,444,,9.9,ビクトリーホースランチ,浦河町,ダノンレジェンド,エステーラブ,マイネルラヴ,9,7,7,,(栗),西園正都
未勝利,202409150703040301,"2024. 9.15",中京,パリコレジェンヌ,牝,2,和田竜二, 55 ,8,３,芝,1200,B,稍,1101,0.6,,,1,1,35.9,5,45.3,*,48.33,46.9,,A03,140,,2022104501,(2.9),130,,0.0,逃げ,逃げ,34.20,456,+10,2.9,前谷牧場,新ひだか町,ミスターメロディ,ビオレイメル,ワイルドラッシュ,8,1,1,,(栗),鈴木孝志
新馬,202409150604040404,"2024. 9.15",中山,フウセツ,牡,2,津村明秀, 55 ,16,６,芝,1200,B,良,1098,0.8,,,5,4,34.5,9,52.3,*,52.23,52.3,,003,0,,2022101626,(9.7),,,0.4,先行,先行,35.30,478,,9.7,ダーレー・ジャパン・ファーム,日高町,サンダースノー,アプト,アドマイヤムーン,16,2,4,,(美),鈴木慎太
1勝,202409140703031214,"2024. 9.14",中京,スターチスブーケ,牝,3,吉村誠之,51▲,15,10,ダ,1400,,良,1251,1.5,,,11,12,37.3,5,46.1,*,43.37,43.1,,A03,0,,2021110075,(41.4),,,1.5,後方,後方,35.85,494,-6,41.4,"Gerty Bloodstock",米,"Practical Joke","Sovereign Halo",Haynesfield,15,8,14,,(栗),清水久詞
ＪＧ３,202409140703030805,"2024. 9.14",中京,プラチナドリーム,牡,5,黒岩悠, 60 ,12,10,芝,3330,B,良,3421,3.1,9,9,10,10,13.3,,,,,,,A00,0,    0.0,2019106330,(26.0),,,,後方,後方,,474,+4,26.0,千代田牧場,新ひだか町,ホッコータルマエ,サティーヌアロム,シンボリクリスエス,12,5,5,,(栗),平田修
1勝,202409140703030702,"2024. 9.14",中京,ペレグリン,牝,3,永島まな,52◇,15,７,ダ,1200,,良,1121,0.5,,,1,1,37.6,11,41.8,*,45.40,43.0,牝,023,0,,2021100906,(4.9),,,0.0,逃げ,逃げ,34.50,430,-6,4.9,バンブー牧場,浦河町,バンブーエール,フラミンゴ,マルカシェンク,15,2,2,,(栗),河嶋宏樹
新馬,202409140703030503,"2024. 9.14",中京,レインオンミー,牡,2,川田将雅, 55 ,11,６,芝,1400,B,良,1226,0.4,,,10,9,33.9,1,57.7,*,56.87,54.7,,003,0,,2022104117,(6.1),,,0.8,後方,後方,36.53,470,,6.1,千代田牧場,新ひだか町,リアルスティール,アルマリンピア,タイキシャトル,11,3,3,,(栗),福永祐一
未勝利,202409140703030304,"2024. 9.14",中京,ハリウッドメモリー,牝,2,川田将雅, 55 ,15,５,芝,1600,B,良,1347,0.4,,3,4,3,35.3,9,51.0,*,51.53,50.7,牝,023,55,,2022100632,(2.0),,,0.3,先行,先行,35.64,446,-2,2.0,ケイアイファーム,新ひだか町,ロードカナロア,スピニングワイルドキャット,"Hard Spun",15,3,4,,(栗),長谷川浩
未勝利,202409140703030309,"2024. 9.14",中京,ギザキズラヴ,牝,2,北村友一, 55 ,15,９,芝,1600,B,良,1351,0.8,,2,2,2,35.8,14,49.4,*,51.53,50.7,牝,023,0,,2022106715,(14.3),,,0.2,先行,先行,35.58,436,-4,14.3,パカパカファーム,新冠町,キズナ,アップワードスパイラル,Teofilo,15,5,9,,(栗),藤原英昭
1勝,202409140604031210,"2024. 9.14",中山,プリズマジコ,牡,3,秋山稔樹, 55 ,15,３,芝,1800,B,良,1477,0.5,9,9,9,8,33.9,3,58.8,*,57.97,57.2,,A00,200,,2021106077,(6.6),340,,0.7,中団,差し,36.90,446,-8,6.6,大狩部牧場,新冠町,キズナ,グラントリノ,グランデラ,15,6,10,,(栗),高橋義忠
1勝,202409080703021211,"2024. 9. 8",中京,スターチスブーケ,牝,3,鮫島克駿, 54 ,13,９,ダ,1400,,良,1259,1.7,,,7,7,38.7,10,41.5,,44.27,42.5,,A03,0,,2021110075,(21.8),,,0.7,中団,中団,35.40,500,+2,21.8,"Gerty Bloodstock",米,"Practical Joke","Sovereign Halo",Haynesfield,13,7,11,,(栗),清水久詞
1勝,202409080604020609,"2024. 9. 8",中山,ゲキザル,牡,5,大江原比,54★,16,４,ダ,1200,,良,1118,0.7,,,14,13,35.6,1,51.7,*,45.63,42.7,,003,120,,2019102102,(10.1),,,2.0,後方,追込,36.20,474,+6,10.1,広富牧場,日高町,ザファクター,トゥモローズライト,アフリート,16,5,9,*,(美),青木孝文
1勝,202409080604020403,"2024. 9. 8",中山,ノーブルアクト,牝,4,石田拓郎,53▲,16,９,ダ,1800,,良,1549,1.2,13,13,11,11,39.8,7,44.3,,45.80,44.3,牝,023,0,,2020104744,(21.2),,,0.8,後方,後方,37.55,516,+2,21.2,フジワラフアーム,新ひだか町,マクフィ,クイーンロイド,ゼンノロブロイ,16,2,3,,(美),上原博之
1勝,202409070703010804,"2024. 9. 7",中京,ガットネロ,牝,4,岩田望来, 56 ,18,３,芝,1200,A,良,1086,0.3,,,9,8,34.0,6,51.8,*,51.30,48.0,,A03,200,,2020105073,(4.8),180,,0.8,中団,差し,34.60,490,+8,4.8,大狩部牧場,新冠町,アメリカンペイトリオット,ブラックシュガー,ブラックタイド,18,2,4,,(栗),上村洋行
1勝,202409070703010601,"2024. 9. 7",中京,ミルミナーヴァ,牝,3,橋木太希,51▲,14,７,ダ,1200,,良,1131,1.2,,,10,11,36.6,4,49.7,*,47.67,48.1,,003,0,,2021106332,(1.5),,,0.9,後方,後方,36.50,484,0,1.5,高瀬牧場,新冠町,ヘニーヒューズ,ランミネルバ,アグネスタキオン,14,1,1,,(栗),西園正都
2勝,202409070604011003,"2024. 9. 7",中山,モズトキキ,牝,3,亀田温心, 54 ,11,２,芝,1200,B,良,1068,0.0,,,4,3,33.0,3,52.4,*,54.17,50.0,,A04,620,    6.6,2021102914,(5.8),200,2240,0.4,先行,先行,33.80,548,-4,5.8,谷川牧場,浦河町,グランプリボス,モズジャカランダ,Congrats,10,3,3,,(栗),村山明
1勝,202409010702080816,"2024. 9. 1",中京,ララバッカナール,牝,3,団野大成, 53 ,18,２,芝,1400,A,重,1213,0.1,,,3,3,34.6,8,51.2,*,51.53,50.0,,A04,320,,2021107097,(13.0),370,2830,0.3,先行,先行,35.03,456,-2,13.0,森永聡,新冠町,ヘニーヒューズ,ゴッドダンシング,ダンスインザダーク,18,8,16,,(栗),斉藤崇史
1勝,202409010403080812,"2024. 9. 1",新潟,タリスマン,牡,3,伊藤工真, 55 ,12,３,ダ,1800,,良,1532,0.3,1,1,1,1,38.2,4,48.2,*,49.67,48.9,,A03,200,,2021104618,(14.4),230,,0.0,逃げ,逃げ,37.50,468,+4,14.4,リトルブルーファーム,清水町,タリスマニック,クロエチャン,スパイキュール,12,8,12,,(美),金成貴史
未勝利,202409010403080409,"2024. 9. 1",新潟,ビーンスターク,牡,3,戸崎圭太, 57 ,18,９,芝,2200,A,良,2146,0.5,2,2,2,4,36.5,10,50.8,*,52.80,51.8,,003,0,,2021103578,(6.7),,,0.1,先行,先行,36.79,466,-2,6.7,岡田牧場,新ひだか町,ロジャーバローズ,アートオブビーン,アグネスデジタル,18,5,9,,(美),栗田徹
未勝利,202409010102080404,"2024. 9. 1",札幌,ブライティアダイヤ,牝,3,永野猛蔵, 55 ,16,１,芝,1200,C,稍,1101,-0.0,,,8,7,34.9,2,50.9,*,48.93,45.3,,A03,385,,2021102468,1060,760,15900,1.0,中団,差し,35.20,462,-2,21.2,雅牧場,平取町,サトノアラジン,ブライティアナイル,アドマイヤベガ,16,2,4,,(美),稲垣幸雄
未勝利,202408310702070715,"2024. 8.31",中京,マルモア,牝,3,Ｍ．デム, 55 ,16,１,芝,1600,A,不,1399,-0.1,,10,5,6,36.6,3,53.8,*,52.53,52.0,,A00,550,,2021105245,1160,310,3080,0.4,中団,差し,37.98,416,-4,11.6,社台ファーム,千歳市,エピファネイア,マーブルカテドラル,ダイワメジャー,16,8,15,,(栗),松永幹夫
未勝利,202408310702070705,"2024. 8.31",中京,ピースフルワールド,牝,3,吉村誠之,52▲,16,13,芝,1600,A,不,1423,2.4,,8,12,12,38.3,13,50.3,,52.53,52.0,,A00,0,,2021102483,(284.9),,,1.1,後方,後方,38.40,440,+10,284.9,寺井文秀,えりも町,マインドユアビスケッツ,ブリリアントピース,アグネスタキオン,16,3,5,,(栗),吉村圭司
未勝利,202408310702070204,"2024. 8.31",中京,シンゼンカガ,牡,2,角田大和,54☆,9,４,芝,1400,A,重,1240,1.1,,,3,2,36.6,5,47.1,,48.63,49.2,,A00,83,,2022105345,(14.9),,,0.2,先行,先行,35.55,430,-4,14.9,社台ファーム,千歳市,トーセンラー,シアン,"Smart Strike",8,4,4,,(栗),荒川義之
未勝利,202408310403070717,"2024. 8.31",新潟,ローンウルフ,牡,3,小崎綾也, 57 ,18,８,芝,1800,A,良,1489,2.1,,,4,4,36.2,9,50.4,,58.07,52.1,,003,0,,2021104112,(54.6),,,1.0,先行,先行,36.35,458,-2,54.6,千代田牧場,新ひだか町,リアルインパクト,シェリレーヌ,Mineshaft,18,8,17,,(美),武市康男
未勝利,202408310403070108,"2024. 8.31",新潟,パープルアドミラル,牡,4,中村将之, 60 ,10,５,芝,2850,A,良,3118,5.9,7,7,7,6,13.5,,,,,,,A00,79,,2020104328,(128.8),,,,中団,中団,,440,+2,128.8,聖心台牧場,新ひだか町,シビルウォー,ママノヨリミチ,マンハッタンカフェ,10,7,8,,(美),堀内岳志
1勝,202408310102070808,"2024. 8.31",札幌,ノーブルスカイ,牡,3,鮫島克駿, 55 ,16,１,芝,2000,C,重,2039,-0.5,1,1,1,1,36.6,2,52.2,*,52.00,52.2,,A04,800,,2021102256,1120,220,2720,0.0,逃げ,逃げ,37.41,466,-2,11.2,エトルタファーム,日高町,ネオユニヴァース,ホウショウワールド,"Sky Classic",16,4,8,,(栗),高柳大輔
1勝,202408310102070801,"2024. 8.31",札幌,セイウンパシュート,牡,4,池添謙一, 58 ,16,14,芝,2000,C,重,2056,1.7,5,5,4,6,37.9,13,49.2,,52.00,52.2,,A04,0,,2020100233,(5.6),,,0.4,中団,中団,37.59,470,+8,5.6,田上徹,新ひだか町,ハーツクライ,シーソルティキッス,キングカメハメハ,16,1,1,,(美),上原博之
1勝,202408310102070713,"2024. 8.31",札幌,ロードブレイズ,牡,3,横山和生, 55 ,14,８,ダ,1700,,重,1457,1.6,5,6,5,6,38.4,11,45.6,,48.37,47.3,,003,0,,2021100162,(2.5),,,0.6,中団,中団,36.71,498,+4,2.5,ケイアイファーム,新ひだか町,ロードカナロア,ブリュネット,ダイワメジャー,14,8,13,,(美),稲垣幸雄
1勝,202408310102070604,"2024. 8.31",札幌,ペレグリン,牝,3,鮫島克駿, 54 ,12,４,ダ,1000,,重,0589,0.4,,,1,1,35.9,8,46.1,*,50.07,47.2,,003,120,,2021100906,(4.6),,,0.0,逃げ,逃げ,34.50,436,+4,4.6,バンブー牧場,浦河町,バンブーエール,フラミンゴ,マルカシェンク,11,4,4,,(栗),河嶋宏樹
未勝利,202408310102070306,"2024. 8.31",札幌,アラタマフェーヴル,牡,3,北村友一, 57 ,16,１,芝,2000,C,重,2026,-0.7,1,1,1,2,37.0,2,49.2,*,48.23,49.2,,A03,550,,2021102115,780,290,1790,0.0,逃げ,逃げ,36.69,486,-4,7.8,槇本牧場,日高町,オルフェーヴル,アラタマクリスエス,シンボリクリスエス,16,3,6,,(栗),浜田多実
1勝,202408250702061212,"2024. 8.25",中京,ワークソング,牡,3,西村淳也, 56 ,15,４,ダ,1200,,良,1123,0.7,,,10,9,37.0,3,45.4,*,46.03,43.0,,A03,120,,2021102462,(64.3),,,0.8,中団,差し,35.30,484,0,64.3,雅牧場,平取町,モーニン,ハッピーラン,フレンチデピュティ,15,7,12,,(栗),牧浦充徳
1勝,202408250702061203,"2024. 8.25",中京,アメリカンチケット,牡,3,西塚洸二,55☆,15,13,ダ,1200,,良,1132,1.6,,,1,1,38.7,14,39.1,,46.03,43.0,,A03,0,,2021110122,(5.2),,,0.0,逃げ,逃げ,34.50,500,+4,5.2,"Triemore Stud",米,Justify,"A Z Warrior",Bernardini,15,2,3,,(栗),藤原英昭
2勝,202408250702060902,"2024. 8.25",中京,プラチナドリーム,牡,5,Ｍ．デム, 58 ,16,10,ダ,1800,,良,1545,2.3,15,15,15,15,38.0,4,50.7,*,53.83,50.8,,A04,0,    0.0,2019106330,(64.1),,,1.5,後方,後方,38.25,470,+2,64.1,千代田牧場,新ひだか町,ホッコータルマエ,サティーヌアロム,シンボリクリスエス,16,1,2,,(栗),平田修
未勝利,202408250702060308,"2024. 8.25",中京,テイクザクラウン,牡,3,Ｍ．デム, 57 ,18,11,芝,2200,A,良,2142,1.0,15,15,13,13,35.9,8,52.7,*,53.57,50.9,,A03,0,,2021102379,(2.1),,,1.2,後方,後方,36.86,440,+8,2.1,二風谷ファーム,平取町,サトノクラウン,アムールレジェンド,ディープインパクト,18,4,8,,(栗),吉村圭司
未勝利,202408250702060102,"2024. 8.25",中京,モンテディアーナ,牝,2,菱田裕二, 55 ,13,２,芝,1400,A,良,1220,0.0,,,3,3,35.8,4,46.8,*,46.97,45.8,牝,023,220,,2022104597,(3.1),130,590,0.2,先行,先行,34.65,460,+4,3.1,ノーザンファーム,安平町,ドレフォン,アズールムーン,"Malibu Moon",13,2,2,,(栗),四位洋文
未勝利,202408250403060707,"2024. 8.25",新潟,ビーンスターク,牡,3,永島まな,55◇,18,４,芝,2000,A,良,2018,0.3,2,2,2,2,36.2,10,51.3,*,54.20,51.4,,A03,83,,2021103578,(11.5),,,0.2,先行,先行,36.69,468,-6,11.5,岡田牧場,新ひだか町,ロジャーバローズ,アートオブビーン,アグネスデジタル,18,4,7,,(美),栗田徹
未勝利,202408250403060103,"2024. 8.25",新潟,ピーターサイト,牡,4,上野翔, 60 ,8,１,芝,2850,A,良,3107,-0.0,1,1,1,1,13.4,,,,,,,A00,790,,2020105611,220,110,200,,逃げ,逃げ,,474,-2,2.2,ノースヒルズ,新冠町,ワンアンドオンリー,ヴィクトリアアイ,ブライアンズタイム,8,3,3,,(美),村田一誠
未勝利,202408250102060609,"2024. 8.25",札幌,アラタマフェーヴル,牡,3,松山弘平, 57 ,16,４,芝,2000,C,良,2011,0.4,2,2,2,3,36.2,4,50.5,*,52.90,50.8,,003,83,,2021102115,(32.1),,,0.2,先行,先行,36.39,490,-2,32.1,槇本牧場,日高町,オルフェーヴル,アラタマクリスエス,シンボリクリスエス,15,5,9,,(栗),浜田多実
1勝,202408240702051215,"2024. 8.24",中京,ガットネロ,牝,4,岩田望来, 56 ,18,５,芝,1400,A,良,1203,0.4,,,5,3,34.7,8,48.6,*,53.03,48.2,牝,023,80,,2020105073,(66.0),,,0.3,先行,先行,34.20,482,0,66.0,大狩部牧場,新冠町,アメリカンペイトリオット,ブラックシュガー,ブラックタイド,18,7,15,,(栗),上村洋行
1勝,202408240702051210,"2024. 8.24",中京,ストレイトアスク,牝,3,西塚洸二,52☆,18,13,芝,1400,A,良,1215,1.6,,,14,11,35.2,11,48.7,,53.03,48.2,牝,023,0,,2021102312,(16.9),,,1.0,中団,中団,34.73,436,+12,16.9,"ASK STUD",平取町,ロードカナロア,ストレイトガール,フジキセキ,18,5,10,,(栗),藤原英昭
1勝,202408240403051202,"2024. 8.24",新潟,ライトニングゼウス,牡,3,石橋脩, 56 ,15,３,ダ,1200,,良,1119,0.6,,,4,3,37.2,5,43.3,*,42.23,41.7,,A03,200,,2021104058,(15.0),320,,0.6,先行,先行,34.70,502,-2,15.0,谷岡スタット,新ひだか町,ダンカーク,サクラナスカ,サクラバクシンオー,15,2,2,,(美),勢司和浩
1勝,202408240102051210,"2024. 8.24",札幌,シャンデルナゴル,牡,4,ホー, 58 ,10,２,ダ,1700,,良,1471,0.4,2,3,3,2,38.4,3,47.6,*,48.37,47.8,,003,440,    8.2,2020103193,(5.5),130,450,0.2,先行,先行,37.47,498,+4,5.5,ノーザンファーム,安平町,サトノダイヤモンド,アガルタ,キングカメハメハ,10,8,10,,(栗),石坂公一
1勝,202408240102050903,"2024. 8.24",札幌,ペリプルス,牡,4,永野猛蔵, 58 ,14,５,芝,2600,C,良,2429,0.9,5,5,4,4,37.0,9,52.1,*,55.17,53.5,,A03,111,    0.0,2020105796,(50.4),,,0.3,先行,先行,37.77,440,+6,50.4,ビッグレッドファーム,新冠町,ゴールドシップ,マイネリベルタス,コンデュイット,14,3,3,,(美),佐藤吉勝
1勝,202408240102050706,"2024. 8.24",札幌,エイトスターズ,牝,4,ルメール, 56 ,14,２,芝,1800,C,良,1483,0.0,9,8,6,5,35.5,2,52.5,*,52.67,50.8,,003,320,,2020103772,(7.5),250,4040,0.4,中団,差し,36.40,474,-4,7.5,レイクヴィラファーム,洞爺湖町,ジャスタウェイ,インザスポットライト,"Exceed And Excel",14,4,6,,(栗),坂口智康
未勝利,202408240102050604,"2024. 8.24",札幌,ブライティアダイヤ,牝,3,永野猛蔵, 55 ,14,４,芝,1500,C,良,1290,0.4,,1,1,1,35.6,7,50.0,*,52.00,51.1,,A03,83,,2021102468,(14.8),,,0.0,逃げ,逃げ,35.60,464,0,14.8,雅牧場,平取町,サトノアラジン,ブライティアナイル,アドマイヤベガ,14,3,4,,(美),稲垣幸雄
新馬,202408240102050506,"2024. 8.24",札幌,トルショー,牡,2,モレイラ, 55 ,12,３,ダ,1700,,良,1506,0.6,3,3,2,2,40.0,3,46.3,*,48.03,47.7,,A03,180,,2022103766,(5.9),450,,0.0,先行,先行,38.51,468,,5.9,グランド牧場,新ひだか町,シニスターミニスター,ハヤブサエミネンス,"Medaglia d'Oro",12,5,6,,(美),伊藤圭三
未勝利,202408240102050410,"2024. 8.24",札幌,アイウィル,牡,3,北村友一, 57 ,14,１,ダ,1700,,良,1471,-0.7,3,3,3,2,38.8,1,46.0,*,44.93,44.9,,003,550,,2021103502,370,150,510,0.3,先行,先行,37.25,518,+4,3.7,岡田スタツド,新ひだか町,ドレフォン,ジュリーハーツ,ハーツクライ,14,6,10,,(美),高木登
1勝,202408180702041213,"2024. 8.18",中京,クリノオリーブ,牝,3,幸英明, 54 ,16,２,ダ,1200,,良,1116,0.2,,,2,2,36.9,5,44.0,*,44.57,44.0,,003,320,,2021102259,(5.4),180,1200,0.1,先行,先行,34.70,460,-2,5.4,横井哲,日高町,ニューイヤーズデイ,クリノラホール,ダイワメジャー,16,7,13,,(栗),谷潔
1勝,202408180403041215,"2024. 8.18",新潟,ノーブルアクト,牝,4,石田拓郎,53▲,15,４,ダ,1800,,良,1538,0.7,7,7,6,6,38.7,5,47.0,*,47.20,44.6,,A03,120,,2020104744,(64.1),,,1.1,中団,差し,37.55,514,+12,64.1,フジワラフアーム,新ひだか町,マクフィ,クイーンロイド,ゼンノロブロイ,15,8,15,,(美),上原博之
2勝,202408180403041006,"2024. 8.18",新潟,バッデレイト,牡,3,ルメール, 55 ,14,２,芝,2200,A,良,2119,0.0,3,3,3,3,34.7,2,55.0,*,54.40,52.6,,A04,620,    9.2,2021102728,(2.4),110,390,0.6,先行,先行,36.45,466,+8,2.4,杵臼牧場,浦河町,サトノダイヤモンド,ビーウインド,スピニングワールド,13,4,6,,(栗),上村洋行
新馬,202408180403040511,"2024. 8.18",新潟,パッションリッチ,牡,2,菅原明良, 55 ,12,１,芝,1800,A,良,1495,-0.2,,,2,2,34.5,2,58.7,*,59.00,58.7,,003,720,,2022105390,2450,250,10450,0.0,先行,先行,37.50,476,,24.5,社台ファーム,千歳市,ドゥラメンテ,セータコローナ,"Distorted Humor",12,8,11,,(美),久保田貴
未勝利,202408180403040205,"2024. 8.18",新潟,シュガーハイ,牡,2,三浦皇成, 55 ,10,９,芝,1800,A,良,1506,2.4,,,5,5,35.8,8,54.5,,59.20,59.6,,A03,0,,2022104177,(83.3),,,0.5,中団,中団,37.40,496,-4,83.3,千代田牧場,新ひだか町,リオンディーズ,ミリオンセラー2,"A.P. Indy",10,5,5,,(美),加藤士津
2勝,202408180102041014,"2024. 8.18",札幌,メイショウミリオレ,牝,3,高杉吏麒, 54 ,16,６,芝,1200,C,良,1086,0.3,,,14,13,34.1,1,51.2,*,47.53,45.1,牝,023,0,    0.0,2021103278,(15.7),,,1.2,後方,後方,34.50,494,+12,15.7,三嶋牧場,浦河町,ルーラーシップ,メイショウメイゲツ,ディープインパクト,16,7,14,,(栗),藤岡健一
1勝,202408180102040703,"2024. 8.18",札幌,エイトスターズ,牝,4,武豊, 56 ,13,９,芝,2000,C,良,2023,1.1,12,12,12,11,35.4,3,55.2,*,55.10,54.3,牝,023,0,,2020103772,(9.0),,,1.0,後方,後方,37.24,478,0,9.0,レイクヴィラファーム,洞爺湖町,ジャスタウェイ,インザスポットライト,"Exceed And Excel",13,3,3,,(栗),坂口智康
未勝利,202408170702030707,"2024. 8.17",中京,マルモア,牝,3,Ｍ．デム, 55 ,16,４,芝,1600,A,良,1334,0.3,,11,10,8,34.2,3,53.9,*,53.13,51.4,,A03,83,,2021105245,(5.4),,,0.7,中団,差し,35.52,420,+6,5.4,社台ファーム,千歳市,エピファネイア,マーブルカテドラル,ダイワメジャー,16,4,7,,(栗),松永幹夫
新馬,202408170702030505,"2024. 8.17",中京,ハリウッドメモリー,牝,2,西村淳也, 55 ,18,２,芝,1400,A,良,1221,0.1,,,2,2,35.0,6,50.9,*,50.60,49.2,,003,290,,2022100632,(3.0),140,630,0.4,先行,先行,35.33,448,,3.0,ケイアイファーム,新ひだか町,ロードカナロア,スピニングワイルドキャット,"Hard Spun",18,3,5,,(栗),長谷川浩
新馬,202408170702030518,"2024. 8.17",中京,パリコレジェンヌ,牝,2,和田竜二, 55 ,18,３,芝,1400,A,良,1222,0.2,,,1,1,35.5,10,48.7,*,50.60,49.2,,003,180,,2022104501,(20.7),380,,0.0,逃げ,逃げ,35.03,446,,20.7,前谷牧場,新ひだか町,ミスターメロディ,ビオレイメル,ワイルドラッシュ,18,8,18,,(栗),鈴木孝志
新馬,202408170702030511,"2024. 8.17",中京,シンゼンカガ,牡,2,角田大和,54☆,18,５,芝,1400,A,良,1229,0.9,,,15,14,34.5,2,55.2,*,50.60,49.2,,003,72,,2022105345,(217.6),,,1.7,後方,後方,36.30,434,,217.6,社台ファーム,千歳市,トーセンラー,シアン,"Smart Strike",18,6,11,,(栗),荒川義之
未勝利,202408170702030205,"2024. 8.17",中京,ヴェロクオーレ,牝,3,吉村誠之,52▲,16,６,ダ,1800,,良,1568,1.9,4,3,6,7,41.0,6,42.4,,45.67,44.7,牝,023,0,,2021101397,(4.7),,,0.6,中団,中団,37.90,488,-2,4.7,下河辺牧場,日高町,ドゥラメンテ,サトノジョリー,Bernardini,16,3,5,,(栗),石坂公一
1勝,202408170403031210,"2024. 8.17",新潟,ピースヒロフェイス,牝,3,野中悠太, 53 ,18,８,芝,1800,A,良,1465,1.1,,,3,3,35.2,13,51.3,,53.70,53.2,牝,023,0,,2021105769,(33.7),,,0.3,先行,先行,35.65,456,-4,33.7,ノーザンファーム,安平町,サトノダイヤモンド,ペルヴィアンリリー,フレンチデピュティ,18,5,10,,(美),牧光二
3勝,202408170403031108,"2024. 8.17",新潟,ヴェールランス,牡,5,津村明秀, 58 ,9,６,芝,2200,A,良,2133,0.9,2,2,2,2,34.9,8,55.7,*,60.73,58.1,,A04,0,    0.0,2019104767,(94.7),,,0.1,先行,先行,36.90,444,+8,94.7,社台ファーム,千歳市,キタサンブラック,ジュエラー,ヴィクトワールピサ,9,8,8,,(美),田村康仁
1勝,202408170403030812,"2024. 8.17",新潟,ズイウンゴサイ,牡,3,大江原比,51★,12,５,芝,2400,A,良,2260,1.3,7,7,7,7,35.7,2,53.0,*,52.07,52.2,,A04,80,,2021100597,(14.6),,,1.2,中団,中団,36.77,460,+2,14.6,エムエム、ヤマダファーム,浦河町,シュヴァルグラン,ブルーインザスカイ,チチカステナンゴ,12,8,12,,(美),武市康男
未勝利,202408170403030701,"2024. 8.17",新潟,イノセントキャット,牝,3,田辺裕信, 55 ,18,10,芝,1600,A,良,1349,1.7,,,12,12,35.0,8,52.7,,55.30,54.0,牝,023,0,,2021104745,(11.2),,,0.8,中団,中団,35.94,468,+24,11.2,追分ファーム,安平町,シュヴァルグラン,イルーシヴキャット,キングカメハメハ,18,1,1,*,(美),久保田貴
1勝,202408170102031002,"2024. 8.17",札幌,ノーブルスカイ,牡,3,鮫島克駿, 55 ,12,３,芝,2000,C,良,2008,0.2,3,3,4,3,35.4,3,53.4,*,52.90,52.7,,A04,280,    4.3,2021102256,(16.2),230,,0.3,先行,先行,36.60,468,0,16.2,エトルタファーム,日高町,ネオユニヴァース,ホウショウワールド,"Sky Classic",12,2,2,,(栗),高柳大輔
1勝,202408170102030806,"2024. 8.17",札幌,タミゼ,牝,3,北村友一, 54 ,12,５,ダ,1000,,良,1002,0.6,,,4,5,36.5,8,47.4,*,48.93,46.3,,003,80,,2021100650,(4.2),,,0.4,中団,中団,35.55,488,+14,4.2,笠松牧場,浦河町,リオンディーズ,フレンチトースト,フレンチデピュティ,12,5,6,*,(栗),平田修
未勝利,202408170102030607,"2024. 8.17",札幌,プルメリアクヒオ,牡,3,長浜鴻緒,54▲,14,１,ダ,1700,,良,1469,-0.1,4,5,5,3,37.9,2,49.3,*,48.10,46.1,,A03,550,,2021103208,260,150,2470,0.8,先行,先行,37.64,454,0,2.6,まるとみ冨岡牧場,浦河町,ホッコータルマエ,プルメリアミコ,ケイムホーム,14,5,7,,(美),深山雅史
未勝利,202408170102030309,"2024. 8.17",札幌,グランテレーズ,牝,3,鮫島克駿, 55 ,16,１,芝,1200,C,良,1091,-0.1,,,2,2,35.1,6,46.9,*,46.90,45.8,,A03,550,,2021102401,270,130,780,0.2,先行,先行,34.00,446,-2,2.7,坂東牧場,平取町,シュヴァルグラン,アドマイヤテレサ,エリシオ,16,5,9,,(栗),渡辺薫彦
2勝,202408110702021206,"2024. 8.11",中京,モズトキキ,牝,3,永島まな, 54 ,10,４,芝,1200,A,良,1078,0.5,,,3,4,34.1,5,48.8,*,49.43,48.5,,A03,230,    0.0,2021102914,(7.5),,,0.3,先行,先行,33.70,552,+24,7.5,谷川牧場,浦河町,グランプリボス,モズジャカランダ,Congrats,10,6,6,,(栗),村山明
新馬,202408110702020503,"2024. 8.11",中京,シャインバオバブ,牡,2,和田竜二, 55 ,9,７,芝,2000,A,良,2051,0.9,5,5,6,7,34.3,4,63.5,*,64.67,63.7,,003,0,,2022106180,(29.1),,,0.6,後方,後方,38.91,502,,29.1,川島牧場,新冠町,シルバーステート,レユシット,ルーラーシップ,9,3,3,,(栗),本田優
未勝利,202408110702020214,"2024. 8.11",中京,ララバッカナール,牝,3,中井裕二, 55 ,16,１,ダ,1200,,良,1122,-0.4,,,4,2,37.1,1,44.6,*,43.27,42.5,,A03,550,,2021107097,260,130,780,0.4,先行,先行,35.10,458,+8,2.6,森永聡,新冠町,ヘニーヒューズ,ゴッドダンシング,ダンスインザダーク,16,7,14,,(栗),斉藤崇史
1勝,202408110403020806,"2024. 8.11",新潟,タリスマン,牡,3,伊藤工真, 55 ,15,７,ダ,1800,,良,1543,1.4,13,13,13,13,36.7,4,55.7,*,55.20,55.1,,003,0,,2021104618,(247.3),,,1.1,後方,後方,38.80,464,-4,247.3,リトルブルーファーム,清水町,タリスマニック,クロエチャン,スパイキュール,14,4,6,,(美),金成貴史
未勝利,202408110403020103,"2024. 8.11",新潟,アメリカンピース,セ,6,小坂忠士, 60 ,11,２,芝,2850,A,良,3052,0.0,2,2,2,2,13.0,,,,,,,A00,320,,2018110131,(2.9),110,430,,先行,先行,,458,-2,2.9,"Don Alberto Corporation",米,Tapit,"La Cloche",Ghostzapper,11,3,3,,(栗),音無秀孝
1勝,202408110102020612,"2024. 8.11",札幌,シャンデルナゴル,牡,4,高杉吏麒,55▲,13,３,ダ,1700,,良,1466,0.3,5,6,9,10,37.8,1,49.3,*,47.63,43.4,,003,200,,2020103193,(3.7),180,,1.7,後方,追込,37.53,494,+14,3.7,ノーザンファーム,安平町,サトノダイヤモンド,アガルタ,キングカメハメハ,13,8,12,,(栗),石坂公一
未勝利,202408110102020310,"2024. 8.11",札幌,アイウィル,牡,3,北村友一, 57 ,14,２,ダ,1700,,良,1466,0.5,1,1,1,2,39.5,7,42.7,*,44.40,43.8,,003,220,,2021103502,(8.0),200,2470,0.0,逃げ,逃げ,36.60,514,+8,8.0,岡田スタツド,新ひだか町,ドレフォン,ジュリーハーツ,ハーツクライ,14,6,10,,(美),高木登
未勝利,202408100702010214,"2024. 8.10",中京,ブレイジングスター,牡,2,永島まな,53◇,16,６,ダ,1200,,良,1137,1.5,,,6,6,38.4,4,41.9,*,40.33,40.5,,A03,0,,2022103644,(33.0),,,1.0,中団,中団,35.30,476,-2,33.0,岡野牧場,新ひだか町,モーニン,ヴァーチュスター,"Symboli Kris S",16,7,14,,(栗),高橋康之
未勝利,202408100403010309,"2024. 8.10",新潟,テイクザクラウン,牡,3,石橋脩, 57 ,18,３,芝,2400,A,良,2258,0.1,16,16,5,5,36.0,5,51.7,*,51.90,50.8,,A03,140,,2021102379,(3.1),140,,0.3,中団,差し,36.60,432,-2,3.1,二風谷ファーム,平取町,サトノクラウン,アムールレジェンド,ディープインパクト,18,5,9,,(栗),吉村圭司
1勝,202408100102010908,"2024. 8.10",札幌,セイウンパシュート,牡,4,池添謙一, 58 ,13,３,芝,1800,A,良,1482,0.2,4,4,2,2,36.4,10,48.6,*,49.40,48.4,,A03,280,    5.4,2020100233,(2.2),130,,0.2,先行,先行,35.90,462,-8,2.2,田上徹,新ひだか町,ハーツクライ,シーソルティキッス,キングカメハメハ,13,6,8,,(美),上原博之
1勝,202408100102010805,"2024. 8.10",札幌,ペリプルス,牡,4,永野猛蔵, 58 ,11,５,芝,2600,A,良,2422,0.8,5,6,6,4,37.1,5,51.2,*,52.07,51.2,,004,80,,2020105796,(8.1),,,0.6,先行,先行,37.53,434,0,8.1,ビッグレッドファーム,新冠町,ゴールドシップ,マイネリベルタス,コンデュイット,11,5,5,,(美),佐藤吉勝
未勝利,202408100102010412,"2024. 8.10",札幌,プルメリアクヒオ,牡,3,長浜鴻緒,54▲,14,２,ダ,1700,,良,1470,0.9,4,2,2,2,38.6,2,46.7,*,47.27,48.6,,003,220,,2021103208,(3.9),130,680,0.1,先行,先行,37.31,454,0,3.9,まるとみ冨岡牧場,浦河町,ホッコータルマエ,プルメリアミコ,ケイムホーム,14,7,12,,(美),深山雅史
1勝,202408040402041001,"2024. 8. 4",新潟,プリズマジコ,牡,3,秋山稔樹,54☆,18,８,芝,1600,A,良,1334,0.9,,,17,18,33.0,1,59.8,*,55.00,44.6,,A03,0,,2021106077,(33.3),,,3.8,後方,後方,36.24,454,+8,33.3,大狩部牧場,新冠町,キズナ,グラントリノ,グランデラ,18,1,1,,(栗),高橋義忠
未勝利,202408040402040905,"2024. 8. 4",新潟,ライトニングゼウス,牡,3,菊沢一樹, 57 ,15,１,ダ,1200,,良,1119,-0.6,,,1,1,37.6,3,41.2,*,41.53,41.2,,A03,550,,2021104058,2420,600,2650,0.0,逃げ,逃げ,34.30,504,0,24.2,谷岡スタット,新ひだか町,ダンカーク,サクラナスカ,サクラバクシンオー,15,3,5,,(美),勢司和浩
未勝利,202408040402040518,"2024. 8. 4",新潟,ラガークイン,牝,3,坂井瑠星, 55 ,18,３,芝,1600,A,良,1335,0.1,,,8,8,33.3,1,58.5,*,56.53,51.0,,A03,140,,2021105416,(3.2),130,,1.6,中団,差し,36.12,396,-4,3.2,ノーザンファーム,安平町,リアルインパクト,ウォークロニクル,ウォーエンブレム,18,8,18,,(栗),大久保龍
新馬,202408040402040211,"2024. 8. 4",新潟,サリーチェ,牝,2,ルメール, 55 ,14,４,芝,1600,A,良,1366,0.6,,,8,8,33.5,2,63.0,*,61.83,61.4,牝,023,110,,2022104794,(1.7),,,0.7,中団,差し,37.86,484,,1.7,ノーザンファーム,安平町,ドゥラメンテ,サロミナ,Lomitas,14,7,11,,(栗),池添学
1勝,202408040101061202,"2024. 8. 4",札幌,ハレアカラフラ,牝,4,武豊, 56 ,16,14,芝,1200,A,稍,1100,0.6,,,10,11,35.7,9,46.1,*,47.17,42.2,牝,023,0,,2020103292,(3.7),,,1.0,後方,後方,34.30,478,0,3.7,ノーザンファーム,安平町,ラブリーデイ,オーキッドレイ,ディープインパクト,15,1,2,,(栗),音無秀孝
2勝,202408040101061003,"2024. 8. 4",札幌,スムースベルベット,牝,4,黛弘人, 56 ,16,16,芝,1200,A,稍,1111,1.8,,,10,11,35.8,15,48.6,,49.63,47.4,,A04,0,    0.0,2020106987,(16.5),,,1.1,後方,後方,35.30,492,+2,16.5,ミルファーム,浦河町,ディスクリートキャット,ローブドヴルール,サウスヴィグラス,16,2,3,,(美),手塚貴久
未勝利,202408040101060308,"2024. 8. 4",札幌,グランテレーズ,牝,3,鮫島克駿, 55 ,16,３,芝,1200,A,稍,1102,0.1,,,6,5,35.5,5,47.7,*,47.37,45.8,,A03,140,,2021102401,(3.2),140,,0.4,中団,差し,34.70,448,+6,3.2,坂東牧場,平取町,シュヴァルグラン,アドマイヤテレサ,エリシオ,16,4,8,*,(栗),渡辺薫彦
未勝利,202408030402030103,"2024. 8. 3",新潟,フェニーチェドーロ,牝,2,和田竜二, 55 ,9,５,芝,1200,A,良,1095,0.7,,,7,7,34.8,4,49.7,*,48.93,48.3,,003,55,,2022101408,(26.4),,,0.6,後方,後方,34.70,446,-14,26.4,下河辺牧場,日高町,ナダル,ゴッドフェニックス,ブライアンズタイム,9,3,3,,(栗),宮本博
1勝,202408030101051203,"2024. 8. 3",札幌,ロードブレイズ,牡,3,横山和生, 55 ,14,３,ダ,1700,,良,1455,0.2,8,8,5,3,37.4,2,49.3,*,47.43,45.4,,003,200,,2021100162,(2.8),140,,1.1,先行,先行,37.15,494,+10,2.8,ケイアイファーム,新ひだか町,ロードカナロア,ブリュネット,ダイワメジャー,14,3,3,,(美),稲垣幸雄
未勝利,202408030101050411,"2024. 8. 3",札幌,ココボロ,牝,3,大野拓弥, 55 ,14,７,ダ,1700,,良,1485,2.0,12,10,8,7,39.1,7,46.8,,47.87,46.7,,A03,0,,2021106419,(41.6),,,1.3,中団,中団,37.85,512,+8,41.6,対馬正,新冠町,ビッグアーサー,シルクヴァルキリー,マーベラスサンデー,14,7,11,,(美),松山将樹
1勝,202407280402021114,"2024. 7.28",新潟,ピースヒロフェイス,牝,3,野中悠太, 53 ,16,３,芝,1800,A,良,1462,0.4,,,3,3,34.7,9,53.0,*,53.10,53.3,,A04,200,,2021105769,(69.9),1220,,0.2,先行,先行,35.75,460,0,69.9,ノーザンファーム,安平町,サトノダイヤモンド,ペルヴィアンリリー,フレンチデピュティ,16,7,14,,(美),牧光二
1勝,202407280402020808,"2024. 7.28",新潟,ビバップ,牡,3,吉村誠之,52▲,15,５,ダ,1200,,稍,1119,0.5,,,2,2,38.4,11,37.2,*,41.97,37.9,,A03,80,,2021102700,(3.9),,,0.1,先行,先行,33.50,478,+6,3.9,杵臼斉藤牧場,浦河町,モーニン,カプリースレディー,ジャングルポケット,15,5,8,,(栗),清水久詞
未勝利,202407280101040303,"2024. 7.28",札幌,アイウィル,牡,3,北村友一, 57 ,14,４,ダ,1700,,不,1464,0.3,5,4,3,4,38.8,7,45.0,*,46.90,44.6,,003,83,,2021103502,(107.9),,,0.3,先行,先行,36.87,506,-4,107.9,岡田スタツド,新ひだか町,ドレフォン,ジュリーハーツ,ハーツクライ,14,3,3,,(美),高木登
未勝利,202407280101040305,"2024. 7.28",札幌,プルメリアクヒオ,牡,3,長浜鴻緒,54▲,14,５,ダ,1700,,不,1464,0.3,7,7,7,7,38.1,2,47.8,*,46.90,44.6,,003,55,,2021103208,(4.1),,,1.0,中団,中団,37.25,454,+10,4.1,まるとみ冨岡牧場,浦河町,ホッコータルマエ,プルメリアミコ,ケイムホーム,14,4,5,*,(美),深山雅史
未勝利,202407280101040105,"2024. 7.28",札幌,ブライティアダイヤ,牝,3,永野猛蔵, 55 ,14,４,芝,1500,A,重,1305,0.4,,3,3,2,35.9,7,51.4,*,53.20,51.6,,A03,83,,2021102468,(23.7),,,0.2,先行,先行,36.40,464,+6,23.7,雅牧場,平取町,サトノアラジン,ブライティアナイル,アドマイヤベガ,14,4,5,,(美),稲垣幸雄
新馬,202407270402010212,"2024. 7.27",新潟,イリフィ,牝,2,西村淳也, 55 ,15,12,芝,1400,A,良,1240,2.1,,,4,5,37.0,15,45.3,,50.27,49.5,,A03,0,,2022110077,(15.8),,,0.3,中団,中団,35.25,414,,15.8,"Stonethorn Stud Farm Ltd.",愛,"Too Darn Hot",Trethias,"Invincible Spirit",15,7,12,,(栗),高野友和
1勝,202407270101030907,"2024. 7.27",札幌,ペリプルス,牡,4,永野猛蔵, 58 ,9,４,芝,2600,A,良,2428,0.5,5,5,5,5,35.6,4,57.2,*,58.07,57.5,,A04,170,    0.0,2020105796,(10.7),,,0.3,中団,差し,38.16,434,-4,10.7,ビッグレッドファーム,新冠町,ゴールドシップ,マイネリベルタス,コンデュイット,9,7,7,,(美),佐藤吉勝
未勝利,202407211003080602,"2024. 7.21",小倉,レーウィン,セ,3,岩田康誠, 57 ,16,１,ダ,1700,,稍,1457,-0.2,16,15,2,1,38.6,2,44.8,*,45.10,44.8,,A03,550,,2021100734,520,190,1180,0.0,ﾏｸﾘ,ﾏｸﾘ,36.60,506,-10,5.2,高昭牧場,浦河町,ヘニーヒューズ,フジインザスカイ,ディープスカイ,16,1,2,,(栗),上村洋行
未勝利,202407210101020403,"2024. 7.21",札幌,アラタマフェーヴル,牡,3,角田大河,56☆,14,７,ダ,1700,,良,1488,1.3,9,9,8,7,40.1,5,43.4,*,43.97,42.8,,A03,0,,2021102115,(14.3),,,1.0,中団,中団,37.47,492,+6,14.3,槇本牧場,日高町,オルフェーヴル,アラタマクリスエス,シンボリクリスエス,13,3,3,,(栗),浜田多実
未勝利,202407210101020302,"2024. 7.21",札幌,ファイツオン,牡,3,藤岡佑介, 57 ,16,１,芝,1200,A,良,1082,-0.3,,,1,1,34.7,8,46.5,*,49.33,46.5,,A03,550,,2021100476,270,130,970,0.0,逃げ,逃げ,33.50,508,-6,2.7,村上牧場,新ひだか町,アルアイン,ソラコマチ,サクラバクシンオー,16,1,2,,(栗),藤岡健一
未勝利,202407210101020310,"2024. 7.21",札幌,グランテレーズ,牝,3,鮫島克駿, 55 ,16,２,芝,1200,A,良,1085,0.3,,,4,4,34.3,5,49.7,*,49.33,46.5,,A03,220,,2021102401,(6.8),160,970,0.7,先行,先行,34.20,442,+4,6.8,坂東牧場,平取町,シュヴァルグラン,アドマイヤテレサ,エリシオ,16,5,10,,(栗),渡辺薫彦
未勝利,202407200302070701,"2024. 7.20",福島,ムチャスグラシアス,牝,3,石橋脩, 55 ,16,１,芝,1200,B,良,1101,-0.3,,,1,1,34.9,2,50.9,*,51.43,50.9,,A03,550,,2021104217,790,240,7650,0.0,逃げ,逃げ,35.20,434,-4,7.9,友田牧場,新ひだか町,カリフォルニアクローム,ロスグラシアレス,シンボリクリスエス,15,1,1,,(美),菊川正達
2勝,202407200101011004,"2024. 7.20",札幌,バンフィエルド,牡,5,佐々木大, 58 ,13,11,芝,2000,A,良,2013,1.7,6,7,7,11,36.9,11,48.0,,51.83,46.4,,A04,0,    0.0,2019104531,(73.3),,,1.6,後方,後方,36.17,430,-4,73.3,社台コーポレーション白老ファーム,白老町,オルフェーヴル,エヴィータアルゼンティーナ,"Candy Ride",13,4,4,,(栗),緒方努
1勝,202407200101010908,"2024. 7.20",札幌,セイウンパシュート,牡,4,永野猛蔵, 58 ,10,２,芝,1800,A,良,1476,0.2,5,5,5,6,35.1,1,53.3,*,52.10,51.7,,A03,440,    7.4,2020100233,(5.0),180,3830,0.5,中団,差し,36.25,470,-4,5.0,田上徹,新ひだか町,ハーツクライ,シーソルティキッス,キングカメハメハ,10,7,8,,(美),上原博之
1勝,202407200101010708,"2024. 7.20",札幌,ハレアカラフラ,牝,4,武豊, 56 ,11,２,芝,1200,A,良,1088,0.1,,,1,1,35.3,9,44.9,*,46.50,45.2,,003,320,,2020103292,(4.8),210,1740,0.0,逃げ,逃げ,33.50,478,+20,4.8,ノーザンファーム,安平町,ラブリーデイ,オーキッドレイ,ディープインパクト,11,7,8,,(栗),音無秀孝
未勝利,202407200101010202,"2024. 7.20",札幌,タミゼ,牝,3,北村友一, 55 ,12,１,ダ,1000,,良,0595,-0.5,,,3,3,35.5,3,51.4,*,52.50,50.0,,003,550,,2021100650,390,170,1520,0.2,先行,先行,36.00,474,-2,3.9,笠松牧場,浦河町,リオンディーズ,フレンチトースト,フレンチデピュティ,12,2,2,,(栗),平田修
新馬,202407141003060602,"2024. 7.14",小倉,ブレイジングスター,牡,2,永島まな,53◇,8,５,芝,1200,A,不,1125,1.2,,,3,2,37.1,5,45.4,,48.10,47.0,,003,72,,2022103644,(7.9),,,0.3,先行,先行,35.40,478,,7.9,岡野牧場,新ひだか町,モーニン,ヴァーチュスター,"Symboli Kris S",8,2,2,,(栗),高橋康之
未勝利,202407141003060101,"2024. 7.14",小倉,ピーターサイト,牡,4,上野翔, 60 ,5,２,芝,2860,A,稍,3138,0.2,3,3,3,4,13.6,,,,,,,A00,320,,2020105611,(3.8),150,370,,先行,先行,,476,+6,3.8,ノースヒルズ,新冠町,ワンアンドオンリー,ヴィクトリアアイ,ブライアンズタイム,5,1,1,,(美),村田一誠
未勝利,202407140302060305,"2024. 7.14",福島,ビーンスターク,牡,3,菅原明良, 57 ,16,９,芝,2600,B,良,2441,1.2,1,1,2,2,36.6,11,54.5,,57.50,58.1,,A03,0,,2021103578,(12.5),,,0.0,逃げ,逃げ,38.25,474,+8,12.5,岡田牧場,新ひだか町,ロジャーバローズ,アートオブビーン,アグネスデジタル,16,3,5,,(美),栗田徹
未勝利,202407140201120403,"2024. 7.14",函館,ペレグリン,牝,3,長浜鴻緒,52▲,12,１,ダ,1000,,良,0593,-0.7,,,2,2,35.9,1,47.8,*,47.20,47.1,,003,550,,2021100906,360,190,10370,0.1,先行,先行,35.10,432,+6,3.6,バンブー牧場,浦河町,バンブーエール,フラミンゴ,マルカシェンク,12,3,3,,(栗),河嶋宏樹
新馬,202407131003050502,"2024. 7.13",小倉,ギザキズラヴ,牝,2,西塚洸二,54☆,7,４,芝,1800,A,良,1516,0.6,3,3,4,4,35.3,3,58.1,*,58.43,57.7,牝,023,110,,2022106715,(3.7),,,0.5,先行,先行,38.15,440,,3.7,パカパカファーム,新冠町,キズナ,アップワードスパイラル,Teofilo,7,2,2,,(栗),藤原英昭
未勝利,202407131003050212,"2024. 7.13",小倉,ラガークイン,牝,3,坂井瑠星, 55 ,16,２,芝,1800,A,良,1475,0.1,2,2,2,2,36.7,5,46.5,*,47.37,46.7,牝,023,220,,2021105416,(1.6),110,370,0.0,先行,先行,35.40,400,-2,1.6,ノーザンファーム,安平町,リアルインパクト,ウォークロニクル,ウォーエンブレム,16,6,12,,(栗),大久保龍
未勝利,202407130302050103,"2024. 7.13",福島,ローディアマント,セ,4,伴啓太, 60 ,8,２,芝,2770,B,良,3036,0.0,3,3,1,2,13.3,,,,,,,A00,320,,2020101429,(5.9),280,880,,先行,先行,,476,0,5.9,クラウン日高牧場,日高町,サトノダイヤモンド,ブロッサムレーン,"New Approach",8,3,3,,(美),尾関知人
1勝,202407130201110704,"2024. 7.13",函館,ペリプルス,牡,4,永野猛蔵, 58 ,12,６,芝,2600,B,良,2437,1.2,11,10,12,10,36.6,4,54.2,*,54.00,53.9,,A04,0,,2020105796,(8.9),,,1.0,後方,後方,38.13,438,+4,8.9,ビッグレッドファーム,新冠町,ゴールドシップ,マイネリベルタス,コンデュイット,12,4,4,,(美),佐藤吉勝
未勝利,202407130201110306,"2024. 7.13",函館,ブライティアダイヤ,牝,3,永野猛蔵, 55 ,16,４,芝,1200,B,良,1097,0.6,,,1,1,35.4,10,46.9,*,50.77,48.6,,A03,83,,2021102468,(19.7),,,0.0,逃げ,逃げ,34.30,458,-8,19.7,雅牧場,平取町,サトノアラジン,ブライティアナイル,アドマイヤベガ,16,3,6,,(美),稲垣幸雄
2勝,202407071003041009,"2024. 7. 7",小倉,モズトキキ,牝,3,松山弘平, 53 ,15,９,芝,1200,A,良,1086,0.6,,,10,8,34.5,4,48.8,*,46.63,44.3,,A04,0,    0.0,2021102914,(4.5),,,1.1,中団,中団,34.10,528,-20,4.5,谷川牧場,浦河町,グランプリボス,モズジャカランダ,Congrats,15,5,9,,(栗),村山明
1勝,202407071003040810,"2024. 7. 7",小倉,ビバップ,牡,3,吉村誠之,52▲,14,４,ダ,1000,,良,0583,0.4,,,2,2,36.1,11,42.2,*,44.87,41.9,,A03,120,,2021102700,(2.5),,,0.2,先行,先行,33.30,472,-6,2.5,杵臼斉藤牧場,浦河町,モーニン,カプリースレディー,ジャングルポケット,14,6,10,*,(栗),清水久詞
1勝,202407071003040811,"2024. 7. 7",小倉,スターチスブーケ,牝,3,幸英明, 53 ,14,７,ダ,1000,,良,0586,0.7,,,7,7,35.5,6,47.6,*,44.87,41.9,,A03,0,,2021110075,(49.2),,,1.1,中団,中団,34.65,498,-6,49.2,"Gerty Bloodstock",米,"Practical Joke","Sovereign Halo",Haynesfield,14,7,11,*,(栗),清水久詞
新馬,202407071003040604,"2024. 7. 7",小倉,フェニーチェドーロ,牝,2,和田竜二, 55 ,7,５,芝,1200,A,良,1110,0.8,,,4,5,34.8,4,54.0,*,50.10,48.9,牝,023,72,,2022101408,(16.2),,,1.3,後方,後方,36.20,460,,16.2,下河辺牧場,日高町,ナダル,ゴッドフェニックス,ブライアンズタイム,7,4,4,,(栗),宮本博
新馬,202407071003040506,"2024. 7. 7",小倉,バルミラクル,牡,2,田口貫太,54☆,7,４,芝,1800,A,良,1516,1.5,2,2,2,3,36.3,5,53.7,,58.53,57.7,,A03,110,,2022106177,(34.5),,,0.1,先行,先行,37.65,416,,34.5,川島牧場,新冠町,マクフィ,ミラクルクロス,フジキセキ,7,6,6,,(栗),河嶋宏樹
未勝利,202407071003040302,"2024. 7. 7",小倉,テイクザクラウン,牡,3,Ｍ．デム, 57 ,16,２,芝,2600,A,良,2406,0.6,12,11,7,4,35.9,3,54.2,*,54.50,51.9,,A03,220,,2021102379,(1.5),110,360,1.1,ﾏｸﾘ,ﾏｸﾘ,37.41,434,-4,1.5,二風谷ファーム,平取町,サトノクラウン,アムールレジェンド,ディープインパクト,16,1,2,,(栗),吉村圭司
未勝利,202407071003040215,"2024. 7. 7",小倉,ヴェロクオーレ,牝,3,西塚洸二,54☆,18,12,芝,2000,A,良,2022,1.4,2,2,2,2,38.0,17,45.0,,48.23,47.8,牝,023,0,,2021101397,(42.1),,,0.2,先行,先行,36.09,490,,42.1,下河辺牧場,日高町,ドゥラメンテ,サトノジョリー,Bernardini,18,7,15,,(栗),石坂公一
2勝,202407070201101004,"2024. 7. 7",函館,バンフィエルド,牡,5,角田大河, 58 ,11,８,芝,2600,B,稍,2470,2.8,4,4,4,4,38.8,8,49.1,,54.87,54.2,,A04,0,    0.0,2019104531,(50.9),,,0.7,先行,先行,38.46,434,-2,50.9,社台コーポレーション白老ファーム,白老町,オルフェーヴル,エヴィータアルゼンティーナ,"Candy Ride",10,4,4,,(栗),緒方努
1勝,202407070201100805,"2024. 7. 7",函館,キーパフォーマー,牝,3,古川吉洋, 53 ,10,８,芝,2000,B,稍,2056,1.4,8,9,8,7,37.1,6,52.2,,53.80,53.0,牝,023,0,,2021104948,(45.7),,,0.8,後方,後方,37.93,456,+2,45.7,社台ファーム,千歳市,キタサンブラック,アンコールピース,ネオユニヴァース,10,5,5,,(栗),佐々木晶
1勝,202407070201100709,"2024. 7. 7",函館,ロードブレイズ,牡,3,横山和生, 55 ,9,２,ダ,1700,,重,1436,0.3,5,5,5,5,36.8,2,49.0,*,48.37,47.7,,003,320,,2021100162,(4.4),120,300,0.5,中団,差し,36.44,484,+4,4.4,ケイアイファーム,新ひだか町,ロードカナロア,ブリュネット,ダイワメジャー,9,8,9,,(美),稲垣幸雄
未勝利,202407070201100408,"2024. 7. 7",函館,ファイツオン,牡,3,高杉吏麒,54▲,16,３,芝,1200,B,稍,1108,0.2,,,2,2,36.5,9,44.0,*,45.33,44.0,,003,140,,2021100476,(4.7),150,,0.1,先行,先行,34.30,514,+8,4.7,村上牧場,新ひだか町,アルアイン,ソラコマチ,サクラバクシンオー,16,4,8,,(栗),藤岡健一
未勝利,202407070201100309,"2024. 7. 7",函館,ペレグリン,牝,3,鮫島克駿, 55 ,12,３,ダ,1000,,重,0592,0.3,,,3,3,36.0,5,46.7,*,46.90,46.1,牝,023,140,,2021100906,(3.8),120,,0.2,先行,先行,34.80,426,-2,3.8,バンブー牧場,浦河町,バンブーエール,フラミンゴ,マルカシェンク,12,7,9,,(栗),河嶋宏樹
未勝利,202407070201100209,"2024. 7. 7",函館,ココボロ,牝,3,大野拓弥, 55 ,12,６,ダ,1700,,重,1467,1.4,8,10,9,9,38.9,5,45.1,,44.77,43.9,,003,0,,2021106419,(21.2),,,1.2,後方,後方,36.98,504,-4,21.2,対馬正,新冠町,ビッグアーサー,シルクヴァルキリー,マーベラスサンデー,12,7,9,,(美),松山将樹
未勝利,202407061003030107,"2024. 7. 6",小倉,アメリカンピース,セ,6,小坂忠士, 60 ,9,２,芝,2860,A,良,3122,0.7,3,4,3,2,13.4,,,,,,,A00,320,,2018110131,(8.2),120,510,,先行,先行,,460,0,8.2,"Don Alberto Corporation",米,Tapit,"La Cloche",Ghostzapper,9,7,7,,(栗),音無秀孝
1勝,202407060302031207,"2024. 7. 6",福島,ベニシア,牝,3,三浦皇成, 53 ,16,13,ダ,1150,,良,1102,1.7,,,2,2,38.3,15,40.9,,47.17,45.1,,A03,0,,2021100662,(27.1),,,0.0,先行,先行,34.80,426,+2,27.1,上山牧場,浦河町,ヘニーヒューズ,フクシア,ゴールドアリュール,16,4,7,*,(美),加藤士津
未勝利,202407060302030707,"2024. 7. 6",福島,プルメリアクヒオ,牡,3,藤田菜七,55◇,15,10,ダ,1700,,良,1486,2.8,9,10,15,14,38.1,5,50.9,*,48.17,47.7,,A03,0,,2021103208,(4.7),,,2.6,後方,後方,38.45,444,-4,4.7,まるとみ冨岡牧場,浦河町,ホッコータルマエ,プルメリアミコ,ケイムホーム,15,4,7,,(美),深山雅史
1勝,202407060201090909,"2024. 7. 6",函館,エイトスターズ,牝,4,武豊, 56 ,11,８,芝,2000,B,良,2031,0.9,11,11,11,11,36.5,4,51.7,*,51.47,50.2,,A04,0,    0.0,2020103772,(4.6),,,1.0,後方,後方,37.11,478,+2,4.6,レイクヴィラファーム,洞爺湖町,ジャスタウェイ,インザスポットライト,"Exceed And Excel",11,7,9,,(栗),坂口智康
未勝利,202406300302020708,"2024. 6.30",福島,ローンウルフ,牡,3,木幡巧也, 57 ,16,12,芝,2000,A,良,2012,3.1,1,2,2,2,39.3,13,39.3,,48.10,46.6,,A03,0,,2021104112,(9.7),,,0.1,先行,先行,35.10,460,-14,9.7,千代田牧場,新ひだか町,リアルインパクト,シェリレーヌ,Mineshaft,16,4,8,,(美),武市康男
未勝利,202406300302020316,"2024. 6.30",福島,ムチャスグラシアス,牝,3,石橋脩, 55 ,16,４,芝,1200,A,良,1096,0.6,,,3,2,35.0,7,48.9,*,50.10,50.0,,003,83,,2021104217,(10.4),,,0.1,先行,先行,34.60,438,+2,10.4,友田牧場,新ひだか町,カリフォルニアクローム,ロスグラシアレス,シンボリクリスエス,16,8,16,,(美),菊川正達
2勝,202406300201081003,"2024. 6.30",函館,スムースベルベット,牝,4,黛弘人, 56 ,16,５,芝,1200,A,良,1093,0.5,,,3,4,34.9,10,48.6,*,51.00,48.3,牝,023,155,    0.0,2020106987,(19.1),,,0.3,先行,先行,34.40,490,0,19.1,ミルファーム,浦河町,ディスクリートキャット,ローブドヴルール,サウスヴィグラス,15,2,3,,(美),手塚貴久
1勝,202406300201080703,"2024. 6.30",函館,ピースヒロフェイス,牝,3,古川吉洋, 53 ,8,８,ダ,1700,,良,1488,2.7,3,3,8,8,37.9,7,52.0,,54.23,54.4,,003,0,,2021105769,(6.9),,,1.2,後方,後方,38.67,460,-4,6.9,ノーザンファーム,安平町,サトノダイヤモンド,ペルヴィアンリリー,フレンチデピュティ,8,3,3,,(美),牧光二
未勝利,202406300201080201,"2024. 6.30",函館,ココボロ,牝,3,土田真翔,52▲,14,９,ダ,1700,,良,1484,1.2,8,8,10,9,39.7,7,44.4,,44.93,43.5,牝,023,0,,2021106419,(15.4),,,1.0,中団,中団,37.47,508,-4,15.4,対馬正,新冠町,ビッグアーサー,シルクヴァルキリー,マーベラスサンデー,14,1,1,,(美),松山将樹
未勝利,202406291003010303,"2024. 6.29",小倉,ブルボンクイーン,牝,3,角田大和,54☆,18,１,芝,1200,A,良,1085,-0.0,,,1,1,35.8,14,41.3,*,44.47,41.3,牝,023,550,,2021100297,430,170,1080,0.0,逃げ,逃げ,32.70,462,-12,4.3,土居牧場,新ひだか町,キズナ,セレブラール,ボストンハーバー,18,2,3,,(栗),角田晃一
未勝利,202406290302010314,"2024. 6.29",福島,レボルシオン,牡,3,木幡育也, 57 ,15,１,ダ,1700,,良,1476,-0.1,3,3,2,1,39.4,4,44.4,*,44.90,44.4,,A03,550,,2021103500,720,200,2630,0.0,先行,先行,37.20,516,+4,7.2,岡田スタツド,新ひだか町,キタサンブラック,シルヴァーコード,スウェプトオーヴァーボード,15,8,14,,(美),蛯名正義
未勝利,202406290302010312,"2024. 6.29",福島,アイウィル,牡,3,菅原明良, 57 ,15,10,ダ,1700,,良,1496,2.0,8,11,14,14,39.7,7,46.0,,44.90,44.4,,A03,0,,2021103502,(13.6),,,1.7,後方,後方,38.13,510,-10,13.6,岡田スタツド,新ひだか町,ドレフォン,ジュリーハーツ,ハーツクライ,15,7,12,,(美),高木登
1勝,202406290201070708,"2024. 6.29",函館,ノーブルスカイ,牡,3,鮫島克駿, 55 ,11,４,芝,2000,A,良,2009,0.3,8,8,7,5,36.3,3,49.9,*,49.57,48.4,,004,120,,2021102256,(5.6),,,0.6,中団,差し,36.26,468,0,5.6,エトルタファーム,日高町,ネオユニヴァース,ホウショウワールド,"Sky Classic",11,7,8,,(栗),高柳大輔
1勝,202406230804080808,"2024. 6.23",京都,バッデレイト,牡,3,岩田望来, 55 ,8,１,芝,2000,D,重,2031,-0.2,2,2,2,2,34.0,1,62.3,*,61.77,61.9,,004,1110,   16.8,2021102728,290,130,3400,0.1,先行,先行,38.19,458,-6,2.9,杵臼牧場,浦河町,サトノダイヤモンド,ビーウインド,スピニングワールド,8,8,8,,(栗),上村洋行
未勝利,202406230804080407,"2024. 6.23",京都,プリズマジコ,牡,3,秋山稔樹,56☆,18,１,芝,1600,D,重,1354,-0.3,,,9,7,35.2,1,52.6,*,51.80,49.9,,A03,550,,2021106077,850,230,4350,0.6,中団,差し,36.12,446,+2,8.5,大狩部牧場,新冠町,キズナ,グラントリノ,グランデラ,18,4,7,*,(栗),高橋義忠
未勝利,202406230804080109,"2024. 6.23",京都,タミゼ,牝,3,Ｍ．デム, 55 ,16,８,ダ,1400,,不,1263,1.4,,,3,3,39.2,10,40.1,,42.77,41.7,牝,023,0,,2021100650,(2.5),,,0.4,先行,先行,35.33,476,+4,2.5,笠松牧場,浦河町,リオンディーズ,フレンチトースト,フレンチデピュティ,16,5,9,,(栗),平田修
1勝,202406230503081203,"2024. 6.23",東京,ゲキザル,牡,5,大江原比,54★,16,６,ダ,1400,,重,1233,0.6,,,12,11,34.9,1,54.0,*,47.87,42.2,,A03,0,,2019102102,(24.7),,,2.8,後方,後方,36.30,468,-6,24.7,広富牧場,日高町,ザファクター,トゥモローズライト,アフリート,16,2,3,,(美),青木孝文
未勝利,202406230503080210,"2024. 6.23",東京,ピースヒロフェイス,牝,3,石橋脩, 55 ,16,１,ダ,1600,,重,1359,-0.2,,,1,1,36.5,3,47.6,*,48.03,47.6,牝,023,550,,2021105769,430,140,1660,0.0,逃げ,逃げ,35.64,464,+2,4.3,ノーザンファーム,安平町,サトノダイヤモンド,ペルヴィアンリリー,フレンチデピュティ,16,5,10,,(美),牧光二
2勝,202406230201060903,"2024. 6.23",函館,バンフィエルド,牡,5,鮫島克駿, 58 ,9,７,芝,2000,A,良,2011,0.4,7,7,8,8,35.0,3,55.4,*,54.47,53.7,,A04,0,    0.0,2019104531,(24.6),,,0.7,後方,後方,36.90,436,+6,24.6,社台コーポレーション白老ファーム,白老町,オルフェーヴル,エヴィータアルゼンティーナ,"Candy Ride",9,3,3,,(栗),緒方努
1勝,202406230201060703,"2024. 6.23",函館,ペリプルス,牡,4,永野猛蔵, 58 ,10,２,芝,2600,A,良,2404,0.6,6,6,9,7,36.7,1,51.1,*,50.30,46.2,,A04,320,,2020105796,(12.7),210,970,1.9,後方,追込,37.11,434,+4,12.7,ビッグレッドファーム,新冠町,ゴールドシップ,マイネリベルタス,コンデュイット,10,3,3,,(美),佐藤吉勝
3勝,202406220804071015,"2024. 6.22",京都,エンヤラヴフェイス,牡,3,幸英明, 54 ,17,８,芝,1400,D,良,1208,0.4,,,17,16,33.1,1,58.1,*,54.50,52.9,,A03,0,    0.0,2021101737,(6.7),,,1.2,後方,後方,35.78,490,0,6.7,チャンピオンズファーム,新ひだか町,エイシンヒカリ,タイキアプローズ,"Devil's Bag",17,8,15,,(栗),森田直行
未勝利,202406220804070618,"2024. 6.22",京都,ラガークイン,牝,3,坂井瑠星, 55 ,18,２,芝,1800,D,良,1461,0.0,,,6,6,34.4,2,54.2,*,53.17,52.9,牝,023,220,,2021105416,(6.7),210,680,0.3,中団,差し,35.85,402,-2,6.7,ノーザンファーム,安平町,リアルインパクト,ウォークロニクル,ウォーエンブレム,17,8,18,*,(栗),大久保龍
新馬,202406220804070508,"2024. 6.22",京都,モンテディアーナ,牝,2,田口貫太,54☆,12,３,芝,1400,D,良,1236,0.1,,,4,5,33.9,4,60.0,*,60.17,58.7,,003,180,,2022104597,(8.8),270,,0.3,中団,差し,37.28,456,,8.8,ノーザンファーム,安平町,ドレフォン,アズールムーン,"Malibu Moon",12,6,8,,(栗),四位洋文
ＪＧ３,202406220503070810,"2024. 6.22",東京,ブラックボイス,牡,5,石神深一, 60 ,14,４,芝,3110,D,稍,3282,1.7,3,1,2,2,13.4,,,,,,,A00,440,    0.0,2019105276,(4.6),,,,逃げ,逃げ,,520,+2,4.6,ノーザンファーム,安平町,ブラックタイド,ソングライティング,"Giant's Causeway",14,6,10,,(美),宮田敬介
未勝利,202406220503070110,"2024. 6.22",東京,スプランドゥール,牡,3,柴田大知, 57 ,16,６,ダ,1600,,重,1370,1.4,,,3,3,37.8,4,44.0,*,47.97,45.9,,003,0,,2021100623,(25.0),,,0.4,先行,先行,35.52,460,-2,25.0,荻伏服部牧場,浦河町,シルバーステート,チェリーシェル,サクラバクシンオー,16,5,10,,(美),和田雄二
1勝,202406220201050903,"2024. 6.22",函館,キーパフォーマー,牝,3,古川吉洋, 53 ,11,10,芝,1800,A,良,1490,1.5,3,4,5,8,36.5,9,49.3,,53.07,51.0,,004,0,    0.0,2021104948,(24.3),,,0.6,中団,中団,36.25,454,0,24.3,社台ファーム,千歳市,キタサンブラック,アンコールピース,ネオユニヴァース,11,3,3,,(栗),佐々木晶
未勝利,202406220201050305,"2024. 6.22",函館,グランテレーズ,牝,3,鮫島克駿, 55 ,16,３,芝,1200,A,良,1093,0.2,,,6,3,34.9,4,48.6,*,47.37,45.8,,A03,140,,2021102401,(8.4),220,,0.6,先行,先行,34.40,438,+2,8.4,坂東牧場,平取町,シュヴァルグラン,アドマイヤテレサ,エリシオ,16,3,5,,(栗),渡辺薫彦
3勝,202406160804061003,"2024. 6.16",京都,キュールエフウジン,牡,5,荻野極, 58 ,16,15,ダ,1800,,良,1576,4.5,15,15,15,15,39.6,15,48.5,,55.20,53.7,,A04,0,    0.0,2019102983,(21.5),,,1.7,後方,後方,39.00,496,+2,21.5,木下牧場,新ひだか町,ホッコータルマエ,キュールエアリス,ウォーエンブレム,16,2,3,,(栗),中尾秀正
未勝利,202406160804060410,"2024. 6.16",京都,ピースフルワールド,牝,3,松若風馬, 55 ,16,14,芝,2000,D,稍,2030,1.8,13,13,13,13,34.9,11,58.2,,59.10,57.3,,A03,0,,2021102483,(263.8),,,1.5,後方,後方,37.76,430,,263.8,寺井文秀,えりも町,マインドユアビスケッツ,ブリリアントピース,アグネスタキオン,16,5,10,,(栗),吉村圭司
未勝利,202406160804060115,"2024. 6.16",京都,ミルミナーヴァ,牝,3,坂井瑠星, 55 ,15,１,ダ,1200,,稍,1111,-1.9,,,1,1,35.7,1,49.2,*,47.07,49.2,牝,023,550,,2021106332,130,100,550,0.0,逃げ,逃げ,35.40,484,+8,1.3,高瀬牧場,新冠町,ヘニーヒューズ,ランミネルバ,アグネスタキオン,14,8,15,,(栗),西園正都
未勝利,202406160503060309,"2024. 6.16",東京,ライトニングゼウス,牡,3,木幡巧也, 57 ,16,６,ダ,1400,,良,1258,1.6,,,6,6,37.8,12,45.2,,47.20,43.9,,A03,0,,2021104058,(64.8),,,1.2,中団,中団,36.00,504,0,64.8,谷岡スタット,新ひだか町,ダンカーク,サクラナスカ,サクラバクシンオー,16,5,9,,(美),勢司和浩
未勝利,202406160503060311,"2024. 6.16",東京,ブライティアダイヤ,牝,3,岩田康誠, 55 ,16,13,ダ,1400,,良,1268,2.6,,,3,3,39.1,14,41.5,,47.20,43.9,,A03,0,,2021102468,(18.3),,,0.9,先行,先行,35.78,466,+8,18.3,雅牧場,平取町,サトノアラジン,ブライティアナイル,アドマイヤベガ,16,6,11,,(美),稲垣幸雄
未勝利,202406160503060210,"2024. 6.16",東京,ビップチェイス,牡,3,江田照男, 57 ,16,１,ダ,1600,,良,1381,-0.0,,,5,4,37.1,1,48.7,*,48.10,47.4,,003,550,,2021105763,13870,990,14690,0.3,先行,先行,36.60,466,-4,138.7,ノーザンファーム,安平町,アルアイン,ベッラレイア,ナリタトップロード,16,5,10,,(美),田島俊明
未勝利,202406160503060215,"2024. 6.16",東京,レボルシオン,牡,3,木幡育也, 57 ,16,５,ダ,1600,,良,1389,0.8,,,11,10,37.1,1,49.9,*,48.10,47.4,,003,55,,2021103500,(64.1),,,1.1,中団,中団,37.08,512,,64.1,岡田スタツド,新ひだか町,キタサンブラック,シルヴァーコード,スウェプトオーヴァーボード,16,8,15,,(美),蛯名正義
未勝利,202406160503060104,"2024. 6.16",東京,ピーターサイト,牡,4,坂口智康,57▲,13,３,ダ,3000,,良,3263,0.9,5,5,4,3,13.8,,,,,,,A00,200,,2020105611,(15.2),260,,,先行,先行,,470,-2,15.2,ノースヒルズ,新冠町,ワンアンドオンリー,ヴィクトリアアイ,ブライアンズタイム,13,4,4,,(美),村田一誠
未勝利,202406160201040308,"2024. 6.16",函館,ペレグリン,牝,3,鮫島克駿, 55 ,12,２,ダ,1000,,良,0598,0.4,,,2,2,36.2,3,47.8,*,47.93,48.2,,A03,220,,2021100906,(6.0),430,3040,0.1,先行,先行,35.40,428,+2,6.0,バンブー牧場,浦河町,バンブーエール,フラミンゴ,マルカシェンク,12,6,8,,(栗),河嶋宏樹
1勝,202406150804051212,"2024. 6.15",京都,ビバップ,牡,3,幸英明, 55 ,16,２,ダ,1200,,良,1116,0.3,,,1,1,37.6,10,40.4,*,46.27,41.2,,A03,320,,2021102700,(62.5),1120,6230,0.0,逃げ,逃げ,34.00,478,+14,62.5,杵臼斉藤牧場,浦河町,モーニン,カプリースレディー,ジャングルポケット,16,6,12,,(栗),清水久詞
1勝,202406150503051212,"2024. 6.15",東京,ゲキザル,牡,5,大江原比,54★,13,５,ダ,1600,,良,1375,0.9,,,12,11,36.1,1,52.0,*,48.00,47.9,,A03,80,,2019102102,(43.3),,,1.5,後方,後方,36.84,474,0,43.3,広富牧場,日高町,ザファクター,トゥモローズライト,アフリート,13,8,12,,(美),青木孝文
1勝,202406150201031005,"2024. 6.15",函館,エイトスターズ,牝,4,武豊, 56 ,12,２,芝,2000,A,良,1599,0.1,10,10,9,4,35.6,2,51.5,*,51.20,48.6,,004,440,    7.6,2020103772,(3.5),130,650,0.8,ﾏｸﾘ,ﾏｸﾘ,36.13,476,0,3.5,レイクヴィラファーム,洞爺湖町,ジャスタウェイ,インザスポットライト,"Exceed And Excel",12,5,5,,(栗),坂口智康
1勝,202406150201031006,"2024. 6.15",函館,ノーブルスカイ,牡,3,鮫島克駿, 55 ,12,３,芝,2000,A,良,1599,0.1,8,8,9,10,35.6,2,51.5,*,51.20,48.6,,004,280,    3.8,2021102256,(7.2),180,,0.8,後方,追込,36.13,468,+2,7.2,エトルタファーム,日高町,ネオユニヴァース,ホウショウワールド,"Sky Classic",12,5,6,,(栗),高柳大輔
未勝利,202406090804040104,"2024. 6. 9",京都,アメリカンピース,セ,6,小坂忠士, 60 ,10,３,ダ,2910,,稍,3180,1.3,3,3,4,4,13.6,,,,,,,A00,200,,2018110131,(20.1),200,,,先行,先行,,460,0,20.1,"Don Alberto Corporation",米,Tapit,"La Cloche",Ghostzapper,10,4,4,,(栗),音無秀孝
新馬,202406090503040504,"2024. 6. 9",東京,シュガーハイ,牡,2,北村宏司, 55 ,11,７,芝,1800,C,良,1499,3.2,,9,9,9,35.8,7,53.5,,57.00,57.4,,A03,0,,2022104177,(82.0),,,1.3,後方,後方,37.05,500,,82.0,千代田牧場,新ひだか町,リオンディーズ,ミリオンセラー2,"A.P. Indy",11,4,4,,(美),加藤士津
未勝利,202406090503040410,"2024. 6. 9",東京,ズイウンゴサイ,牡,3,大江原比,53★,15,１,芝,2400,C,良,2275,-0.1,9,10,9,9,34.2,2,60.4,*,58.50,57.5,,A03,550,,2021100597,1090,300,1820,0.7,中団,差し,37.77,458,0,10.9,エムエム、ヤマダファーム,浦河町,シュヴァルグラン,ブルーインザスカイ,チチカステナンゴ,15,6,10,,(美),武市康男
未勝利,202406090503040108,"2024. 6. 9",東京,ピースヒロフェイス,牝,3,石橋脩, 55 ,16,３,ダ,1600,,良,1390,0.3,,,6,5,37.7,5,47.6,*,48.80,47.1,牝,023,140,,2021105769,(3.0),160,,0.3,中団,差し,36.78,462,0,3.0,ノーザンファーム,安平町,サトノダイヤモンド,ペルヴィアンリリー,フレンチデピュティ,16,4,8,,(美),牧光二
未勝利,202406090503040115,"2024. 6. 9",東京,ココボロ,牝,3,土田真翔,52▲,16,８,ダ,1600,,良,1392,0.5,,,11,10,37.4,4,49.1,*,48.80,47.1,牝,023,0,,2021106419,(106.1),,,0.8,中団,中団,37.08,512,,106.1,対馬正,新冠町,ビッグアーサー,シルクヴァルキリー,マーベラスサンデー,16,8,15,,(美),松山将樹
1勝,202406090201021206,"2024. 6. 9",函館,ロードブレイズ,牡,3,横山和生, 55 ,12,４,ダ,1700,,良,1447,0.5,12,12,6,5,38.0,1,45.7,*,43.90,43.1,,A04,120,,2021100162,(2.6),,,1.0,中団,差し,36.38,480,-8,2.6,ケイアイファーム,新ひだか町,ロードカナロア,ブリュネット,ダイワメジャー,12,5,6,,(美),稲垣幸雄
1勝,202406090201020908,"2024. 6. 9",函館,キーパフォーマー,牝,3,古川吉洋, 53 ,9,４,芝,1800,A,良,1487,0.8,2,2,2,2,35.1,8,54.8,*,57.60,56.8,牝,024,170,    0.0,2021104948,(56.1),,,0.1,先行,先行,36.80,454,+14,56.1,社台ファーム,千歳市,キタサンブラック,アンコールピース,ネオユニヴァース,9,8,8,,(栗),佐々木晶
1勝,202406090201020902,"2024. 6. 9",函館,エイトスターズ,牝,4,武豊, 56 ,9,６,芝,1800,A,良,1488,0.9,9,9,9,9,34.4,2,58.1,*,57.60,56.8,牝,024,0,    0.0,2020103772,(5.4),,,0.9,後方,後方,37.20,476,+2,5.4,レイクヴィラファーム,洞爺湖町,ジャスタウェイ,インザスポットライト,"Exceed And Excel",9,2,2,,(栗),坂口智康
未勝利,202406090201020104,"2024. 6. 9",函館,グランテレーズ,牝,3,斎藤新, 55 ,16,３,芝,1200,A,良,1090,0.6,,,4,3,34.9,6,47.7,*,48.27,46.6,,A03,140,,2021102401,(10.2),170,,0.5,先行,先行,34.10,436,+2,10.2,坂東牧場,平取町,シュヴァルグラン,アドマイヤテレサ,エリシオ,16,2,4,,(栗),渡辺薫彦
未勝利,202406080804030613,"2024. 6. 8",京都,テイクザクラウン,牡,3,Ｍ．デム, 57 ,18,２,芝,2400,C,良,2247,0.2,18,17,12,4,33.9,1,58.9,*,58.27,55.5,,A03,220,,2021102379,(4.3),130,400,1.0,ﾏｸﾘ,ﾏｸﾘ,36.93,438,-2,4.3,二風谷ファーム,平取町,サトノクラウン,アムールレジェンド,ディープインパクト,18,7,13,,(栗),吉村圭司
未勝利,202406080804030308,"2024. 6. 8",京都,メイショウマドロス,牡,3,坂井瑠星, 57 ,16,１,ダ,1800,,良,1526,-1.9,2,2,2,2,37.6,1,49.7,*,46.77,48.9,,003,550,,2021102835,230,150,10420,0.2,先行,先行,37.50,482,0,2.3,太陽牧場,浦河町,カリフォルニアクローム,メイショウデイム,マンハッタンカフェ,16,4,8,,(栗),石橋守
未勝利,202406080503030616,"2024. 6. 8",東京,プルメリアクヒオ,牡,3,藤田菜七,55◇,16,３,ダ,1600,,良,1375,0.6,,,2,2,37.6,4,45.6,*,47.37,45.9,,A00,140,,2021103208,(4.0),120,,0.3,先行,先行,35.94,448,+2,4.0,まるとみ冨岡牧場,浦河町,ホッコータルマエ,プルメリアミコ,ケイムホーム,16,8,16,,(美),深山雅史
1勝,202406080201010905,"2024. 6. 8",函館,ペリプルス,牡,4,永野猛蔵, 58 ,15,３,芝,2600,A,良,2396,0.4,9,9,10,8,35.7,2,54.1,*,54.10,52.7,,004,280,    4.7,2020105796,(89.5),1430,,0.7,中団,差し,37.17,430,+2,89.5,ビッグレッドファーム,新冠町,ゴールドシップ,マイネリベルタス,コンデュイット,15,3,5,,(美),佐藤吉勝
1勝,202406020804021213,"2024. 6. 2",京都,ガットネロ,牝,4,岩田望来, 56 ,16,５,芝,1400,C,稍,1235,0.8,,,11,11,35.5,6,51.4,*,52.37,49.2,,A03,80,,2020105073,(13.8),,,0.9,後方,後方,36.00,482,+10,13.8,大狩部牧場,新冠町,アメリカンペイトリオット,ブラックシュガー,ブラックタイド,16,7,13,,(栗),上村洋行
1勝,202406020503020805,"2024. 6. 2",東京,ゲキザル,牡,5,原優介,57☆,16,７,ダ,1600,,重,1361,1.5,,,13,14,35.5,3,52.4,*,51.57,49.4,,003,0,,2019102102,(46.5),,,1.6,後方,後方,36.36,474,-8,46.5,広富牧場,日高町,ザファクター,トゥモローズライト,アフリート,16,3,5,,(美),青木孝文
2勝,202406010804010802,"2024. 6. 1",京都,ドットクルー,牡,4,岩田望来, 58 ,7,１,芝,1800,C,良,1459,-0.1,,,3,3,33.7,3,57.1,*,57.10,55.7,,A04,1550,   16.1,2020101486,520,170,600,0.3,先行,先行,36.10,468,+6,5.2,佐々木牧場,日高町,ディーマジェスティ,スターオブロゼッタ,ロードカナロア,7,2,2,,(栗),笹田和秀
未勝利,202406010804010414,"2024. 6. 1",京都,プリズマジコ,牡,3,秋山稔樹,56☆,18,３,芝,1600,C,良,1334,0.8,,,15,13,35.1,1,49.7,*,47.60,46.5,,A03,140,,2021106077,(236.6),2270,,1.2,後方,追込,34.98,444,-13,236.6,大狩部牧場,新冠町,キズナ,グラントリノ,グランデラ,18,7,14,,(栗),高橋義忠
未勝利,202406010804010103,"2024. 6. 1",京都,タミゼ,牝,3,Ｍ．デム, 55 ,16,２,ダ,1400,,稍,1254,0.2,,,2,2,38.1,7,43.1,*,43.63,43.2,牝,023,220,,2021100650,(5.5),140,650,0.1,先行,先行,35.48,472,-2,5.5,笠松牧場,浦河町,リオンディーズ,フレンチトースト,フレンチデピュティ,16,2,3,,(栗),平田修
未勝利,202406010503010315,"2024. 6. 1",東京,スプランドゥール,牡,3,柴田大知, 57 ,16,４,ダ,1600,,重,1377,0.9,,,3,3,37.3,4,47.2,*,51.10,47.8,,A03,83,,2021100623,(68.3),,,0.4,先行,先行,36.24,462,+18,68.3,荻伏服部牧場,浦河町,シルバーステート,チェリーシェル,サクラバクシンオー,16,8,15,,(美),和田雄二
未勝利,202406010503010310,"2024. 6. 1",東京,ローンウルフ,牡,3,佐々木大, 57 ,16,９,ダ,1600,,重,1387,1.9,,,1,1,38.7,15,43.0,,51.10,47.8,,A03,0,,2021104112,(5.3),,,0.0,逃げ,逃げ,36.00,474,+4,5.3,千代田牧場,新ひだか町,リアルインパクト,シェリレーヌ,Mineshaft,16,5,10,,(美),武市康男
未勝利,202405260803120309,"2024. 5.26",京都,ラガークイン,牝,3,角田大河,54☆,17,５,芝,1600,B,良,1338,0.1,,,7,7,34.5,3,53.1,*,52.20,51.1,,A03,55,,2021105416,(8.3),,,0.5,中団,中団,35.58,404,0,8.3,ノーザンファーム,安平町,リアルインパクト,ウォークロニクル,ウォーエンブレム,17,5,9,,(栗),大久保龍
1勝,202405260502120506,"2024. 5.26",東京,アメリカンチケット,牡,3,戸崎圭太, 57 ,16,16,ダ,1400,,良,1272,2.5,,,4,5,38.5,16,44.9,,55.47,49.0,,A03,0,,2021110122,(6.9),,,0.5,中団,中団,36.53,496,0,6.9,"Triemore Stud",米,Justify,"A Z Warrior",Bernardini,16,3,6,,(栗),藤原英昭
未勝利,202405260502120314,"2024. 5.26",東京,ビップチェイス,牡,3,江田照男, 57 ,16,８,ダ,1600,,良,1396,2.7,,,8,11,38.9,6,43.6,,45.63,44.6,,A03,0,,2021105763,(122.1),,,1.4,後方,後方,36.42,470,-4,122.1,ノーザンファーム,安平町,アルアイン,ベッラレイア,ナリタトップロード,16,7,14,,(美),田島俊明
未勝利,202405260502120115,"2024. 5.26",東京,ピースヒロフェイス,牝,3,石橋脩, 55 ,16,３,ダ,1600,,良,1380,1.3,,,5,4,37.0,4,48.9,*,49.60,49.8,牝,023,140,,2021105769,(15.3),260,,0.6,先行,先行,36.60,462,+4,15.3,ノーザンファーム,安平町,サトノダイヤモンド,ペルヴィアンリリー,フレンチデピュティ,16,8,15,,(美),牧光二
Ｇ３,202405250803111108,"2024. 5.25",京都,モズトキキ,牝,3,亀田温心, 55 ,18,16,芝,1200,B,良,1081,1.0,,,6,6,34.3,15,48.5,*,48.50,47.9,,N04,0,    0.0,2021102914,(46.5),,,0.6,中団,中団,33.80,548,+10,46.5,谷川牧場,浦河町,グランプリボス,モズジャカランダ,Congrats,18,4,8,,(栗),村山明
未勝利,202405250502110505,"2024. 5.25",東京,ビーンスターク,牡,3,小林勝太,54▲,11,４,芝,2000,C,良,2023,0.2,,1,1,1,35.1,8,56.5,*,59.20,57.1,,A03,83,,2021103578,(19.3),,,0.0,逃げ,逃げ,37.37,466,-2,19.3,岡田牧場,新ひだか町,ロジャーバローズ,アートオブビーン,アグネスデジタル,11,5,5,*,(美),栗田徹
1勝,202405190803100706,"2024. 5.19",京都,メイショウミリオレ,牝,3,高杉吏麒,52▲,11,１,芝,1200,B,良,1083,-0.1,,,9,8,33.8,1,52.1,*,51.70,46.8,,A04,780,,2021103278,350,180,1710,0.9,中団,差し,34.50,482,-2,3.5,三嶋牧場,浦河町,ルーラーシップ,メイショウメイゲツ,ディープインパクト,11,6,6,,(栗),藤岡健一
未勝利,202405190401080505,"2024. 5.19",新潟,ズイウンゴサイ,牡,3,大江原比,53★,16,３,芝,2200,B,良,2170,0.2,15,15,13,10,36.4,1,53.6,*,52.33,50.4,,A03,140,,2021100597,(66.6),910,,1.0,中団,差し,37.73,458,+4,66.6,エムエム、ヤマダファーム,浦河町,シュヴァルグラン,ブルーインザスカイ,チチカステナンゴ,16,3,5,,(美),武市康男
未勝利,202405190401080408,"2024. 5.19",新潟,ピーターサイト,牡,4,五十嵐雄, 59 ,14,６,芝,2890,B,良,3129,2.2,7,8,9,9,13.3,,,,,,,000,0,,2020105611,(6.5),,,,中団,中団,,472,+2,6.5,ノースヒルズ,新冠町,ワンアンドオンリー,ヴィクトリアアイ,ブライアンズタイム,14,5,8,,(美),村田一誠
未勝利,202405190401080311,"2024. 5.19",新潟,プルメリアクヒオ,牡,3,藤田菜七,55◇,15,２,ダ,1800,,良,1543,1.1,1,1,1,2,37.7,6,51.6,*,53.93,54.6,,A03,220,,2021103208,(6.4),330,5430,0.0,逃げ,逃げ,38.30,446,-2,6.4,まるとみ冨岡牧場,浦河町,ホッコータルマエ,プルメリアミコ,ケイムホーム,15,6,11,,(美),深山雅史
2勝,202405180803091003,"2024. 5.18",京都,ドットクルー,牡,4,岩田望来, 57 ,9,３,芝,1800,B,良,1450,0.4,,,6,6,33.8,3,55.3,*,54.33,52.5,,A03,390,    2.8,2020101486,(8.3),250,,0.9,中団,差し,35.60,462,0,8.3,佐々木牧場,日高町,ディーマジェスティ,スターオブロゼッタ,ロードカナロア,9,3,3,,(栗),笹田和秀
未勝利,202405180502090417,"2024. 5.18",東京,ライトニングゼウス,牡,3,木幡巧也, 57 ,18,９,芝,1600,B,良,1352,1.2,,,11,10,34.4,10,56.0,,57.53,54.9,,003,0,,2021104058,(47.0),,,1.0,中団,中団,36.48,504,-2,47.0,谷岡スタット,新ひだか町,ダンカーク,サクラナスカ,サクラバクシンオー,18,8,17,,(美),勢司和浩
未勝利,202405180401070402,"2024. 5.18",新潟,アメリカンピース,セ,6,水沼元輝,57▲,13,４,芝,2890,B,良,3124,1.4,6,7,8,5,13.3,,,,,,,A00,120,,2018110131,(11.1),,,,中団,差し,,460,+4,11.1,"Don Alberto Corporation",米,Tapit,"La Cloche",Ghostzapper,13,2,2,,(栗),音無秀孝
未勝利,202405120803080110,"2024. 5.12",京都,ペレグリン,牝,3,幸英明, 55 ,16,３,ダ,1200,,良,1138,0.6,,,1,1,37.8,7,45.2,*,46.53,46.8,牝,023,140,,2021100906,(3.2),140,,0.0,逃げ,逃げ,36.00,426,0,3.2,バンブー牧場,浦河町,バンブーエール,フラミンゴ,マルカシェンク,15,5,10,,(栗),河嶋宏樹
1勝,202405120502080802,"2024. 5.12",東京,パープルアドミラル,牡,4,長浜鴻緒,55▲,9,９,芝,1800,B,良,1503,4.1,,7,9,9,36.1,8,52.8,,52.97,50.0,,003,0,,2020104328,(208.4),,,3.4,後方,後方,37.10,438,+6,208.4,聖心台牧場,新ひだか町,シビルウォー,ママノヨリミチ,マンハッタンカフェ,9,2,2,,(美),堀内岳志
未勝利,202405120502080212,"2024. 5.12",東京,ビップチェイス,牡,3,江田照男, 57 ,16,６,ダ,1600,,良,1397,1.9,,,11,9,37.6,6,49.1,,49.67,49.9,,A03,0,,2021105763,(167.6),,,1.0,中団,中団,37.26,474,-4,167.6,ノーザンファーム,安平町,アルアイン,ベッラレイア,ナリタトップロード,16,6,12,,(美),田島俊明
1勝,202405120401060606,"2024. 5.12",新潟,ノーブルアクト,牝,4,水沼元輝,53▲,11,７,ダ,1800,,良,1549,1.8,6,6,5,5,38.5,6,49.2,,50.37,51.2,牝,023,0,,2020104744,(89.9),,,0.7,中団,中団,38.20,502,+4,89.9,フジワラフアーム,新ひだか町,マクフィ,クイーンロイド,ゼンノロブロイ,11,6,6,,(美),上原博之
未勝利,202405110803070213,"2024. 5.11",京都,タミゼ,牝,3,Ｍ．デム, 55 ,16,２,ダ,1400,,良,1264,0.1,,,4,4,38.4,1,43.8,*,43.30,41.8,,003,220,,2021100650,(5.0),150,630,0.5,先行,先行,36.00,474,-4,5.0,笠松牧場,浦河町,リオンディーズ,フレンチトースト,フレンチデピュティ,16,7,13,,(栗),平田修
未勝利,202405110502070508,"2024. 5.11",東京,ムチャスグラシアス,牝,3,戸崎圭太, 55 ,18,７,芝,1400,B,良,1224,1.3,,,4,5,35.2,13,50.6,,53.03,51.8,,A03,0,,2021104217,(12.5),,,0.5,中団,中団,35.40,436,+2,12.5,友田牧場,新ひだか町,カリフォルニアクローム,ロスグラシアレス,シンボリクリスエス,18,4,8,,(美),菊川正達
1勝,202405110401050806,"2024. 5.11",新潟,シャンデルナゴル,牡,4,富田暁, 58 ,14,３,ダ,1800,,良,1532,0.1,1,1,2,2,38.5,3,47.0,*,47.10,46.9,,003,200,,2020103193,(2.0),120,,0.1,逃げ,逃げ,37.35,480,0,2.0,ノーザンファーム,安平町,サトノダイヤモンド,アガルタ,キングカメハメハ,14,4,6,,(栗),石坂公一
未勝利,202405110401050315,"2024. 5.11",新潟,グランテレーズ,牝,3,斎藤新, 55 ,16,４,芝,1400,B,良,1230,0.5,,,5,5,36.4,7,46.0,*,46.70,45.0,,003,83,,2021102401,(17.4),,,0.5,中団,差し,34.95,434,-8,17.4,坂東牧場,平取町,シュヴァルグラン,アドマイヤテレサ,エリシオ,16,8,15,,(栗),渡辺薫彦
未勝利,202405110401050211,"2024. 5.11",新潟,ローンウルフ,牡,3,佐々木大,56☆,15,４,ダ,1800,,良,1550,0.5,1,1,1,1,39.5,7,45.6,*,48.20,46.8,,003,83,,2021104112,(16.7),,,0.0,逃げ,逃げ,37.75,470,-8,16.7,千代田牧場,新ひだか町,リアルインパクト,シェリレーヌ,Mineshaft,15,6,11,,(美),武市康男
OP(L),202405050803061007,"2024. 5. 5",京都,ストレイトアスク,牝,3,西塚洸二, 55 ,11,消,芝,1400,A,良,----,----,,,,,,0,,,53.47,51.1,,N04,0,    0.0,2021102312,,,,,,,,,,,"ASK STUD",平取町,ロードカナロア,ストレイトガール,フジキセキ,10,6,7,,(栗),藤原英昭
Ｇ１,202405050502061108,"2024. 5. 5",東京,エンヤラヴフェイス,牡,3,菱田裕二, 57 ,18,10,芝,1600,A,良,1334,1.0,,,6,6,34.6,15,52.0,*,53.40,52.6,牡牝,N41,0,    0.0,2021101737,(498.9),,,0.5,中団,中団,35.28,490,+2,498.9,チャンピオンズファーム,新ひだか町,エイシンヒカリ,タイキアプローズ,"Devil's Bag",18,4,8,,(栗),森田直行
3勝,202405050502060901,"2024. 5. 5",東京,ヴェールランス,牡,5,Ｍ．デム, 58 ,12,12,芝,1600,A,良,1351,2.6,,,1,2,36.9,11,44.6,,52.67,50.9,,A04,0,    0.0,2019104767,(53.6),,,0.2,逃げ,逃げ,34.92,436,-10,53.6,社台ファーム,千歳市,キタサンブラック,ジュエラー,ヴィクトワールピサ,12,1,1,,(栗),藤岡健一
1勝,202405050502060512,"2024. 5. 5",東京,ロードブレイズ,牡,3,横山和生, 57 ,16,３,ダ,2100,,良,2122,1.1,8,8,6,7,37.9,3,49.5,*,50.50,50.6,,A04,200,,2021100162,(12.6),230,,0.5,中団,差し,37.72,488,0,12.6,ケイアイファーム,新ひだか町,ロードカナロア,ブリュネット,ダイワメジャー,16,6,12,*,(美),稲垣幸雄
未勝利,202405050502060410,"2024. 5. 5",東京,ビーンスターク,牡,3,横山和生, 57 ,18,11,芝,1800,A,良,1486,1.1,,1,1,1,36.0,14,50.8,,54.47,54.0,,003,0,,2021103578,(24.6),,,0.0,逃げ,逃げ,36.30,468,-4,24.6,岡田牧場,新ひだか町,ロジャーバローズ,アートオブビーン,アグネスデジタル,18,5,10,,(美),栗田徹
1勝,202405050401040701,"2024. 5. 5",新潟,ハレアカラフラ,牝,4,松岡正海, 56 ,16,４,芝,1400,B,良,1230,0.4,,,4,3,36.2,11,47.0,*,49.70,45.7,,003,120,,2020103292,(25.4),,,0.5,先行,先行,35.10,458,+6,25.4,ノーザンファーム,安平町,ラブリーデイ,オーキッドレイ,ディープインパクト,16,1,1,,(栗),音無秀孝
未勝利,202405050401040204,"2024. 5. 5",新潟,ブルボンクイーン,牝,3,角田大和,54☆,15,５,芝,1200,B,良,1106,0.4,,,7,7,35.7,2,47.8,*,47.50,46.1,,A03,55,,2021100297,(3.5),,,0.5,中団,中団,34.90,474,+8,3.5,土居牧場,新ひだか町,キズナ,セレブラール,ボストンハーバー,15,3,4,,(栗),角田晃一
1勝,202405040803050613,"2024. 5. 4",京都,プロミシングスター,牡,3,川田将雅, 57 ,14,１,ダ,1200,,良,1127,-0.0,,,8,7,37.0,4,46.5,*,48.10,41.8,,A03,780,,2021103073,180,110,1220,0.9,中団,差し,35.70,438,-6,1.8,富田牧場,浦河町,マジェスティックウォリアー,ファインチョイス,アドマイヤムーン,14,8,13,,(栗),高橋義忠
1勝,202405040803050602,"2024. 5. 4",京都,ワークソング,牡,3,古川奈穂,53★,14,10,ダ,1200,,良,1139,1.2,,,5,5,38.5,11,41.9,,48.10,41.8,,A03,0,,2021102462,(45.7),,,0.6,中団,中団,35.40,484,+6,45.7,雅牧場,平取町,モーニン,ハッピーラン,フレンチデピュティ,14,2,2,,(栗),牧浦充徳
未勝利,202405040803050503,"2024. 5. 4",京都,バッデレイト,牡,3,岩田望来, 57 ,16,１,芝,2200,A,良,2130,-0.2,3,3,4,3,34.1,1,58.8,*,58.27,57.9,,A03,550,,2021102728,1090,330,1040,0.2,先行,先行,37.09,464,,10.9,杵臼牧場,浦河町,サトノダイヤモンド,ビーウインド,スピニングワールド,16,2,3,,(栗),上村洋行
未勝利,202405040401030509,"2024. 5. 4",新潟,ピースヒロフェイス,牝,3,石橋脩, 55 ,16,10,芝,1800,B,良,1501,1.8,,,5,5,36.9,12,49.2,,54.97,52.1,牝,023,0,,2021105769,(5.8),,,0.5,中団,中団,36.60,458,-2,5.8,ノーザンファーム,安平町,サトノダイヤモンド,ペルヴィアンリリー,フレンチデピュティ,16,5,9,,(美),牧光二
1勝,202404280502040705,"2024. 4.28",東京,セイウンパシュート,牡,4,田辺裕信, 58 ,9,２,芝,2000,A,良,1589,0.0,,5,4,4,34.1,2,56.6,*,56.70,46.4,,A03,320,,2020100233,(2.6),110,4060,2.5,先行,先行,36.34,474,+6,2.6,田上徹,新ひだか町,ハーツクライ,シーソルティキッス,キングカメハメハ,9,5,5,,(美),上原博之
未勝利,202404270803030207,"2024. 4.27",京都,ペレグリン,牝,3,幸英明, 55 ,16,３,ダ,1200,,良,1143,0.5,,,1,1,38.7,11,42.0,*,43.40,43.2,,003,140,,2021100906,(5.4),250,,0.0,逃げ,逃げ,35.60,426,+2,5.4,バンブー牧場,浦河町,バンブーエール,フラミンゴ,マルカシェンク,16,4,7,*,(栗),河嶋宏樹
2勝,202404270401011010,"2024. 4.27",新潟,ドットクルー,牡,4,角田大河, 58 ,10,２,芝,1800,B,良,1485,0.4,,,6,8,34.4,3,57.7,*,58.17,56.7,,A04,620,    6.4,2020101486,(5.1),200,4150,0.5,後方,追込,37.05,462,+6,5.1,佐々木牧場,日高町,ディーマジェスティ,スターオブロゼッタ,ロードカナロア,10,8,10,,(栗),笹田和秀
未勝利,202404270401010512,"2024. 4.27",新潟,ズイウンゴサイ,牡,3,大江原比,53★,15,５,芝,2000,B,良,2033,1.2,7,8,9,10,36.0,2,53.9,*,53.43,54.1,,003,55,,2021100597,(331.1),,,0.8,中団,中団,37.41,454,0,331.1,エムエム、ヤマダファーム,浦河町,シュヴァルグラン,ブルーインザスカイ,チチカステナンゴ,15,7,12,,(美),武市康男
未勝利,202404270401010306,"2024. 4.27",新潟,アメリカンチケット,牡,3,西塚洸二,55△,15,１,ダ,1200,,良,1114,-1.0,,,1,1,37.5,2,40.4,*,41.50,40.4,,A03,550,,2021110122,340,140,2660,0.0,逃げ,逃げ,33.90,496,+6,3.4,"Triemore Stud",米,Justify,"A Z Warrior",Bernardini,15,4,6,,(栗),藤原英昭
未勝利,202404210803020212,"2024. 4.21",京都,タミゼ,牝,3,Ｍ．デム, 55 ,16,５,ダ,1200,,良,1140,1.1,,,4,4,38.3,8,43.2,*,44.10,43.4,,A03,55,,2021100650,(2.4),,,0.5,先行,先行,35.70,478,+16,2.4,笠松牧場,浦河町,リオンディーズ,フレンチトースト,フレンチデピュティ,16,6,12,,(栗),平田修
未勝利,202404210502020311,"2024. 4.21",東京,ブライティアダイヤ,牝,3,三浦皇成, 55 ,18,５,芝,1400,A,良,1223,1.1,,,2,2,35.0,15,51.4,*,54.23,54.1,,A03,55,,2021102468,(13.2),,,0.1,先行,先行,35.48,458,+14,13.2,雅牧場,平取町,サトノアラジン,ブライティアナイル,アドマイヤベガ,17,6,11,,(美),稲垣幸雄
2勝,202404210301061115,"2024. 4.21",福島,スムースベルベット,牝,4,杉原誠人, 56 ,16,16,芝,1200,B,良,1099,1.2,,,9,10,35.1,16,49.1,,50.50,49.1,,A00,0,    0.0,2020106987,(14.3),,,0.6,中団,中団,34.80,490,-4,14.3,ミルファーム,浦河町,ディスクリートキャット,ローブドヴルール,サウスヴィグラス,16,8,15,*,(美),手塚貴久
1勝,202404210301060903,"2024. 4.21",福島,ペリプルス,牡,4,丸山元気, 58 ,9,４,芝,2600,B,良,2400,0.1,4,3,4,3,35.6,4,54.8,*,55.30,54.0,,000,170,    0.0,2020105796,(27.1),,,0.3,先行,先行,37.32,428,-2,27.1,ビッグレッドファーム,新冠町,ゴールドシップ,マイネリベルタス,コンデュイット,9,3,3,,(美),佐藤吉勝
未勝利,202404210301060704,"2024. 4.21",福島,ファイツオン,牡,3,高杉吏麒,54▲,15,２,芝,1200,B,良,1095,0.0,,,1,1,35.1,7,48.0,*,48.67,48.0,,000,220,,2021100476,(1.7),110,820,0.0,逃げ,逃げ,34.40,506,-2,1.7,村上牧場,新ひだか町,アルアイン,ソラコマチ,サクラバクシンオー,15,3,4,,(栗),藤岡健一
未勝利,202404210301060304,"2024. 4.21",福島,プルメリアクヒオ,牡,3,藤田菜七,55◇,15,４,ダ,1700,,良,1475,0.7,2,2,2,2,39.2,6,45.0,*,47.07,46.8,,A00,83,,2021103208,(5.9),,,0.0,先行,先行,37.25,448,-6,5.9,まるとみ冨岡牧場,浦河町,ホッコータルマエ,プルメリアミコ,ケイムホーム,15,3,4,,(美),深山雅史
未勝利,202404210301060204,"2024. 4.21",福島,メイショウミリオレ,牝,3,高杉吏麒,52▲,16,１,芝,1200,B,良,1094,-0.6,,,5,3,34.8,1,49.4,*,47.10,47.7,牝,020,550,,2021103278,470,150,1470,0.3,先行,先行,34.60,484,-26,4.7,三嶋牧場,浦河町,ルーラーシップ,メイショウメイゲツ,ディープインパクト,16,2,4,,(栗),藤岡健一
未勝利,202404210301060115,"2024. 4.21",福島,ワークソング,牡,3,古川奈穂,53★,16,１,ダ,1150,,良,1092,-0.6,,,1,1,37.6,5,41.7,*,41.10,41.7,,000,550,,2021102462,620,190,1250,0.0,逃げ,逃げ,34.47,478,+6,6.2,雅牧場,平取町,モーニン,ハッピーラン,フレンチデピュティ,16,8,15,,(栗),牧浦充徳
3勝,202404200803011008,"2024. 4.20",京都,キュールエフウジン,牡,5,藤岡佑介, 58 ,12,５,ダ,1900,,良,2001,0.9,10,10,11,10,37.6,2,51.3,*,49.30,48.6,,A04,184,    0.0,2019102983,(16.9),,,1.3,後方,後方,38.08,494,-6,16.9,木下牧場,新ひだか町,ホッコータルマエ,キュールエアリス,ウォーエンブレム,12,6,8,,(栗),中尾秀正
未勝利,202404200803010410,"2024. 4.20",京都,テイクザクラウン,牡,3,Ｍ．デム, 57 ,11,２,芝,2400,A,良,2267,0.3,5,5,4,3,34.4,4,58.8,*,59.43,58.5,,003,220,,2021102379,(4.0),130,430,0.3,先行,先行,37.43,440,-8,4.0,二風谷ファーム,平取町,サトノクラウン,アムールレジェンド,ディープインパクト,11,8,10,,(栗),吉村圭司
未勝利,202404200301050408,"2024. 4.20",福島,アメリカンピース,セ,6,水沼元輝,57▲,14,３,芝,2770,B,良,3033,0.6,5,4,6,3,13.2,,,,,,,A00,200,,2018110131,(71.8),1150,,,先行,先行,,456,-2,71.8,"Don Alberto Corporation",米,Tapit,"La Cloche",Ghostzapper,14,5,8,,(栗),音無秀孝
未勝利,202404200301050414,"2024. 4.20",福島,ローディアマント,セ,4,伴啓太, 59 ,14,４,芝,2770,B,良,3038,1.1,8,6,3,5,13.3,,,,,,,A00,120,,2020101429,(29.3),,,,中団,差し,,476,-2,29.3,クラウン日高牧場,日高町,サトノダイヤモンド,ブロッサムレーン,"New Approach",14,8,14,,(美),尾関知人
未勝利,202404140902080206,"2024. 4.14",阪神,レーウィン,牡,3,岩田康誠, 57 ,15,８,ダ,1400,,良,1269,1.5,,,13,13,37.1,1,50.7,*,44.23,43.1,,003,0,,2021100734,(8.8),,,2.5,後方,後方,37.35,516,0,8.8,高昭牧場,浦河町,ヘニーヒューズ,フジインザスカイ,ディープスカイ,15,4,6,,(栗),上村洋行
未勝利,202404140902080115,"2024. 4.14",阪神,ララバッカナール,牝,3,中井裕二, 55 ,16,３,ダ,1200,,良,1136,0.2,,,8,5,37.8,2,44.7,*,43.27,41.1,牝,023,140,,2021107097,(5.5),170,,0.8,中団,差し,35.80,450,-2,5.5,森永聡,新冠町,ヘニーヒューズ,ゴッドダンシング,ダンスインザダーク,16,8,15,,(栗),斉藤崇史
1勝,202404140603080703,"2024. 4.14",中山,ゲキザル,牡,5,北村宏司, 58 ,16,５,ダ,1200,,良,1122,1.4,,,15,12,36.7,2,46.7,*,44.03,44.5,,A03,80,,2019102102,(3.9),,,1.1,後方,後方,35.50,482,0,3.9,広富牧場,日高町,ザファクター,トゥモローズライト,アフリート,16,2,3,,(美),青木孝文
未勝利,202404140301040409,"2024. 4.14",福島,パープルアドミラル,牡,4,中村将之, 59 ,11,10,芝,2750,A,良,3077,6.0,10,9,10,10,13.7,,,,,,,A00,0,,2020104328,(164.3),,,,後方,後方,,432,-4,164.3,聖心台牧場,新ひだか町,シビルウォー,ママノヨリミチ,マンハッタンカフェ,11,7,9,,(美),堀内岳志
未勝利,202404140301040210,"2024. 4.14",福島,ビーンスターク,牡,3,富田暁, 57 ,16,10,芝,2000,A,良,2021,1.4,3,3,5,5,37.3,13,47.4,,51.33,49.6,,A03,0,,2021103578,(19.9),,,0.4,中団,中団,36.34,472,-2,19.9,岡田牧場,新ひだか町,ロジャーバローズ,アートオブビーン,アグネスデジタル,16,5,10,,(美),栗田徹
1勝,202404130902070604,"2024. 4.13",阪神,クリノオリーブ,牝,3,角田大河,54☆,15,３,ダ,1200,,良,1127,0.8,,,7,5,37.1,5,46.0,*,45.07,44.3,,A03,200,,2021102259,(7.3),180,,0.7,中団,差し,35.60,462,+2,7.3,横井哲,日高町,ニューイヤーズデイ,クリノラホール,ダイワメジャー,15,3,4,,(栗),谷潔
2勝,202404130603070805,"2024. 4.13",中山,スムースベルベット,牝,4,内田博幸, 56 ,12,11,芝,1200,B,良,1098,0.7,,,8,8,34.0,7,55.3,*,55.40,54.4,,A00,0,,2020106987,(3.1),,,0.5,中団,中団,35.80,494,-2,3.1,ミルファーム,浦河町,ディスクリートキャット,ローブドヴルール,サウスヴィグラス,12,5,5,,(美),手塚貴久
1勝,202404130603070706,"2024. 4.13",中山,セイウンパシュート,牡,4,勝浦正樹, 58 ,9,２,芝,2200,B,良,2167,0.2,5,5,4,4,34.7,3,60.2,*,59.67,59.2,,A00,320,,2020100233,(1.9),110,890,0.4,先行,先行,38.25,468,-8,1.9,田上徹,新ひだか町,ハーツクライ,シーソルティキッス,キングカメハメハ,9,6,6,,(美),上原博之
1勝,202404130603070606,"2024. 4.13",中山,ロードブレイズ,牡,3,三浦皇成, 57 ,9,２,ダ,1800,,良,1546,0.3,6,5,8,6,37.6,1,52.4,*,50.87,50.0,,000,310,,2021100162,(7.7),130,340,0.8,中団,差し,38.50,488,0,7.7,ケイアイファーム,新ひだか町,ロードカナロア,ブリュネット,ダイワメジャー,9,6,6,,(美),稲垣幸雄
1勝,202404130301031015,"2024. 4.13",福島,エイトスターズ,牝,4,吉田隼人, 56 ,15,２,芝,2000,A,良,2003,0.1,12,10,8,5,35.4,3,52.8,*,53.00,51.0,牝,023,440,    9.8,2020103772,(5.4),200,1990,0.5,中団,差し,36.39,474,0,5.4,レイクヴィラファーム,洞爺湖町,ジャスタウェイ,インザスポットライト,"Exceed And Excel",15,8,15,,(栗),坂口智康
1勝,202404130301030905,"2024. 4.13",福島,モズトキキ,牝,3,古川奈穂, 55 ,16,１,芝,1200,A,良,1085,-0.4,,,1,1,34.6,3,48.0,*,47.93,48.0,,A04,1070,   36.4,2021102914,670,230,1990,0.0,逃げ,逃げ,33.90,538,+2,6.7,谷川牧場,浦河町,グランプリボス,モズジャカランダ,Congrats,16,3,5,,(栗),村山明
未勝利,202404130301030202,"2024. 4.13",福島,ムチャスグラシアス,牝,3,石橋脩, 55 ,16,３,芝,1200,A,良,1103,1.0,,,14,14,34.9,1,51.4,*,48.50,46.3,,003,140,,2021104217,(171.1),1990,,1.4,後方,追込,35.40,434,,171.1,友田牧場,新ひだか町,カリフォルニアクローム,ロスグラシアレス,シンボリクリスエス,16,1,2,,(美),菊川正達
1勝,202404070902060603,"2024. 4. 7",阪神,シャンデルナゴル,牡,4,ムルザバ, 58 ,10,３,ダ,1800,,良,1534,0.3,2,2,2,2,37.1,3,52.8,*,53.90,53.3,,A03,200,,2020103193,(3.7),140,,0.1,先行,先行,38.15,480,-2,3.7,ノーザンファーム,安平町,サトノダイヤモンド,アガルタ,キングカメハメハ,9,3,3,,(栗),石坂公一
1勝,202404070902060502,"2024. 4. 7",阪神,ビバップ,牡,3,吉村誠之,54▲,16,15,ダ,1400,,良,1274,3.0,,,1,2,41.3,16,33.7,,42.23,40.3,,A03,0,,2021102700,(31.5),,,0.0,逃げ,逃げ,34.58,464,-6,31.5,杵臼斉藤牧場,浦河町,モーニン,カプリースレディー,ジャングルポケット,16,1,2,,(栗),清水久詞
未勝利,202404070603060408,"2024. 4. 7",中山,ライトニングゼウス,牡,3,木幡巧也, 57 ,16,６,芝,1600,B,重,1368,1.1,,2,3,3,37.9,8,43.2,,44.20,43.1,,A03,0,,2021104058,(12.4),,,0.7,先行,先行,35.34,506,+2,12.4,谷岡スタット,新ひだか町,ダンカーク,サクラナスカ,サクラバクシンオー,16,4,8,,(美),勢司和浩
1勝,202404070301020813,"2024. 4. 7",福島,ペリプルス,牡,4,丸山元気, 58 ,16,５,芝,2600,A,良,2401,1.3,11,12,12,10,36.9,5,50.2,*,51.67,49.1,,A03,80,,2020105796,(58.7),,,1.3,中団,中団,36.96,430,-4,58.7,ビッグレッドファーム,新冠町,ゴールドシップ,マイネリベルタス,コンデュイット,16,7,13,,(美),佐藤吉勝
未勝利,202404060902050213,"2024. 4. 6",阪神,アメリカンチケット,牡,3,松山弘平, 57 ,16,３,ダ,1400,,稍,1259,0.5,,,2,2,38.5,4,42.3,*,43.50,43.1,,A03,140,,2021110122,(5.0),160,,0.1,先行,先行,35.55,490,-10,5.0,"Triemore Stud",米,Justify,"A Z Warrior",Bernardini,16,7,13,,(栗),藤原英昭
Ｇ２,202404060603051106,"2024. 4. 6",中山,エンヤラヴフェイス,牡,3,北村宏司, 57 ,16,９,芝,1600,B,稍,1350,0.6,,12,11,9,35.2,7,51.9,*,50.87,49.5,牡牝,N41,0,    0.0,2021101737,(33.0),,,0.9,中団,中団,35.88,488,0,33.0,チャンピオンズファーム,新ひだか町,エイシンヒカリ,タイキアプローズ,"Devil's Bag",16,3,6,,(栗),森田直行
未勝利,202404060603050603,"2024. 4. 6",中山,プルメリアクヒオ,牡,3,藤田菜七,55◇,15,２,ダ,1800,,稍,1552,0.0,1,1,1,1,38.0,3,51.6,*,51.77,51.6,,003,220,,2021103208,(56.2),650,3530,0.0,逃げ,逃げ,38.60,454,-8,56.2,まるとみ冨岡牧場,浦河町,ホッコータルマエ,プルメリアミコ,ケイムホーム,14,2,3,,(美),深山雅史
未勝利,202404060603050513,"2024. 4. 6",中山,アイウィル,牡,3,長浜鴻緒,54▲,18,15,芝,2000,B,稍,2042,1.5,5,5,6,8,37.0,15,51.0,,54.17,52.8,,A03,0,,2021103502,(162.0),,,0.6,中団,中団,37.37,520,0,162.0,岡田スタツド,新ひだか町,ドレフォン,ジュリーハーツ,ハーツクライ,18,7,13,,(美),高木登
未勝利,202404060603050309,"2024. 4. 6",中山,ローンウルフ,牡,3,森泰斗, 57 ,12,６,ダ,1800,,稍,1560,1.2,2,2,2,3,40.2,10,44.3,,48.63,47.2,,003,0,,2021104112,(6.2),,,0.0,先行,先行,37.90,478,+2,6.2,千代田牧場,新ひだか町,リアルインパクト,シェリレーヌ,Mineshaft,12,7,9,,(美),武市康男
1勝,202404060301010609,"2024. 4. 6",福島,ノーブルアクト,牝,4,水沼元輝,53▲,15,11,ダ,1700,,良,1485,2.3,14,14,13,12,39.1,6,46.8,,46.70,45.5,,003,0,,2020104744,(27.1),,,1.8,後方,後方,37.85,498,-10,27.1,フジワラフアーム,新ひだか町,マクフィ,クイーンロイド,ゼンノロブロイ,15,5,9,,(美),上原博之
未勝利,202404060301010204,"2024. 4. 6",福島,ブルボンクイーン,牝,3,角田大和,54☆,16,３,芝,1200,A,良,1092,0.1,,,1,1,34.8,5,48.9,*,50.40,49.1,,003,140,,2021100297,(1.6),110,,0.0,逃げ,逃げ,34.40,466,-4,1.6,土居牧場,新ひだか町,キズナ,セレブラール,ボストンハーバー,16,2,4,,(栗),角田晃一
3勝,202403310603041112,"2024. 3.31",中山,ヴェールランス,牡,5,勝浦正樹, 58 ,15,９,芝,2000,B,良,2002,1.5,7,6,5,5,36.5,11,48.3,,52.57,49.2,,A04,0,    0.0,2019104767,(42.6),,,0.8,中団,中団,35.87,446,-4,42.6,社台ファーム,千歳市,キタサンブラック,ジュエラー,ヴィクトワールピサ,15,7,12,,(栗),藤岡健一
未勝利,202403310603040409,"2024. 3.31",中山,パープルアドミラル,牡,4,上野翔, 59 ,11,９,ダ,2880,,良,3294,15.0,10,10,10,9,14.5,,,,,,,A00,0,,2020104328,(194.9),,,,後方,後方,,436,-2,194.9,聖心台牧場,新ひだか町,シビルウォー,ママノヨリミチ,マンハッタンカフェ,11,7,9,,(美),堀内岳志
未勝利,202403300902030406,"2024. 3.30",阪神,ファイツオン,牡,3,高杉吏麒,54▲,18,５,芝,1400,B,良,1226,0.7,,,1,1,35.9,15,47.6,*,50.27,49.5,,A03,55,,2021100476,(4.2),,,0.0,逃げ,逃げ,35.03,508,-2,4.2,村上牧場,新ひだか町,アルアイン,ソラコマチ,サクラバクシンオー,18,3,6,,(栗),藤岡健一
未勝利,202403300902030212,"2024. 3.30",阪神,ペレグリン,牝,3,幸英明, 55 ,16,２,ダ,1200,,稍,1135,0.1,,,1,1,37.9,7,43.9,*,45.03,44.2,,A03,220,,2021100906,(48.0),680,8990,0.0,逃げ,逃げ,35.60,424,0,48.0,バンブー牧場,浦河町,バンブーエール,フラミンゴ,マルカシェンク,16,6,12,,(栗),河嶋宏樹
1勝,202403300603031213,"2024. 3.30",中山,ゲキザル,牡,5,北村宏司, 58 ,16,２,ダ,1200,,重,1112,0.0,,,12,13,36.0,1,47.8,*,42.43,39.9,,A03,320,,2019102102,(9.5),490,3720,1.5,後方,追込,35.20,482,+2,9.5,広富牧場,日高町,ザファクター,トゥモローズライト,アフリート,16,7,13,,(美),青木孝文
1勝,202403240902020607,"2024. 3.24",阪神,クリノオリーブ,牝,3,角田大河,54☆,12,２,ダ,1200,,不,1111,0.6,,,5,4,36.2,3,46.4,*,45.80,46.4,,A03,310,,2021102259,(8.6),190,700,0.3,先行,先行,34.90,460,0,8.6,横井哲,日高町,ニューイヤーズデイ,クリノラホール,ダイワメジャー,12,6,7,,(栗),谷潔
未勝利,202403240902020203,"2024. 3.24",阪神,ララバッカナール,牝,3,中井裕二, 55 ,16,５,ダ,1400,,不,1256,0.7,,,10,9,37.0,3,48.5,*,48.47,44.3,,003,55,,2021107097,(11.3),,,1.3,中団,中団,36.45,452,,11.3,森永聡,新冠町,ヘニーヒューズ,ゴッドダンシング,ダンスインザダーク,16,2,3,,(栗),斉藤崇史
1勝,202403240701060709,"2024. 3.24",中京,ペリプルス,牡,4,丸山元気, 57 ,9,７,芝,2200,B,重,2172,2.2,4,4,5,6,38.8,7,45.1,,48.33,47.5,,A03,0,,2020105796,(62.5),,,0.9,中団,中団,36.90,434,0,62.5,ビッグレッドファーム,新冠町,ゴールドシップ,マイネリベルタス,コンデュイット,9,8,9,,(美),佐藤吉勝
未勝利,202403240701060408,"2024. 3.24",中京,ビーンスターク,牡,3,富田暁, 57 ,16,３,芝,2000,B,重,2039,0.4,1,1,1,1,36.0,6,54.6,*,55.87,55.8,,003,140,,2021103578,(52.4),660,,0.0,逃げ,逃げ,37.67,474,+2,52.4,岡田牧場,新ひだか町,ロジャーバローズ,アートオブビーン,アグネスデジタル,16,4,8,,(美),栗田徹
未勝利,202403240701060306,"2024. 3.24",中京,スプランドゥール,牡,3,丸山元気, 57 ,14,７,ダ,1800,,重,1548,2.0,2,2,2,2,37.8,11,51.9,,56.20,57.1,,A03,0,,2021100623,(211.8),,,0.1,先行,先行,38.50,444,-12,211.8,荻伏服部牧場,浦河町,シルバーステート,チェリーシェル,サクラバクシンオー,14,4,6,,(美),和田雄二
未勝利,202403230902010311,"2024. 3.23",阪神,スターチスブーケ,牝,3,吉村誠之,52▲,16,10,ダ,1400,,不,1247,1.6,,,7,7,37.1,7,46.2,,47.13,46.2,,A03,0,,2021110075,(28.6),,,0.9,中団,中団,35.70,496,+4,28.6,"Gerty Bloodstock",米,"Practical Joke","Sovereign Halo",Haynesfield,16,6,11,,(栗),清水久詞
3勝,202403230701051114,"2024. 3.23",中京,キュールエフウジン,牡,5,藤岡佑介, 57 ,16,15,ダ,1900,,重,2000,4.4,12,12,14,14,39.5,15,44.1,,50.27,50.4,,A03,0,    0.0,2019102983,(7.9),,,1.3,後方,後方,37.15,500,+4,7.9,木下牧場,新ひだか町,ホッコータルマエ,キュールエアリス,ウォーエンブレム,16,7,14,,(栗),中尾秀正
未勝利,202403230701050616,"2024. 3.23",中京,ビップチェイス,牡,3,今村聖奈,54▲,16,止,ダ,1900,,重,----,----,11,11,11,13,,0,,,49.40,48.5,,002,0,,2021105763,(67.6),,,,,,,478,-2,67.6,ノーザンファーム,安平町,アルアイン,ベッラレイア,ナリタトップロード,16,8,16,,(美),田島俊明
未勝利,202403230701050207,"2024. 3.23",中京,ストレイトアスク,牝,3,西塚洸二,53△,18,１,芝,1400,B,重,1236,-0.0,,,5,4,34.9,1,54.7,*,54.03,53.1,,003,550,,2021102312,1010,270,8990,0.3,先行,先行,36.53,424,0,10.1,"ASK STUD",平取町,ロードカナロア,ストレイトガール,フジキセキ,18,4,7,,(栗),藤原英昭
1勝,202403230603010508,"2024. 3.23",中山,ベニシア,牝,3,鮫島克駿, 55 ,10,10,芝,1200,A,良,1098,1.8,,,10,10,34.7,4,51.2,,48.07,45.4,,A04,0,,2021100662,(64.6),,,1.9,後方,後方,35.10,424,-2,64.6,上山牧場,浦河町,ヘニーヒューズ,フクシア,ゴールドアリュール,10,7,8,,(美),加藤士津
未勝利,202403170901080213,"2024. 3.17",阪神,ラガークイン,牝,3,古川奈穂,51★,16,８,ダ,1400,,良,1281,2.4,,,15,14,37.9,3,49.3,*,45.90,45.5,,003,0,,2021105416,(11.7),,,2.2,後方,後方,37.65,404,-4,11.7,ノーザンファーム,安平町,リアルインパクト,ウォークロニクル,ウォーエンブレム,16,7,13,,(栗),大久保龍
1勝,202403170701041208,"2024. 3.17",中京,ゲキザル,牡,5,菊沢一樹, 58 ,16,７,ダ,1200,,良,1128,1.0,,,15,16,36.2,2,51.1,*,44.23,43.0,,A03,0,,2019102102,(6.2),,,2.0,後方,後方,36.60,480,0,6.2,広富牧場,日高町,ザファクター,トゥモローズライト,アフリート,16,4,8,,(美),青木孝文
1勝,202403170602080404,"2024. 3.17",中山,ビバップ,牡,3,横山和生, 57 ,16,６,ダ,1200,,良,1136,0.7,,,7,6,37.9,6,44.2,*,44.70,41.8,,A03,0,,2021102700,(38.0),,,0.8,中団,中団,35.70,470,-2,38.0,杵臼斉藤牧場,浦河町,モーニン,カプリースレディー,ジャングルポケット,16,2,4,,(栗),清水久詞
OP(L),202403160901071108,"2024. 3.16",阪神,ノーブルスカイ,牡,3,松若風馬, 57 ,10,８,芝,2000,A,良,2017,2.0,2,2,2,2,36.5,8,50.0,,56.63,55.4,,N01,0,    0.0,2021102256,(57.4),,,0.1,先行,先行,36.51,466,0,57.4,エトルタファーム,日高町,ネオユニヴァース,ホウショウワールド,"Sky Classic",9,7,8,*,(栗),高柳大輔
未勝利,202403160901070503,"2024. 3.16",阪神,テイクザクラウン,牡,3,Ｍ．デム, 57 ,10,３,芝,2400,A,良,2270,0.1,3,3,3,3,34.5,2,58.7,*,58.40,58.2,,003,140,,2021102379,(2.1),110,,0.2,先行,先行,37.50,448,+2,2.1,二風谷ファーム,平取町,サトノクラウン,アムールレジェンド,ディープインパクト,10,3,3,,(栗),吉村圭司
未勝利,202403160901070303,"2024. 3.16",阪神,ワークソング,牡,3,Ｍ．デム, 57 ,16,５,ダ,1200,,良,1140,0.5,,,4,3,38.3,6,43.2,*,42.43,41.9,,003,55,,2021102462,(5.5),,,0.5,先行,先行,35.70,472,-12,5.5,雅牧場,平取町,モーニン,ハッピーラン,フレンチデピュティ,16,2,3,,(栗),牧浦充徳
未勝利,202403160901070208,"2024. 3.16",阪神,アラタマフェーヴル,牡,3,鮫島克駿, 57 ,14,５,ダ,1800,,良,1570,0.7,7,8,5,7,39.5,7,48.1,*,51.93,47.6,,003,55,,2021102115,(9.5),,,0.6,中団,中団,38.75,486,-14,9.5,槇本牧場,日高町,オルフェーヴル,アラタマクリスエス,シンボリクリスエス,14,5,8,*,(栗),浜田多実
1勝,202403160701031209,"2024. 3.16",中京,ガットネロ,牝,4,高杉吏麒,53▲,16,12,ダ,1400,,良,1267,1.4,,,6,6,39.8,14,38.4,,42.53,39.0,牝,023,0,,2020105073,(19.9),,,0.6,中団,中団,35.18,472,-6,19.9,大狩部牧場,新冠町,アメリカンペイトリオット,ブラックシュガー,ブラックタイド,16,5,9,,(栗),上村洋行
Ｇ３,202403160701031112,"2024. 3.16",中京,エンヤラヴフェイス,牡,3,菊沢一樹, 57 ,17,８,芝,1400,B,良,1209,0.7,,,12,12,34.5,4,50.9,*,50.43,48.3,,N04,0,    0.0,2021101737,(71.2),,,0.9,中団,中団,34.80,488,0,71.2,チャンピオンズファーム,新ひだか町,エイシンヒカリ,タイキアプローズ,"Devil's Bag",17,6,12,,(栗),森田直行
1勝,202403160701030604,"2024. 3.16",中京,エイトスターズ,牝,4,吉田隼人, 56 ,8,２,芝,2000,B,良,1599,0.1,5,5,6,6,34.7,1,55.2,*,52.87,53.0,牝,023,320,,2020103772,(10.2),130,530,0.6,中団,差し,36.51,474,+2,10.2,レイクヴィラファーム,洞爺湖町,ジャスタウェイ,インザスポットライト,"Exceed And Excel",8,4,4,,(栗),坂口智康
未勝利,202403160701030305,"2024. 3.16",中京,ブルボンクイーン,牝,3,角田大河,54☆,18,２,芝,1200,B,良,1094,0.5,,,6,6,35.0,8,48.3,*,48.00,44.6,,A03,220,,2021100297,(4.7),160,620,0.9,中団,差し,34.40,470,-2,4.7,土居牧場,新ひだか町,キズナ,セレブラール,ボストンハーバー,18,3,5,,(栗),角田晃一
未勝利,202403160602070409,"2024. 3.16",中山,ローンウルフ,牡,3,木幡巧也, 57 ,16,６,芝,1800,A,良,1503,0.7,1,1,1,1,36.6,14,50.7,*,54.60,52.6,,003,0,,2021104112,(8.0),,,0.0,逃げ,逃げ,36.85,476,0,8.0,千代田牧場,新ひだか町,リアルインパクト,シェリレーヌ,Mineshaft,16,5,9,,(美),武市康男
未勝利,202403160602070407,"2024. 3.16",中山,アイウィル,牡,3,菅原明良, 57 ,16,10,芝,1800,A,良,1505,0.9,2,2,4,4,36.3,10,52.2,*,54.60,52.6,,003,0,,2021103502,(72.9),,,0.5,先行,先行,37.10,520,+6,72.9,岡田スタツド,新ひだか町,ドレフォン,ジュリーハーツ,ハーツクライ,16,4,7,,(美),高木登
未勝利,202403160602070216,"2024. 3.16",中山,プルメリアクヒオ,牡,3,藤田菜七,55◇,16,10,ダ,1800,,稍,1591,3.0,4,5,5,4,43.1,13,38.2,,44.03,42.6,,003,0,,2021103208,(61.6),,,0.6,先行,先行,38.00,462,,61.6,まるとみ冨岡牧場,浦河町,ホッコータルマエ,プルメリアミコ,ケイムホーム,16,8,16,*,(美),深山雅史
未勝利,202403100901060312,"2024. 3.10",阪神,アラタマフェーヴル,牡,3,松山弘平, 57 ,13,７,ダ,1800,,良,1584,1.7,6,7,8,9,40.4,7,46.5,,47.27,46.6,,003,0,,2021102115,(2.6),,,1.1,後方,後方,39.00,500,+8,2.6,槇本牧場,日高町,オルフェーヴル,アラタマクリスエス,シンボリクリスエス,13,8,12,,(栗),浜田多実
ｵｰﾌﾟﾝ,202403100701021001,"2024. 3.10",中京,タリスマン,牡,3,伊藤工真, 57 ,9,８,ダ,1400,,良,1274,2.0,,,9,9,37.8,6,48.4,,48.47,47.6,,N04,0,    0.0,2021104618,(270.5),,,1.3,後方,後方,37.20,468,-2,270.5,リトルブルーファーム,清水町,タリスマニック,クロエチャン,スパイキュール,9,1,1,,(美),金成貴史
未勝利,202403100701020309,"2024. 3.10",中京,ストレイトアスク,牝,3,西塚洸二,53△,18,２,芝,1400,B,良,1225,0.0,,,9,8,35.2,2,50.8,*,49.23,46.9,,A03,220,,2021102312,(72.2),1230,7380,0.8,中団,差し,35.48,424,-14,72.2,"ASK STUD",平取町,ロードカナロア,ストレイトガール,フジキセキ,18,5,9,,(栗),藤原英昭
未勝利,202403100602060504,"2024. 3.10",中山,ビーンスターク,牡,3,富田暁, 57 ,18,６,芝,2000,A,稍,2031,1.1,2,2,2,1,37.6,9,47.5,,50.00,50.0,,003,0,,2021103578,(85.4),,,0.1,先行,先行,36.64,472,+6,85.4,岡田牧場,新ひだか町,ロジャーバローズ,アートオブビーン,アグネスデジタル,18,2,4,,(美),栗田徹
未勝利,202403100602060517,"2024. 3.10",中山,ズイウンゴサイ,牡,3,大江原比,53★,18,10,芝,2000,A,稍,2036,1.6,17,17,16,15,36.8,3,51.1,*,50.00,50.0,,003,0,,2021100597,(392.0),,,1.4,後方,後方,37.20,454,-6,392.0,エムエム、ヤマダファーム,浦河町,シュヴァルグラン,ブルーインザスカイ,チチカステナンゴ,18,8,17,,(美),武市康男
3勝,202403090901051004,"2024. 3. 9",阪神,ヴェールランス,牡,5,藤岡佑介, 58 ,10,８,芝,1800,A,良,1467,0.6,,,8,8,33.7,2,58.3,*,55.83,53.3,,A04,0,    0.0,2019104767,(43.0),,,1.5,後方,後方,36.50,450,+4,43.0,社台ファーム,千歳市,キタサンブラック,ジュエラー,ヴィクトワールピサ,10,4,4,,(栗),藤岡健一
1勝,202403090901050603,"2024. 3. 9",阪神,シャンデルナゴル,牡,4,ムルザバ, 58 ,10,１,ダ,1800,,良,1562,-0.1,2,2,2,1,37.1,2,56.6,*,56.73,56.6,,003,800,,2020103193,410,130,350,0.0,先行,先行,39.55,482,0,4.1,ノーザンファーム,安平町,サトノダイヤモンド,アガルタ,キングカメハメハ,10,3,3,,(栗),石坂公一
未勝利,202403090901050108,"2024. 3. 9",阪神,ミルミナーヴァ,牝,3,橋木太希,52▲,16,２,ダ,1200,,良,1144,0.1,,,6,5,38.2,2,44.8,*,44.13,42.0,牝,023,220,,2021106332,(2.7),120,710,0.6,中団,差し,36.20,476,-4,2.7,高瀬牧場,新冠町,ヘニーヒューズ,ランミネルバ,アグネスタキオン,16,4,8,,(栗),西園正都
1勝,202403090701010706,"2024. 3. 9",中京,バンフィエルド,牡,5,長岡禎仁, 58 ,9,１,芝,2200,B,良,2130,-0.4,4,4,4,3,36.5,2,49.1,*,49.53,47.7,,003,800,,2019104531,2600,300,1400,0.4,先行,先行,36.19,430,0,26.0,社台コーポレーション白老ファーム,白老町,オルフェーヴル,エヴィータアルゼンティーナ,"Candy Ride",9,6,6,,(栗),緒方努
未勝利,202403090701010507,"2024. 3. 9",中京,プリズマジコ,牡,3,団野大成, 57 ,15,11,芝,1600,B,良,1365,1.2,,14,15,15,34.7,2,56.9,*,53.43,52.0,,003,0,,2021106077,(127.0),,,1.8,後方,後方,37.08,450,,127.0,大狩部牧場,新冠町,キズナ,グラントリノ,グランデラ,15,4,7,,(栗),高橋義忠
2勝,202403090602051213,"2024. 3. 9",中山,スムースベルベット,牝,4,内田博幸, 56 ,13,２,芝,1200,A,稍,1096,0.0,,,5,5,35.3,4,47.2,*,48.03,43.9,,A03,460,,2020106987,(11.4),250,1300,0.6,中団,差し,34.30,496,0,11.4,ミルファーム,浦河町,ディスクリートキャット,ローブドヴルール,サウスヴィグラス,13,8,13,,(美),手塚貴久
未勝利,202403090602050302,"2024. 3. 9",中山,ビップチェイス,牡,3,戸崎圭太, 57 ,13,９,ダ,1800,,重,1570,1.8,9,9,9,9,40.2,5,45.5,,44.37,43.6,,003,0,,2021105763,(54.5),,,1.7,後方,後方,38.40,480,,54.5,ノーザンファーム,安平町,アルアイン,ベッラレイア,ナリタトップロード,13,2,2,,(美),田島俊明
1勝,202403031002080911,"2024. 3. 3",小倉,ペリプルス,牡,4,丸山元気, 57 ,11,５,芝,2600,B,稍,2435,1.3,7,7,8,6,35.5,3,58.2,*,57.97,57.8,,A03,111,    0.0,2020105796,(130.0),,,1.1,中団,中団,38.40,434,-4,130.0,ビッグレッドファーム,新冠町,ゴールドシップ,マイネリベルタス,コンデュイット,11,8,11,,(美),佐藤吉勝
1勝,202403030901040604,"2024. 3. 3",阪神,バンフィエルド,牡,5,長岡禎仁, 58 ,8,５,ダ,1800,,稍,1558,1.3,4,4,5,7,39.6,5,46.2,,46.93,46.4,,003,80,,2019104531,(57.7),,,0.8,後方,後方,38.10,430,-6,57.7,社台コーポレーション白老ファーム,白老町,オルフェーヴル,エヴィータアルゼンティーナ,"Candy Ride",8,4,4,,(栗),緒方努
1勝,202403030901040507,"2024. 3. 3",阪神,クリノオリーブ,牝,3,角田大河,54☆,11,２,ダ,1400,,稍,1263,0.7,,,5,4,38.9,2,41.4,*,39.93,39.6,牝,023,310,,2021102259,(15.5),270,990,0.8,先行,先行,35.55,460,-8,15.5,横井哲,日高町,ニューイヤーズデイ,クリノラホール,ダイワメジャー,11,6,7,,(栗),谷潔
1勝,202403030602040402,"2024. 3. 3",中山,プロミシングスター,牡,3,戸崎圭太, 57 ,16,２,ダ,1200,,稍,1117,0.2,,,11,10,36.9,1,44.3,*,42.17,40.7,,A03,310,,2021103073,(11.7),280,1600,0.8,中団,差し,34.80,444,-2,11.7,富田牧場,浦河町,マジェスティックウォリアー,ファインチョイス,アドマイヤムーン,16,1,2,,(栗),加用正
1勝,202403030602040406,"2024. 3. 3",中山,タリスマン,牡,3,伊藤工真, 57 ,16,13,ダ,1200,,稍,1131,1.6,,,13,13,38.0,8,42.4,,42.17,40.7,,A03,0,,2021104618,(234.4),,,1.1,後方,後方,35.10,470,+5,234.4,リトルブルーファーム,清水町,タリスマニック,クロエチャン,スパイキュール,16,3,6,,(美),金成貴史
1勝,202403030602040401,"2024. 3. 3",中山,ベニシア,牝,3,小林勝太,52▲,16,16,ダ,1200,,稍,1141,2.6,,,1,1,40.1,16,34.8,,42.17,40.7,,A03,0,,2021100662,(21.1),,,0.0,逃げ,逃げ,34.00,426,-6,21.1,上山牧場,浦河町,ヘニーヒューズ,フクシア,ゴールドアリュール,16,1,1,,(美),加藤士津
未勝利,202403021002070505,"2024. 3. 2",小倉,アメリカンピース,セ,6,小牧加矢, 60 ,11,８,芝,2860,B,稍,3157,4.4,6,5,7,7,13.7,,,,,,,A00,0,,2018110131,(36.1),,,,中団,中団,,458,+4,36.1,"Don Alberto Corporation",米,Tapit,"La Cloche",Ghostzapper,11,5,5,,(栗),音無秀孝
未勝利,202403021002070308,"2024. 3. 2",小倉,スターチスブーケ,牝,3,吉村誠之,52▲,14,５,ダ,1000,,重,0592,0.9,,,13,12,35.1,1,53.0,*,48.83,47.7,,A03,55,,2021110075,(9.0),,,1.1,後方,後方,36.15,492,-6,9.0,"Gerty Bloodstock",米,"Practical Joke","Sovereign Halo",Haynesfield,14,5,8,,(栗),清水久詞
未勝利,202403021002070207,"2024. 3. 2",小倉,ファイツオン,牡,3,高杉吏麒,54▲,18,２,芝,1200,B,稍,1104,0.1,,,1,1,35.7,7,47.2,*,47.60,47.5,,003,220,,2021100476,(2.9),170,670,0.0,逃げ,逃げ,34.70,510,0,2.9,村上牧場,新ひだか町,アルアイン,ソラコマチ,サクラバクシンオー,18,4,7,,(栗),藤岡健一
未勝利,202403020602030203,"2024. 3. 2",中山,スプランドゥール,牡,3,柴田大知, 57 ,16,８,ダ,1800,,重,1578,2.7,3,3,4,7,41.4,13,42.3,,47.90,47.2,,A03,0,,2021100623,(160.0),,,0.4,中団,中団,38.20,456,-16,160.0,荻伏服部牧場,浦河町,シルバーステート,チェリーシェル,サクラバクシンオー,16,2,3,,(美),和田雄二
1勝,202402251002061001,"2024. 2.25",小倉,バンフィエルド,牡,5,西塚洸二, 58 ,9,７,芝,2000,B,稍,2030,0.6,1,1,1,1,36.6,8,51.2,*,54.10,52.9,,003,0,    0.0,2019104531,(88.6),,,0.0,逃げ,逃げ,37.03,436,+12,88.6,社台コーポレーション白老ファーム,白老町,オルフェーヴル,エヴィータアルゼンティーナ,"Candy Ride",9,1,1,,(栗),緒方努
未勝利,202402250901020415,"2024. 2.25",阪神,ラガークイン,牝,3,今村聖奈,52▲,18,８,芝,1600,A,重,1364,0.6,,,12,10,35.7,7,52.0,*,51.23,49.2,,003,0,,2021105416,(23.5),,,1.0,中団,中団,36.42,408,+4,23.5,ノーザンファーム,安平町,リアルインパクト,ウォークロニクル,ウォーエンブレム,18,7,15,,(栗),大久保龍
ｵｰﾌﾟﾝ,202402241002050801,"2024. 2.24",小倉,ブラックボイス,牡,5,石神深一, 60 ,10,１,芝,3390,B,稍,3486,-0.3,2,2,2,1,13.5,,,,,,,A00,1650,   21.7,2019105276,430,160,630,,先行,先行,,518,-4,4.3,ノーザンファーム,安平町,ブラックタイド,ソングライティング,"Giant's Causeway",10,1,1,,(美),宮田敬介
1勝,202402241002050608,"2024. 2.24",小倉,エイトスターズ,牝,4,永島まな,52▲,13,４,芝,1800,B,重,1495,0.4,9,9,9,10,36.0,1,52.1,*,50.47,49.5,,A00,120,,2020103772,(7.2),,,0.9,後方,追込,36.75,472,+8,7.2,レイクヴィラファーム,洞爺湖町,ジャスタウェイ,インザスポットライト,"Exceed And Excel",13,6,8,,(栗),坂口智康
未勝利,202402181002040504,"2024. 2.18",小倉,メイショウマドロス,牡,3,角田大河,56☆,18,５,芝,2000,B,良,2012,0.5,10,9,9,8,36.6,6,49.1,*,49.97,48.1,,003,55,,2021102835,(25.7),,,0.6,中団,中団,36.26,482,-2,25.7,太陽牧場,浦河町,カリフォルニアクローム,メイショウデイム,マンハッタンカフェ,17,2,4,,(栗),石橋守
未勝利,202402181002040403,"2024. 2.18",小倉,ローディアマント,セ,4,大庭和弥, 59 ,12,８,芝,2860,B,良,3142,3.6,8,9,9,9,13.6,,,,,,,000,0,,2020101429,(37.9),,,,後方,後方,,478,+6,37.9,クラウン日高牧場,日高町,サトノダイヤモンド,ブロッサムレーン,"New Approach",12,3,3,,(美),尾関知人
未勝利,202402181002040214,"2024. 2.18",小倉,モズトキキ,牝,3,亀田温心, 55 ,18,１,芝,1200,B,良,1088,-0.1,,,7,4,34.8,1,47.7,*,47.07,44.9,牝,023,550,,2021102914,260,130,900,0.5,先行,先行,34.00,536,-2,2.6,谷川牧場,浦河町,グランプリボス,モズジャカランダ,Congrats,18,7,14,,(栗),村山明
未勝利,202402181002040207,"2024. 2.18",小倉,ブルボンクイーン,牝,3,鮫島克駿, 55 ,18,２,芝,1200,B,良,1089,0.1,,,2,2,35.3,5,45.2,*,47.07,44.9,牝,023,220,,2021100297,(4.1),170,900,0.1,先行,先行,33.60,472,+6,4.1,土居牧場,新ひだか町,キズナ,セレブラール,ボストンハーバー,18,4,7,,(栗),角田晃一
未勝利,202402180802080214,"2024. 2.18",京都,プロミシングスター,牡,3,田口貫太,56☆,15,１,ダ,1200,,稍,1126,-0.4,,,2,2,36.6,3,48.4,*,47.07,47.3,,003,550,,2021103073,120,100,270,0.2,先行,先行,36.00,446,0,1.2,富田牧場,浦河町,マジェスティックウォリアー,ファインチョイス,アドマイヤムーン,15,8,14,,(栗),加用正
1勝,202402171002030902,"2024. 2.17",小倉,ペリプルス,牡,4,佐々木大, 57 ,9,７,芝,2000,B,良,2012,1.9,9,9,8,7,37.0,6,47.5,,49.43,46.8,,003,0,    0.0,2020105796,(43.6),,,1.5,後方,後方,36.09,438,-2,43.6,ビッグレッドファーム,新冠町,ゴールドシップ,マイネリベルタス,コンデュイット,9,2,2,,(美),佐藤吉勝
ｵｰﾌﾟﾝ,202402171002030403,"2024. 2.17",小倉,プラチナドリーム,牡,5,黒岩悠, 60 ,13,４,芝,3390,B,良,3471,1.4,4,4,4,5,13.4,,,,,,,A00,200,,2019106330,(74.2),,,,中団,差し,,468,-12,74.2,千代田牧場,新ひだか町,ホッコータルマエ,サティーヌアロム,シンボリクリスエス,13,3,3,,(栗),平田修
1勝,202402170802070908,"2024. 2.17",京都,キーパフォーマー,牝,3,松若風馬, 55 ,9,８,芝,1800,D,良,1484,1.5,,,7,7,34.5,8,57.1,,59.00,57.2,,A04,0,    0.0,2021104948,(63.9),,,1.0,後方,後方,36.95,440,-10,63.9,社台ファーム,千歳市,キタサンブラック,アンコールピース,ネオユニヴァース,9,8,8,,(栗),佐々木晶
未勝利,202402170802070513,"2024. 2.17",京都,テイクザクラウン,牡,3,Ｍ．デム, 57 ,14,２,芝,2400,D,良,2278,0.1,4,3,3,2,36.5,4,51.6,*,54.27,51.6,,A03,220,,2021102379,(7.1),180,2100,0.1,先行,先行,37.10,446,0,7.1,二風谷ファーム,平取町,サトノクラウン,アムールレジェンド,ディープインパクト,14,8,13,,(栗),吉村圭司
未勝利,202402170802070206,"2024. 2.17",京都,レーウィン,牡,3,岩田望来, 57 ,15,６,ダ,1800,,稍,1552,1.9,7,8,5,5,38.9,6,48.1,,49.60,50.7,,A03,0,,2021100734,(5.8),,,0.6,中団,中団,38.15,516,-2,5.8,高昭牧場,浦河町,ヘニーヒューズ,フジインザスカイ,ディープスカイ,15,4,6,,(栗),上村洋行
未勝利,202402170802070112,"2024. 2.17",京都,ミルミナーヴァ,牝,3,坂井瑠星, 55 ,15,２,ダ,1200,,稍,1128,0.8,,,7,6,37.3,3,45.2,*,45.97,43.5,牝,023,220,,2021106332,(1.4),110,390,0.7,中団,差し,35.50,480,-2,1.4,高瀬牧場,新冠町,ヘニーヒューズ,ランミネルバ,アグネスタキオン,15,7,12,,(栗),西園正都
未勝利,202402170501070605,"2024. 2.17",東京,スプランドゥール,牡,3,柴田大知, 57 ,16,14,芝,1600,D,良,1367,2.3,,,16,16,34.9,8,56.2,,57.17,54.2,,A03,0,,2021100623,(95.6),,,1.9,後方,後方,37.08,472,,95.6,荻伏服部牧場,浦河町,シルバーステート,チェリーシェル,サクラバクシンオー,16,3,5,,(美),和田雄二
Ｇ３,202402110501061110,"2024. 2.11",東京,エンヤラヴフェイス,牡,3,キングス, 57 ,10,９,芝,1800,D,良,1493,1.3,,7,3,2,33.9,10,61.2,,64.47,63.1,,N04,0,    0.0,2021101737,(178.6),,,0.5,ﾏｸﾘ,ﾏｸﾘ,37.70,488,0,178.6,チャンピオンズファーム,新ひだか町,エイシンヒカリ,タイキアプローズ,"Devil's Bag",10,8,10,,(栗),森田直行
1勝,202402110501060601,"2024. 2.11",東京,セイウンパシュート,牡,4,田辺裕信, 57 ,10,２,芝,2400,D,良,2281,0.1,3,4,5,3,34.0,2,61.9,*,61.43,60.9,,A03,320,,2020100233,(3.2),110,190,0.3,先行,先行,38.03,476,+6,3.2,田上徹,新ひだか町,ハーツクライ,シーソルティキッス,キングカメハメハ,10,1,1,,(美),上原博之
2勝,202402101002011013,"2024. 2.10",小倉,スムースベルベット,牝,4,佐々木大, 55 ,14,７,芝,1200,B,良,1088,0.2,,,2,4,34.6,9,48.8,*,52.00,47.7,,A03,0,    0.0,2020106987,(5.3),,,0.3,先行,先行,34.20,496,+4,5.3,ミルファーム,浦河町,ディスクリートキャット,ローブドヴルール,サウスヴィグラス,14,8,13,,(美),手塚貴久
1勝,202402101002010711,"2024. 2.10",小倉,ノーブルアクト,牝,4,水沼元輝,52▲,11,８,ダ,1700,,稍,1479,0.7,11,11,11,9,37.1,1,54.1,*,51.97,51.4,牝,023,0,,2020104744,(10.8),,,1.1,後方,後方,38.62,508,+8,10.8,フジワラフアーム,新ひだか町,マクフィ,クイーンロイド,ゼンノロブロイ,11,8,11,,(美),上原博之
未勝利,202402101002010309,"2024. 2.10",小倉,ペレグリン,牝,3,幸英明, 55 ,14,13,ダ,1000,,稍,1009,2.9,,,3,5,37.8,14,41.7,,47.70,47.2,,003,0,,2021100906,(24.1),,,0.3,中団,中団,34.65,424,-12,24.1,バンブー牧場,浦河町,バンブーエール,フラミンゴ,マルカシェンク,14,6,9,,(栗),杉山佳明
新馬,202402100802050408,"2024. 2.10",京都,タミゼ,牝,3,Ｍ．デム, 55 ,16,２,ダ,1200,,良,1129,0.2,,,2,2,36.6,2,49.2,*,48.77,49.2,,A03,250,,2021100650,(9.9),280,2120,0.1,先行,先行,36.30,462,,9.9,笠松牧場,浦河町,リオンディーズ,フレンチトースト,フレンチデピュティ,16,4,8,,(栗),平田修
新馬,202402040802040503,"2024. 2. 4",京都,メイショウミリオレ,牝,3,Ｍ．デム, 55 ,17,７,芝,1600,C,良,1379,1.0,,,9,9,35.5,10,55.5,*,56.67,56.1,,A03,0,,2021103278,(31.7),,,0.5,中団,中団,37.44,510,,31.7,三嶋牧場,浦河町,ルーラーシップ,メイショウメイゲツ,ディープインパクト,17,2,3,,(栗),藤岡健一
未勝利,202402040802040206,"2024. 2. 4",京都,プロミシングスター,牡,3,田口貫太,56☆,11,２,ダ,1200,,良,1121,0.2,,,3,2,36.0,1,50.3,*,49.03,49.2,,003,220,,2021103073,(1.7),110,280,0.3,先行,先行,36.10,446,+6,1.7,富田牧場,浦河町,マジェスティックウォリアー,ファインチョイス,アドマイヤムーン,11,6,6,,(栗),加用正
未勝利,202402040802040208,"2024. 2. 4",京都,ワークソング,牡,3,Ｍ．デム, 57 ,11,５,ダ,1200,,良,1138,1.9,,,5,6,37.5,5,46.8,,49.03,49.2,,003,55,,2021102462,(6.5),,,0.5,中団,中団,36.30,484,+6,6.5,雅牧場,平取町,モーニン,ハッピーラン,フレンチデピュティ,11,7,8,,(栗),牧浦充徳
未勝利,202402030802030112,"2024. 2. 3",京都,ミルミナーヴァ,牝,3,坂井瑠星, 55 ,12,２,ダ,1200,,良,1128,0.2,,,2,2,36.9,2,47.3,*,47.57,47.3,牝,023,220,,2021106332,(1.7),110,1000,0.1,先行,先行,35.90,482,-4,1.7,高瀬牧場,新冠町,ヘニーヒューズ,ランミネルバ,アグネスタキオン,12,8,12,,(栗),西園正都
1勝,202401281001060705,"2024. 1.28",小倉,ノーブルアクト,牝,4,水沼元輝,52▲,14,５,ダ,1700,,良,1475,0.5,13,13,13,8,37.9,1,50.2,*,48.07,47.4,牝,023,80,,2020104744,(69.4),,,1.0,中団,中団,37.96,500,0,69.4,フジワラフアーム,新ひだか町,マクフィ,クイーンロイド,ゼンノロブロイ,14,4,5,,(美),上原博之
1勝,202401280802020703,"2024. 1.28",京都,ゲキザル,牡,5,古川吉洋, 58 ,10,８,ダ,1800,,良,1548,1.0,9,8,9,9,36.9,5,55.6,*,54.20,53.8,,A03,0,,2019102102,(19.3),,,1.1,後方,後方,38.95,480,-4,19.3,広富牧場,日高町,ザファクター,トゥモローズライト,アフリート,10,3,3,,(美),青木孝文
新馬,202401280802020506,"2024. 1.28",京都,メイショウマドロス,牡,3,角田大河,56☆,13,５,芝,2000,B,良,2042,0.6,10,12,8,8,35.6,1,56.7,*,55.87,55.9,,A03,62,,2021102835,(22.0),,,0.6,中団,中団,37.97,484,,22.0,太陽牧場,浦河町,カリフォルニアクローム,メイショウデイム,マンハッタンカフェ,13,5,6,,(栗),石橋守
1勝,202401280802020404,"2024. 1.28",京都,クリノオリーブ,牝,3,田口貫太,54☆,13,６,ダ,1400,,良,1259,0.8,,,2,1,38.7,9,41.5,*,46.17,43.0,牝,023,0,,2021102259,(8.5),,,0.1,先行,先行,35.40,468,+10,8.5,横井哲,日高町,ニューイヤーズデイ,クリノラホール,ダイワメジャー,13,4,4,,(栗),谷潔
新馬,202401280501020205,"2024. 1.28",東京,レーウィン,牡,3,木幡初也, 57 ,16,４,ダ,1400,,良,1291,1.0,,,13,11,37.1,1,55.1,*,51.77,50.7,,A03,93,,2021100734,(3.3),,,1.5,後方,追込,39.00,518,,3.3,高昭牧場,浦河町,ヘニーヒューズ,フジインザスカイ,ディープスカイ,16,3,5,,(栗),上村洋行
未勝利,202401270802010304,"2024. 1.27",京都,ペレグリン,牝,3,松山弘平, 55 ,15,６,ダ,1400,,良,1280,1.5,,,2,3,40.6,9,37.6,,40.70,40.1,牝,023,0,,2021100906,(13.4),,,0.2,先行,先行,35.55,436,0,13.4,バンブー牧場,浦河町,バンブーエール,フラミンゴ,マルカシェンク,15,3,4,,(栗),杉山佳明
未勝利,202401270501010603,"2024. 1.27",東京,ビーンスターク,牡,3,大野拓弥, 57 ,12,９,芝,1800,D,良,1488,1.5,,2,2,2,35.6,10,52.8,,57.60,56.9,,A03,0,,2021103578,(362.7),,,0.1,先行,先行,36.60,466,+20,362.7,岡田牧場,新ひだか町,ロジャーバローズ,アートオブビーン,アグネスデジタル,12,3,3,,(美),栗田徹
未勝利,202401270501010203,"2024. 1.27",東京,ズイウンゴサイ,牡,3,木幡初也, 57 ,15,10,ダ,2100,,良,2195,4.4,5,7,8,8,42.9,9,40.1,,46.73,46.8,,003,0,,2021100597,(637.8),,,1.0,中団,中団,38.64,460,-4,637.8,エムエム、ヤマダファーム,浦河町,シュヴァルグラン,ブルーインザスカイ,チチカステナンゴ,15,2,3,,(美),武市康男
1勝,202401201001031016,"2024. 1.20",小倉,ペリプルス,牡,4,武藤雅, 57 ,17,９,芝,2000,A,稍,2032,1.6,16,16,16,14,36.5,4,51.8,*,51.60,52.3,,003,0,    0.0,2020105796,(187.9),,,1.0,後方,後方,37.16,440,+4,187.9,ビッグレッドファーム,新冠町,ゴールドシップ,マイネリベルタス,コンデュイット,17,8,16,,(美),佐藤吉勝
ｵｰﾌﾟﾝ,202401201001030501,"2024. 1.20",小倉,ブラックボイス,牡,5,石神深一, 60 ,12,１,芝,2860,A,稍,3078,-0.2,3,3,2,3,13.1,,,,,,,A00,1350,,2019105276,610,220,2210,,先行,先行,,522,+6,6.1,ノーザンファーム,安平町,ブラックタイド,ソングライティング,"Giant's Causeway",12,1,1,,(美),宮田敬介
ｵｰﾌﾟﾝ,202401201001030508,"2024. 1.20",小倉,プラチナドリーム,牡,5,黒岩悠, 60 ,12,９,芝,2860,A,稍,3116,3.8,9,9,9,9,13.4,,,,,,,A00,0,,2019106330,(52.4),,,,後方,後方,,480,+8,52.4,千代田牧場,新ひだか町,ホッコータルマエ,サティーヌアロム,シンボリクリスエス,12,6,8,,(栗),平田修
未勝利,202401201001030213,"2024. 1.20",小倉,モズトキキ,牝,3,亀田温心, 55 ,16,２,芝,1200,A,稍,1091,0.6,,,4,4,35.2,3,46.3,*,45.50,41.3,,003,220,,2021102914,(5.5),190,3230,1.2,先行,先行,33.90,538,-2,5.5,谷川牧場,浦河町,グランプリボス,モズジャカランダ,Congrats,16,7,13,,(栗),村山明
1勝,202401200801060703,"2024. 1.20",京都,シャンデルナゴル,牡,4,ルメート, 57 ,10,３,ダ,1900,,稍,2009,1.4,3,3,3,3,38.6,6,48.4,*,50.40,51.3,,003,200,,2020103193,(10.7),170,,0.2,先行,先行,37.98,482,-2,10.7,ノーザンファーム,安平町,サトノダイヤモンド,アガルタ,キングカメハメハ,10,3,3,,(栗),石坂公一
1勝,202401200601061202,"2024. 1.20",中山,セイウンパシュート,牡,4,田辺裕信, 57 ,17,２,芝,2200,C,良,2135,0.3,5,5,4,3,35.4,4,53.9,*,54.60,52.8,,A03,320,,2020100233,(4.9),180,1490,0.5,先行,先行,36.79,470,+6,4.9,田上徹,新ひだか町,ハーツクライ,シーソルティキッス,キングカメハメハ,17,1,2,,(美),上原博之
新馬,202401200601060312,"2024. 1.20",中山,ワークソング,牡,3,ピーヒュ, 57 ,16,４,ダ,1200,,良,1139,0.9,,,5,4,38.4,5,42.4,*,43.50,42.6,,A03,93,,2021102462,(7.4),,,0.4,先行,先行,35.50,478,,7.4,雅牧場,平取町,モーニン,ハッピーラン,フレンチデピュティ,16,6,12,,(栗),牧浦充徳
未勝利,202401200601060114,"2024. 1.20",中山,ベニシア,牝,3,小林勝太,52▲,16,１,ダ,1200,,良,1122,-0.6,,,1,1,37.4,1,43.0,*,42.73,43.0,,003,550,,2021100662,160,110,490,0.0,逃げ,逃げ,34.80,432,+4,1.6,上山牧場,浦河町,ヘニーヒューズ,フクシア,ゴールドアリュール,16,7,14,,(美),加藤士津
3勝,202401140801051003,"2024. 1.14",京都,キュールエフウジン,牡,5,田口貫太, 58 ,13,７,ダ,1800,,良,1527,0.9,10,9,9,10,36.0,4,56.5,*,55.57,54.8,,A04,0,    0.0,2019102983,(20.3),,,1.0,後方,後方,38.35,496,0,20.3,木下牧場,新ひだか町,ホッコータルマエ,キュールエアリス,ウォーエンブレム,13,3,3,,(栗),中尾秀正
新馬,202401140801050508,"2024. 1.14",京都,マルモア,牝,3,田辺裕信, 55 ,18,４,芝,1600,A,良,1353,0.2,,,5,5,35.3,6,52.0,*,52.80,50.3,,A03,93,,2021105245,(13.3),,,0.5,中団,差し,36.00,414,,13.3,社台ファーム,千歳市,エピファネイア,マーブルカテドラル,ダイワメジャー,18,4,8,,(栗),松永幹夫
1勝,202401140601050614,"2024. 1.14",中山,ゲキザル,牡,5,原優介,57☆,16,９,ダ,1200,,稍,1131,1.2,,,13,12,36.9,3,48.1,*,45.23,41.7,,A03,0,,2019102102,(4.7),,,1.8,後方,後方,36.20,484,+4,4.7,広富牧場,日高町,ザファクター,トゥモローズライト,アフリート,15,7,14,,(美),青木孝文
未勝利,202401140601050512,"2024. 1.14",中山,ピースヒロフェイス,牝,3,キングス, 55 ,16,５,芝,1600,C,稍,1347,1.0,,3,4,4,35.8,11,48.7,*,50.50,48.8,,A03,55,,2021105769,(50.6),,,0.6,先行,先行,35.34,460,+2,50.6,ノーザンファーム,安平町,サトノダイヤモンド,ペルヴィアンリリー,フレンチデピュティ,16,6,12,,(美),牧光二
新馬,202401140601050309,"2024. 1.14",中山,ミルミナーヴァ,牝,3,石橋脩, 55 ,16,３,ダ,1200,,稍,1134,0.2,,,11,2,37.2,1,47.3,*,44.77,43.1,牝,023,126,,2021106332,(4.1),110,,0.9,ﾏｸﾘ,ﾏｸﾘ,36.20,486,,4.1,高瀬牧場,新冠町,ヘニーヒューズ,ランミネルバ,アグネスタキオン,16,5,9,,(栗),西園正都
1勝,202401131001010807,"2024. 1.13",小倉,ハレアカラフラ,牝,4,永島まな,52▲,16,16,芝,1800,A,良,1488,2.1,1,1,1,1,37.8,16,43.9,,52.23,49.4,,003,0,,2020103292,(8.2),,,0.0,逃げ,逃げ,35.50,452,-16,8.2,ノーザンファーム,安平町,ラブリーデイ,オーキッドレイ,ディープインパクト,16,4,7,,(栗),音無秀孝
1勝,202401131001010616,"2024. 1.13",小倉,ペリプルス,牡,4,松岡正海, 57 ,16,13,芝,2600,A,良,2406,1.7,16,16,16,15,35.2,3,56.9,*,55.87,55.0,,A03,0,,2020105796,(87.3),,,1.8,後方,後方,37.62,436,+6,87.3,ビッグレッドファーム,新冠町,ゴールドシップ,マイネリベルタス,コンデュイット,16,8,16,,(美),佐藤吉勝
未勝利,202401131001010406,"2024. 1.13",小倉,ピーターサイト,牡,4,五十嵐雄, 59 ,12,３,芝,2860,A,良,3116,1.2,2,2,2,2,13.4,,,,,,,A00,200,,2020105611,(16.1),220,,,先行,先行,,470,+2,16.1,ノースヒルズ,新冠町,ワンアンドオンリー,ヴィクトリアアイ,ブライアンズタイム,12,5,6,,(美),村田一誠
未勝利,202401131001010204,"2024. 1.13",小倉,ノーブルスカイ,牡,3,鮫島克駿, 57 ,12,１,芝,2000,A,良,2007,-0.1,3,3,4,4,35.9,3,51.2,*,51.10,50.0,,003,550,,2021102256,520,120,300,0.3,先行,先行,36.34,466,-6,5.2,エトルタファーム,日高町,ネオユニヴァース,ホウショウワールド,"Sky Classic",12,4,4,,(栗),高柳大輔
OP(L),202401130801041002,"2024. 1.13",京都,キーパフォーマー,牝,3,松若風馬, 55 ,9,７,芝,1400,A,良,1244,1.0,,,9,9,35.0,3,55.9,*,55.43,54.7,牝,N24,0,    0.0,2021104948,(8.9),,,0.8,後方,後方,37.05,450,0,8.9,社台ファーム,千歳市,キタサンブラック,アンコールピース,ネオユニヴァース,9,2,2,,(栗),佐々木晶
2勝,202401130601041201,"2024. 1.13",中山,スムースベルベット,牝,4,内田博幸, 56 ,15,２,芝,1200,C,良,1085,0.1,,,1,1,35.1,9,45.2,*,47.83,45.4,,A03,460,,2020106987,(17.9),430,5180,0.0,逃げ,逃げ,33.40,492,+2,17.9,ミルファーム,浦河町,ディスクリートキャット,ローブドヴルール,サウスヴィグラス,15,1,1,,(美),手塚貴久
新馬,202401130601040413,"2024. 1.13",中山,ズイウンゴサイ,牡,3,丸田恭介, 57 ,16,８,ダ,1800,,良,1583,2.2,11,11,10,8,40.1,6,47.5,,50.10,50.0,,A03,0,,2021100597,(145.0),,,0.8,中団,中団,39.10,464,,145.0,エムエム、ヤマダファーム,浦河町,シュヴァルグラン,ブルーインザスカイ,チチカステナンゴ,15,7,13,*,(美),武市康男
新馬,202401080801030315,"2024. 1. 8",京都,ペレグリン,牝,3,Ｍ．デム, 55 ,16,９,ダ,1200,,良,1156,0.5,,,7,7,38.4,6,46.9,*,49.43,44.6,,A03,0,,2021100906,(16.3),,,0.7,中団,中団,37.20,436,,16.3,バンブー牧場,浦河町,バンブーエール,フラミンゴ,マルカシェンク,16,8,15,,(栗),杉山佳明
新馬,202401080601030508,"2024. 1. 8",中山,ブライティアダイヤ,牝,3,小林勝太,52▲,16,６,芝,1600,C,良,1347,0.8,,1,1,1,36.0,9,47.8,*,51.27,50.1,,003,0,,2021102468,(5.6),,,0.0,逃げ,逃げ,35.22,444,,5.6,雅牧場,平取町,サトノアラジン,ブライティアナイル,アドマイヤベガ,15,4,8,,(美),稲垣幸雄
未勝利,202401080601030105,"2024. 1. 8",中山,ベニシア,牝,3,小林勝太,52▲,16,２,ダ,1200,,良,1130,0.4,,,2,2,39.0,6,37.2,*,37.13,37.6,牝,023,220,,2021100662,(5.3),190,980,0.1,先行,先行,34.00,428,-2,5.3,上山牧場,浦河町,ヘニーヒューズ,フクシア,ゴールドアリュール,16,3,5,*,(美),加藤士津
1勝,202401070601020710,"2024. 1. 7",中山,ロードブレイズ,牡,3,三浦皇成, 57 ,13,４,ダ,1800,,良,1553,0.5,13,13,10,7,39.2,2,47.1,*,46.20,43.9,,A03,120,,2021100162,(5.2),,,1.2,中団,差し,38.05,488,+4,5.2,ケイアイファーム,新ひだか町,ロードカナロア,ブリュネット,ダイワメジャー,13,7,10,,(美),稲垣幸雄
未勝利,202401070601020511,"2024. 1. 7",中山,ローンウルフ,牡,3,木幡巧也, 57 ,16,６,芝,1600,C,良,1339,0.5,,2,2,1,36.7,14,43.5,*,49.93,44.8,,003,0,,2021104112,(5.4),,,0.0,先行,先行,34.32,476,-4,5.4,千代田牧場,新ひだか町,リアルインパクト,シェリレーヌ,Mineshaft,16,6,11,,(美),武市康男
未勝利,202401070601020410,"2024. 1. 7",中山,アメリカンピース,セ,6,水沼元輝,57▲,14,８,ダ,2880,,良,3149,2.0,2,4,2,1,13.5,,,,,,,A00,0,,2018110131,(85.8),,,,先行,先行,,454,-8,85.8,"Don Alberto Corporation",米,Tapit,"La Cloche",Ghostzapper,14,6,10,,(栗),音無秀孝
1勝,202401060801010703,"2024. 1. 6",京都,シャンデルナゴル,牡,4,ルメート, 57 ,11,５,ダ,1800,,良,1533,1.1,4,5,7,7,37.9,3,49.5,*,50.73,50.0,,A03,80,,2020103193,(70.3),,,0.6,中団,中団,37.70,484,0,70.3,ノーザンファーム,安平町,サトノダイヤモンド,アガルタ,キングカメハメハ,11,3,3,*,(栗),石坂公一
未勝利,202401060801010112,"2024. 1. 6",京都,スターチスブーケ,牝,3,岩田望来, 55 ,16,12,ダ,1800,,良,1568,1.4,11,10,10,9,39.9,8,46.4,,45.63,46.1,,A03,0,,2021110075,(5.0),,,1.0,中団,中団,38.45,498,-6,5.0,"Gerty Bloodstock",米,"Practical Joke","Sovereign Halo",Haynesfield,16,6,12,,(栗),清水久詞
1勝,202312280605090804,2023.12.28,中山,ゲキザル,牡,4,菊沢一樹, 58 ,16,４,ダ,1200,,良,1115,0.2,,,16,16,36.1,1,48.1,*,40.67,38.1,,003,120,,2019102102,(10.7),,,2.0,後方,追込,35.40,480,+2,10.7,広富牧場,日高町,ザファクター,トゥモローズライト,アフリート,16,2,4,,(美),青木孝文
未勝利,202312280605090309,2023.12.28,中山,ピースヒロフェイス,牝,2,松山弘平, 55 ,16,４,芝,1600,A,良,1358,0.2,,9,11,9,35.2,1,53.3,*,49.90,48.5,,A03,83,,2021105769,(43.9),,,1.2,中団,差し,36.36,458,+8,43.9,ノーザンファーム,安平町,サトノダイヤモンド,ペルヴィアンリリー,フレンチデピュティ,16,5,9,,(美),牧光二
未勝利,202312240905080306,2023.12.24,阪神,テイクザクラウン,牡,2,Ｍ．デム, 56 ,14,３,芝,2000,B,良,2010,0.4,10,11,10,9,34.9,2,55.7,*,55.33,53.6,,A03,140,,2021102379,(14.3),240,,0.8,中団,差し,36.90,446,0,14.3,二風谷ファーム,平取町,サトノクラウン,アムールレジェンド,ディープインパクト,14,4,6,,(栗),吉村圭司
1勝,202312240605080703,2023.12.24,中山,ノーブルアクト,牝,3,水沼元輝,52▲,16,15,ダ,1800,,良,1572,3.1,4,4,4,4,41.8,16,40.2,,47.30,45.2,,A03,0,,2020104744,(140.0),,,0.6,先行,先行,37.70,500,+8,140.0,フジワラフアーム,新ひだか町,マクフィ,クイーンロイド,ゼンノロブロイ,16,2,3,,(美),上原博之
1勝,202312230905071209,2023.12.23,阪神,ガットネロ,牝,3,岩田望来, 55 ,14,７,芝,1600,B,良,1348,0.7,,,5,3,33.8,10,58.3,*,59.27,58.5,,A03,0,,2020105073,(21.2),,,0.4,先行,先行,36.60,478,+6,21.2,大狩部牧場,新冠町,アメリカンペイトリオット,ブラックシュガー,ブラックタイド,14,6,9,,(栗),上村洋行
3勝,202312230905071001,2023.12.23,阪神,キュールエフウジン,牡,4,藤岡佑介, 57 ,16,４,ダ,1800,,良,1528,0.6,16,16,16,16,36.6,1,54.1,*,48.73,48.0,,A03,280,    0.0,2019102983,(22.7),,,1.9,後方,追込,38.10,496,+6,22.7,木下牧場,新ひだか町,ホッコータルマエ,キュールエアリス,ウォーエンブレム,16,1,1,,(栗),中尾秀正
未勝利,202312230905070402,2023.12.23,阪神,ノーブルスカイ,牡,2,鮫島克駿, 56 ,14,３,芝,1800,B,良,1486,0.3,,,2,2,34.4,5,57.8,*,58.33,57.4,,003,140,,2021102256,(47.2),460,,0.3,先行,先行,37.10,472,+8,47.2,エトルタファーム,日高町,ネオユニヴァース,ホウショウワールド,"Sky Classic",14,2,2,,(栗),高柳大輔
Ｇ１,202312170905061115,2023.12.17,阪神,エンヤラヴフェイス,牡,2,幸英明, 56 ,17,13,芝,1600,A,良,1347,0.9,,,7,8,35.6,11,49.6,*,52.37,49.0,牡牝,N41,0,    0.0,2021101737,(52.9),,,0.7,中団,中団,35.46,488,+6,52.9,チャンピオンズファーム,新ひだか町,エイシンヒカリ,タイキアプローズ,"Devil's Bag",17,8,15,,(栗),森田直行
新馬,202312170905060409,2023.12.17,阪神,スターチスブーケ,牝,2,ムルザバ, 55 ,12,４,ダ,1200,,稍,1146,0.4,,,9,8,37.4,1,49.5,*,46.00,44.2,,A03,110,,2021110075,(2.8),,,1.2,中団,差し,37.20,504,,2.8,"Gerty Bloodstock",米,"Practical Joke","Sovereign Halo",Haynesfield,12,7,9,,(栗),清水久詞
未勝利,202312170905060311,2023.12.17,阪神,グランテレーズ,牝,2,ムルザバ, 55 ,15,４,芝,1400,A,稍,1227,0.4,,,4,6,36.2,5,46.3,*,47.50,45.5,,A03,83,,2021102401,(23.9),,,0.4,中団,差し,34.88,442,-8,23.9,坂東牧場,平取町,シュヴァルグラン,アドマイヤテレサ,エリシオ,15,6,11,,(栗),渡辺薫彦
1勝,202312170704060611,2023.12.17,中京,ハレアカラフラ,牝,3,松若風馬, 55 ,16,４,芝,1600,A,良,1347,0.2,,1,1,1,35.9,13,48.3,*,50.47,48.8,牝,023,120,,2020103292,(19.0),,,0.0,逃げ,逃げ,35.28,468,+2,19.0,ノーザンファーム,安平町,ラブリーデイ,オーキッドレイ,ディープインパクト,16,6,11,,(栗),音無秀孝
未勝利,202312170605060406,2023.12.17,中山,アメリカンピース,セ,5,中村将之, 60 ,13,５,ダ,2880,,良,3181,5.6,7,8,7,6,13.8,,,,,,,A00,79,,2018110131,(26.0),,,,中団,中団,,462,+4,26.0,"Don Alberto Corporation",米,Tapit,"La Cloche",Ghostzapper,13,5,6,,(栗),音無秀孝
1勝,202312160905051202,2023.12.16,阪神,エイトスターズ,牝,3,池添謙一, 55 ,11,６,芝,1800,A,稍,1483,1.1,,,6,6,34.5,6,57.0,,57.87,57.6,,003,0,,2020103772,(37.2),,,0.6,中団,中団,36.90,464,+4,37.2,レイクヴィラファーム,洞爺湖町,ジャスタウェイ,インザスポットライト,"Exceed And Excel",10,2,2,,(栗),坂口智康
1勝,202312160905051208,2023.12.16,阪神,バンフィエルド,牡,4,角田大河,57☆,11,９,芝,1800,A,稍,1493,2.1,,,3,2,35.8,9,52.7,,57.87,57.6,,003,0,,2019104531,(206.4),,,0.3,先行,先行,36.75,424,+2,206.4,社台コーポレーション白老ファーム,白老町,オルフェーヴル,エヴィータアルゼンティーナ,"Candy Ride",10,7,8,,(栗),緒方努
未勝利,202312160905050312,2023.12.16,阪神,アメリカンチケット,牡,2,松山弘平, 56 ,16,５,ダ,1400,,稍,1271,1.4,,,1,3,39.8,8,39.1,*,44.13,41.5,,A03,55,,2021110122,(3.0),,,0.2,逃げ,逃げ,35.48,500,+16,3.0,"Triemore Stud",米,Justify,"A Z Warrior",Bernardini,16,6,12,,(栗),藤原英昭
未勝利,202312160905050101,2023.12.16,阪神,クリノオリーブ,牝,2,幸英明, 55 ,16,１,ダ,1400,,稍,1261,-0.4,,,1,1,39.0,2,40.6,*,41.30,40.6,牝,023,550,,2021102259,420,150,980,0.0,逃げ,逃げ,35.33,458,0,4.2,横井哲,日高町,ニューイヤーズデイ,クリノラホール,ダイワメジャー,16,1,1,,(栗),谷潔
新馬,202312160605050613,2023.12.16,中山,ベニシア,牝,2,田口貫太,53△,16,３,ダ,1200,,稍,1127,0.1,,,2,2,38.4,7,39.3,*,41.27,39.6,,003,180,,2021100662,(2.0),120,,0.0,先行,先行,34.30,430,,2.0,上山牧場,浦河町,ヘニーヒューズ,フクシア,ゴールドアリュール,15,7,13,,(美),加藤士津
1勝,202312100905040602,2023.12.10,阪神,ビバップ,牡,2,ムルザバ, 56 ,7,７,ダ,1200,,良,1156,3.5,,,2,3,40.2,7,38.1,,45.97,44.9,,A04,0,,2021102700,(12.0),,,0.3,先行,先行,35.40,472,-2,12.0,杵臼斉藤牧場,浦河町,モーニン,カプリースレディー,ジャングルポケット,7,2,2,,(栗),清水久詞
未勝利,202312100905040108,2023.12.10,阪神,プロミシングスター,牡,2,川須栄彦, 56 ,15,３,ダ,1400,,良,1266,0.2,,,6,2,37.8,1,46.8,*,45.47,44.6,,003,140,,2021103073,(6.4),200,,0.6,先行,先行,36.60,440,0,6.4,富田牧場,浦河町,マジェスティックウォリアー,ファインチョイス,アドマイヤムーン,15,5,8,,(栗),加用正
未勝利,202312100704040407,2023.12.10,中京,ブルボンクイーン,牝,2,角田大河,54☆,16,２,芝,1400,A,良,1223,0.3,,,1,1,35.5,13,48.9,*,50.73,49.7,,A03,220,,2021100297,(17.5),500,45000,0.0,逃げ,逃げ,35.10,466,+8,17.5,土居牧場,新ひだか町,キズナ,セレブラール,ボストンハーバー,16,4,7,,(栗),角田晃一
1勝,202312100605040709,2023.12.10,中山,ロードブレイズ,牡,2,永野猛蔵,55☆,16,５,ダ,1800,,良,1541,1.6,14,13,13,12,38.1,2,49.7,*,48.40,48.4,,A04,78,,2021100162,(6.0),,,1.4,後方,後方,38.00,484,+2,6.0,ケイアイファーム,新ひだか町,ロードカナロア,ブリュネット,ダイワメジャー,16,5,9,,(美),稲垣幸雄
未勝利,202312100605040617,2023.12.10,中山,ローンウルフ,牡,2,木幡巧也, 56 ,18,４,芝,2000,A,良,2018,1.1,4,3,2,2,36.9,10,48.6,*,52.63,51.2,,003,83,,2021104112,(17.4),,,0.1,先行,先行,36.39,480,+8,17.4,千代田牧場,新ひだか町,リアルインパクト,シェリレーヌ,Mineshaft,18,8,17,,(美),武市康男
未勝利,202312090704030513,"2023.12. 9",中京,ラガークイン,牝,2,今村聖奈,52▲,16,４,芝,1600,A,良,1351,0.6,,13,15,13,34.4,1,55.9,*,52.87,52.5,牝,023,83,,2021105416,(9.4),,,1.1,後方,追込,36.42,404,-2,9.4,ノーザンファーム,安平町,リアルインパクト,ウォークロニクル,ウォーエンブレム,16,7,13,,(栗),大久保龍
1勝,202312030905020704,"2023.12. 3",阪神,エイトスターズ,牝,3,今村聖奈,52▲,11,２,芝,1800,A,良,1464,0.4,,,10,10,34.2,1,55.6,*,54.17,53.2,,A03,320,,2020103772,(222.4),3510,59510,0.8,後方,追込,36.10,460,-4,222.4,レイクヴィラファーム,洞爺湖町,ジャスタウェイ,インザスポットライト,"Exceed And Excel",11,4,4,*,(栗),坂口智康
未勝利,202312030704020410,"2023.12. 3",中京,ピースヒロフェイス,牝,2,松山弘平, 55 ,16,４,芝,1600,A,良,1362,0.8,,3,3,3,34.6,7,56.8,*,57.47,57.9,,003,83,,2021105769,(10.6),,,0.3,先行,先行,36.96,450,-4,10.6,ノーザンファーム,安平町,サトノダイヤモンド,ペルヴィアンリリー,フレンチデピュティ,16,5,10,,(美),牧光二
1勝,202312030704020205,"2023.12. 3",中京,ゲキザル,牡,4,古川吉洋, 58 ,16,３,ダ,1200,,良,1125,0.5,,,7,8,36.8,5,47.0,*,46.90,45.1,,003,200,,2019102102,(13.3),490,,0.6,中団,差し,35.70,478,+10,13.3,広富牧場,日高町,ザファクター,トゥモローズライト,アフリート,16,3,5,,(美),青木孝文
2勝,202312020905011206,"2023.12. 2",阪神,ドットクルー,牡,3,岩田望来, 57 ,10,５,芝,1800,A,良,1463,1.1,,,6,5,35.2,5,51.0,,54.10,52.0,,A04,114,,2020101486,(24.4),,,0.5,中団,中団,35.55,456,-2,24.4,佐々木牧場,日高町,ディーマジェスティ,スターオブロゼッタ,ロードカナロア,10,6,6,,(栗),笹田和秀
新馬,202312020905010512,"2023.12. 2",阪神,アラタマフェーヴル,牡,2,松山弘平, 56 ,12,３,芝,2000,A,良,2022,0.8,2,2,2,2,35.2,5,55.9,*,57.63,58.0,,A03,180,,2021102115,(53.1),1190,,0.1,先行,先行,37.29,492,,53.1,槇本牧場,日高町,オルフェーヴル,アラタマクリスエス,シンボリクリスエス,12,8,12,,(栗),浜田多実
1勝,202312020704011205,"2023.12. 2",中京,バンフィエルド,牡,4,鷲頭虎太,55▲,17,６,芝,2000,A,良,2007,0.7,6,7,6,4,35.9,9,51.2,*,53.83,52.0,,A03,0,,2019104531,(311.3),,,0.3,先行,先行,36.34,422,-26,311.3,社台コーポレーション白老ファーム,白老町,オルフェーヴル,エヴィータアルゼンティーナ,"Candy Ride",17,3,5,,(栗),緒方努
未勝利,202311260803080309,2023.11.26,京都,テイクザクラウン,牡,2,鮫島克駿, 56 ,15,５,芝,2000,C,良,2032,0.6,11,12,11,9,35.0,2,58.0,*,57.00,56.0,,003,55,,2021102379,(12.0),,,0.9,中団,中団,37.80,446,+4,12.0,二風谷ファーム,平取町,サトノクラウン,アムールレジェンド,ディープインパクト,15,5,9,,(栗),吉村圭司
新馬,202311250803070503,2023.11.25,京都,グランテレーズ,牝,2,松山弘平, 55 ,12,５,芝,1400,C,良,1235,0.9,,,2,2,35.6,7,50.9,*,53.63,52.5,,A03,72,,2021102401,(5.4),,,0.2,先行,先行,35.93,450,,5.4,坂東牧場,平取町,シュヴァルグラン,アドマイヤテレサ,エリシオ,12,3,3,,(栗),渡辺薫彦
1勝,202311250505070703,2023.11.25,東京,セイウンパシュート,牡,3,田辺裕信, 56 ,16,５,芝,2400,C,良,2266,0.3,2,4,5,4,34.5,8,58.3,*,57.50,57.2,,A03,80,,2020100233,(13.8),,,0.5,先行,先行,37.37,464,+8,13.8,田上徹,新ひだか町,ハーツクライ,シーソルティキッス,キングカメハメハ,16,2,3,,(美),上原博之
2勝,202311190803061008,2023.11.19,京都,ドットクルー,牡,3,松山弘平, 55 ,17,２,芝,2000,C,良,1599,0.3,9,9,7,4,34.7,7,55.2,*,54.70,52.8,,A03,620,   11.2,2020101486,(15.5),410,3560,0.8,先行,先行,36.51,458,-6,15.5,佐々木牧場,日高町,ディーマジェスティ,スターオブロゼッタ,ロードカナロア,17,4,8,,(栗),笹田和秀
未勝利,202311190803060302,2023.11.19,京都,ラガークイン,牝,2,坂井瑠星, 55 ,12,５,芝,1800,C,稍,1494,0.4,,,9,8,35.3,2,55.0,*,54.43,53.1,牝,023,55,,2021105416,(4.0),,,0.7,中団,中団,37.05,406,+4,4.0,ノーザンファーム,安平町,リアルインパクト,ウォークロニクル,ウォーエンブレム,12,2,2,,(栗),大久保龍
未勝利,202311190803060107,2023.11.19,京都,モズトキキ,牝,2,岩田望来, 55 ,16,３,芝,1200,C,稍,1098,0.2,,,2,1,35.1,12,48.9,*,51.17,48.9,,003,140,,2021102914,(13.2),390,,0.1,先行,先行,34.70,540,-2,13.2,谷川牧場,浦河町,グランプリボス,モズジャカランダ,Congrats,15,4,7,,(栗),村山明
2勝,202311190505061211,2023.11.19,東京,スムースベルベット,牝,3,内田博幸, 55 ,18,７,芝,1400,C,良,1214,0.6,,,4,4,33.9,14,55.1,*,56.30,55.4,,A03,0,,2020106987,(123.3),,,0.3,先行,先行,35.63,490,-6,123.3,ミルファーム,浦河町,ディスクリートキャット,ローブドヴルール,サウスヴィグラス,18,6,11,,(美),手塚貴久
未勝利,202311190303060413,2023.11.19,福島,ピーターサイト,牡,3,上野翔, 58 ,14,８,芝,2770,B,良,3115,4.5,10,10,9,7,13.8,,,,,,,000,0,,2020105611,(17.9),,,,中団,中団,,468,+4,17.9,ノースヒルズ,新冠町,ワンアンドオンリー,ヴィクトリアアイ,ブライアンズタイム,14,8,13,,(美),村田一誠
未勝利,202311190303060109,2023.11.19,福島,ビバップ,牡,2,丸山元気, 56 ,16,１,ダ,1150,,重,1088,-1.4,,,1,1,36.9,1,44.3,*,42.80,44.3,,A03,550,,2021102700,320,130,1270,0.0,逃げ,逃げ,34.80,474,+2,3.2,杵臼斉藤牧場,浦河町,モーニン,カプリースレディー,ジャングルポケット,16,5,9,,(栗),清水久詞
未勝利,202311180803050109,2023.11.18,京都,プロミシングスター,牡,2,川須栄彦, 56 ,16,４,ダ,1400,,重,1254,0.6,,,7,5,37.3,3,46.7,*,47.10,45.5,,003,83,,2021103073,(11.4),,,0.6,中団,差し,36.08,440,+2,11.4,富田牧場,浦河町,マジェスティックウォリアー,ファインチョイス,アドマイヤムーン,16,5,9,*,(栗),加用正
未勝利,202311180803050116,2023.11.18,京都,クリノオリーブ,牝,2,森裕太朗, 55 ,16,８,ダ,1400,,重,1259,1.1,,,3,3,38.1,13,44.1,,47.10,45.5,,003,0,,2021102259,(13.6),,,0.3,先行,先行,35.85,458,-4,13.6,横井哲,日高町,ニューイヤーズデイ,クリノラホール,ダイワメジャー,16,8,16,,(栗),谷潔
未勝利,202311180505050110,2023.11.18,東京,アイウィル,牡,2,菅原明良, 56 ,16,12,ダ,1600,,重,1404,3.1,,,5,5,40.9,13,37.3,,43.70,42.4,,A03,0,,2021103502,(63.6),,,0.5,中団,中団,35.70,514,+2,63.6,岡田スタツド,新ひだか町,ドレフォン,ジュリーハーツ,ハーツクライ,15,5,10,,(美),高木登
未勝利,202311180303050706,2023.11.18,福島,ローンウルフ,牡,2,永島まな,53▲,16,８,芝,1800,B,稍,1514,1.0,1,1,1,1,39.4,14,41.4,*,44.80,43.8,,A00,0,,2021104112,(2.8),,,0.0,逃げ,逃げ,36.00,472,+2,2.8,千代田牧場,新ひだか町,リアルインパクト,シェリレーヌ,Mineshaft,16,3,6,,(美),武市康男
未勝利,202311120803040213,2023.11.12,京都,ファイツオン,牡,2,戸崎圭太, 56 ,17,３,芝,1400,B,良,1225,0.5,,,2,2,36.3,12,45.5,*,48.97,46.3,,003,140,,2021100476,(15.7),240,,0.1,先行,先行,34.65,510,-4,15.7,村上牧場,新ひだか町,アルアイン,ソラコマチ,サクラバクシンオー,17,7,13,,(栗),藤岡健一
Ｇ２,202311110803031110,2023.11.11,京都,エンヤラヴフェイス,牡,2,幸英明, 56 ,11,２,芝,1600,B,稍,1348,0.3,,,6,6,34.9,4,53.0,*,53.87,52.0,,N01,1500,   11.2,2021101737,(23.5),500,4270,0.4,中団,差し,35.94,482,+2,23.5,チャンピオンズファーム,新ひだか町,エイシンヒカリ,タイキアプローズ,"Devil's Bag",11,8,10,,(栗),森田直行
1勝,202311110303030805,2023.11.11,福島,ペリプルス,牡,3,小林凌大,54△,12,６,芝,2600,A,良,2459,1.2,6,6,8,8,37.3,7,53.4,,55.43,54.6,,A03,0,,2020105796,(14.6),,,0.6,中団,中団,38.58,430,+2,14.6,ビッグレッドファーム,新冠町,ゴールドシップ,マイネリベルタス,コンデュイット,12,5,5,,(美),佐藤吉勝
未勝利,202311050303020401,"2023.11. 5",福島,ブラックボイス,牡,4,石神深一, 60 ,11,１,芝,2750,A,良,3033,-1.0,3,3,2,1,13.3,,,,,,,A00,790,,2019105276,240,130,1410,,先行,先行,,516,-2,2.4,ノーザンファーム,安平町,ブラックタイド,ソングライティング,"Giant's Causeway",11,1,1,,(美),宮田敬介
未勝利,202311050303020105,"2023.11. 5",福島,ビバップ,牡,2,丸山元気, 56 ,12,３,ダ,1150,,良,1095,1.0,,,3,3,37.9,6,41.0,*,40.83,40.2,,003,140,,2021102700,(7.9),130,,0.6,先行,先行,34.47,472,+18,7.9,杵臼斉藤牧場,浦河町,モーニン,カプリースレディー,ジャングルポケット,12,5,5,,(栗),清水久詞
新馬,202311040803010504,"2023.11. 4",京都,キーパフォーマー,牝,2,松若風馬, 55 ,10,１,芝,1600,B,良,1366,-0.1,,,9,3,33.9,1,61.0,*,58.80,57.5,,A03,720,,2021104948,1300,260,3320,0.7,ﾏｸﾘ,ﾏｸﾘ,37.62,450,,13.0,社台ファーム,千歳市,キタサンブラック,アンコールピース,ネオユニヴァース,10,4,4,,(栗),佐々木晶
1勝,202311040303010903,"2023.11. 4",福島,ガットネロ,牝,3,石橋脩, 54 ,16,14,芝,1800,A,良,1499,1.9,2,2,3,4,38.1,15,44.2,,50.33,48.4,牝,023,0,    0.0,2020105073,(5.8),,,0.2,先行,先行,35.90,472,-18,5.8,大狩部牧場,新冠町,アメリカンペイトリオット,ブラックシュガー,ブラックタイド,16,2,3,,(栗),上村洋行
1勝,202311040303010910,"2023.11. 4",福島,エイトスターズ,牝,3,城戸義政, 54 ,16,16,芝,1800,A,良,1502,2.2,13,13,3,4,38.4,16,43.5,,50.33,48.4,牝,023,0,    0.0,2020103772,(81.8),,,0.2,ﾏｸﾘ,ﾏｸﾘ,35.90,464,-6,81.8,レイクヴィラファーム,洞爺湖町,ジャスタウェイ,インザスポットライト,"Exceed And Excel",16,5,10,,(栗),坂口智康
未勝利,202311040303010207,"2023.11. 4",福島,ローンウルフ,牡,2,永島まな,53▲,13,３,芝,1800,A,良,1503,0.5,3,3,2,2,35.8,5,54.1,*,54.90,54.6,,003,140,,2021104112,(2.0),110,,0.2,先行,先行,37.25,470,+4,2.0,千代田牧場,新ひだか町,リアルインパクト,シェリレーヌ,Mineshaft,13,5,7,,(美),武市康男
未勝利,202310290802090102,2023.10.29,京都,クリノオリーブ,牝,2,森裕太朗, 55 ,12,２,ダ,1400,,良,1269,0.5,,,3,3,39.9,3,38.3,*,38.63,38.6,牝,023,220,,2021102259,(7.4),230,3110,0.2,先行,先行,35.25,462,+2,7.4,横井哲,日高町,ニューイヤーズデイ,クリノラホール,ダイワメジャー,12,2,2,,(栗),谷潔
新馬,202310290504090416,2023.10.29,東京,アイウィル,牡,2,菅原明良, 56 ,16,７,ダ,1600,,良,1409,2.2,,,7,6,38.9,8,45.6,,45.40,45.0,,A03,0,,2021103502,(4.8),,,1.5,中団,中団,37.20,512,,4.8,岡田スタツド,新ひだか町,ドレフォン,ジュリーハーツ,ハーツクライ,16,8,16,,(美),高木登
未勝利,202310290404060104,2023.10.29,新潟,ノーブルスカイ,牡,2,亀田温心, 56 ,15,６,芝,2000,A,重,2053,1.5,8,8,7,7,37.0,8,52.3,,52.63,52.9,,003,0,,2021102256,(3.8),,,0.9,中団,中団,37.84,464,+2,3.8,エトルタファーム,日高町,ネオユニヴァース,ホウショウワールド,"Sky Classic",15,3,4,,(栗),高柳大輔
2勝,202310280802081205,2023.10.28,京都,ドットクルー,牡,3,岩田望来, 56 ,14,12,ダ,1800,,良,1553,3.1,8,8,7,8,40.3,12,43.1,,46.70,45.7,,A04,0,,2020101486,(13.9),,,1.3,中団,中団,37.50,464,-4,13.9,佐々木牧場,日高町,ディーマジェスティ,スターオブロゼッタ,ロードカナロア,13,4,5,,(栗),笹田和秀
3勝,202310280802081008,2023.10.28,京都,キュールエフウジン,牡,4,藤岡佑介, 58 ,16,４,ダ,1800,,良,1522,0.6,12,11,14,14,37.0,1,51.6,*,48.50,46.8,,A04,280,    0.0,2019102983,(14.4),,,1.6,後方,追込,37.60,490,-4,14.4,木下牧場,新ひだか町,ホッコータルマエ,キュールエアリス,ウォーエンブレム,15,4,8,,(栗),中尾秀正
未勝利,202310280802080205,2023.10.28,京都,プロミシングスター,牡,2,川須栄彦, 56 ,12,２,ダ,1200,,良,1137,0.6,,,7,7,37.2,2,48.1,*,46.90,47.0,,003,220,,2021103073,(13.2),280,2510,0.5,中団,差し,36.50,438,0,13.2,富田牧場,浦河町,マジェスティックウォリアー,ファインチョイス,アドマイヤムーン,12,5,5,,(栗),加用正
未勝利,202310280802080204,2023.10.28,京都,モズトキキ,牝,2,岩田望来, 55 ,12,６,ダ,1200,,良,1143,1.2,,,3,3,38.1,9,45.0,,46.90,47.0,,003,0,,2021102914,(4.3),,,0.2,先行,先行,36.20,542,-2,4.3,谷川牧場,浦河町,グランプリボス,モズジャカランダ,Congrats,12,4,4,*,(栗),村山明
1勝,202310280504080801,2023.10.28,東京,セイウンパシュート,牡,3,幸英明, 56 ,10,４,芝,2000,B,良,2001,0.4,,1,1,1,34.7,9,55.5,*,57.77,56.7,,A03,120,,2020100233,(4.8),,,0.0,逃げ,逃げ,36.60,456,+4,4.8,田上徹,新ひだか町,ハーツクライ,シーソルティキッス,キングカメハメハ,10,1,1,,(美),上原博之
1勝,202310280404050906,2023.10.28,新潟,ペリプルス,牡,3,黛弘人, 55 ,12,７,芝,2400,A,重,2321,0.8,10,11,9,9,36.2,3,56.7,*,56.23,56.0,,A03,0,    0.0,2020105796,(46.5),,,0.8,後方,後方,38.63,428,-8,46.5,ビッグレッドファーム,新冠町,ゴールドシップ,マイネリベルタス,コンデュイット,12,5,6,,(美),佐藤吉勝
未勝利,202310280404050109,2023.10.28,新潟,アメリカンピース,セ,5,中村将之, 60 ,14,６,芝,2850,A,稍,3101,2.5,2,2,3,3,13.3,,,,,,,A00,0,,2018110131,(238.3),,,,先行,先行,,458,+10,238.3,"Don Alberto Corporation",米,Tapit,"La Cloche",Ghostzapper,14,6,9,,(栗),音無秀孝
1勝,202310220802070609,2023.10.22,京都,ハレアカラフラ,牝,3,松若風馬, 54 ,16,11,芝,1600,A,良,1340,1.2,,,3,4,36.5,12,44.5,,50.27,46.4,,003,0,,2020103292,(59.9),,,0.3,先行,先行,34.50,466,+14,59.9,ノーザンファーム,安平町,ラブリーデイ,オーキッドレイ,ディープインパクト,16,5,9,,(栗),音無秀孝
新馬,202310220504070506,2023.10.22,東京,ファイツオン,牡,2,藤岡佑介, 56 ,16,５,芝,1800,A,良,1498,0.5,,2,3,3,34.8,10,57.8,*,59.97,58.4,,A03,72,,2021100476,(4.9),,,0.2,先行,先行,37.50,514,,4.9,村上牧場,新ひだか町,アルアイン,ソラコマチ,サクラバクシンオー,16,3,6,,(栗),藤岡健一
新馬,202310220504070511,2023.10.22,東京,ビーンスターク,牡,2,松岡正海, 56 ,16,16,芝,1800,A,良,1515,2.2,,10,12,13,35.6,16,56.6,,59.97,58.4,,A03,0,,2021103578,(169.5),,,1.1,後方,後方,37.95,446,,169.5,岡田牧場,新ひだか町,ロジャーバローズ,アートオブビーン,アグネスデジタル,16,6,11,,(美),栗田徹
未勝利,202310220504070108,2023.10.22,東京,ライトニングゼウス,牡,2,横山和生, 56 ,16,11,ダ,1600,,良,1420,2.6,,,2,2,40.7,14,40.4,,48.13,46.1,,003,0,,2021104058,(3.9),,,0.1,先行,先行,36.78,504,+4,3.9,谷岡スタット,新ひだか町,ダンカーク,サクラナスカ,サクラバクシンオー,16,4,8,,(美),勢司和浩
未勝利,202310220404040203,2023.10.22,新潟,イノセントキャット,牝,2,吉田隼人, 55 ,11,２,芝,1600,A,重,1369,0.1,,,4,4,34.7,2,57.6,*,57.20,55.9,牝,023,220,,2021104745,(24.1),320,1340,0.4,先行,先行,37.32,444,-14,24.1,追分ファーム,安平町,シュヴァルグラン,イルーシヴキャット,キングカメハメハ,11,3,3,,(美),久保田貴
新馬,202310210802060403,2023.10.21,京都,ストレイトアスク,牝,2,藤岡佑介, 55 ,18,18,芝,1400,A,良,1265,4.2,,,12,16,37.9,18,46.2,,50.63,47.4,牝,023,0,,2021102312,(7.0),,,2.1,後方,後方,36.45,438,,7.0,"ASK STUD",平取町,ロードカナロア,ストレイトガール,フジキセキ,18,2,3,,(栗),藤原英昭
1勝,202310210404030601,2023.10.21,新潟,シャンデルナゴル,牡,3,富田暁, 56 ,14,３,ダ,1800,,重,1528,0.5,1,1,1,1,38.4,5,46.9,*,49.10,48.2,,002,200,,2020103193,(19.8),390,,0.0,逃げ,逃げ,37.20,484,-4,19.8,ノーザンファーム,安平町,サトノダイヤモンド,アガルタ,キングカメハメハ,14,1,1,,(栗),石坂公一
3勝,202310150802051003,2023.10.15,京都,ヴェールランス,牡,4,Ｍ．デム, 58 ,7,５,芝,1800,A,稍,1476,0.6,,,2,2,36.1,5,49.0,*,50.93,50.3,,A04,184,    0.0,2019104767,(7.0),,,0.1,先行,先行,35.75,446,+12,7.0,社台ファーム,千歳市,キタサンブラック,ジュエラー,ヴィクトワールピサ,7,3,3,,(栗),藤岡健一
1勝,202310150504050701,2023.10.15,東京,ペリプルス,牡,3,柴田大知, 55 ,10,７,芝,2400,A,重,2273,1.4,2,2,2,2,36.9,8,49.7,,55.20,51.4,,003,0,,2020105796,(93.2),,,0.6,先行,先行,36.80,436,+5,93.2,ビッグレッドファーム,新冠町,ゴールドシップ,マイネリベルタス,コンデュイット,10,1,1,,(美),佐藤吉勝
新馬,202310150504050406,2023.10.15,東京,アメリカンチケット,牡,2,戸崎圭太, 56 ,16,４,ダ,1600,,不,1392,0.8,,,1,1,39.1,9,42.2,*,45.33,44.2,,A03,110,,2021110122,(2.8),,,0.0,逃げ,逃げ,36.06,484,,2.8,"Triemore Stud",米,Justify,"A Z Warrior",Bernardini,16,3,6,,(栗),藤原英昭
未勝利,202310150504050105,2023.10.15,東京,タリスマン,牡,2,伊藤工真, 56 ,13,１,ダ,1400,,不,1251,-0.4,,,2,2,37.6,3,44.7,*,46.23,44.7,,003,550,,2021104618,730,220,1350,0.0,先行,先行,35.63,454,+2,7.3,リトルブルーファーム,清水町,タリスマニック,クロエチャン,スパイキュール,13,4,5,,(美),金成貴史
未勝利,202310150404020310,2023.10.15,新潟,ローンウルフ,牡,2,丹内祐次, 56 ,11,４,芝,2000,A,良,2028,0.4,1,1,1,1,36.6,7,50.9,*,52.77,52.1,,A03,83,,2021104112,(3.5),,,0.0,逃げ,逃げ,36.94,466,+6,3.5,千代田牧場,新ひだか町,リアルインパクト,シェリレーヌ,Mineshaft,11,8,10,,(美),武市康男
未勝利,202310150404020209,2023.10.15,新潟,モズトキキ,牝,2,泉谷楓真,54☆,11,５,ダ,1200,,良,1133,1.0,,,5,5,38.0,7,42.9,*,40.87,34.9,,A03,55,,2021102914,(3.7),,,2.1,中団,中団,35.30,544,+6,3.7,谷川牧場,浦河町,グランプリボス,モズジャカランダ,Congrats,11,7,9,,(栗),村山明
1勝,202310140404011204,2023.10.14,新潟,ゲキザル,牡,4,菊沢一樹, 58 ,15,３,ダ,1200,,良,1121,1.9,,,14,14,35.6,1,52.5,*,45.50,43.9,,A00,200,,2019102102,(18.1),310,,2.5,後方,追込,36.50,468,-6,18.1,広富牧場,日高町,ザファクター,トゥモローズライト,アフリート,15,3,4,,(美),青木孝文
未勝利,202310140404010111,2023.10.14,新潟,ブラックボイス,牡,4,石神深一, 60 ,14,８,芝,2850,A,良,3079,2.6,14,13,12,12,13.2,,,,,,,A00,0,,2019105276,(5.4),,,,後方,後方,,518,+8,5.4,ノーザンファーム,安平町,ブラックタイド,ソングライティング,"Giant's Causeway",14,7,11,,(美),宮田敬介
ｵｰﾌﾟﾝ,202310080802020401,"2023.10. 8",京都,プラチナドリーム,牡,4,黒岩悠, 60 ,11,６,ダ,3170,,良,3357,2.3,5,5,5,5,13.6,,,,,,,A00,0,,2019106330,(19.0),,,,中団,中団,,472,+2,19.0,千代田牧場,新ひだか町,ホッコータルマエ,サティーヌアロム,シンボリクリスエス,11,1,1,,(栗),平田修
未勝利,202310080802020211,"2023.10. 8",京都,ラガークイン,牝,2,大久保友,52▲,12,３,芝,1600,A,良,1351,0.3,,,7,7,36.1,4,48.1,*,48.97,47.6,牝,023,140,,2021105416,(9.3),260,,0.3,中団,差し,35.40,402,+6,9.3,ノーザンファーム,安平町,リアルインパクト,ウォークロニクル,ウォーエンブレム,12,8,11,,(栗),大久保龍
未勝利,202310080802020105,"2023.10. 8",京都,プロミシングスター,牡,2,国分恭介, 56 ,12,９,芝,1200,A,良,1101,1.0,,,8,10,34.9,7,50.9,*,48.87,44.6,,003,0,,2021103073,(14.0),,,1.6,後方,後方,35.20,438,+4,14.0,富田牧場,浦河町,マジェスティックウォリアー,ファインチョイス,アドマイヤムーン,12,5,5,,(栗),加用正
2勝,202310070802010903,"2023.10. 7",京都,ドットクルー,牡,3,藤岡康太, 56 ,11,８,芝,1600,A,良,1347,0.7,,,7,8,33.5,4,59.6,*,59.97,58.4,,A03,0,    0.0,2020101486,(15.8),,,0.7,中団,中団,36.72,468,+12,15.8,佐々木牧場,日高町,ディーマジェスティ,スターオブロゼッタ,ロードカナロア,11,3,3,*,(栗),笹田和秀
1勝,202310070504010810,"2023.10. 7",東京,セイウンパシュート,牡,3,田辺裕信, 56 ,14,５,芝,2000,A,良,1585,1.3,,12,12,13,34.6,3,53.9,*,53.43,51.1,,A03,80,,2020100233,(21.7),,,1.6,後方,後方,35.96,452,+4,21.7,田上徹,新ひだか町,ハーツクライ,シーソルティキッス,キングカメハメハ,14,6,10,,(美),上原博之
3勝,202310010904091001,"2023.10. 1",阪神,キュールエフウジン,牡,4,藤岡佑介, 58 ,12,２,ダ,1800,,重,1514,0.1,10,10,10,9,36.3,2,53.4,*,53.30,49.2,,A04,740,    7.2,2019102983,(22.2),500,7000,1.1,後方,追込,37.55,494,-6,22.2,木下牧場,新ひだか町,ホッコータルマエ,キュールエアリス,ウォーエンブレム,12,1,1,,(栗),中尾秀正
新馬,202310010904090502,"2023.10. 1",阪神,ノーブルスカイ,牡,2,鮫島克駿, 55 ,9,３,芝,2000,B,稍,2025,0.4,8,8,8,6,34.4,1,59.8,*,57.70,55.8,,003,180,,2021102256,(11.3),230,,1.2,中団,差し,37.76,462,,11.3,エトルタファーム,日高町,ネオユニヴァース,ホウショウワールド,"Sky Classic",9,2,2,,(栗),高柳大輔
未勝利,202310010904090111,"2023.10. 1",阪神,クリノオリーブ,牝,2,森裕太朗, 55 ,15,２,ダ,1400,,不,1257,0.3,,,1,1,38.8,9,40.7,*,42.07,41.4,牝,023,220,,2021102259,(26.4),580,3160,0.0,逃げ,逃げ,35.18,460,0,26.4,横井哲,日高町,ニューイヤーズデイ,クリノラホール,ダイワメジャー,15,6,11,,(栗),谷潔
1勝,202310010604090614,"2023.10. 1",中山,ゲキザル,牡,4,菊沢一樹, 58 ,16,５,ダ,1200,,良,1116,0.5,,,10,11,36.8,5,44.6,*,42.10,39.1,,003,80,,2019102102,(7.4),,,1.3,後方,後方,34.80,474,+4,7.4,広富牧場,日高町,ザファクター,トゥモローズライト,アフリート,16,7,14,,(美),青木孝文
新馬,202310010604090504,"2023.10. 1",中山,ライトニングゼウス,牡,2,横山和生, 55 ,14,２,芝,1800,C,良,1541,0.1,1,1,1,2,36.2,7,57.6,*,58.27,57.9,,A03,290,,2021104058,(26.7),380,3860,0.0,逃げ,逃げ,38.95,500,,26.7,谷岡スタット,新ひだか町,ダンカーク,サクラナスカ,サクラバクシンオー,14,3,4,,(美),勢司和浩
未勝利,202309300904080303,"2023. 9.30",阪神,テイクザクラウン,牡,2,今村聖奈,52▲,6,４,芝,1800,B,良,1489,1.0,,,5,6,34.4,2,58.3,*,57.97,59.1,,A03,83,,2021102379,(44.6),,,0.5,後方,追込,37.25,442,-4,44.6,二風谷ファーム,平取町,サトノクラウン,アムールレジェンド,ディープインパクト,6,3,3,,(栗),吉村圭司
2勝,202309300604081010,"2023. 9.30",中山,スムースベルベット,牝,3,内田博幸, 54 ,16,14,芝,1200,C,良,1104,1.2,,,7,10,35.2,16,50.0,,50.70,50.6,,A03,0,    0.0,2020106987,(27.0),,,0.5,中団,中団,35.20,496,+6,27.0,ミルファーム,浦河町,ディスクリートキャット,ローブドヴルール,サウスヴィグラス,16,5,10,*,(美),手塚貴久
新馬,202309300604080516,"2023. 9.30",中山,イノセントキャット,牝,2,田辺裕信, 55 ,16,11,芝,1600,C,良,1396,1.5,,14,13,13,35.3,8,59.3,,57.67,56.3,牝,023,0,,2021104745,(7.6),,,1.6,後方,後方,38.58,458,,7.6,追分ファーム,安平町,シュヴァルグラン,イルーシヴキャット,キングカメハメハ,16,8,16,,(美),久保田貴
未勝利,202309300604080304,"2023. 9.30",中山,ロードブレイズ,牡,2,永野猛蔵,54☆,16,１,ダ,1800,,良,1557,-0.2,10,9,7,5,37.6,1,53.9,*,51.07,50.7,,A03,550,,2021100162,2610,780,9510,0.8,中団,差し,39.05,482,+6,26.1,ケイアイファーム,新ひだか町,ロードカナロア,ブリュネット,ダイワメジャー,16,2,4,,(美),稲垣幸雄
未勝利,202309240904070103,"2023. 9.24",阪神,ピーターサイト,牡,3,上野翔, 58 ,10,止,ダ,2970,,良,----,----,,,,,,,,,,,,A00,0,,2020105611,(38.0),,,,,,,464,-4,38.0,ノースヒルズ,新冠町,ワンアンドオンリー,ヴィクトリアアイ,ブライアンズタイム,10,3,3,,(美),村田一誠
未勝利,202309230904060308,"2023. 9.23",阪神,ブルボンクイーン,牝,2,坂井瑠星, 55 ,10,10,芝,2000,B,良,2031,1.8,1,1,1,1,37.9,10,46.3,,53.10,51.1,,003,0,,2021100297,(23.1),,,0.0,逃げ,逃げ,36.51,458,+2,23.1,土居牧場,新ひだか町,キズナ,セレブラール,ボストンハーバー,10,7,8,,(栗),角田晃一
1勝,202309170904040810,"2023. 9.17",阪神,アメリカンピース,セ,5,松若風馬, 58 ,12,11,ダ,1800,,良,2020,7.6,4,3,5,11,46.5,11,31.2,,43.67,41.2,,A03,0,,2018110131,(22.5),,,1.6,後方,後方,37.75,448,-17,22.5,"Don Alberto Corporation",米,Tapit,"La Cloche",Ghostzapper,12,7,10,,(栗),音無秀孝
未勝利,202309170904040104,"2023. 9.17",阪神,プラチナドリーム,牡,4,黒岩悠, 60 ,8,１,ダ,2970,,良,3228,-0.7,3,3,2,1,13.7,,,,,,,A00,790,,2019106330,290,150,400,,先行,先行,,470,+4,2.9,千代田牧場,新ひだか町,ホッコータルマエ,サティーヌアロム,シンボリクリスエス,8,4,4,,(栗),平田修
新馬,202309100904020408,"2023. 9.10",阪神,ラガークイン,牝,2,大久保友,52▲,11,３,芝,1600,A,良,1355,0.7,,,6,7,33.5,1,61.0,*,60.10,59.3,牝,023,180,,2021105416,(6.3),180,,0.8,中団,差し,37.20,396,,6.3,ノーザンファーム,安平町,リアルインパクト,ウォークロニクル,ウォーエンブレム,11,7,8,,(栗),大久保龍
新馬,202309100904020411,"2023. 9.10",阪神,クリノオリーブ,牝,2,森裕太朗, 55 ,11,10,芝,1600,A,良,1373,2.5,,,5,5,35.5,11,54.5,,60.10,59.3,牝,023,0,,2021102259,(24.0),,,0.6,中団,中団,37.08,460,,24.0,横井哲,日高町,ニューイヤーズデイ,クリノラホール,ダイワメジャー,11,8,11,,(栗),谷潔
未勝利,202309100604020209,"2023. 9.10",中山,ロードブレイズ,牡,2,木幡巧也, 55 ,10,６,芝,2000,B,良,2019,1.3,9,9,7,7,35.6,4,53.9,,56.43,54.4,,003,0,,2021100162,(19.0),,,0.8,後方,後方,36.99,476,+4,19.0,ケイアイファーム,新ひだか町,ロードカナロア,ブリュネット,ダイワメジャー,10,8,9,,(美),稲垣幸雄
未勝利,202309100604020207,"2023. 9.10",中山,ピースヒロフェイス,牝,2,松山弘平, 55 ,10,８,芝,2000,B,良,2027,2.1,3,3,3,5,36.8,9,50.0,,56.43,54.4,,003,0,,2021105769,(3.2),,,0.4,中団,中団,36.81,454,+6,3.2,ノーザンファーム,安平町,サトノダイヤモンド,ペルヴィアンリリー,フレンチデピュティ,10,7,7,,(美),牧光二
1勝,202309090604011204,"2023. 9. 9",中山,ゲキザル,牡,4,菊沢一樹, 58 ,16,２,ダ,1200,,重,1113,0.1,,,10,9,35.9,1,48.6,*,44.97,43.0,,A03,320,,2019102102,(18.3),320,8490,1.1,中団,差し,35.40,470,+4,18.3,広富牧場,日高町,ザファクター,トゥモローズライト,アフリート,16,2,4,,(美),青木孝文
未勝利,202309031003080601,"2023. 9. 3",小倉,シャンデルナゴル,牡,3,幸英明, 56 ,16,９,ダ,1700,,良,1469,0.9,1,1,1,1,39.1,11,44.6,*,47.83,46.8,,003,0,,2020103193,(8.7),,,0.0,逃げ,逃げ,36.98,488,+2,8.7,ノーザンファーム,安平町,サトノダイヤモンド,アガルタ,キングカメハメハ,16,1,1,,(栗),石坂公一
未勝利,202309030403080417,"2023. 9. 3",新潟,ローディアマント,セ,3,武藤雅, 56 ,18,５,芝,2200,A,良,2149,1.0,5,6,6,6,37.7,9,46.7,*,47.93,46.8,,003,55,,2020101429,(22.7),,,0.7,中団,中団,36.45,472,+2,22.7,クラウン日高牧場,日高町,サトノダイヤモンド,ブロッサムレーン,"New Approach",18,8,17,,(美),尾関知人
未勝利,202309030403080201,"2023. 9. 3",新潟,ローンウルフ,牡,2,木幡巧也, 55 ,13,２,芝,2000,A,良,2015,0.1,1,1,1,1,36.5,5,49.8,*,51.13,50.1,,A03,220,,2021104112,(9.2),190,990,0.0,逃げ,逃げ,36.43,460,+4,9.2,千代田牧場,新ひだか町,リアルインパクト,シェリレーヌ,Mineshaft,13,1,1,,(美),武市康男
未勝利,202309021003070103,"2023. 9. 2",小倉,ブルボンクイーン,牝,2,酒井学, 55 ,9,７,芝,2000,A,稍,2063,1.1,3,3,4,4,36.8,6,54.2,,55.97,56.2,,003,0,,2021100297,(11.5),,,0.3,先行,先行,38.36,456,+12,11.5,土居牧場,新ひだか町,キズナ,セレブラール,ボストンハーバー,9,3,3,,(栗),角田晃一
1勝,202309020403070905,"2023. 9. 2",新潟,セイウンパシュート,牡,3,永野猛蔵, 55 ,10,５,芝,2200,A,良,2146,0.3,6,6,8,6,35.8,3,53.5,*,54.00,52.0,,004,111,    0.0,2020100233,(4.6),,,0.6,中団,中団,37.05,448,-4,4.6,田上徹,新ひだか町,ハーツクライ,シーソルティキッス,キングカメハメハ,10,5,5,,(美),上原博之
未勝利,202309020403070607,"2023. 9. 2",新潟,ハルオーブ,牡,3,三浦皇成, 56 ,18,５,芝,1600,A,良,1342,0.3,,,11,10,35.0,4,51.5,*,51.43,47.4,,A03,55,,2020104732,(4.3),,,1.1,中団,中団,35.52,456,+4,4.3,藤沢牧場,新ひだか町,ディーマジェスティ,ハルダヨリ,ファルブラヴ,17,4,7,,(美),武井亮
未勝利,202309020403070103,"2023. 9. 2",新潟,プラチナドリーム,牡,4,黒岩悠, 60 ,14,５,芝,2850,A,良,3101,1.2,5,3,2,4,13.3,,,,,,,A00,79,,2019106330,(38.9),,,,先行,先行,,466,+6,38.9,千代田牧場,新ひだか町,ホッコータルマエ,サティーヌアロム,シンボリクリスエス,14,3,3,,(栗),平田修
1勝,202309020102070808,"2023. 9. 2",札幌,エイトスターズ,牝,3,吉田隼人, 53 ,14,10,ダ,1700,,稍,1484,1.7,6,6,6,6,39.6,9,44.8,,47.30,45.5,牝,023,0,,2020103772,(25.1),,,0.9,中団,中団,37.53,470,0,25.1,レイクヴィラファーム,洞爺湖町,ジャスタウェイ,インザスポットライト,"Exceed And Excel",14,5,8,,(栗),坂口智康
未勝利,202308271003060603,"2023. 8.27",小倉,シャンデルナゴル,牡,3,藤岡康太, 56 ,18,５,芝,2000,A,良,2016,0.5,7,5,5,3,36.3,5,50.7,*,52.07,50.1,,003,55,,2020103193,(3.0),,,0.5,先行,先行,36.56,486,0,3.0,ノーザンファーム,安平町,サトノダイヤモンド,アガルタ,キングカメハメハ,18,2,3,,(栗),石坂公一
新馬,202308271003060508,"2023. 8.27",小倉,モズトキキ,牝,2,泉谷楓真,54☆,9,２,芝,1200,A,良,1100,0.2,,,2,2,36.0,3,44.4,*,46.80,44.4,,003,290,,2021102914,(24.3),500,11950,0.1,先行,先行,34.00,538,,24.3,谷川牧場,浦河町,グランプリボス,モズジャカランダ,Congrats,9,8,8,,(栗),村山明
Ｇ３,202308270403061103,"2023. 8.27",新潟,エンヤラヴフェイス,牡,2,菱田裕二, 55 ,12,７,芝,1600,A,良,1347,0.9,,,8,11,33.7,5,58.6,*,57.30,55.5,,N04,0,    0.0,2021101737,(4.8),,,1.2,後方,後方,36.60,480,+8,4.8,チャンピオンズファーム,新ひだか町,エイシンヒカリ,タイキアプローズ,"Devil's Bag",12,3,3,,(栗),森田直行
1勝,202308270102060806,"2023. 8.27",札幌,ガットネロ,牝,3,横山武史, 53 ,14,７,芝,1500,C,重,1318,0.8,,12,14,13,36.6,1,50.5,*,48.50,46.0,,A03,0,,2020105073,(4.2),,,1.5,後方,後方,36.80,490,+6,4.2,大狩部牧場,新冠町,アメリカンペイトリオット,ブラックシュガー,ブラックタイド,14,4,6,,(栗),上村洋行
新馬,202308201003040502,"2023. 8.20",小倉,テイクザクラウン,牡,2,今村聖奈,52▲,16,５,芝,1800,A,良,1510,1.1,11,11,12,10,36.1,2,53.7,*,52.43,52.6,,A03,72,,2021102379,(32.4),,,1.0,中団,中団,37.45,446,,32.4,二風谷ファーム,平取町,サトノクラウン,アムールレジェンド,ディープインパクト,15,1,2,,(栗),吉村圭司
未勝利,202308200403040612,"2023. 8.20",新潟,ハルオーブ,牡,3,三浦皇成, 56 ,18,２,芝,1400,A,良,1215,0.1,,,5,5,35.4,4,47.7,*,49.20,45.5,,A03,220,,2020104732,(2.9),140,1120,0.5,中団,差し,34.58,452,-2,2.9,藤沢牧場,新ひだか町,ディーマジェスティ,ハルダヨリ,ファルブラヴ,18,6,12,,(美),武井亮
未勝利,202308200403040304,"2023. 8.20",新潟,ローディアマント,セ,3,武藤雅, 56 ,13,３,芝,2400,A,良,2273,0.5,1,1,1,1,36.2,8,52.3,*,54.47,53.7,,A03,140,,2020101429,(20.7),390,,0.0,逃げ,逃げ,37.03,470,-6,20.7,クラウン日高牧場,日高町,サトノダイヤモンド,ブロッサムレーン,"New Approach",13,4,4,,(美),尾関知人
未勝利,202308200102040406,"2023. 8.20",札幌,パープルアドミラル,牡,3,松本大輝,55☆,14,９,芝,2600,C,稍,2480,2.4,12,13,11,9,39.0,6,49.2,,52.33,52.5,,A03,0,,2020104328,(104.1),,,0.9,中団,中団,38.70,438,-4,104.1,聖心台牧場,新ひだか町,シビルウォー,ママノヨリミチ,マンハッタンカフェ,14,4,6,,(美),堀内岳志
1勝,202308130403020809,"2023. 8.13",新潟,オールマイデイズ,牡,3,ルメール, 55 ,15,１,ダ,1800,,良,1523,-0.5,10,10,6,5,37.8,2,48.5,*,47.60,44.7,,003,800,,2020103718,380,200,2040,1.0,中団,差し,37.25,500,+4,3.8,ノーザンファーム,安平町,リアルスティール,ロザリンド,シンボリクリスエス,15,5,9,,(美),木村哲也
未勝利,202308130102020207,"2023. 8.13",札幌,パープルアドミラル,牡,3,松本大輝,55☆,12,３,ダ,2400,,良,2389,0.6,3,3,2,2,39.1,4,52.1,*,53.10,53.4,,003,140,,2020104328,(23.4),420,,0.1,先行,先行,39.93,442,-4,23.4,聖心台牧場,新ひだか町,シビルウォー,ママノヨリミチ,マンハッタンカフェ,11,6,7,,(美),堀内岳志
未勝利,202308120403010201,"2023. 8.12",新潟,ローンウルフ,牡,2,木幡巧也, 55 ,10,２,芝,1800,A,良,1479,1.0,,,1,1,34.2,4,57.7,*,60.73,61.0,,000,220,,2021104112,(24.8),130,380,0.0,逃げ,逃げ,36.85,456,+2,24.8,千代田牧場,新ひだか町,リアルインパクト,シェリレーヌ,Mineshaft,10,1,1,,(美),武市康男
1勝,202308120102010908,"2023. 8.12",札幌,ガットネロ,牝,3,横山武史, 53 ,9,３,芝,1800,A,良,1499,0.1,2,2,2,2,35.6,5,54.4,*,55.47,54.6,,A03,280,    3.5,2020105073,(2.3),120,,0.0,先行,先行,37.15,484,+6,2.3,大狩部牧場,新冠町,アメリカンペイトリオット,ブラックシュガー,ブラックタイド,9,8,8,,(栗),上村洋行
1勝,202308060402040714,"2023. 8. 6",新潟,ペリプルス,牡,3,柴田大知, 55 ,16,10,芝,2200,A,良,2127,1.0,16,16,13,13,35.5,5,52.7,*,52.00,51.6,,A04,0,,2020105796,(110.8),,,1.0,後方,後方,36.45,424,-2,110.8,ビッグレッドファーム,新冠町,ゴールドシップ,マイネリベルタス,コンデュイット,16,7,14,,(美),佐藤吉勝
未勝利,202308050402030111,"2023. 8. 5",新潟,ピースヒロフェイス,牝,2,松山弘平, 55 ,12,２,芝,2000,A,良,2035,0.2,6,6,5,6,34.8,4,59.2,*,59.57,57.3,,A03,220,,2021105769,(5.9),150,390,0.6,中団,差し,38.01,448,0,5.9,ノーザンファーム,安平町,サトノダイヤモンド,ペルヴィアンリリー,フレンチデピュティ,12,8,11,,(美),牧光二
3勝,202307300101041011,"2023. 7.30",札幌,キュールエフウジン,牡,4,吉田隼人, 58 ,14,５,ダ,1700,,良,1459,0.5,13,13,13,9,36.4,2,54.1,*,53.40,51.7,,A04,184,    0.0,2019102983,(5.3),,,0.9,中団,中団,37.91,500,+6,5.3,木下牧場,新ひだか町,ホッコータルマエ,キュールエアリス,ウォーエンブレム,14,7,11,,(栗),中尾秀正
1勝,202307300101040612,"2023. 7.30",札幌,エイトスターズ,牝,3,吉田隼人, 53 ,13,11,ダ,1700,,良,1474,2.1,6,6,6,5,39.4,11,44.1,,47.93,47.0,,A04,0,,2020103772,(9.1),,,0.6,中団,中団,37.09,470,+2,9.1,レイクヴィラファーム,洞爺湖町,ジャスタウェイ,インザスポットライト,"Exceed And Excel",13,8,12,,(栗),坂口智康
1勝,202307290402010801,"2023. 7.29",新潟,ゲキザル,牡,4,菊沢一樹, 58 ,15,７,ダ,1200,,良,1133,1.5,,,11,10,37.3,6,46.5,,44.07,42.0,,A03,0,,2019102102,(34.9),,,1.6,中団,中団,36.00,466,+2,34.9,広富牧場,日高町,ザファクター,トゥモローズライト,アフリート,13,1,1,,(美),青木孝文
未勝利,202307230703080315,"2023. 7.23",中京,シャンデルナゴル,牡,3,藤岡康太, 56 ,17,７,芝,2200,B,良,2158,0.7,6,6,6,6,36.8,9,50.9,*,52.33,50.9,,003,0,,2020103193,(2.6),,,0.5,中団,中団,37.13,486,-2,2.6,ノーザンファーム,安平町,サトノダイヤモンド,アガルタ,キングカメハメハ,17,8,15,,(栗),石坂公一
1勝,202307230302081204,"2023. 7.23",福島,スムースベルベット,牝,3,内田博幸, 53 ,14,１,芝,1200,B,良,1092,-0.1,,,4,3,35.1,5,47.2,*,49.47,45.5,,A03,800,,2020106987,1090,310,2010,0.3,先行,先行,34.10,490,-4,10.9,ミルファーム,浦河町,ディスクリートキャット,ローブドヴルール,サウスヴィグラス,13,3,4,,(美),手塚貴久
1勝,202307230302080803,"2023. 7.23",福島,ペリプルス,牡,3,柴田大知, 55 ,14,３,芝,2600,B,良,2435,0.4,5,7,5,4,37.2,4,51.9,*,53.63,50.8,,004,200,,2020105796,(17.3),350,,0.6,先行,先行,37.89,426,-6,17.3,ビッグレッドファーム,新冠町,ゴールドシップ,マイネリベルタス,コンデュイット,14,3,3,,(美),佐藤吉勝
未勝利,202307220302070714,"2023. 7.22",福島,ピーターサイト,牡,3,江田照男, 56 ,16,８,芝,2000,B,良,2032,0.7,10,9,8,7,37.1,6,49.5,*,50.27,49.0,,A03,0,,2020105611,(64.8),,,0.6,中団,中団,36.90,468,-4,64.8,ノースヒルズ,新冠町,ワンアンドオンリー,ヴィクトリアアイ,ブライアンズタイム,16,7,14,,(美),村田一誠
未勝利,202307220302070202,"2023. 7.22",福島,ローンウルフ,牡,2,木幡巧也, 55 ,7,３,芝,1800,B,良,1517,0.2,2,2,2,2,35.5,3,57.3,*,57.50,57.0,,003,140,,2021104112,(9.0),,,0.2,先行,先行,38.10,454,0,9.0,千代田牧場,新ひだか町,リアルインパクト,シェリレーヌ,Mineshaft,7,2,2,,(美),武市康男
未勝利,202307220302070114,"2023. 7.22",福島,タリスマン,牡,2,伊藤工真, 55 ,15,６,芝,1200,B,良,1113,1.1,,,9,7,35.7,5,49.7,*,48.70,47.2,,A03,0,,2021104618,(81.6),,,1.0,中団,中団,35.60,452,0,81.6,リトルブルーファーム,清水町,タリスマニック,クロエチャン,スパイキュール,15,8,14,,(美),金成貴史
未勝利,202307220101010603,"2023. 7.22",札幌,ガットネロ,牝,3,横山武史, 54 ,14,１,芝,1800,A,良,1477,-0.0,2,2,2,1,36.2,8,48.8,*,49.73,48.3,,A03,550,,2020105073,220,130,2900,0.1,先行,先行,35.75,478,+4,2.2,大狩部牧場,新冠町,アメリカンペイトリオット,ブラックシュガー,ブラックタイド,14,3,3,,(栗),上村洋行
新馬,202307160703060506,"2023. 7.16",中京,エンヤラヴフェイス,牡,2,菱田裕二, 55 ,12,１,芝,1600,B,良,1353,-0.8,,2,2,2,34.3,1,56.7,*,55.47,55.7,,A03,720,,2021101737,300,160,1180,0.2,先行,先行,36.60,472,,3.0,チャンピオンズファーム,新ひだか町,エイシンヒカリ,タイキアプローズ,"Devil's Bag",12,5,6,,(栗),森田直行
1勝,202307160202060702,"2023. 7.16",函館,エイトスターズ,牝,3,吉田隼人, 53 ,14,５,ダ,1700,,重,1454,0.4,5,5,7,8,37.0,2,50.8,*,49.90,49.8,牝,023,80,,2020103772,(12.0),,,0.5,中団,中団,37.31,468,+8,12.0,レイクヴィラファーム,洞爺湖町,ジャスタウェイ,インザスポットライト,"Exceed And Excel",14,2,2,,(栗),坂口智康
1勝,202307160202060710,"2023. 7.16",函館,ノーブルアクト,牝,3,横山琉人,52☆,14,12,ダ,1700,,重,1472,2.2,10,10,11,10,38.7,13,46.5,,49.90,49.8,牝,023,0,,2020104744,(62.6),,,0.6,中団,中団,37.36,492,-2,62.6,フジワラフアーム,新ひだか町,マクフィ,クイーンロイド,ゼンノロブロイ,14,6,10,,(美),上原博之
2勝,202307150703051013,"2023. 7.15",中京,プラチナドリーム,牡,4,国分優作, 58 ,16,10,ダ,1800,,良,1552,2.3,6,6,6,8,39.2,11,46.9,,51.37,50.9,,A04,0,    0.0,2019106330,(103.4),,,0.5,中団,中団,38.00,460,-4,103.4,千代田牧場,新ひだか町,ホッコータルマエ,サティーヌアロム,シンボリクリスエス,16,7,13,,(栗),平田修
1勝,202307150302051205,"2023. 7.15",福島,ゲキザル,牡,4,菊沢一樹, 58 ,16,４,ダ,1150,,稍,1096,0.2,,,11,10,36.3,1,50.1,*,46.87,45.0,,003,120,,2019102102,(21.3),,,1.0,中団,差し,36.33,464,+2,21.3,広富牧場,日高町,ザファクター,トゥモローズライト,アフリート,16,3,5,,(美),青木孝文
1勝,202307150302050801,"2023. 7.15",福島,スムースベルベット,牝,3,嶋田純次, 53 ,15,７,芝,1200,B,稍,1114,0.4,,,6,6,35.5,5,51.1,*,50.00,49.4,牝,023,0,,2020106987,(4.5),,,0.5,中団,中団,35.90,494,0,4.5,ミルファーム,浦河町,ディスクリートキャット,ローブドヴルール,サウスヴィグラス,14,1,1,,(美),手塚貴久
未勝利,202307150302050707,"2023. 7.15",福島,ピーターサイト,牡,3,江田照男, 56 ,16,２,芝,2600,B,稍,2466,1.2,4,3,2,3,38.4,4,50.2,*,51.87,53.0,,A03,220,,2020105611,(60.4),820,5130,0.1,先行,先行,38.46,472,+4,60.4,ノースヒルズ,新冠町,ワンアンドオンリー,ヴィクトリアアイ,ブライアンズタイム,16,4,7,,(美),村田一誠
新馬,202307150302050505,"2023. 7.15",福島,ロードブレイズ,牡,2,木幡巧也, 55 ,14,７,芝,1800,B,稍,1537,1.7,13,13,13,14,36.2,2,57.0,*,54.40,54.7,,003,0,,2021100162,(31.2),,,1.7,後方,後方,38.75,472,,31.2,ケイアイファーム,新ひだか町,ロードカナロア,ブリュネット,ダイワメジャー,14,4,5,,(美),稲垣幸雄
未勝利,202307090703040210,"2023. 7. 9",中京,シャンデルナゴル,牡,3,藤岡康太, 56 ,16,２,芝,2200,A,稍,2150,0.8,2,3,5,5,36.2,4,52.3,*,52.40,53.5,,A03,220,,2020103193,(3.0),140,2120,0.3,中団,差し,37.05,488,-2,3.0,ノーザンファーム,安平町,サトノダイヤモンド,アガルタ,キングカメハメハ,16,5,10,,(栗),石坂公一
1勝,202307080703031204,"2023. 7. 8",中京,ハレアカラフラ,牝,3,松若風馬, 53 ,16,12,芝,1600,A,良,1347,1.5,,2,2,2,37.3,13,42.3,,48.10,45.8,牝,023,0,,2020103292,(8.8),,,0.1,先行,先行,34.44,452,-16,8.8,ノーザンファーム,安平町,ラブリーデイ,オーキッドレイ,ディープインパクト,16,2,4,,(栗),音無秀孝
3勝,202307080302031111,"2023. 7. 8",福島,ヴェールランス,牡,4,津村明秀, 55 ,11,10,芝,1800,A,良,1494,1.4,8,9,8,8,36.4,7,50.3,,52.10,47.5,,A03,0,    0.0,2019104767,(4.8),,,1.6,中団,中団,36.50,434,-10,4.8,社台ファーム,千歳市,キタサンブラック,ジュエラー,ヴィクトワールピサ,11,8,11,,(栗),藤岡健一
2勝,202307080302031008,"2023. 7. 8",福島,ブラックボイス,牡,4,戸崎圭太, 58 ,13,６,芝,2000,A,良,2017,0.6,2,2,2,2,36.4,8,50.4,*,52.47,51.7,,A04,0,    0.0,2019105276,(4.8),,,0.1,先行,先行,36.56,510,0,4.8,ノーザンファーム,安平町,ブラックタイド,ソングライティング,"Giant's Causeway",13,6,8,,(美),宮田敬介
新馬,202307080302030506,"2023. 7. 8",福島,ローンウルフ,牡,2,木幡巧也, 55 ,12,３,芝,1800,A,良,1522,0.9,5,5,5,4,35.9,4,56.3,*,57.77,56.3,,003,180,,2021104112,(19.9),220,,0.6,先行,先行,38.15,454,,19.9,千代田牧場,新ひだか町,リアルインパクト,シェリレーヌ,Mineshaft,12,5,6,,(美),武市康男
未勝利,202307020302020101,"2023. 7. 2",福島,ピースヒロフェイス,牝,2,石橋脩, 55 ,7,４,芝,1800,A,良,1516,1.6,6,6,6,5,36.1,4,54.6,,55.57,56.2,,A03,83,,2021105769,(1.7),,,0.7,後方,追込,37.75,448,-2,1.7,ノーザンファーム,安平町,サトノダイヤモンド,ペルヴィアンリリー,フレンチデピュティ,7,1,1,,(美),牧光二
未勝利,202307020202020405,"2023. 7. 2",函館,パープルアドミラル,牡,3,横山琉人,55☆,11,６,ダ,1700,,稍,1480,1.7,9,9,7,8,38.7,6,47.7,,47.20,48.0,,003,0,,2020104328,(83.3),,,1.0,中団,中団,37.80,446,+4,83.3,聖心台牧場,新ひだか町,シビルウォー,ママノヨリミチ,マンハッタンカフェ,11,5,5,,(美),堀内岳志
新馬,202307010703010503,"2023. 7. 1",中京,プロミシングスター,牡,2,国分恭介, 55 ,7,３,芝,1200,A,重,1113,0.8,,,3,3,34.8,3,54.9,*,55.10,54.3,,A00,180,,2021103073,(36.9),,,0.5,先行,先行,36.50,434,,36.9,富田牧場,浦河町,マジェスティックウォリアー,ファインチョイス,アドマイヤムーン,7,3,3,,(栗),加用正
1勝,202307010302011207,"2023. 7. 1",福島,ゲキザル,牡,4,菊沢一樹, 58 ,16,６,ダ,1150,,重,1085,0.5,,,6,8,36.7,7,44.5,*,44.00,42.5,,003,0,,2019102102,(85.9),,,0.6,中団,中団,34.69,462,-12,85.9,広富牧場,日高町,ザファクター,トゥモローズライト,アフリート,16,4,7,,(美),青木孝文
1勝,202307010302010904,"2023. 7. 1",福島,ペリプルス,牡,3,柴田大知, 55 ,10,４,芝,2600,A,稍,2427,0.9,10,10,9,8,36.1,3,55.2,*,54.53,54.1,,A03,170,    0.0,2020105796,(16.3),,,1.0,後方,追込,37.98,432,+2,16.3,ビッグレッドファーム,新冠町,ゴールドシップ,マイネリベルタス,コンデュイット,10,4,4,,(美),佐藤吉勝
新馬,202307010302010502,"2023. 7. 1",福島,タリスマン,牡,2,伊藤工真, 55 ,13,９,芝,1200,A,稍,1120,0.7,,,13,13,35.2,2,54.5,*,51.90,49.7,,A03,0,,2021104618,(158.9),,,1.2,後方,後方,36.80,452,,158.9,リトルブルーファーム,清水町,タリスマニック,クロエチャン,スパイキュール,13,2,2,,(美),金成貴史
1勝,202307010202011204,"2023. 7. 1",函館,ノーブルアクト,牝,3,横山琉人,52☆,11,５,ダ,1700,,重,1459,1.4,10,10,8,6,38.2,4,46.7,,47.57,47.1,牝,023,80,,2020104744,(44.0),,,0.8,中団,中団,36.93,494,+6,44.0,フジワラフアーム,新ひだか町,マクフィ,クイーンロイド,ゼンノロブロイ,11,4,4,,(美),上原博之
2勝,202306250503080912,"2023. 6.25",東京,ヴェールランス,牡,4,津村明秀, 58 ,12,１,芝,1800,D,良,1462,-0.2,,6,1,1,34.5,5,53.9,*,54.43,53.9,,A04,1550,   27.3,2019104767,750,170,530,0.0,先行,先行,35.85,444,+4,7.5,社台ファーム,千歳市,キタサンブラック,ジュエラー,ヴィクトワールピサ,12,8,12,,(栗),藤岡健一
1勝,202306250503080705,"2023. 6.25",東京,セイウンパシュート,牡,3,永野猛蔵,54☆,11,６,芝,2000,D,良,1594,1.5,,2,2,2,35.5,9,51.3,,57.13,54.9,,004,0,,2020100233,(5.2),,,0.2,先行,先行,35.96,452,0,5.2,田上徹,新ひだか町,ハーツクライ,シーソルティキッス,キングカメハメハ,11,5,5,,(美),上原博之
未勝利,202306250503080409,"2023. 6.25",東京,ローディアマント,セ,3,荻野極, 56 ,11,６,芝,2400,D,良,2293,1.2,2,3,3,3,35.1,8,58.5,,61.60,61.0,,003,0,,2020101429,(27.1),,,0.3,先行,先行,38.07,476,-10,27.1,クラウン日高牧場,日高町,サトノダイヤモンド,ブロッサムレーン,"New Approach",11,7,9,,(美),尾関知人
未勝利,202306240201050405,"2023. 6.24",函館,パープルアドミラル,牡,3,横山琉人,55☆,11,６,ダ,2400,,不,2355,1.8,7,7,5,5,37.8,6,53.8,,55.03,55.5,,A03,0,,2020104328,(23.9),,,0.9,中団,中団,39.23,442,0,23.9,聖心台牧場,新ひだか町,シビルウォー,ママノヨリミチ,マンハッタンカフェ,11,5,5,,(美),堀内岳志
新馬,202306180903060506,"2023. 6.18",阪神,ブルボンクイーン,牝,2,酒井学, 55 ,11,５,芝,1600,B,良,1359,0.8,,,6,5,35.6,5,51.6,*,52.43,51.6,,A03,72,,2021100297,(26.8),,,0.5,中団,中団,36.18,444,,26.8,土居牧場,新ひだか町,キズナ,セレブラール,ボストンハーバー,11,6,6,,(栗),角田晃一
1勝,202306180503060805,"2023. 6.18",東京,ゲキザル,牡,4,菊沢一樹, 58 ,16,７,ダ,1400,,良,1250,0.7,,,7,7,36.8,6,48.2,*,50.50,47.7,,003,0,,2019102102,(266.3),,,0.5,中団,中団,36.15,474,+16,266.3,広富牧場,日高町,ザファクター,トゥモローズライト,アフリート,16,3,5,,(美),青木孝文
未勝利,202306180503060403,"2023. 6.18",東京,ハルオーブ,牡,3,三浦皇成, 56 ,16,４,芝,1400,D,良,1208,0.5,,,8,8,33.9,4,53.8,*,54.60,52.1,,A03,83,,2020104732,(3.2),,,0.6,中団,差し,35.18,454,0,3.2,藤沢牧場,新ひだか町,ディーマジェスティ,ハルダヨリ,ファルブラヴ,16,2,3,,(美),武井亮
未勝利,202306180201040205,"2023. 6.18",函館,ザングウィル,牡,3,鮫島克駿, 56 ,16,３,芝,1200,A,良,1091,0.2,,,8,8,34.7,4,49.1,*,47.07,45.2,,A03,140,,2020110051,(7.7),260,,0.8,中団,差し,34.40,494,-12,7.7,"J. Lenihan",愛,"Dandy Man",Zaaqya,Nayef,16,3,5,,(美),大竹正博
未勝利,202306110903040603,"2023. 6.11",阪神,ハレアカラフラ,牝,3,松若風馬, 54 ,18,１,芝,1600,B,稍,1349,-0.6,,,1,1,35.7,1,49.5,*,49.30,49.5,牝,023,550,,2020103292,1170,330,29280,0.0,逃げ,逃げ,35.52,468,+6,11.7,ノーザンファーム,安平町,ラブリーデイ,オーキッドレイ,ディープインパクト,18,2,3,,(栗),音無秀孝
未勝利,202306110903040216,"2023. 6.11",阪神,シャンデルナゴル,牡,3,藤岡康太, 56 ,18,３,芝,2200,B,稍,2154,0.4,3,3,3,3,36.5,4,51.6,*,52.30,51.6,,A03,140,,2020103193,(3.4),160,,0.3,先行,先行,37.09,490,+6,3.4,ノーザンファーム,安平町,サトノダイヤモンド,アガルタ,キングカメハメハ,18,8,16,,(栗),石坂公一
2勝,202306110503040904,"2023. 6.11",東京,プラチナドリーム,牡,4,菅原明良, 58 ,16,７,ダ,2100,,重,2089,1.0,8,8,9,7,36.6,8,50.9,*,52.57,50.5,,A04,0,    0.0,2019106330,(32.4),,,0.8,中団,中団,36.92,464,-10,32.4,千代田牧場,新ひだか町,ホッコータルマエ,サティーヌアロム,シンボリクリスエス,16,2,4,,(栗),平田修
1勝,202306110503040805,"2023. 6.11",東京,セイウンパシュート,牡,3,永野猛蔵,54☆,9,２,芝,2000,C,稍,2008,0.2,,1,1,1,35.0,3,55.1,*,56.13,55.7,,A03,320,,2020100233,(5.6),160,4000,0.0,逃げ,逃げ,36.77,452,-6,5.6,田上徹,新ひだか町,ハーツクライ,シーソルティキッス,キングカメハメハ,9,5,5,,(美),上原博之
1勝,202306110503040802,"2023. 6.11",東京,オールマイデイズ,牡,3,ルメール, 55 ,9,３,芝,2000,C,稍,2008,0.2,,8,5,5,34.5,1,57.2,*,56.13,55.7,,A03,200,,2020103718,(1.9),110,,0.5,中団,差し,36.99,496,+6,1.9,ノーザンファーム,安平町,リアルスティール,ロザリンド,シンボリクリスエス,9,2,2,,(美),木村哲也
新馬,202306110503040505,"2023. 6.11",東京,ピースヒロフェイス,牝,2,松山弘平, 55 ,9,２,芝,1800,C,稍,1483,0.2,,5,5,6,34.5,1,57.0,*,55.87,53.6,,A03,290,,2021105769,(52.3),330,2070,0.9,中団,差し,36.90,450,,52.3,ノーザンファーム,安平町,サトノダイヤモンド,ペルヴィアンリリー,フレンチデピュティ,9,5,5,,(美),牧光二
新馬,202306110201020502,"2023. 6.11",函館,ビバップ,牡,2,西村淳也, 55 ,11,７,芝,1200,A,良,1110,0.8,,,6,7,35.8,6,48.3,*,48.33,47.2,,003,0,,2021102700,(15.4),,,0.6,中団,中団,35.20,454,,15.4,杵臼斉藤牧場,浦河町,モーニン,カプリースレディー,ジャングルポケット,11,2,2,,(栗),清水久詞
1勝,202306040503020815,"2023. 6. 4",東京,ノーブルアクト,牝,3,水沼元輝,50▲,16,11,ダ,1600,,稍,1375,2.4,,,12,12,36.8,9,49.0,,48.23,48.1,,003,0,,2020104744,(112.6),,,1.7,後方,後方,36.42,488,-4,112.6,フジワラフアーム,新ひだか町,マクフィ,クイーンロイド,ゼンノロブロイ,16,8,15,,(美),上原博之
未勝利,202306040503020315,"2023. 6. 4",東京,ハルオーブ,牡,3,三浦皇成, 56 ,18,３,芝,1400,C,稍,1214,0.2,,,10,10,33.8,2,55.6,*,54.27,51.5,,003,140,,2020104732,(2.2),120,,0.9,中団,差し,35.70,454,+2,2.2,藤沢牧場,新ひだか町,ディーマジェスティ,ハルダヨリ,ファルブラヴ,18,7,15,,(美),武井亮
未勝利,202305280502120201,"2023. 5.28",東京,ピーターサイト,牡,3,三浦皇成, 56 ,16,10,ダ,1400,,良,1279,2.5,,,14,12,38.7,8,45.3,,45.27,42.2,,003,0,,2020105611,(73.5),,,2.1,後方,後方,36.90,468,+4,73.5,ノースヒルズ,新冠町,ワンアンドオンリー,ヴィクトリアアイ,ブライアンズタイム,16,1,1,,(美),村田一誠
未勝利,202305270801110316,"2023. 5.27",京都,ガットネロ,牝,3,岩田望来, 54 ,18,４,芝,1800,C,良,1471,0.9,,,5,5,34.9,6,53.4,*,54.23,52.6,牝,023,83,,2020105073,(2.4),,,0.8,中団,差し,36.10,474,0,2.4,大狩部牧場,新冠町,アメリカンペイトリオット,ブラックシュガー,ブラックタイド,18,8,16,,(栗),上村洋行
2勝,202305210801100904,"2023. 5.21",京都,ヴェールランス,牡,4,藤岡佑介, 55 ,12,５,芝,1800,B,良,1470,0.6,,,10,11,33.3,3,60.7,*,59.57,58.8,,A03,155,    0.0,2019104767,(11.8),,,0.8,後方,後方,36.85,440,-6,11.8,社台ファーム,千歳市,キタサンブラック,ジュエラー,ヴィクトワールピサ,12,4,4,,(栗),藤岡健一
未勝利,202305140502080415,"2023. 5.14",東京,ハルオーブ,牡,3,三浦皇成, 56 ,18,２,芝,1400,B,良,1212,0.1,,,12,12,33.5,1,56.8,*,55.17,48.8,,003,220,,2020104732,(1.8),120,550,1.6,中団,差し,35.78,452,-2,1.8,藤沢牧場,新ひだか町,ディーマジェスティ,ハルダヨリ,ファルブラヴ,18,7,15,,(美),武井亮
3勝,202305130801071003,"2023. 5.13",京都,キュールエフウジン,牡,4,松若風馬, 58 ,16,５,ダ,1800,,良,1530,0.5,16,16,15,12,37.4,1,51.1,*,46.67,46.1,,A04,184,    0.0,2019102983,(18.2),,,1.6,後方,後方,37.80,494,+2,18.2,木下牧場,新ひだか町,ホッコータルマエ,キュールエアリス,ウォーエンブレム,16,2,3,,(栗),中尾秀正
未勝利,202305130801070408,"2023. 5.13",京都,ガットネロ,牝,3,岩田望来, 54 ,16,２,芝,1600,B,良,1334,0.4,,,6,4,34.0,4,54.8,*,54.77,52.7,,003,220,,2020105073,(1.8),110,770,0.7,先行,先行,35.64,474,+4,1.8,大狩部牧場,新冠町,アメリカンペイトリオット,ブラックシュガー,ブラックタイド,16,4,8,,(栗),上村洋行
Ｇ２,202305060801051103,"2023. 5. 6",京都,ドットクルー,牡,3,岩田望来, 56 ,12,10,芝,2200,A,良,2156,1.5,3,3,6,5,34.8,12,58.6,,62.17,60.8,,N01,0,    0.0,2020101486,(13.6),,,0.6,中団,中団,37.80,456,-4,13.6,佐々木牧場,日高町,ディーマジェスティ,スターオブロゼッタ,ロードカナロア,12,3,3,,(栗),笹田和秀
2勝,202305060801050903,"2023. 5. 6",京都,ブラックボイス,牡,4,松山弘平, 58 ,10,５,芝,2000,A,良,1592,0.4,2,2,2,2,34.5,6,55.2,*,57.80,56.5,,A04,155,    0.0,2019105276,(5.8),,,0.0,先行,先行,36.30,510,-2,5.8,ノーザンファーム,安平町,ブラックタイド,ソングライティング,"Giant's Causeway",10,3,3,,(美),宮田敬介
未勝利,202304300502040407,"2023. 4.30",東京,ハルオーブ,牡,3,三浦皇成, 56 ,18,３,芝,1400,A,良,1211,0.0,,,12,12,33.8,1,55.0,*,53.23,48.8,,003,140,,2020104732,(1.8),110,,1.2,中団,差し,35.48,454,-2,1.8,藤沢牧場,新ひだか町,ディーマジェスティ,ハルダヨリ,ファルブラヴ,18,4,7,,(美),武井亮
未勝利,202304300401020304,"2023. 4.30",新潟,パープルアドミラル,牡,3,横山琉人,55☆,15,８,ダ,1800,,重,1545,2.1,13,13,12,12,39.1,4,46.4,*,45.60,44.8,,003,0,,2020104328,(134.0),,,1.8,後方,後方,37.70,442,+2,134.0,聖心台牧場,新ひだか町,シビルウォー,ママノヨリミチ,マンハッタンカフェ,15,3,4,,(美),堀内岳志
未勝利,202304230801020117,"2023. 4.23",京都,ガットネロ,牝,3,坂井瑠星, 54 ,18,２,芝,1800,A,良,1468,0.0,,,3,2,35.2,6,51.7,*,52.00,50.8,牝,023,220,,2020105073,(4.0),110,480,0.2,先行,先行,35.80,470,-2,4.0,大狩部牧場,新冠町,アメリカンペイトリオット,ブラックシュガー,ブラックタイド,18,8,17,,(栗),上村洋行
1勝,202304220801010701,"2023. 4.22",京都,アメリカンピース,セ,5,松田大作, 58 ,13,11,ダ,1200,,良,1150,2.7,,,13,12,37.3,7,51.1,,48.00,48.6,,A03,0,,2018110131,(13.0),,,1.8,後方,後方,37.70,458,+12,13.0,"Don Alberto Corporation",米,Tapit,"La Cloche",Ghostzapper,13,1,1,,(栗),音無秀孝
1勝,202304220502010907,"2023. 4.22",東京,ペリプルス,牡,3,柴田大知, 56 ,8,６,芝,2300,A,良,2219,1.3,4,3,3,3,35.1,6,57.4,,61.80,59.8,,A04,0,    0.0,2020105796,(58.6),,,0.4,先行,先行,37.69,430,-6,58.6,ビッグレッドファーム,新冠町,ゴールドシップ,マイネリベルタス,コンデュイット,8,7,7,,(美),佐藤吉勝
1勝,202304150603070908,"2023. 4.15",中山,オールマイデイズ,牡,3,レーン, 56 ,12,４,芝,2000,B,重,2045,0.3,9,9,8,5,37.2,4,50.6,*,51.53,47.2,,A00,160,    0.0,2020103718,(3.0),,,1.1,中団,差し,37.41,490,-2,3.0,ノーザンファーム,安平町,リアルスティール,ロザリンド,シンボリクリスエス,12,6,8,,(美),木村哲也
1勝,202304150301030910,"2023. 4.15",福島,スムースベルベット,牝,3,黛弘人, 54 ,16,５,芝,1200,A,稍,1101,0.8,,,5,5,36.3,8,43.1,*,44.83,42.0,,A04,107,    0.0,2020106987,(5.5),,,0.6,中団,中団,33.80,494,-2,5.5,ミルファーム,浦河町,ディスクリートキャット,ローブドヴルール,サウスヴィグラス,16,5,10,,(美),手塚貴久
1勝,202304090902060501,"2023. 4. 9",阪神,エイトスターズ,牝,3,吉田隼人, 54 ,14,10,ダ,1400,,稍,1271,2.4,,,8,10,38.7,9,43.8,,46.50,46.7,,A03,0,,2020103772,(61.4),,,0.7,中団,中団,36.30,460,+4,61.4,レイクヴィラファーム,洞爺湖町,ジャスタウェイ,インザスポットライト,"Exceed And Excel",14,1,1,,(栗),坂口智康
1勝,202304090603060607,"2023. 4. 9",中山,ノーブルアクト,牝,3,水沼元輝,51▲,9,８,ダ,1800,,稍,1564,2.4,4,4,2,2,40.7,8,43.0,,49.57,48.4,,A04,0,,2020104744,(130.5),,,0.1,先行,先行,37.85,492,-2,130.5,フジワラフアーム,新ひだか町,マクフィ,クイーンロイド,ゼンノロブロイ,9,7,7,,(美),上原博之
未勝利,202304080902050415,"2023. 4. 8",阪神,シャンデルナゴル,牡,3,川田将雅, 56 ,16,６,芝,2000,B,重,2024,0.8,7,8,7,7,36.1,7,52.5,*,53.87,52.7,,A03,0,,2020103193,(2.7),,,0.5,中団,中団,36.99,484,+4,2.7,ノーザンファーム,安平町,サトノダイヤモンド,アガルタ,キングカメハメハ,15,8,15,,(栗),石坂公一
1勝,202304080603050803,"2023. 4. 8",中山,ゲキザル,牡,4,野中悠太, 58 ,12,10,ダ,1800,,稍,1567,2.2,2,2,2,5,39.9,10,46.2,,51.17,51.5,,003,0,,2019102102,(196.2),,,0.1,中団,中団,38.40,458,-12,196.2,広富牧場,日高町,ザファクター,トゥモローズライト,アフリート,12,3,3,,(美),青木孝文
未勝利,202304080301010306,"2023. 4. 8",福島,パープルアドミラル,牡,3,横山琉人,55☆,15,６,ダ,1700,,良,1497,2.3,13,12,12,11,39.2,7,48.1,,49.03,48.0,,002,0,,2020104328,(43.9),,,1.5,後方,後方,38.45,440,0,43.9,聖心台牧場,新ひだか町,シビルウォー,ママノヨリミチ,マンハッタンカフェ,15,4,6,,(美),堀内岳志
2勝,202304020902040903,"2023. 4. 2",阪神,ヴェールランス,牡,4,藤岡佑介, 55 ,11,４,芝,2000,A,良,1599,0.8,4,5,7,7,34.2,4,57.4,*,57.53,57.3,,A03,230,    0.0,2019104767,(8.0),,,0.6,中団,差し,36.73,446,-2,8.0,社台ファーム,千歳市,キタサンブラック,ジュエラー,ヴィクトワールピサ,11,3,3,,(栗),藤岡健一
1勝,202304020603040804,"2023. 4. 2",中山,ペリプルス,牡,3,柴田大知, 56 ,6,４,芝,2200,B,良,2171,0.8,3,3,3,2,34.9,3,59.8,*,61.87,59.8,,A04,160,    0.0,2020105796,(18.5),,,0.6,先行,先行,38.33,436,-2,18.5,ビッグレッドファーム,新冠町,ゴールドシップ,マイネリベルタス,コンデュイット,6,4,4,,(美),佐藤吉勝
2勝,202304010603031001,"2023. 4. 1",中山,ブラックボイス,牡,4,戸崎圭太, 58 ,11,４,芝,2500,B,良,2332,0.9,4,4,3,1,36.9,6,49.5,*,52.73,50.9,,A04,230,    0.0,2019105276,(5.2),,,0.3,先行,先行,36.73,512,+2,5.2,ノーザンファーム,安平町,ブラックタイド,ソングライティング,"Giant's Causeway",11,1,1,,(美),宮田敬介
Ｇ３,202303250902011113,"2023. 3.25",阪神,ドットクルー,牡,3,岩田望来, 56 ,13,３,芝,1800,A,良,1468,0.2,,,5,5,35.3,6,51.3,*,51.87,49.7,,N04,1000,    6.7,2020101486,(15.1),410,,0.5,中団,差し,35.75,460,+4,15.1,佐々木牧場,日高町,ディーマジェスティ,スターオブロゼッタ,ロードカナロア,13,8,13,,(栗),笹田和秀
3勝,202303250702051104,"2023. 3.25",中京,キュールエフウジン,牡,4,斎藤新, 56 ,16,13,ダ,1900,,不,1590,1.6,9,11,10,10,36.8,11,53.1,,54.67,54.8,,A03,0,    0.0,2019102983,(15.0),,,0.7,中団,中団,37.94,492,+12,15.0,木下牧場,新ひだか町,ホッコータルマエ,キュールエアリス,ウォーエンブレム,16,2,4,,(栗),中尾秀正
1勝,202303250603010503,"2023. 3.25",中山,スムースベルベット,牝,3,嶋田純次, 54 ,11,２,芝,1200,A,不,1115,0.6,,,3,3,37.0,2,43.2,*,42.90,42.7,,A04,310,,2020106987,(6.3),160,4000,0.4,先行,先行,34.50,496,+8,6.3,ミルファーム,浦河町,ディスクリートキャット,ローブドヴルール,サウスヴィグラス,11,3,3,,(美),手塚貴久
未勝利,202303250603010410,"2023. 3.25",中山,ハルオーブ,牡,3,横山武史, 56 ,16,６,芝,1600,A,不,1402,2.0,,3,2,2,39.3,8,43.0,,46.87,46.7,,003,0,,2020104732,(2.6),,,0.3,先行,先行,36.54,456,+2,2.6,藤沢牧場,新ひだか町,ディーマジェスティ,ハルダヨリ,ファルブラヴ,16,5,10,,(美),武井亮
未勝利,202303190901120306,"2023. 3.19",阪神,パープルアドミラル,牡,3,横山琉人,54△,9,５,ダ,1800,,重,1549,1.9,8,8,8,8,38.5,3,49.2,*,49.90,50.7,,003,55,,2020104328,(87.2),,,0.9,後方,後方,38.20,440,+2,87.2,聖心台牧場,新ひだか町,シビルウォー,ママノヨリミチ,マンハッタンカフェ,9,6,6,,(美),堀内岳志
未勝利,202303190702040301,"2023. 3.19",中京,ザングウィル,牡,3,三浦皇成, 56 ,16,６,ダ,1400,,重,1249,0.3,,,8,6,36.7,3,48.5,*,47.73,46.5,,A03,0,,2020110051,(5.4),,,0.6,中団,中団,36.15,506,-4,5.4,"J. Lenihan",愛,"Dandy Man",Zaaqya,Nayef,16,1,1,,(美),大竹正博
2勝,202303190602081216,"2023. 3.19",中山,プラチナドリーム,牡,4,菅原明良, 57 ,16,14,ダ,2400,,重,2358,2.5,5,6,11,13,39.9,13,46.8,,50.60,49.4,,A03,0,,2019106330,(5.9),,,1.1,後方,後方,38.63,474,+10,5.9,千代田牧場,新ひだか町,ホッコータルマエ,サティーヌアロム,シンボリクリスエス,16,8,16,,(栗),平田修
未勝利,202303190602080301,"2023. 3.19",中山,ローディアマント,牡,3,石川裕紀, 56 ,16,10,ダ,1800,,不,1551,2.3,8,7,7,8,39.6,11,45.3,,47.37,48.0,,003,0,,2020101429,(39.8),,,0.8,中団,中団,37.75,486,-4,39.8,クラウン日高牧場,日高町,サトノダイヤモンド,ブロッサムレーン,"New Approach",16,1,1,,(美),尾関知人
1勝,202303180901110412,"2023. 3.18",阪神,エイトスターズ,牝,3,吉田隼人, 54 ,12,２,ダ,1400,,不,1250,1.1,,,7,6,37.7,3,44.1,*,44.63,43.7,牝,023,310,,2020103772,(78.3),1090,5800,0.7,中団,差し,35.48,456,-2,78.3,レイクヴィラファーム,洞爺湖町,ジャスタウェイ,インザスポットライト,"Exceed And Excel",12,8,12,,(栗),坂口智康
未勝利,202303180602070517,"2023. 3.18",中山,セイウンパシュート,牡,3,永野猛蔵,55☆,18,１,芝,2200,A,重,2186,-0.4,6,5,3,1,38.2,6,48.6,*,50.00,48.2,,003,550,,2020100233,500,170,2080,0.1,先行,先行,37.65,458,-6,5.0,田上徹,新ひだか町,ハーツクライ,シーソルティキッス,キングカメハメハ,18,8,17,,(美),上原博之
OP(L),202303120602061111,"2023. 3.12",中山,スムースベルベット,牝,3,嶋田純次, 54 ,16,12,芝,1600,A,良,1350,1.2,,3,3,3,36.0,13,48.3,,53.50,50.3,牝,N21,0,    0.0,2020106987,(126.8),,,0.3,先行,先行,35.40,488,-2,126.8,ミルファーム,浦河町,ディスクリートキャット,ローブドヴルール,サウスヴィグラス,16,6,11,,(美),手塚貴久
未勝利,202303110901090510,"2023. 3.11",阪神,シャンデルナゴル,牡,3,石橋脩, 56 ,15,３,芝,2000,A,良,2011,0.1,13,13,13,8,35.0,1,55.4,*,53.83,52.8,,A03,140,,2020103193,(9.3),340,,0.7,中団,差し,36.90,480,,9.3,ノーザンファーム,安平町,サトノダイヤモンド,アガルタ,キングカメハメハ,15,6,10,,(栗),石坂公一
2勝,202303110702011005,"2023. 3.11",中京,ヴェールランス,牡,4,斎藤新, 58 ,9,６,芝,2000,A,良,2017,0.7,3,5,5,5,35.1,5,55.7,*,57.03,56.2,,A04,0,    0.0,2019104767,(4.5),,,0.4,中団,中団,37.11,448,+6,4.5,社台ファーム,千歳市,キタサンブラック,ジュエラー,ヴィクトワールピサ,9,5,5,,(栗),藤岡健一
未勝利,202303110702010501,"2023. 3.11",中京,ガットネロ,牝,3,岩田望来, 54 ,18,２,芝,2000,A,良,2020,0.7,4,3,4,3,36.4,4,50.8,*,53.03,51.1,,003,220,,2020105073,(1.7),110,1160,0.4,先行,先行,36.69,472,-4,1.7,大狩部牧場,新冠町,アメリカンペイトリオット,ブラックシュガー,ブラックタイド,18,1,1,,(栗),上村洋行
2勝,202303050901080901,"2023. 3. 5",阪神,ブラックボイス,牡,4,岩田望来, 58 ,12,６,ダ,1800,,良,1549,0.6,3,3,3,2,38.6,9,48.8,*,50.67,49.2,,A03,0,,2019105276,(4.4),,,0.3,先行,先行,38.15,510,0,4.4,ノーザンファーム,安平町,ブラックタイド,ソングライティング,"Giant's Causeway",12,1,1,,(美),宮田敬介
1勝,202303050901080805,"2023. 3. 5",阪神,ドットクルー,牡,3,岩田望来, 56 ,7,１,芝,1800,A,良,1462,-0.1,,,6,6,34.5,1,53.9,*,52.13,51.3,,A04,1070,   15.4,2020101486,450,180,630,0.6,後方,追込,35.85,456,0,4.5,佐々木牧場,日高町,ディーマジェスティ,スターオブロゼッタ,ロードカナロア,7,5,5,,(栗),笹田和秀
未勝利,202303040602030502,"2023. 3. 4",中山,ハルオーブ,牡,3,三浦皇成, 56 ,16,２,芝,1600,A,良,1345,0.1,,2,4,3,35.6,6,49.3,*,51.00,47.3,,A03,220,,2020104732,(2.3),110,430,0.5,先行,先行,35.34,454,0,2.3,藤沢牧場,新ひだか町,ディーマジェスティ,ハルダヨリ,ファルブラヴ,16,1,2,,(美),武井亮
未勝利,202303040602030304,"2023. 3. 4",中山,パープルアドミラル,牡,3,横山和生, 56 ,16,９,ダ,1800,,良,1583,2.9,4,4,7,10,40.1,10,47.5,,51.97,53.5,,003,0,,2020104328,(78.1),,,0.4,中団,中団,39.10,438,-2,78.1,聖心台牧場,新ひだか町,シビルウォー,ママノヨリミチ,マンハッタンカフェ,16,2,4,,(美),堀内岳志
1勝,202302261002060815,"2023. 2.26",小倉,ノーブルアクト,牝,3,水沼元輝,51▲,16,９,ダ,1700,,稍,1464,1.3,12,11,10,9,38.6,7,45.8,,46.43,45.9,,A00,0,,2020104744,(29.2),,,0.8,中団,中団,36.98,494,+4,29.2,フジワラフアーム,新ひだか町,マクフィ,クイーンロイド,ゼンノロブロイ,16,8,15,,(美),上原博之
未勝利,202302260602020514,"2023. 2.26",中山,セイウンパシュート,牡,3,永野猛蔵,55☆,18,３,芝,2000,A,良,2014,0.1,8,8,7,5,35.8,1,52.5,*,51.77,50.7,,A00,140,,2020100233,(11.2),300,,0.5,中団,差し,36.69,464,+2,11.2,田上徹,新ひだか町,ハーツクライ,シーソルティキッス,キングカメハメハ,18,7,14,,(美),上原博之
1勝,202302250901050805,"2023. 2.25",阪神,アメリカンピース,セ,5,荻野極, 58 ,16,16,ダ,1400,,稍,1268,1.8,,,1,1,39.4,16,40.2,,49.00,44.5,,A00,0,,2018110131,(19.5),,,0.0,逃げ,逃げ,35.55,446,-20,19.5,"Don Alberto Corporation",米,Tapit,"La Cloche",Ghostzapper,16,3,5,,(栗),音無秀孝
未勝利,202302190901040101,"2023. 2.19",阪神,ピーターサイト,牡,3,鮫島克駿, 56 ,13,12,ダ,1800,,稍,1595,3.9,8,10,11,11,41.1,11,45.4,,50.30,51.3,,000,0,,2020105611,(17.7),,,1.0,後方,後方,39.20,464,-8,17.7,ノースヒルズ,新冠町,ワンアンドオンリー,ヴィクトリアアイ,ブライアンズタイム,13,1,1,,(美),村田一誠
1勝,202302121002020914,"2023. 2.12",小倉,ドットクルー,牡,3,丸山元気, 56 ,14,５,芝,2000,B,稍,2014,0.6,6,6,2,1,36.2,9,50.9,*,54.00,52.6,,A04,107,    0.0,2020101486,(11.5),,,0.0,先行,先行,36.51,456,+4,11.5,佐々木牧場,日高町,ディーマジェスティ,スターオブロゼッタ,ロードカナロア,14,8,14,,(栗),笹田和秀
未勝利,202302121002020105,"2023. 2.12",小倉,ノーブルアクト,牝,3,水沼元輝,51▲,16,１,ダ,1700,,重,1453,-0.2,10,10,8,6,37.6,2,48.2,*,47.53,44.6,,A00,550,,2020104744,1860,640,6240,0.9,中団,差し,36.93,490,-2,18.6,フジワラフアーム,新ひだか町,マクフィ,クイーンロイド,ゼンノロブロイ,16,3,5,,(美),上原博之
未勝利,202302120901020501,"2023. 2.12",阪神,ガットネロ,牝,3,坂井瑠星, 54 ,10,３,芝,1800,A,良,1481,0.3,,,1,1,34.6,5,56.2,*,58.07,57.1,牝,020,140,,2020105073,(3.8),140,,0.0,逃げ,逃げ,36.75,476,-4,3.8,大狩部牧場,新冠町,アメリカンペイトリオット,ブラックシュガー,ブラックタイド,10,1,1,,(栗),上村洋行
未勝利,202302120501060503,"2023. 2.12",東京,オールマイデイズ,牡,3,ルメール, 56 ,16,１,芝,1800,D,良,1478,-0.2,,2,3,4,34.6,1,55.8,*,55.20,54.9,,A00,550,,2020103718,240,120,790,0.2,先行,先行,36.60,492,0,2.4,ノーザンファーム,安平町,リアルスティール,ロザリンド,シンボリクリスエス,16,2,3,,(美),木村哲也
未勝利,202302120501060205,"2023. 2.12",東京,ローディアマント,牡,3,バシュロ, 56 ,16,11,ダ,2100,,重,2134,3.1,2,2,1,2,40.4,14,42.1,,49.60,49.7,,A00,0,,2020101429,(9.7),,,0.0,逃げ,逃げ,37.20,490,+2,9.7,クラウン日高牧場,日高町,サトノダイヤモンド,ブロッサムレーン,"New Approach",16,3,5,,(美),尾関知人
未勝利,202302111002010709,"2023. 2.11",小倉,ハレアカラフラ,牝,3,今村聖奈,51▲,11,４,芝,1800,B,重,1497,0.5,9,9,8,5,34.9,2,57.2,*,56.70,55.1,,002,83,,2020103292,(4.8),,,0.8,中団,差し,37.40,462,0,4.8,ノーザンファーム,安平町,ラブリーデイ,オーキッドレイ,ディープインパクト,11,7,9,,(栗),音無秀孝
未勝利,202302110501050514,"2023. 2.11",東京,ハルオーブ,牡,3,三浦皇成, 56 ,16,２,芝,1400,D,稍,1226,0.1,,,3,3,33.9,4,57.7,*,57.97,57.0,,A00,220,,2020104732,(4.5),150,920,0.2,先行,先行,36.53,454,+2,4.5,藤沢牧場,新ひだか町,ディーマジェスティ,ハルダヨリ,ファルブラヴ,16,7,14,,(美),武井亮
未勝利,202301290501020209,"2023. 1.29",東京,パープルアドミラル,牡,3,横山和生, 56 ,16,13,ダ,2100,,良,2179,2.6,12,13,14,11,38.7,10,52.5,,56.33,55.1,,000,0,,2020104328,(84.7),,,1.2,後方,後方,39.68,440,-14,84.7,聖心台牧場,新ひだか町,シビルウォー,ママノヨリミチ,マンハッタンカフェ,16,5,9,,(美),堀内岳志
未勝利,202301290501020108,"2023. 1.29",東京,ザングウィル,牡,3,横山武史, 56 ,16,４,ダ,1400,,良,1271,0.3,,,3,3,38.5,6,44.7,*,46.17,44.1,,A00,83,,2020110051,(3.2),,,0.3,先行,先行,36.45,510,+2,3.2,"J. Lenihan",愛,"Dandy Man",Zaaqya,Nayef,15,4,8,,(美),大竹正博
1勝,202301280701090605,"2023. 1.28",中京,エイトスターズ,牝,3,吉田隼人, 54 ,13,８,ダ,1400,,良,1269,1.0,,,6,6,38.3,6,45.2,*,46.17,44.1,牝,020,0,,2020103772,(57.3),,,0.8,中団,中団,36.45,458,-6,57.3,レイクヴィラファーム,洞爺湖町,ジャスタウェイ,インザスポットライト,"Exceed And Excel",13,4,5,,(栗),坂口智康
OP(L),202301280501011009,"2023. 1.28",東京,スムースベルベット,牝,3,嶋田純次, 54 ,10,５,芝,1400,D,良,1218,0.7,,,2,2,34.4,9,53.3,*,55.50,55.0,,N04,200,    0.0,2020106987,(34.9),,,0.1,先行,先行,35.55,490,+4,34.9,ミルファーム,浦河町,ディスクリートキャット,ローブドヴルール,サウスヴィグラス,10,8,9,,(美),手塚貴久
未勝利,202301220601080512,"2023. 1.22",中山,ペリプルス,牡,3,柴田大知, 56 ,15,１,芝,2200,C,良,2162,-0.1,13,13,10,7,36.0,1,54.4,*,52.10,50.2,,000,550,,2020105796,5330,510,5060,1.1,中団,差し,37.58,438,0,53.3,ビッグレッドファーム,新冠町,ゴールドシップ,マイネリベルタス,コンデュイット,15,7,12,,(美),佐藤吉勝
未勝利,202301220601080509,"2023. 1.22",中山,ピーターサイト,牡,3,坂井瑠星, 56 ,15,９,芝,2200,C,良,2171,0.9,11,12,13,11,36.5,2,53.4,*,52.10,50.2,,000,0,,2020105611,(57.0),,,1.5,後方,後方,37.73,472,+18,57.0,ノースヒルズ,新冠町,ワンアンドオンリー,ヴィクトリアアイ,ブライアンズタイム,15,5,9,,(美),村田一誠
未勝利,202301210601070510,"2023. 1.21",中山,オールマイデイズ,牡,3,ルメール, 56 ,13,３,芝,2000,C,稍,2040,0.4,8,8,7,7,35.8,2,55.6,*,53.93,53.1,,000,140,,2020103718,(2.3),130,,0.9,中団,差し,37.80,492,-2,2.3,ノーザンファーム,安平町,リアルスティール,ロザリンド,シンボリクリスエス,13,7,10,,(美),木村哲也
新馬,202301150701060606,"2023. 1.15",中京,ガットネロ,牝,3,福永祐一, 54 ,12,３,芝,2000,A,重,2041,0.6,4,3,3,3,35.4,3,57.4,*,58.60,57.9,,A00,160,,2020105073,(5.1),200,,0.3,先行,先行,38.01,480,,5.1,大狩部牧場,新冠町,アメリカンペイトリオット,ブラックシュガー,ブラックタイド,12,5,6,,(栗),上村洋行
未勝利,202301150601060516,"2023. 1.15",中山,ハルオーブ,牡,3,三浦皇成, 56 ,16,３,芝,1600,C,良,1359,0.4,,2,3,2,36.2,5,49.0,*,51.03,47.9,,A00,140,,2020104732,(7.4),170,,0.5,先行,先行,35.82,452,+2,7.4,藤沢牧場,新ひだか町,ディーマジェスティ,ハルダヨリ,ファルブラヴ,16,8,16,,(美),武井亮
未勝利,202301140601050304,"2023. 1.14",中山,ザングウィル,牡,3,バシュロ, 56 ,16,３,ダ,1200,,良,1130,0.5,,,4,4,37.3,2,45.7,*,45.70,45.4,,A00,140,,2020110051,(4.3),160,,0.3,先行,先行,35.70,508,+10,4.3,"J. Lenihan",愛,"Dandy Man",Zaaqya,Nayef,16,2,4,,(美),大竹正博
未勝利,202301090601040101,"2023. 1. 9",中山,ノーブルアクト,牝,3,水沼元輝,51▲,15,10,ダ,1200,,良,1144,1.7,,,13,13,37.8,1,46.8,*,40.80,40.8,,000,0,,2020104744,(8.6),,,2.0,後方,後方,36.60,492,-4,8.6,フジワラフアーム,新ひだか町,マクフィ,クイーンロイド,ゼンノロブロイ,15,1,1,,(美),上原博之
1勝,202301080601030906,"2023. 1. 8",中山,スムースベルベット,牝,3,嶋田純次, 54 ,12,５,芝,1200,C,良,1096,0.8,,,3,2,35.2,8,47.7,*,51.67,48.8,,A04,107,    0.0,2020106987,(7.7),,,0.2,先行,先行,34.40,486,-2,7.7,ミルファーム,浦河町,ディスクリートキャット,ローブドヴルール,サウスヴィグラス,12,5,6,,(美),手塚貴久
未勝利,202301070601020611,"2023. 1. 7",中山,ペリプルス,牡,3,柴田大知, 56 ,17,６,芝,2000,C,良,2025,1.3,15,14,14,12,36.0,3,53.0,*,52.10,52.2,,000,0,,2020105796,(143.0),,,1.1,中団,中団,37.07,438,-2,143.0,ビッグレッドファーム,新冠町,ゴールドシップ,マイネリベルタス,コンデュイット,17,6,11,,(美),佐藤吉勝
2勝,202301050601011207,"2023. 1. 5",中山,ヴェールランス,牡,4,横山武史, 57 ,14,５,芝,2000,C,良,2012,1.0,3,3,2,2,36.0,9,51.4,*,54.77,53.9,,A04,114,,2019104767,(18.2),,,0.1,先行,先行,36.51,442,-6,18.2,社台ファーム,千歳市,キタサンブラック,ジュエラー,ヴィクトワールピサ,14,5,7,,(栗),藤岡健一
1勝,202212280906090810,2022.12.28,阪神,ブラックボイス,牡,3,岩田望来, 56 ,11,１,ダ,1800,,良,1546,-0.1,2,2,2,2,38.4,5,49.2,*,49.90,48.8,,000,770,,2019105276,290,140,620,0.1,先行,先行,38.10,510,0,2.9,ノーザンファーム,安平町,ブラックタイド,ソングライティング,"Giant's Causeway",11,8,10,,(美),宮田敬介
新馬,202212250605080513,2022.12.25,中山,ノーブルアクト,牝,2,水沼元輝,51▲,16,３,ダ,1200,,稍,1139,0.5,,,11,11,37.6,1,46.5,*,43.10,40.6,,000,180,,2020104744,(69.1),1160,,1.4,後方,追込,36.30,496,,69.1,フジワラフアーム,新ひだか町,マクフィ,クイーンロイド,ゼンノロブロイ,16,7,13,,(美),上原博之
未勝利,202212250605080411,2022.12.25,中山,セイウンパシュート,牡,2,田辺裕信, 55 ,18,８,芝,2000,A,良,2039,1.3,5,5,5,4,37.5,11,48.7,,50.50,50.7,,A00,0,,2020100233,(2.4),,,0.4,先行,先行,37.03,462,+2,2.4,田上徹,新ひだか町,ハーツクライ,シーソルティキッス,キングカメハメハ,18,6,11,,(美),上原博之
未勝利,202212250605080309,2022.12.25,中山,ハルオーブ,牡,2,三浦皇成, 55 ,16,２,芝,1600,A,良,1356,0.8,,7,7,7,35.8,2,50.2,*,49.67,49.8,,000,210,,2020104732,(16.2),450,4710,0.6,中団,差し,35.88,450,+6,16.2,藤沢牧場,新ひだか町,ディーマジェスティ,ハルダヨリ,ファルブラヴ,16,5,9,,(美),武井亮
ｵｰﾌﾟﾝ,202212170706050904,2022.12.17,中京,スムースベルベット,牝,2,嶋田純次, 54 ,10,５,芝,1200,B,良,1089,0.9,,,2,2,34.3,5,50.9,*,52.80,51.2,,N04,160,    0.0,2020106987,(108.4),,,0.4,先行,先行,34.60,488,0,108.4,ミルファーム,浦河町,ディスクリートキャット,ローブドヴルール,サウスヴィグラス,10,4,4,,(美),手塚貴久
2勝,202212170605051012,2022.12.17,中山,プラチナドリーム,牡,3,坂井瑠星, 55 ,16,４,ダ,2400,,良,2348,1.0,12,12,10,8,38.2,2,51.7,*,51.43,50.2,,A00,230,    0.0,2019106330,(7.3),,,1.2,中団,差し,38.87,464,-4,7.3,千代田牧場,新ひだか町,ホッコータルマエ,サティーヌアロム,シンボリクリスエス,16,6,12,,(栗),平田修
未勝利,202212170605050709,2022.12.17,中山,ペリプルス,牡,2,柴田大知, 55 ,18,５,芝,2000,A,良,2022,1.1,15,15,14,15,36.8,4,49.5,*,49.23,47.8,,000,52,,2020105796,(383.0),,,1.2,後方,後方,36.60,440,0,383.0,ビッグレッドファーム,新冠町,ゴールドシップ,マイネリベルタス,コンデュイット,18,5,9,,(美),佐藤吉勝
新馬,202212170605050507,2022.12.17,中山,ローディアマント,牡,2,ルメール, 55 ,17,11,芝,2000,A,良,2050,1.3,13,12,13,12,36.0,4,56.0,*,55.40,53.6,,000,0,,2020101429,(2.6),,,1.5,中団,中団,38.14,488,,2.6,クラウン日高牧場,日高町,サトノダイヤモンド,ブロッサムレーン,"New Approach",17,4,7,,(美),尾関知人
2勝,202212110706041010,2022.12.11,中京,ヴェールランス,牡,3,今村聖奈, 56 ,11,９,芝,2000,A,良,2007,1.2,7,8,4,6,34.8,8,55.8,,56.80,56.5,,A04,0,    0.0,2019104767,(6.9),,,0.7,中団,中団,36.81,448,+12,6.9,社台ファーム,千歳市,キタサンブラック,ジュエラー,ヴィクトワールピサ,11,8,10,,(栗),藤岡健一
1勝,202212100706030913,2022.12.10,中京,エイトスターズ,牝,2,藤岡佑介, 54 ,13,10,芝,1400,A,良,1217,0.9,,,13,13,33.4,1,58.5,*,53.93,51.7,牝,A24,0,    0.0,2020103772,(375.1),,,1.8,後方,後方,36.23,464,+2,375.1,レイクヴィラファーム,洞爺湖町,ジャスタウェイ,インザスポットライト,"Exceed And Excel",13,8,13,,(栗),坂口智康
新馬,202212100605030615,2022.12.10,中山,パープルアドミラル,牡,2,横山和生, 55 ,16,６,ダ,1800,,稍,1587,2.6,13,13,12,10,39.4,4,50.6,*,50.67,51.2,,A00,0,,2020104328,(75.2),,,1.6,中団,中団,39.65,454,,75.2,聖心台牧場,新ひだか町,シビルウォー,ママノヨリミチ,マンハッタンカフェ,15,8,15,,(美),堀内岳志
1勝,202212040706020904,"2022.12. 4",中京,ドットクルー,牡,2,丸山元気, 55 ,12,４,芝,1600,A,良,1349,0.3,,4,8,7,34.9,3,53.2,*,53.07,50.8,,A04,150,    0.0,2020101486,(21.3),,,0.7,中団,差し,36.00,452,-10,21.3,佐々木牧場,日高町,ディーマジェスティ,スターオブロゼッタ,ロードカナロア,12,4,4,,(栗),笹田和秀
1勝,202211270905080904,2022.11.27,阪神,エイトスターズ,牝,2,三浦皇成, 54 ,11,10,芝,1600,B,良,1351,0.9,,,4,3,35.1,11,52.6,*,54.47,53.8,牝,A24,0,    0.0,2020103772,(140.8),,,0.3,先行,先行,36.00,462,+2,140.8,レイクヴィラファーム,洞爺湖町,ジャスタウェイ,インザスポットライト,"Exceed And Excel",11,4,4,,(栗),坂口智康
新馬,202211270505080609,2022.11.27,東京,オールマイデイズ,牡,2,ルメール, 55 ,16,５,芝,1800,C,良,1481,0.9,,6,7,6,33.9,6,59.4,*,60.30,60.0,,A00,70,,2020103718,(4.6),,,0.5,中団,中団,37.10,494,,4.6,ノーザンファーム,安平町,リアルスティール,ロザリンド,シンボリクリスエス,16,5,9,,(美),木村哲也
新馬,202211270505080616,2022.11.27,東京,ペリプルス,牡,2,石橋脩, 55 ,16,13,芝,1800,C,良,1497,2.5,,16,15,15,34.7,9,58.1,,60.30,60.0,,A00,0,,2020105796,(218.3),,,1.3,後方,後方,37.50,440,,218.3,ビッグレッドファーム,新冠町,ゴールドシップ,マイネリベルタス,コンデュイット,16,8,16,,(美),佐藤吉勝
1勝,202211270505080514,2022.11.27,東京,ゲキザル,牡,3,江田照男, 56 ,16,11,ダ,1600,,稍,1395,2.9,,,1,1,40.5,14,37.4,,46.43,44.1,,A00,0,,2019102102,(41.0),,,0.0,逃げ,逃げ,35.40,470,+7,41.0,広富牧場,日高町,ザファクター,トゥモローズライト,アフリート,16,7,14,,(美),青木孝文
未勝利,202211270505080404,2022.11.27,東京,セイウンパシュート,牡,2,田辺裕信, 55 ,9,２,芝,2000,C,良,1599,0.5,,3,5,5,35.0,1,54.0,*,51.77,48.9,,000,210,,2020100233,(6.8),100,280,1.6,中団,差し,36.39,460,0,6.8,田上徹,新ひだか町,ハーツクライ,シーソルティキッス,キングカメハメハ,9,4,4,,(美),上原博之
未勝利,202211260505070211,2022.11.26,東京,ザングウィル,牡,2,マーカン, 55 ,18,12,芝,1400,C,良,1230,1.5,,,9,11,34.9,10,53.4,,54.97,52.7,,A00,0,,2020110051,(5.6),,,1.0,中団,中団,36.08,498,+6,5.6,"J. Lenihan",愛,"Dandy Man",Zaaqya,Nayef,17,6,11,,(美),大竹正博
2勝,202211200505060903,2022.11.20,東京,プラチナドリーム,牡,3,菅原明良, 55 ,16,４,ダ,2100,,良,2127,0.7,10,9,7,9,37.7,3,50.8,*,50.37,48.6,,A00,170,,2019106330,(5.9),,,1.1,中団,差し,38.00,468,+6,5.9,千代田牧場,新ひだか町,ホッコータルマエ,サティーヌアロム,シンボリクリスエス,16,2,3,*,(栗),平田修
1勝,202211190303051212,2022.11.19,福島,ブラックボイス,牡,3,西村淳也, 55 ,16,３,芝,2000,B,良,2017,0.0,3,3,3,2,36.4,7,50.4,*,52.57,50.0,,A00,190,,2019105276,(5.1),200,,0.1,先行,先行,36.56,510,+2,5.1,ノーザンファーム,安平町,ブラックタイド,ソングライティング,"Giant's Causeway",16,6,12,,(美),宮田敬介
新馬,202211190303050507,2022.11.19,福島,ドットクルー,牡,2,丸山元気, 55 ,11,１,芝,1800,B,良,1564,-0.1,2,2,1,2,34.9,1,66.8,*,65.90,66.8,,000,700,,2020101486,340,150,1050,0.0,逃げ,逃げ,40.75,462,,3.4,佐々木牧場,日高町,ディーマジェスティ,スターオブロゼッタ,ロードカナロア,11,6,7,,(栗),笹田和秀
1勝,202211190303050215,2022.11.19,福島,アメリカンピース,セ,4,角田大和,56☆,15,14,ダ,1700,,良,1505,4.6,1,1,4,6,43.4,14,34.3,,45.07,43.6,,A00,0,,2018110131,(17.9),,,0.2,逃げ,逃げ,36.60,466,-4,17.9,"Don Alberto Corporation",米,Tapit,"La Cloche",Ghostzapper,15,8,15,,(栗),音無秀孝
未勝利,202211130505040112,2022.11.13,東京,ハルオーブ,牡,2,三浦皇成, 55 ,16,９,ダ,1400,,良,1284,1.6,,,9,8,39.8,8,41.6,,43.33,41.5,,A00,0,,2020104732,(2.3),,,0.9,中団,中団,36.45,444,+4,2.3,藤沢牧場,新ひだか町,ディーマジェスティ,ハルダヨリ,ファルブラヴ,16,6,12,,(美),武井亮
新馬,202210300504090504,2022.10.30,東京,セイウンパシュート,牡,2,田辺裕信, 55 ,14,３,芝,1800,B,良,1505,0.1,,7,6,6,33.7,4,63.9,*,64.50,61.4,,A00,180,,2020100233,(16.1),280,,0.6,中団,差し,38.40,460,,16.1,田上徹,新ひだか町,ハーツクライ,シーソルティキッス,キングカメハメハ,14,3,4,,(美),上原博之
1勝,202210300404060711,2022.10.30,新潟,アメリカンピース,セ,4,富田暁, 57 ,13,８,ダ,1800,,稍,1543,1.6,1,1,1,1,39.6,11,44.3,,49.47,48.3,,A00,0,,2018110131,(16.5),,,0.0,逃げ,逃げ,37.35,470,+8,16.5,"Don Alberto Corporation",米,Tapit,"La Cloche",Ghostzapper,13,7,11,,(栗),音無秀孝
2勝,202210290504080911,2022.10.29,東京,プラチナドリーム,牡,3,三浦皇成, 55 ,16,３,ダ,2100,,良,2124,0.8,8,8,7,7,37.6,5,50.9,*,53.10,50.0,,A00,380,    5.6,2019106330,(5.9),160,,0.8,中団,差し,37.92,462,+10,5.9,千代田牧場,新ひだか町,ホッコータルマエ,サティーヌアロム,シンボリクリスエス,16,6,11,,(栗),平田修
1勝,202210290504080802,2022.10.29,東京,ブラックボイス,牡,3,坂井瑠星, 55 ,11,５,芝,2000,B,良,1590,0.5,,1,1,1,35.1,8,52.4,*,56.27,53.9,,A00,77,,2019105276,(6.1),,,0.0,逃げ,逃げ,35.96,508,+2,6.1,ノーザンファーム,安平町,ブラックタイド,ソングライティング,"Giant's Causeway",11,2,2,,(美),宮田敬介
1勝,202210150904040904,2022.10.15,阪神,エイトスターズ,牝,2,鮫島克駿, 54 ,7,７,芝,1800,A,良,1482,0.9,,,3,4,34.3,6,57.7,*,60.10,59.2,,A04,0,    0.0,2020103772,(64.4),,,0.3,先行,先行,36.95,460,-8,64.4,レイクヴィラファーム,洞爺湖町,ジャスタウェイ,インザスポットライト,"Exceed And Excel",7,4,4,,(栗),坂口智康
2勝,202210100504030915,2022.10.10,東京,プラチナドリーム,牡,3,菅原明良, 54 ,16,４,ダ,2100,,重,2084,0.5,9,9,8,7,36.0,3,52.7,*,54.20,51.3,,A00,230,    0.0,2019106330,(8.6),,,0.7,中団,差し,36.96,452,+6,8.6,千代田牧場,新ひだか町,ホッコータルマエ,サティーヌアロム,シンボリクリスエス,16,8,15,,(栗),平田修
新馬,202210080504010613,"2022.10. 8",東京,ハレアカラフラ,牝,2,戸崎圭太, 54 ,18,４,芝,1600,A,良,1350,0.9,,,6,6,34.3,5,56.2,*,57.30,56.5,牝,020,110,,2020103292,(20.9),,,0.5,中団,差し,36.42,462,,20.9,ノーザンファーム,安平町,ラブリーデイ,オーキッドレイ,ディープインパクト,18,7,13,,(栗),音無秀孝
未勝利,202210080504010307,"2022.10. 8",東京,ハルオーブ,牡,2,三浦皇成, 55 ,16,４,芝,1400,A,稍,1217,0.8,,,3,2,35.2,8,49.1,*,51.17,49.4,,000,78,,2020104732,(6.2),,,0.4,先行,先行,34.88,440,-4,6.2,藤沢牧場,新ひだか町,ディーマジェスティ,ハルダヨリ,ファルブラヴ,16,4,7,,(美),武井亮
新馬,202210020604090513,"2022.10. 2",中山,ピーターサイト,牡,2,福永祐一, 55 ,14,11,芝,1800,C,良,1519,1.9,8,7,6,6,36.4,11,53.7,,57.13,57.1,,A00,0,,2020105611,(48.4),,,0.5,中団,中団,37.75,454,,48.4,ノースヒルズ,新冠町,ワンアンドオンリー,ヴィクトリアアイ,ブライアンズタイム,14,8,13,,(美),村田一誠
1勝,202210020604090412,"2022.10. 2",中山,ゲキザル,牡,3,内田博幸, 55 ,15,13,ダ,1800,,良,1556,1.8,12,12,15,15,37.8,2,52.9,*,49.13,46.6,,000,0,,2019102102,(69.6),,,2.8,後方,後方,38.90,464,+1,69.6,広富牧場,日高町,ザファクター,トゥモローズライト,アフリート,15,7,12,,(美),青木孝文
1勝,202209250705070806,"2022. 9.25",中京,ヴェールランス,牡,3,ルメール, 54 ,13,１,芝,2000,B,良,1592,-0.1,2,2,3,3,35.1,3,52.7,*,54.47,51.0,,A00,770,,2019104767,310,170,3150,0.4,先行,先行,36.04,436,0,3.1,社台ファーム,千歳市,キタサンブラック,ジュエラー,ヴィクトワールピサ,13,5,6,,(栗),藤岡健一
2勝,202209240705061212,"2022. 9.24",中京,キュールエフウジン,牡,3,吉田隼人, 54 ,13,１,ダ,1800,,稍,1519,-0.6,5,5,4,3,38.5,1,45.3,*,43.37,43.5,,A04,1110,,2019102983,290,140,1420,0.5,先行,先行,36.70,480,-18,2.9,木下牧場,新ひだか町,ホッコータルマエ,キュールエアリス,ウォーエンブレム,13,8,12,,(栗),中尾秀正
新馬,202209240604060504,"2022. 9.24",中山,ザングウィル,牡,2,横山武史, 54 ,16,２,芝,1600,C,不,1367,0.0,,2,4,3,35.7,6,52.5,*,53.53,49.4,,A00,280,,2020110051,(2.3),150,19070,0.7,先行,先行,36.60,492,,2.3,"J. Lenihan",愛,"Dandy Man",Zaaqya,Nayef,16,2,4,,(美),大竹正博
未勝利,202209040403080216,"2022. 9. 4",新潟,ハルオーブ,牡,2,三浦皇成, 54 ,18,止,芝,1400,A,良,----,----,,,,,,0,,,49.47,47.8,,A00,0,,2020104732,(3.0),,,,,,,444,-2,3.0,藤沢牧場,新ひだか町,ディーマジェスティ,ハルダヨリ,ファルブラヴ,18,8,16,,(美),武井亮
2勝,202209031004071010,"2022. 9. 3",小倉,プラチナドリーム,牡,3,北村友一, 54 ,16,10,ダ,1700,,重,1455,1.5,13,13,7,10,37.7,12,48.1,,51.10,50.4,,A04,0,    0.0,2019106330,(9.1),,,0.4,中団,中団,36.98,446,-8,9.1,千代田牧場,新ひだか町,ホッコータルマエ,サティーヌアロム,シンボリクリスエス,16,5,10,,(栗),平田修
2勝,202208210102041003,"2022. 8.21",札幌,キュールエフウジン,牡,3,斎藤新, 54 ,14,６,ダ,1700,,良,1455,0.5,6,8,7,7,37.3,6,49.7,*,50.37,48.6,,A04,0,    0.0,2019102983,(4.3),,,0.6,中団,中団,37.20,498,+10,4.3,木下牧場,新ひだか町,ホッコータルマエ,キュールエアリス,ウォーエンブレム,14,3,3,,(栗),中尾秀正
ｵｰﾌﾟﾝ,202208210102040903,"2022. 8.21",札幌,エイトスターズ,牝,2,吉田隼人, 54 ,11,８,芝,1500,C,良,1326,1.0,,11,10,9,36.8,8,51.1,*,51.30,50.6,,N04,0,    0.0,2020103772,(5.4),,,0.7,後方,後方,37.20,468,0,5.4,レイクヴィラファーム,洞爺湖町,ジャスタウェイ,インザスポットライト,"Exceed And Excel",11,3,3,,(栗),坂口智康
2勝,202208141004021209,"2022. 8.14",小倉,プラチナドリーム,牡,3,北村友一, 54 ,15,２,ダ,1700,,良,1451,0.3,15,15,1,2,38.6,6,44.0,*,45.73,44.7,,A00,600,    9.2,2019106330,(61.7),760,3130,0.0,ﾏｸﾘ,ﾏｸﾘ,36.27,454,-2,61.7,千代田牧場,新ひだか町,ホッコータルマエ,サティーヌアロム,シンボリクリスエス,15,5,9,,(栗),平田修
未勝利,202208140403020312,"2022. 8.14",新潟,ハルオーブ,牡,2,三浦皇成, 54 ,18,２,芝,1200,A,稍,1091,0.0,,,4,4,34.9,4,48.0,*,48.00,46.3,,A00,210,,2020104732,(3.8),150,1970,0.3,先行,先行,34.20,446,-2,3.8,藤沢牧場,新ひだか町,ディーマジェスティ,ハルダヨリ,ファルブラヴ,17,6,12,,(美),武井亮
未勝利,202208070101060613,"2022. 8. 7",札幌,バンフィエルド,牡,3,斎藤新, 56 ,14,８,芝,2600,A,良,2422,1.4,14,14,14,11,36.8,3,52.2,*,52.07,51.4,,A00,0,,2019104531,(35.6),,,1.3,後方,後方,37.62,428,+6,35.6,社台コーポレーション白老ファーム,白老町,オルフェーヴル,エヴィータアルゼンティーナ,"Candy Ride",14,8,13,,(栗),奥村豊
新馬,202208070101060504,"2022. 8. 7",札幌,エイトスターズ,牝,2,吉田隼人, 54 ,9,１,芝,1800,A,良,1512,-0.0,2,2,2,1,35.5,3,56.6,*,57.10,56.2,,000,700,,2020103772,410,120,640,0.1,先行,先行,37.85,468,,4.1,レイクヴィラファーム,洞爺湖町,ジャスタウェイ,インザスポットライト,"Exceed And Excel",9,4,4,,(栗),坂口智康
ｵｰﾌﾟﾝ,202208060402030903,"2022. 8. 6",新潟,スムースベルベット,牝,2,嶋田純次, 54 ,11,５,芝,1400,A,良,1226,0.9,,,1,1,36.3,9,45.7,*,51.23,48.1,,N04,160,    0.0,2020106987,(41.8),,,0.0,逃げ,逃げ,34.73,488,0,41.8,ミルファーム,浦河町,ディスクリートキャット,ローブドヴルール,サウスヴィグラス,11,3,3,,(美),手塚貴久
未勝利,202207170302060209,"2022. 7.17",福島,スムースベルベット,牝,2,嶋田純次, 54 ,11,１,芝,1200,B,稍,1106,-0.1,,,2,2,35.2,2,50.6,*,50.80,50.0,,000,520,,2020106987,750,230,8690,0.1,先行,先行,35.40,488,+4,7.5,ミルファーム,浦河町,ディスクリートキャット,ローブドヴルール,サウスヴィグラス,11,7,9,,(美),手塚貴久
新馬,202207100302040609,"2022. 7.10",福島,ハルオーブ,牡,2,三浦皇成, 54 ,9,２,芝,1200,A,良,1113,0.3,,,2,2,34.9,2,54.3,*,54.30,53.4,,000,280,,2020104732,(6.5),150,1120,0.3,先行,先行,36.40,448,,6.5,藤沢牧場,新ひだか町,ディーマジェスティ,ハルダヨリ,ファルブラヴ,9,8,9,,(美),武井亮
1勝,202207091003030911,"2022. 7. 9",小倉,ヴェールランス,牡,3,福永祐一, 54 ,11,５,芝,1800,A,良,1470,0.9,2,3,4,2,35.1,7,52.4,*,53.60,53.3,,000,107,    0.0,2019104767,(4.9),,,0.4,先行,先行,35.95,436,-4,4.9,社台ファーム,千歳市,キタサンブラック,ジュエラー,ヴィクトワールピサ,10,8,11,,(栗),藤岡健一
2勝,202207030201081010,"2022. 7. 3",函館,キュールエフウジン,牡,3,斎藤新, 54 ,10,３,ダ,1700,,稍,1442,0.1,6,6,6,4,36.0,1,53.3,*,51.63,50.2,,A04,380,    3.3,2019102983,(12.1),210,,0.8,先行,先行,37.20,488,+4,12.1,木下牧場,新ひだか町,ホッコータルマエ,キュールエアリス,ウォーエンブレム,10,8,10,*,(栗),中尾秀正
新馬,202207020302010606,"2022. 7. 2",福島,スムースベルベット,牝,2,嶋田純次, 54 ,12,７,ダ,1150,,良,1118,1.8,,,5,6,38.6,9,43.8,,45.47,45.6,,A00,0,,2020106987,(3.2),,,0.5,中団,中団,36.22,484,,3.2,ミルファーム,浦河町,ディスクリートキャット,ローブドヴルール,サウスヴィグラス,12,5,6,,(美),手塚貴久
1勝,202207020201070707,"2022. 7. 2",函館,ブラックボイス,牡,3,横山和生, 54 ,9,５,芝,2000,A,稍,2026,0.8,3,4,3,2,37.0,6,49.2,*,50.73,50.2,,004,77,,2019105276,(2.6),,,0.3,先行,先行,36.69,506,+2,2.6,ノーザンファーム,安平町,ブラックタイド,ソングライティング,"Giant's Causeway",9,7,7,,(美),宮田敬介
未勝利,202206250503070214,"2022. 6.25",東京,ゲキザル,牡,3,内田博幸, 56 ,16,11,ダ,1300,,良,1197,1.9,,,11,15,37.1,6,48.4,,46.90,46.5,,000,0,,2019102102,(25.2),,,1.4,後方,後方,36.51,460,+3,25.2,広富牧場,日高町,ザファクター,トゥモローズライト,アフリート,16,7,14,*,(美),青木孝文
1勝,202206190201040808,"2022. 6.19",函館,キュールエフウジン,牡,3,斎藤新, 54 ,12,１,ダ,1700,,良,1460,-0.1,2,2,6,5,37.2,2,50.9,*,49.90,48.8,,000,770,,2019102983,1140,340,22750,0.5,中団,差し,37.53,484,-4,11.4,木下牧場,新ひだか町,ホッコータルマエ,キュールエアリス,ウォーエンブレム,12,6,8,,(栗),中尾秀正
1勝,202206120503040708,"2022. 6.12",東京,プラチナドリーム,牡,3,菅原明良, 54 ,13,１,ダ,2100,,稍,2103,-0.5,6,6,6,5,36.9,2,51.2,*,50.33,49.0,,A00,770,,2019106330,780,240,6160,0.6,中団,差し,37.36,456,-2,7.8,千代田牧場,新ひだか町,ホッコータルマエ,サティーヌアロム,シンボリクリスエス,13,6,8,,(栗),平田修
未勝利,202206110503030610,"2022. 6.11",東京,バンフィエルド,牡,3,石川裕紀, 56 ,11,９,ダ,2100,,良,2142,1.7,10,10,10,10,37.7,6,52.4,,52.83,52.9,,000,0,,2019104531,(10.8),,,1.1,後方,後方,38.60,422,-10,10.8,社台コーポレーション白老ファーム,白老町,オルフェーヴル,エヴィータアルゼンティーナ,"Candy Ride",11,8,10,,(栗),奥村豊
1勝,202206110201010911,"2022. 6.11",函館,ブラックボイス,牡,3,横山和生, 53 ,12,３,芝,2600,A,良,2400,0.1,5,5,4,3,35.5,3,55.2,*,55.57,54.4,,004,270,    4.3,2019105276,(2.8),140,,0.3,先行,先行,37.35,504,-4,2.8,ノーザンファーム,安平町,ブラックタイド,ソングライティング,"Giant's Causeway",11,8,11,,(美),宮田敬介
1勝,202205290502120511,"2022. 5.29",東京,プラチナドリーム,牡,3,和田竜二, 56 ,16,８,ダ,1600,,良,1377,1.3,,,7,7,37.4,11,46.7,,47.33,45.9,,A00,0,,2019106330,(69.6),,,1.0,中団,中団,36.18,458,-2,69.6,千代田牧場,新ひだか町,ホッコータルマエ,サティーヌアロム,シンボリクリスエス,16,6,11,,(栗),平田修
未勝利,202205290401080610,"2022. 5.29",新潟,バンフィエルド,牡,3,川又賢治, 56 ,12,７,芝,2200,B,良,2174,0.7,9,8,9,8,36.6,3,53.3,*,52.77,52.6,,A00,0,,2019104531,(26.0),,,0.7,中団,中団,37.80,432,+14,26.0,社台コーポレーション白老ファーム,白老町,オルフェーヴル,エヴィータアルゼンティーナ,"Candy Ride",12,7,10,,(栗),奥村豊
1勝,202204300902110501,"2022. 4.30",阪神,プラチナドリーム,牡,3,和田竜二, 56 ,14,８,ダ,1800,,重,1527,0.8,11,10,9,9,38.4,4,46.7,*,48.40,45.3,,A00,0,,2019106330,(21.8),,,0.9,中団,中団,37.15,460,0,21.8,千代田牧場,新ひだか町,ホッコータルマエ,サティーヌアロム,シンボリクリスエス,14,1,1,,(栗),平田修
未勝利,202204160603070304,"2022. 4.16",中山,ゲキザル,牡,3,内田博幸, 56 ,16,12,ダ,1200,,重,1134,1.8,,,4,6,38.9,14,38.7,,41.93,41.4,,000,0,,2019102102,(4.5),,,0.3,中団,中団,34.50,458,0,4.5,広富牧場,日高町,ザファクター,トゥモローズライト,アフリート,16,2,4,,(美),青木孝文
1勝,202204030603040904,"2022. 4. 3",中山,ブラックボイス,牡,3,横山和生, 56 ,9,２,芝,2200,B,稍,2175,0.4,2,2,2,2,35.9,4,56.1,*,56.90,56.5,,A04,410,    6.2,2019105276,(3.9),140,500,0.2,先行,先行,38.10,508,0,3.9,ノーザンファーム,安平町,ブラックタイド,ソングライティング,"Giant's Causeway",9,4,4,,(美),宮田敬介
未勝利,202203260603010310,"2022. 3.26",中山,ゲキザル,牡,3,内田博幸, 56 ,16,３,ダ,1200,,稍,1136,0.3,,,8,6,37.8,4,44.7,*,44.17,43.4,,A00,130,,2019102102,(5.1),150,,0.4,中団,差し,35.80,458,0,5.1,広富牧場,日高町,ザファクター,トゥモローズライト,アフリート,16,5,10,,(美),青木孝文
1勝,202203120602050710,"2022. 3.12",中山,ブラックボイス,牡,3,横山和生, 56 ,13,２,芝,2000,A,良,2007,0.3,3,3,3,2,35.4,5,53.3,*,55.43,52.9,,A04,300,,2019105276,(8.1),220,3660,0.3,先行,先行,36.56,508,0,8.1,ノーザンファーム,安平町,ブラックタイド,ソングライティング,"Giant's Causeway",13,7,10,,(美),宮田敬介
1勝,202203060901080602,"2022. 3. 6",阪神,アメリカンピース,牡,4,松山弘平, 57 ,8,８,ダ,1800,,良,2011,7.9,2,1,3,8,46.3,8,30.8,,44.60,43.3,,A00,0,,2018110131,(3.2),,,1.1,逃げ,逃げ,37.40,462,0,3.2,"Don Alberto Corporation",米,Tapit,"La Cloche",Ghostzapper,8,2,2,,(栗),音無秀孝
未勝利,202203060602040202,"2022. 3. 6",中山,ゲキザル,牡,3,内田博幸, 56 ,16,３,ダ,1200,,良,1139,0.7,,,13,12,38.1,3,44.0,*,41.93,38.7,,000,130,,2019102102,(4.2),140,,1.4,後方,追込,35.80,458,-4,4.2,広富牧場,日高町,ザファクター,トゥモローズライト,アフリート,16,1,2,,(美),青木孝文
未勝利,202202270901060404,"2022. 2.27",阪神,プラチナドリーム,牡,3,和田竜二, 56 ,14,１,ダ,1800,,良,1561,-0.5,7,6,4,4,38.7,1,50.0,*,48.63,48.8,,000,520,,2019106330,390,260,1540,0.3,先行,先行,38.70,460,-2,3.9,千代田牧場,新ひだか町,ホッコータルマエ,サティーヌアロム,シンボリクリスエス,14,3,4,,(栗),平田修
未勝利,202202120901010301,"2022. 2.12",阪神,プラチナドリーム,牡,3,和田竜二, 56 ,10,２,ダ,1800,,良,1545,0.8,3,3,4,4,38.2,2,49.9,*,49.53,50.8,,000,210,,2019106330,(5.2),130,490,0.3,先行,先行,38.15,462,-2,5.2,千代田牧場,新ひだか町,ホッコータルマエ,サティーヌアロム,シンボリクリスエス,10,1,1,,(栗),平田修
1勝,202202050701110802,"2022. 2. 5",中京,アメリカンピース,牡,4,松山弘平, 56 ,12,２,ダ,1800,,良,1549,0.2,1,1,1,1,39.8,5,44.3,*,45.13,44.8,,A00,310,,2018110131,(5.0),410,1880,0.0,逃げ,逃げ,37.55,462,0,5.0,"Don Alberto Corporation",米,Tapit,"La Cloche",Ghostzapper,12,2,2,,(栗),音無秀孝
未勝利,202201230701080202,"2022. 1.23",中京,キュールエフウジン,牡,3,和田竜二, 56 ,14,10,ダ,1400,,良,1291,1.8,,,14,14,38.4,2,49.0,*,42.83,41.2,,000,0,,2019102983,(54.4),,,2.8,後方,後方,38.03,482,-4,54.4,木下牧場,新ひだか町,ホッコータルマエ,キュールエアリス,ウォーエンブレム,14,2,2,,(栗),中尾秀正
未勝利,202201230701080109,"2022. 1.23",中京,プラチナドリーム,牡,3,和田竜二, 56 ,11,６,ダ,1900,,良,2045,1.2,4,5,6,6,39.7,6,48.6,,49.43,50.1,,000,0,,2019106330,(3.4),,,0.4,中団,中団,39.14,464,+2,3.4,千代田牧場,新ひだか町,ホッコータルマエ,サティーヌアロム,シンボリクリスエス,11,7,9,,(栗),平田修
未勝利,202201230601080102,"2022. 1.23",中山,ゲキザル,牡,3,横山武史, 56 ,16,５,ダ,1200,,良,1132,0.6,,,4,4,38.8,8,38.7,*,42.27,37.1,,A00,52,,2019102102,(5.1),,,0.6,先行,先行,34.40,462,-2,5.1,広富牧場,日高町,ザファクター,トゥモローズライト,アフリート,16,1,2,,(美),青木孝文
Ｇ３,202201160601061104,"2022. 1.16",中山,ヴェールランス,牡,3,藤岡佑介, 56 ,16,14,芝,2000,C,良,2029,1.6,5,5,6,5,36.5,13,51.4,,56.37,53.6,,N04,0,    0.0,2019104767,(5.7),,,0.6,中団,中団,37.03,440,-4,5.7,社台ファーム,千歳市,キタサンブラック,ジュエラー,ヴィクトワールピサ,16,2,4,,(栗),藤岡健一
1勝,202201090701030709,"2022. 1. 9",中京,アメリカンピース,牡,4,松山弘平, 56 ,14,７,ダ,1800,,良,1550,1.9,1,1,1,1,40.8,13,40.9,,48.43,45.4,,A00,0,,2018110131,(3.5),,,0.0,逃げ,逃げ,37.10,462,-4,3.5,"Don Alberto Corporation",米,Tapit,"La Cloche",Ghostzapper,14,6,9,,(栗),音無秀孝
新馬,202201080701020413,"2022. 1. 8",中京,キュールエフウジン,牡,3,団野大成, 56 ,15,10,ダ,1200,,良,1155,2.1,,,14,14,36.6,2,56.3,*,45.83,45.7,,A00,0,,2019102983,(53.4),,,3.0,後方,後方,38.90,486,,53.4,木下牧場,新ひだか町,ホッコータルマエ,キュールエアリス,ウォーエンブレム,15,7,13,,(栗),中尾秀正
未勝利,202201080701020305,"2022. 1. 8",中京,プラチナドリーム,牡,3,和田竜二, 56 ,14,５,ダ,1800,,良,1556,0.7,7,8,9,9,38.8,2,49.0,*,49.03,47.7,,000,52,,2019106330,(6.3),,,0.8,中団,中団,38.40,462,+6,6.3,千代田牧場,新ひだか町,ホッコータルマエ,サティーヌアロム,シンボリクリスエス,14,4,5,,(栗),平田修
新馬,202201080601020305,"2022. 1. 8",中山,ゲキザル,牡,3,内田博幸, 56 ,15,２,ダ,1200,,稍,1126,0.4,,,2,2,37.9,7,41.6,*,43.47,42.0,,A00,240,,2019102102,(10.9),310,2270,0.1,先行,先行,34.70,464,,10.9,広富牧場,日高町,ザファクター,トゥモローズライト,アフリート,15,3,5,,(美),青木孝文
未勝利,202112190906060301,2021.12.19,阪神,プラチナドリーム,牡,2,和田竜二, 55 ,14,４,ダ,1800,,稍,1551,0.6,6,4,2,1,39.8,7,44.6,*,46.63,46.0,,A00,77,,2019106330,(9.3),,,0.0,先行,先行,37.65,456,-10,9.3,千代田牧場,新ひだか町,ホッコータルマエ,サティーヌアロム,シンボリクリスエス,13,1,1,,(栗),平田修
1勝,202112180706050810,2021.12.18,中京,アメリカンピース,牡,3,吉田隼人, 56 ,12,２,ダ,1800,,重,1511,0.5,1,1,1,1,38.1,3,45.8,*,47.00,47.1,,A00,300,,2018110131,(6.2),170,580,0.0,逃げ,逃げ,36.50,466,-2,6.2,"Don Alberto Corporation",米,Tapit,"La Cloche",Ghostzapper,12,7,10,,(栗),音無秀孝
未勝利,202112120706040413,2021.12.12,中京,バンフィエルド,牡,2,川又賢治, 55 ,18,８,芝,2000,A,良,2027,0.5,16,16,15,12,35.9,4,53.6,*,53.77,52.6,,000,0,,2019104531,(179.4),,,0.6,中団,中団,37.20,418,-4,179.4,社台コーポレーション白老ファーム,白老町,オルフェーヴル,エヴィータアルゼンティーナ,"Candy Ride",18,7,13,,(栗),奥村豊
1勝,202112110906030909,2021.12.11,阪神,ヴェールランス,牡,2,藤岡佑介, 55 ,11,２,芝,2000,B,良,1597,0.0,4,4,4,4,35.4,3,52.1,*,52.73,49.2,,A04,400,    7.0,2019104767,(9.3),260,3230,0.7,先行,先行,36.13,444,+10,9.3,社台ファーム,千歳市,キタサンブラック,ジュエラー,ヴィクトワールピサ,11,7,9,,(栗),藤岡健一
1勝,202112040605010912,"2021.12. 4",中山,ブラックボイス,牡,2,鮫島克駿, 55 ,15,８,芝,2000,A,良,2010,0.4,10,10,3,4,35.8,11,52.0,*,53.53,52.3,,A04,0,    0.0,2019105276,(26.5),,,0.2,先行,先行,36.51,508,+2,26.5,ノーザンファーム,安平町,ブラックタイド,ソングライティング,"Giant's Causeway",15,7,12,,(美),宮田敬介
未勝利,202111200905050203,2021.11.20,阪神,プラチナドリーム,牡,2,小沢大仁,52▲,15,９,ダ,1800,,良,1562,1.1,8,9,10,10,39.5,2,47.1,*,44.97,45.0,,000,0,,2019106330,(3.9),,,1.3,中団,中団,38.35,466,+4,3.9,千代田牧場,新ひだか町,ホッコータルマエ,サティーヌアロム,シンボリクリスエス,15,2,3,,(栗),平田修
新馬,202111130302030504,2021.11.13,福島,バンフィエルド,牡,2,川又賢治, 55 ,14,８,芝,2000,A,良,2063,2.0,10,10,11,9,36.5,8,55.4,,60.07,58.9,,A00,0,,2019104531,(14.9),,,0.6,中団,中団,38.49,422,,14.9,社台コーポレーション白老ファーム,白老町,オルフェーヴル,エヴィータアルゼンティーナ,"Candy Ride",14,3,4,,(栗),奥村豊
OP(L),202110230504050905,2021.10.23,東京,ブラックボイス,牡,2,ルメール, 55 ,8,４,芝,1800,A,良,1498,0.5,,2,5,5,34.3,4,60.1,*,61.07,58.4,,N04,260,    0.0,2019105276,(8.2),,,0.7,中団,差し,37.75,506,-4,8.2,ノーザンファーム,安平町,ブラックタイド,ソングライティング,"Giant's Causeway",8,5,5,,(美),宮田敬介
新馬,202110020705080503,"2021.10. 2",中京,ヴェールランス,牡,2,藤岡佑介, 55 ,12,１,芝,2000,B,良,2018,-0.1,3,3,3,3,35.2,3,55.4,*,54.50,54.6,,000,700,,2019104767,650,190,1100,0.2,先行,先行,37.11,434,,6.5,社台ファーム,千歳市,キタサンブラック,ジュエラー,ヴィクトワールピサ,12,3,3,,(栗),藤岡健一
未勝利,202109260705070206,"2021. 9.26",中京,プラチナドリーム,牡,2,和田竜二, 54 ,10,５,ダ,1800,,重,1522,1.0,3,3,6,5,37.5,5,49.6,*,51.20,50.3,,000,51,,2019106330,(6.8),,,0.5,中団,中団,37.35,462,-4,6.8,千代田牧場,新ひだか町,ホッコータルマエ,サティーヌアロム,シンボリクリスエス,10,6,6,,(栗),平田修
未勝利,202109110705010212,"2021. 9.11",中京,プラチナドリーム,牡,2,和田竜二, 54 ,12,２,ダ,1800,,稍,1531,0.2,4,4,4,3,38.2,2,48.0,*,47.67,47.8,,000,200,,2019106330,(12.4),660,6070,0.2,先行,先行,37.45,466,0,12.4,千代田牧場,新ひだか町,ホッコータルマエ,サティーヌアロム,シンボリクリスエス,12,8,12,,(栗),平田修
新馬,202108211004030616,"2021. 8.21",小倉,プラチナドリーム,牡,2,和田竜二, 54 ,16,６,ダ,1700,,良,1511,1.9,13,14,11,10,39.9,4,47.3,*,46.43,47.0,,A00,0,,2019106330,(40.4),,,1.3,中団,中団,38.84,466,,40.4,千代田牧場,新ひだか町,ホッコータルマエ,サティーヌアロム,シンボリクリスエス,15,8,16,,(栗),平田修
未勝利,202107170201050109,"2021. 7.17",函館,ブラックボイス,牡,2,ルメール, 54 ,9,１,芝,1800,A,良,1505,-0.2,6,5,6,5,35.7,1,54.8,*,54.27,53.0,,000,510,,2019105276,130,100,730,0.4,中団,差し,37.40,510,-2,1.3,ノーザンファーム,安平町,ブラックタイド,ソングライティング,"Giant's Causeway",9,8,9,,(美),宮田敬介
1勝,202107041003020812,"2021. 7. 4",小倉,アメリカンピース,牡,3,福永祐一, 54 ,16,８,ダ,1700,,良,1464,0.5,1,1,1,1,39.5,12,42.4,*,45.20,43.6,,A00,0,,2018110131,(5.5),,,0.0,逃げ,逃げ,36.49,468,+20,5.5,"Don Alberto Corporation",米,Tapit,"La Cloche",Ghostzapper,16,6,12,,(栗),音無秀孝
新馬,202107040201020501,"2021. 7. 4",函館,ブラックボイス,牡,2,ルメール, 54 ,14,２,芝,1800,A,良,1504,0.3,3,4,3,3,36.1,2,52.9,*,53.67,52.5,,A00,280,,2019105276,(2.2),110,280,0.3,先行,先行,37.15,512,,2.2,ノーザンファーム,安平町,ブラックタイド,ソングライティング,"Giant's Causeway",14,1,1,,(美),宮田敬介
1勝,202104030902030504,"2021. 4. 3",阪神,アメリカンピース,牡,3,松若風馬, 56 ,16,15,ダ,1800,,良,1563,3.1,2,2,2,2,41.8,15,39.1,,48.50,46.3,,A00,0,,2018110131,(5.0),,,0.0,先行,先行,37.25,448,-4,5.0,"Don Alberto Corporation",米,Tapit,"La Cloche",Ghostzapper,16,2,4,,(栗),音無秀孝
1勝,202103140702020611,"2021. 3.14",中京,アメリカンピース,牡,3,松山弘平, 56 ,11,２,ダ,1800,,不,1512,0.1,1,1,1,1,37.2,4,49.5,*,50.10,49.7,,A00,290,,2018110131,(9.6),240,1720,0.0,逃げ,逃げ,37.00,452,-6,9.6,"Don Alberto Corporation",米,Tapit,"La Cloche",Ghostzapper,11,8,11,,(栗),音無秀孝
1勝,202101090701020710,"2021. 1. 9",中京,アメリカンピース,牡,3,岩田望来, 56 ,13,11,ダ,1800,,良,1567,2.5,3,2,2,2,41.7,12,39.9,,46.53,45.7,,A04,0,,2018110131,(3.9),,,0.0,先行,先行,37.50,458,-2,3.9,"Don Alberto Corporation",米,Tapit,"La Cloche",Ghostzapper,13,7,10,,(栗),音無秀孝
未勝利,202012120906030211,2020.12.12,阪神,アメリカンピース,牡,2,福永祐一, 55 ,12,１,ダ,1800,,良,1543,-0.2,1,1,1,1,38.2,2,49.6,*,50.63,49.6,,A03,510,,2018110131,120,110,340,0.0,逃げ,逃げ,38.05,460,+4,1.2,"Don Alberto Corporation",米,Tapit,"La Cloche",Ghostzapper,12,8,11,,(栗),音無秀孝
未勝利,202010040702090210,"2020.10. 4",中京,アメリカンピース,牡,2,岩田望来,54☆,16,２,ダ,1800,,良,1538,0.3,2,2,2,2,38.4,2,48.2,*,48.30,48.6,,A03,200,,2018110131,(3.7),170,5320,0.1,先行,先行,37.70,456,-4,3.7,"Don Alberto Corporation",米,Tapit,"La Cloche",Ghostzapper,16,5,10,,(栗),音無秀孝
新馬,202009130604020511,"2020. 9.13",中山,アメリカンピース,牡,2,戸崎圭太, 54 ,16,５,芝,1600,B,良,1384,0.7,,2,2,2,36.2,8,53.1,*,54.37,54.2,,A03,70,,2018110131,(4.8),,,0.2,先行,先行,37.32,460,,4.8,"Don Alberto Corporation",米,Tapit,"La Cloche",Ghostzapper,16,6,11,,(栗),音無秀孝
